info: CodeGraphMcp.Core.Graph.GraphStore[0]
      GraphStore opened at D:\skillsgen-industry_track\research\codegraph\runs\20260920T061518045165Z\graph.db
info: CodeGraphMcp.Core.Orchestration.GraphOrchestrator[0]
      Full graph build starting for D:\skillsgen-industry_track\research\codegraph\runs\20260920T061518045165Z\scope
info: CodeGraphMcp.Core.Scanning.RepositoryScanner[0]
      Scanning repository at D:\skillsgen-industry_track\research\codegraph\runs\20260920T061518045165Z\scope
info: CodeGraphMcp.Core.Scanning.RepositoryScanner[0]
      Discovered 109 tracked files
warn: CodeGraphMcp.Core.Parsing.NodeProcessRunner[0]
      Node.js parser failed for D:\skillsgen-industry_track\research\codegraph\runs\20260920T061518045165Z\scope\apps\api\src\skills\skill-personal-config-sync.util.ts
      System.Text.Json.JsonException: The input does not contain any JSON tokens. Expected the input to start with a valid JSON token, when isFinalBlock is true. Path: $ | LineNumber: 0 | BytePositionInLine: 0.
       ---> System.Text.Json.JsonReaderException: The input does not contain any JSON tokens. Expected the input to start with a valid JSON token, when isFinalBlock is true. LineNumber: 0 | BytePositionInLine: 0.
         at System.Text.Json.ThrowHelper.ThrowJsonReaderException(Utf8JsonReader& json, ExceptionResource resource, Byte nextByte, ReadOnlySpan`1 bytes)
         at System.Text.Json.Utf8JsonReader.Read()
         at System.Text.Json.Serialization.JsonConverter`1.ReadCore(Utf8JsonReader& reader, T& value, JsonSerializerOptions options, ReadStack& state)
         --- End of inner exception stack trace ---
         at System.Text.Json.ThrowHelper.ReThrowWithPath(ReadStack& state, JsonReaderException ex)
         at System.Text.Json.Serialization.JsonConverter`1.ReadCore(Utf8JsonReader& reader, T& value, JsonSerializerOptions options, ReadStack& state)
         at System.Text.Json.Serialization.Metadata.JsonTypeInfo`1.Deserialize(Utf8JsonReader& reader, ReadStack& state)
         at System.Text.Json.JsonSerializer.ReadFromSpan[TValue](ReadOnlySpan`1 utf8Json, JsonTypeInfo`1 jsonTypeInfo, Nullable`1 actualByteCount)
         at System.Text.Json.JsonSerializer.ReadFromSpan[TValue](ReadOnlySpan`1 json, JsonTypeInfo`1 jsonTypeInfo)
         at System.Text.Json.JsonSerializer.Deserialize[TValue](String json, JsonSerializerOptions options)
         at CodeGraphMcp.Core.Parsing.NodeProcessRunner.ParseAsync(String filePath, CancellationToken ct) in /home/runner/work/code-graph-mcp/code-graph-mcp/src/CodeGraphMcp.Core/Parsing/NodeProcessRunner.cs:line 38
warn: CodeGraphMcp.Core.Parsing.NodeProcessRunner[0]
      Node.js parser failed for D:\skillsgen-industry_track\research\codegraph\runs\20260920T061518045165Z\scope\apps\api\src\skills\dto\move-skill-category-skills.dto.ts
      System.Text.Json.JsonException: The input does not contain any JSON tokens. Expected the input to start with a valid JSON token, when isFinalBlock is true. Path: $ | LineNumber: 0 | BytePositionInLine: 0.
       ---> System.Text.Json.JsonReaderException: The input does not contain any JSON tokens. Expected the input to start with a valid JSON token, when isFinalBlock is true. LineNumber: 0 | BytePositionInLine: 0.
         at System.Text.Json.ThrowHelper.ThrowJsonReaderException(Utf8JsonReader& json, ExceptionResource resource, Byte nextByte, ReadOnlySpan`1 bytes)
         at System.Text.Json.Utf8JsonReader.Read()
         at System.Text.Json.Serialization.JsonConverter`1.ReadCore(Utf8JsonReader& reader, T& value, JsonSerializerOptions options, ReadStack& state)
         --- End of inner exception stack trace ---
         at System.Text.Json.ThrowHelper.ReThrowWithPath(ReadStack& state, JsonReaderException ex)
         at System.Text.Json.Serialization.JsonConverter`1.ReadCore(Utf8JsonReader& reader, T& value, JsonSerializerOptions options, ReadStack& state)
         at System.Text.Json.Serialization.Metadata.JsonTypeInfo`1.Deserialize(Utf8JsonReader& reader, ReadStack& state)
         at System.Text.Json.JsonSerializer.ReadFromSpan[TValue](ReadOnlySpan`1 utf8Json, JsonTypeInfo`1 jsonTypeInfo, Nullable`1 actualByteCount)
         at System.Text.Json.JsonSerializer.ReadFromSpan[TValue](ReadOnlySpan`1 json, JsonTypeInfo`1 jsonTypeInfo)
         at System.Text.Json.JsonSerializer.Deserialize[TValue](String json, JsonSerializerOptions options)
         at CodeGraphMcp.Core.Parsing.NodeProcessRunner.ParseAsync(String filePath, CancellationToken ct) in /home/runner/work/code-graph-mcp/code-graph-mcp/src/CodeGraphMcp.Core/Parsing/NodeProcessRunner.cs:line 38
warn: CodeGraphMcp.Core.Parsing.NodeProcessRunner[0]
      Node.js parser failed for D:\skillsgen-industry_track\research\codegraph\runs\20260920T061518045165Z\scope\apps\web\src\app\[locale]\(zclaw-shell)\admin\skills\_components\SkillCategoryManageDialogs.tsx
      System.Text.Json.JsonException: The input does not contain any JSON tokens. Expected the input to start with a valid JSON token, when isFinalBlock is true. Path: $ | LineNumber: 0 | BytePositionInLine: 0.
       ---> System.Text.Json.JsonReaderException: The input does not contain any JSON tokens. Expected the input to start with a valid JSON token, when isFinalBlock is true. LineNumber: 0 | BytePositionInLine: 0.
         at System.Text.Json.ThrowHelper.ThrowJsonReaderException(Utf8JsonReader& json, ExceptionResource resource, Byte nextByte, ReadOnlySpan`1 bytes)
         at System.Text.Json.Utf8JsonReader.Read()
         at System.Text.Json.Serialization.JsonConverter`1.ReadCore(Utf8JsonReader& reader, T& value, JsonSerializerOptions options, ReadStack& state)
         --- End of inner exception stack trace ---
         at System.Text.Json.ThrowHelper.ReThrowWithPath(ReadStack& state, JsonReaderException ex)
         at System.Text.Json.Serialization.JsonConverter`1.ReadCore(Utf8JsonReader& reader, T& value, JsonSerializerOptions options, ReadStack& state)
         at System.Text.Json.Serialization.Metadata.JsonTypeInfo`1.Deserialize(Utf8JsonReader& reader, ReadStack& state)
         at System.Text.Json.JsonSerializer.ReadFromSpan[TValue](ReadOnlySpan`1 utf8Json, JsonTypeInfo`1 jsonTypeInfo, Nullable`1 actualByteCount)
         at System.Text.Json.JsonSerializer.ReadFromSpan[TValue](ReadOnlySpan`1 json, JsonTypeInfo`1 jsonTypeInfo)
         at System.Text.Json.JsonSerializer.Deserialize[TValue](String json, JsonSerializerOptions options)
         at CodeGraphMcp.Core.Parsing.NodeProcessRunner.ParseAsync(String filePath, CancellationToken ct) in /home/runner/work/code-graph-mcp/code-graph-mcp/src/CodeGraphMcp.Core/Parsing/NodeProcessRunner.cs:line 38
warn: CodeGraphMcp.Core.Parsing.NodeProcessRunner[0]
      Node.js parser failed for D:\skillsgen-industry_track\research\codegraph\runs\20260920T061518045165Z\scope\apps\api\src\skill-emergence\skill-emergence.module.ts
      System.Text.Json.JsonException: The input does not contain any JSON tokens. Expected the input to start with a valid JSON token, when isFinalBlock is true. Path: $ | LineNumber: 0 | BytePositionInLine: 0.
       ---> System.Text.Json.JsonReaderException: The input does not contain any JSON tokens. Expected the input to start with a valid JSON token, when isFinalBlock is true. LineNumber: 0 | BytePositionInLine: 0.
         at System.Text.Json.ThrowHelper.ThrowJsonReaderException(Utf8JsonReader& json, ExceptionResource resource, Byte nextByte, ReadOnlySpan`1 bytes)
         at System.Text.Json.Utf8JsonReader.Read()
         at System.Text.Json.Serialization.JsonConverter`1.ReadCore(Utf8JsonReader& reader, T& value, JsonSerializerOptions options, ReadStack& state)
         --- End of inner exception stack trace ---
         at System.Text.Json.ThrowHelper.ReThrowWithPath(ReadStack& state, JsonReaderException ex)
         at System.Text.Json.Serialization.JsonConverter`1.ReadCore(Utf8JsonReader& reader, T& value, JsonSerializerOptions options, ReadStack& state)
         at System.Text.Json.Serialization.Metadata.JsonTypeInfo`1.Deserialize(Utf8JsonReader& reader, ReadStack& state)
         at System.Text.Json.JsonSerializer.ReadFromSpan[TValue](ReadOnlySpan`1 utf8Json, JsonTypeInfo`1 jsonTypeInfo, Nullable`1 actualByteCount)
         at System.Text.Json.JsonSerializer.ReadFromSpan[TValue](ReadOnlySpan`1 json, JsonTypeInfo`1 jsonTypeInfo)
         at System.Text.Json.JsonSerializer.Deserialize[TValue](String json, JsonSerializerOptions options)
         at CodeGraphMcp.Core.Parsing.NodeProcessRunner.ParseAsync(String filePath, CancellationToken ct) in /home/runner/work/code-graph-mcp/code-graph-mcp/src/CodeGraphMcp.Core/Parsing/NodeProcessRunner.cs:line 38
warn: CodeGraphMcp.Core.Parsing.NodeProcessRunner[0]
      Node.js parser failed for D:\skillsgen-industry_track\research\codegraph\runs\20260920T061518045165Z\scope\apps\api\src\enterprises\dto\migrate-enterprise-department-members.dto.ts
      System.Text.Json.JsonException: The input does not contain any JSON tokens. Expected the input to start with a valid JSON token, when isFinalBlock is true. Path: $ | LineNumber: 0 | BytePositionInLine: 0.
       ---> System.Text.Json.JsonReaderException: The input does not contain any JSON tokens. Expected the input to start with a valid JSON token, when isFinalBlock is true. LineNumber: 0 | BytePositionInLine: 0.
         at System.Text.Json.ThrowHelper.ThrowJsonReaderException(Utf8JsonReader& json, ExceptionResource resource, Byte nextByte, ReadOnlySpan`1 bytes)
         at System.Text.Json.Utf8JsonReader.Read()
         at System.Text.Json.Serialization.JsonConverter`1.ReadCore(Utf8JsonReader& reader, T& value, JsonSerializerOptions options, ReadStack& state)
         --- End of inner exception stack trace ---
         at System.Text.Json.ThrowHelper.ReThrowWithPath(ReadStack& state, JsonReaderException ex)
         at System.Text.Json.Serialization.JsonConverter`1.ReadCore(Utf8JsonReader& reader, T& value, JsonSerializerOptions options, ReadStack& state)
         at System.Text.Json.Serialization.Metadata.JsonTypeInfo`1.Deserialize(Utf8JsonReader& reader, ReadStack& state)
         at System.Text.Json.JsonSerializer.ReadFromSpan[TValue](ReadOnlySpan`1 utf8Json, JsonTypeInfo`1 jsonTypeInfo, Nullable`1 actualByteCount)
         at System.Text.Json.JsonSerializer.ReadFromSpan[TValue](ReadOnlySpan`1 json, JsonTypeInfo`1 jsonTypeInfo)
         at System.Text.Json.JsonSerializer.Deserialize[TValue](String json, JsonSerializerOptions options)
         at CodeGraphMcp.Core.Parsing.NodeProcessRunner.ParseAsync(String filePath, CancellationToken ct) in /home/runner/work/code-graph-mcp/code-graph-mcp/src/CodeGraphMcp.Core/Parsing/NodeProcessRunner.cs:line 38
warn: CodeGraphMcp.Core.Parsing.NodeProcessRunner[0]
      Node.js parser failed for D:\skillsgen-industry_track\research\codegraph\runs\20260920T061518045165Z\scope\apps\api\src\skills\skill-zip.util.ts
      System.Text.Json.JsonException: The input does not contain any JSON tokens. Expected the input to start with a valid JSON token, when isFinalBlock is true. Path: $ | LineNumber: 0 | BytePositionInLine: 0.
       ---> System.Text.Json.JsonReaderException: The input does not contain any JSON tokens. Expected the input to start with a valid JSON token, when isFinalBlock is true. LineNumber: 0 | BytePositionInLine: 0.
         at System.Text.Json.ThrowHelper.ThrowJsonReaderException(Utf8JsonReader& json, ExceptionResource resource, Byte nextByte, ReadOnlySpan`1 bytes)
         at System.Text.Json.Utf8JsonReader.Read()
         at System.Text.Json.Serialization.JsonConverter`1.ReadCore(Utf8JsonReader& reader, T& value, JsonSerializerOptions options, ReadStack& state)
         --- End of inner exception stack trace ---
         at System.Text.Json.ThrowHelper.ReThrowWithPath(ReadStack& state, JsonReaderException ex)
         at System.Text.Json.Serialization.JsonConverter`1.ReadCore(Utf8JsonReader& reader, T& value, JsonSerializerOptions options, ReadStack& state)
         at System.Text.Json.Serialization.Metadata.JsonTypeInfo`1.Deserialize(Utf8JsonReader& reader, ReadStack& state)
         at System.Text.Json.JsonSerializer.ReadFromSpan[TValue](ReadOnlySpan`1 utf8Json, JsonTypeInfo`1 jsonTypeInfo, Nullable`1 actualByteCount)
         at System.Text.Json.JsonSerializer.ReadFromSpan[TValue](ReadOnlySpan`1 json, JsonTypeInfo`1 jsonTypeInfo)
         at System.Text.Json.JsonSerializer.Deserialize[TValue](String json, JsonSerializerOptions options)
         at CodeGraphMcp.Core.Parsing.NodeProcessRunner.ParseAsync(String filePath, CancellationToken ct) in /home/runner/work/code-graph-mcp/code-graph-mcp/src/CodeGraphMcp.Core/Parsing/NodeProcessRunner.cs:line 38
warn: CodeGraphMcp.Core.Parsing.NodeProcessRunner[0]
      Node.js parser failed for D:\skillsgen-industry_track\research\codegraph\runs\20260920T061518045165Z\scope\apps\web\src\app\[locale]\(zclaw-shell)\admin\skills\_components\SkillZipUploadDialog.tsx
      System.Text.Json.JsonException: The input does not contain any JSON tokens. Expected the input to start with a valid JSON token, when isFinalBlock is true. Path: $ | LineNumber: 0 | BytePositionInLine: 0.
       ---> System.Text.Json.JsonReaderException: The input does not contain any JSON tokens. Expected the input to start with a valid JSON token, when isFinalBlock is true. LineNumber: 0 | BytePositionInLine: 0.
         at System.Text.Json.ThrowHelper.ThrowJsonReaderException(Utf8JsonReader& json, ExceptionResource resource, Byte nextByte, ReadOnlySpan`1 bytes)
         at System.Text.Json.Utf8JsonReader.Read()
         at System.Text.Json.Serialization.JsonConverter`1.ReadCore(Utf8JsonReader& reader, T& value, JsonSerializerOptions options, ReadStack& state)
         --- End of inner exception stack trace ---
         at System.Text.Json.ThrowHelper.ReThrowWithPath(ReadStack& state, JsonReaderException ex)
         at System.Text.Json.Serialization.JsonConverter`1.ReadCore(Utf8JsonReader& reader, T& value, JsonSerializerOptions options, ReadStack& state)
         at System.Text.Json.Serialization.Metadata.JsonTypeInfo`1.Deserialize(Utf8JsonReader& reader, ReadStack& state)
         at System.Text.Json.JsonSerializer.ReadFromSpan[TValue](ReadOnlySpan`1 utf8Json, JsonTypeInfo`1 jsonTypeInfo, Nullable`1 actualByteCount)
         at System.Text.Json.JsonSerializer.ReadFromSpan[TValue](ReadOnlySpan`1 json, JsonTypeInfo`1 jsonTypeInfo)
         at System.Text.Json.JsonSerializer.Deserialize[TValue](String json, JsonSerializerOptions options)
         at CodeGraphMcp.Core.Parsing.NodeProcessRunner.ParseAsync(String filePath, CancellationToken ct) in /home/runner/work/code-graph-mcp/code-graph-mcp/src/CodeGraphMcp.Core/Parsing/NodeProcessRunner.cs:line 38
warn: CodeGraphMcp.Core.Parsing.NodeProcessRunner[0]
      Node.js parser failed for D:\skillsgen-industry_track\research\codegraph\runs\20260920T061518045165Z\scope\apps\api\src\skills\dto\save-personal-skill.dto.ts
      System.Text.Json.JsonException: The input does not contain any JSON tokens. Expected the input to start with a valid JSON token, when isFinalBlock is true. Path: $ | LineNumber: 0 | BytePositionInLine: 0.
       ---> System.Text.Json.JsonReaderException: The input does not contain any JSON tokens. Expected the input to start with a valid JSON token, when isFinalBlock is true. LineNumber: 0 | BytePositionInLine: 0.
         at System.Text.Json.ThrowHelper.ThrowJsonReaderException(Utf8JsonReader& json, ExceptionResource resource, Byte nextByte, ReadOnlySpan`1 bytes)
         at System.Text.Json.Utf8JsonReader.Read()
         at System.Text.Json.Serialization.JsonConverter`1.ReadCore(Utf8JsonReader& reader, T& value, JsonSerializerOptions options, ReadStack& state)
         --- End of inner exception stack trace ---
         at System.Text.Json.ThrowHelper.ReThrowWithPath(ReadStack& state, JsonReaderException ex)
         at System.Text.Json.Serialization.JsonConverter`1.ReadCore(Utf8JsonReader& reader, T& value, JsonSerializerOptions options, ReadStack& state)
         at System.Text.Json.Serialization.Metadata.JsonTypeInfo`1.Deserialize(Utf8JsonReader& reader, ReadStack& state)
         at System.Text.Json.JsonSerializer.ReadFromSpan[TValue](ReadOnlySpan`1 utf8Json, JsonTypeInfo`1 jsonTypeInfo, Nullable`1 actualByteCount)
         at System.Text.Json.JsonSerializer.ReadFromSpan[TValue](ReadOnlySpan`1 json, JsonTypeInfo`1 jsonTypeInfo)
         at System.Text.Json.JsonSerializer.Deserialize[TValue](String json, JsonSerializerOptions options)
         at CodeGraphMcp.Core.Parsing.NodeProcessRunner.ParseAsync(String filePath, CancellationToken ct) in /home/runner/work/code-graph-mcp/code-graph-mcp/src/CodeGraphMcp.Core/Parsing/NodeProcessRunner.cs:line 38
warn: CodeGraphMcp.Core.Parsing.NodeProcessRunner[0]
      Node.js parser failed for D:\skillsgen-industry_track\research\codegraph\runs\20260920T061518045165Z\scope\apps\api\src\skills\dto\approve-skill-submission.dto.ts
      System.Text.Json.JsonException: The input does not contain any JSON tokens. Expected the input to start with a valid JSON token, when isFinalBlock is true. Path: $ | LineNumber: 0 | BytePositionInLine: 0.
       ---> System.Text.Json.JsonReaderException: The input does not contain any JSON tokens. Expected the input to start with a valid JSON token, when isFinalBlock is true. LineNumber: 0 | BytePositionInLine: 0.
         at System.Text.Json.ThrowHelper.ThrowJsonReaderException(Utf8JsonReader& json, ExceptionResource resource, Byte nextByte, ReadOnlySpan`1 bytes)
         at System.Text.Json.Utf8JsonReader.Read()
         at System.Text.Json.Serialization.JsonConverter`1.ReadCore(Utf8JsonReader& reader, T& value, JsonSerializerOptions options, ReadStack& state)
         --- End of inner exception stack trace ---
         at System.Text.Json.ThrowHelper.ReThrowWithPath(ReadStack& state, JsonReaderException ex)
         at System.Text.Json.Serialization.JsonConverter`1.ReadCore(Utf8JsonReader& reader, T& value, JsonSerializerOptions options, ReadStack& state)
         at System.Text.Json.Serialization.Metadata.JsonTypeInfo`1.Deserialize(Utf8JsonReader& reader, ReadStack& state)
         at System.Text.Json.JsonSerializer.ReadFromSpan[TValue](ReadOnlySpan`1 utf8Json, JsonTypeInfo`1 jsonTypeInfo, Nullable`1 actualByteCount)
         at System.Text.Json.JsonSerializer.ReadFromSpan[TValue](ReadOnlySpan`1 json, JsonTypeInfo`1 jsonTypeInfo)
         at System.Text.Json.JsonSerializer.Deserialize[TValue](String json, JsonSerializerOptions options)
         at CodeGraphMcp.Core.Parsing.NodeProcessRunner.ParseAsync(String filePath, CancellationToken ct) in /home/runner/work/code-graph-mcp/code-graph-mcp/src/CodeGraphMcp.Core/Parsing/NodeProcessRunner.cs:line 38
warn: CodeGraphMcp.Core.Parsing.NodeProcessRunner[0]
      Node.js parser failed for D:\skillsgen-industry_track\research\codegraph\runs\20260920T061518045165Z\scope\apps\api\src\skills\skill.module.ts
      System.Text.Json.JsonException: The input does not contain any JSON tokens. Expected the input to start with a valid JSON token, when isFinalBlock is true. Path: $ | LineNumber: 0 | BytePositionInLine: 0.
       ---> System.Text.Json.JsonReaderException: The input does not contain any JSON tokens. Expected the input to start with a valid JSON token, when isFinalBlock is true. LineNumber: 0 | BytePositionInLine: 0.
         at System.Text.Json.ThrowHelper.ThrowJsonReaderException(Utf8JsonReader& json, ExceptionResource resource, Byte nextByte, ReadOnlySpan`1 bytes)
         at System.Text.Json.Utf8JsonReader.Read()
         at System.Text.Json.Serialization.JsonConverter`1.ReadCore(Utf8JsonReader& reader, T& value, JsonSerializerOptions options, ReadStack& state)
         --- End of inner exception stack trace ---
         at System.Text.Json.ThrowHelper.ReThrowWithPath(ReadStack& state, JsonReaderException ex)
         at System.Text.Json.Serialization.JsonConverter`1.ReadCore(Utf8JsonReader& reader, T& value, JsonSerializerOptions options, ReadStack& state)
         at System.Text.Json.Serialization.Metadata.JsonTypeInfo`1.Deserialize(Utf8JsonReader& reader, ReadStack& state)
         at System.Text.Json.JsonSerializer.ReadFromSpan[TValue](ReadOnlySpan`1 utf8Json, JsonTypeInfo`1 jsonTypeInfo, Nullable`1 actualByteCount)
         at System.Text.Json.JsonSerializer.ReadFromSpan[TValue](ReadOnlySpan`1 json, JsonTypeInfo`1 jsonTypeInfo)
         at System.Text.Json.JsonSerializer.Deserialize[TValue](String json, JsonSerializerOptions options)
         at CodeGraphMcp.Core.Parsing.NodeProcessRunner.ParseAsync(String filePath, CancellationToken ct) in /home/runner/work/code-graph-mcp/code-graph-mcp/src/CodeGraphMcp.Core/Parsing/NodeProcessRunner.cs:line 38
warn: CodeGraphMcp.Core.Parsing.NodeProcessRunner[0]
      Node.js parser failed for D:\skillsgen-industry_track\research\codegraph\runs\20260920T061518045165Z\scope\apps\api\src\skills\skill-pool.ts
      System.Text.Json.JsonException: The input does not contain any JSON tokens. Expected the input to start with a valid JSON token, when isFinalBlock is true. Path: $ | LineNumber: 0 | BytePositionInLine: 0.
       ---> System.Text.Json.JsonReaderException: The input does not contain any JSON tokens. Expected the input to start with a valid JSON token, when isFinalBlock is true. LineNumber: 0 | BytePositionInLine: 0.
         at System.Text.Json.ThrowHelper.ThrowJsonReaderException(Utf8JsonReader& json, ExceptionResource resource, Byte nextByte, ReadOnlySpan`1 bytes)
         at System.Text.Json.Utf8JsonReader.Read()
         at System.Text.Json.Serialization.JsonConverter`1.ReadCore(Utf8JsonReader& reader, T& value, JsonSerializerOptions options, ReadStack& state)
         --- End of inner exception stack trace ---
         at System.Text.Json.ThrowHelper.ReThrowWithPath(ReadStack& state, JsonReaderException ex)
         at System.Text.Json.Serialization.JsonConverter`1.ReadCore(Utf8JsonReader& reader, T& value, JsonSerializerOptions options, ReadStack& state)
         at System.Text.Json.Serialization.Metadata.JsonTypeInfo`1.Deserialize(Utf8JsonReader& reader, ReadStack& state)
         at System.Text.Json.JsonSerializer.ReadFromSpan[TValue](ReadOnlySpan`1 utf8Json, JsonTypeInfo`1 jsonTypeInfo, Nullable`1 actualByteCount)
         at System.Text.Json.JsonSerializer.ReadFromSpan[TValue](ReadOnlySpan`1 json, JsonTypeInfo`1 jsonTypeInfo)
         at System.Text.Json.JsonSerializer.Deserialize[TValue](String json, JsonSerializerOptions options)
         at CodeGraphMcp.Core.Parsing.NodeProcessRunner.ParseAsync(String filePath, CancellationToken ct) in /home/runner/work/code-graph-mcp/code-graph-mcp/src/CodeGraphMcp.Core/Parsing/NodeProcessRunner.cs:line 38
warn: CodeGraphMcp.Core.Parsing.NodeProcessRunner[0]
      Node.js parser failed for D:\skillsgen-industry_track\research\codegraph\runs\20260920T061518045165Z\scope\apps\api\src\skills\skill-enterprise-dashboard.util.ts
      System.Text.Json.JsonException: The input does not contain any JSON tokens. Expected the input to start with a valid JSON token, when isFinalBlock is true. Path: $ | LineNumber: 0 | BytePositionInLine: 0.
       ---> System.Text.Json.JsonReaderException: The input does not contain any JSON tokens. Expected the input to start with a valid JSON token, when isFinalBlock is true. LineNumber: 0 | BytePositionInLine: 0.
         at System.Text.Json.ThrowHelper.ThrowJsonReaderException(Utf8JsonReader& json, ExceptionResource resource, Byte nextByte, ReadOnlySpan`1 bytes)
         at System.Text.Json.Utf8JsonReader.Read()
         at System.Text.Json.Serialization.JsonConverter`1.ReadCore(Utf8JsonReader& reader, T& value, JsonSerializerOptions options, ReadStack& state)
         --- End of inner exception stack trace ---
         at System.Text.Json.ThrowHelper.ReThrowWithPath(ReadStack& state, JsonReaderException ex)
         at System.Text.Json.Serialization.JsonConverter`1.ReadCore(Utf8JsonReader& reader, T& value, JsonSerializerOptions options, ReadStack& state)
         at System.Text.Json.Serialization.Metadata.JsonTypeInfo`1.Deserialize(Utf8JsonReader& reader, ReadStack& state)
         at System.Text.Json.JsonSerializer.ReadFromSpan[TValue](ReadOnlySpan`1 utf8Json, JsonTypeInfo`1 jsonTypeInfo, Nullable`1 actualByteCount)
         at System.Text.Json.JsonSerializer.ReadFromSpan[TValue](ReadOnlySpan`1 json, JsonTypeInfo`1 jsonTypeInfo)
         at System.Text.Json.JsonSerializer.Deserialize[TValue](String json, JsonSerializerOptions options)
         at CodeGraphMcp.Core.Parsing.NodeProcessRunner.ParseAsync(String filePath, CancellationToken ct) in /home/runner/work/code-graph-mcp/code-graph-mcp/src/CodeGraphMcp.Core/Parsing/NodeProcessRunner.cs:line 38
warn: CodeGraphMcp.Core.Parsing.NodeProcessRunner[0]
      Node.js parser failed for D:\skillsgen-industry_track\research\codegraph\runs\20260920T061518045165Z\scope\apps\api\src\skill-emergence\skill-emergence-reliability.service.ts
      System.Text.Json.JsonException: The input does not contain any JSON tokens. Expected the input to start with a valid JSON token, when isFinalBlock is true. Path: $ | LineNumber: 0 | BytePositionInLine: 0.
       ---> System.Text.Json.JsonReaderException: The input does not contain any JSON tokens. Expected the input to start with a valid JSON token, when isFinalBlock is true. LineNumber: 0 | BytePositionInLine: 0.
         at System.Text.Json.ThrowHelper.ThrowJsonReaderException(Utf8JsonReader& json, ExceptionResource resource, Byte nextByte, ReadOnlySpan`1 bytes)
         at System.Text.Json.Utf8JsonReader.Read()
         at System.Text.Json.Serialization.JsonConverter`1.ReadCore(Utf8JsonReader& reader, T& value, JsonSerializerOptions options, ReadStack& state)
         --- End of inner exception stack trace ---
         at System.Text.Json.ThrowHelper.ReThrowWithPath(ReadStack& state, JsonReaderException ex)
         at System.Text.Json.Serialization.JsonConverter`1.ReadCore(Utf8JsonReader& reader, T& value, JsonSerializerOptions options, ReadStack& state)
         at System.Text.Json.Serialization.Metadata.JsonTypeInfo`1.Deserialize(Utf8JsonReader& reader, ReadStack& state)
         at System.Text.Json.JsonSerializer.ReadFromSpan[TValue](ReadOnlySpan`1 utf8Json, JsonTypeInfo`1 jsonTypeInfo, Nullable`1 actualByteCount)
         at System.Text.Json.JsonSerializer.ReadFromSpan[TValue](ReadOnlySpan`1 json, JsonTypeInfo`1 jsonTypeInfo)
         at System.Text.Json.JsonSerializer.Deserialize[TValue](String json, JsonSerializerOptions options)
         at CodeGraphMcp.Core.Parsing.NodeProcessRunner.ParseAsync(String filePath, CancellationToken ct) in /home/runner/work/code-graph-mcp/code-graph-mcp/src/CodeGraphMcp.Core/Parsing/NodeProcessRunner.cs:line 38
warn: CodeGraphMcp.Core.Parsing.NodeProcessRunner[0]
      Node.js parser failed for D:\skillsgen-industry_track\research\codegraph\runs\20260920T061518045165Z\scope\apps\api\src\skill-emergence\skill-emergence-schedule.util.ts
      System.Text.Json.JsonException: The input does not contain any JSON tokens. Expected the input to start with a valid JSON token, when isFinalBlock is true. Path: $ | LineNumber: 0 | BytePositionInLine: 0.
       ---> System.Text.Json.JsonReaderException: The input does not contain any JSON tokens. Expected the input to start with a valid JSON token, when isFinalBlock is true. LineNumber: 0 | BytePositionInLine: 0.
         at System.Text.Json.ThrowHelper.ThrowJsonReaderException(Utf8JsonReader& json, ExceptionResource resource, Byte nextByte, ReadOnlySpan`1 bytes)
         at System.Text.Json.Utf8JsonReader.Read()
         at System.Text.Json.Serialization.JsonConverter`1.ReadCore(Utf8JsonReader& reader, T& value, JsonSerializerOptions options, ReadStack& state)
         --- End of inner exception stack trace ---
         at System.Text.Json.ThrowHelper.ReThrowWithPath(ReadStack& state, JsonReaderException ex)
         at System.Text.Json.Serialization.JsonConverter`1.ReadCore(Utf8JsonReader& reader, T& value, JsonSerializerOptions options, ReadStack& state)
         at System.Text.Json.Serialization.Metadata.JsonTypeInfo`1.Deserialize(Utf8JsonReader& reader, ReadStack& state)
         at System.Text.Json.JsonSerializer.ReadFromSpan[TValue](ReadOnlySpan`1 utf8Json, JsonTypeInfo`1 jsonTypeInfo, Nullable`1 actualByteCount)
         at System.Text.Json.JsonSerializer.ReadFromSpan[TValue](ReadOnlySpan`1 json, JsonTypeInfo`1 jsonTypeInfo)
         at System.Text.Json.JsonSerializer.Deserialize[TValue](String json, JsonSerializerOptions options)
         at CodeGraphMcp.Core.Parsing.NodeProcessRunner.ParseAsync(String filePath, CancellationToken ct) in /home/runner/work/code-graph-mcp/code-graph-mcp/src/CodeGraphMcp.Core/Parsing/NodeProcessRunner.cs:line 38
warn: CodeGraphMcp.Core.Parsing.NodeProcessRunner[0]
      Node.js parser failed for D:\skillsgen-industry_track\research\codegraph\runs\20260920T061518045165Z\scope\apps\web\src\app\[locale]\(zclaw-shell)\admin\skills\categories\[categoryId]\page.tsx
      System.Text.Json.JsonException: The input does not contain any JSON tokens. Expected the input to start with a valid JSON token, when isFinalBlock is true. Path: $ | LineNumber: 0 | BytePositionInLine: 0.
       ---> System.Text.Json.JsonReaderException: The input does not contain any JSON tokens. Expected the input to start with a valid JSON token, when isFinalBlock is true. LineNumber: 0 | BytePositionInLine: 0.
         at System.Text.Json.ThrowHelper.ThrowJsonReaderException(Utf8JsonReader& json, ExceptionResource resource, Byte nextByte, ReadOnlySpan`1 bytes)
         at System.Text.Json.Utf8JsonReader.Read()
         at System.Text.Json.Serialization.JsonConverter`1.ReadCore(Utf8JsonReader& reader, T& value, JsonSerializerOptions options, ReadStack& state)
         --- End of inner exception stack trace ---
         at System.Text.Json.ThrowHelper.ReThrowWithPath(ReadStack& state, JsonReaderException ex)
         at System.Text.Json.Serialization.JsonConverter`1.ReadCore(Utf8JsonReader& reader, T& value, JsonSerializerOptions options, ReadStack& state)
         at System.Text.Json.Serialization.Metadata.JsonTypeInfo`1.Deserialize(Utf8JsonReader& reader, ReadStack& state)
         at System.Text.Json.JsonSerializer.ReadFromSpan[TValue](ReadOnlySpan`1 utf8Json, JsonTypeInfo`1 jsonTypeInfo, Nullable`1 actualByteCount)
         at System.Text.Json.JsonSerializer.ReadFromSpan[TValue](ReadOnlySpan`1 json, JsonTypeInfo`1 jsonTypeInfo)
         at System.Text.Json.JsonSerializer.Deserialize[TValue](String json, JsonSerializerOptions options)
         at CodeGraphMcp.Core.Parsing.NodeProcessRunner.ParseAsync(String filePath, CancellationToken ct) in /home/runner/work/code-graph-mcp/code-graph-mcp/src/CodeGraphMcp.Core/Parsing/NodeProcessRunner.cs:line 38
warn: CodeGraphMcp.Core.Parsing.NodeProcessRunner[0]
      Node.js parser failed for D:\skillsgen-industry_track\research\codegraph\runs\20260920T061518045165Z\scope\apps\web\src\app\[locale]\(zclaw-shell)\admin\skills\_components\SkillAdminTablePagination.tsx
      System.Text.Json.JsonException: The input does not contain any JSON tokens. Expected the input to start with a valid JSON token, when isFinalBlock is true. Path: $ | LineNumber: 0 | BytePositionInLine: 0.
       ---> System.Text.Json.JsonReaderException: The input does not contain any JSON tokens. Expected the input to start with a valid JSON token, when isFinalBlock is true. LineNumber: 0 | BytePositionInLine: 0.
         at System.Text.Json.ThrowHelper.ThrowJsonReaderException(Utf8JsonReader& json, ExceptionResource resource, Byte nextByte, ReadOnlySpan`1 bytes)
         at System.Text.Json.Utf8JsonReader.Read()
         at System.Text.Json.Serialization.JsonConverter`1.ReadCore(Utf8JsonReader& reader, T& value, JsonSerializerOptions options, ReadStack& state)
         --- End of inner exception stack trace ---
         at System.Text.Json.ThrowHelper.ReThrowWithPath(ReadStack& state, JsonReaderException ex)
         at System.Text.Json.Serialization.JsonConverter`1.ReadCore(Utf8JsonReader& reader, T& value, JsonSerializerOptions options, ReadStack& state)
         at System.Text.Json.Serialization.Metadata.JsonTypeInfo`1.Deserialize(Utf8JsonReader& reader, ReadStack& state)
         at System.Text.Json.JsonSerializer.ReadFromSpan[TValue](ReadOnlySpan`1 utf8Json, JsonTypeInfo`1 jsonTypeInfo, Nullable`1 actualByteCount)
         at System.Text.Json.JsonSerializer.ReadFromSpan[TValue](ReadOnlySpan`1 json, JsonTypeInfo`1 jsonTypeInfo)
         at System.Text.Json.JsonSerializer.Deserialize[TValue](String json, JsonSerializerOptions options)
         at CodeGraphMcp.Core.Parsing.NodeProcessRunner.ParseAsync(String filePath, CancellationToken ct) in /home/runner/work/code-graph-mcp/code-graph-mcp/src/CodeGraphMcp.Core/Parsing/NodeProcessRunner.cs:line 38
warn: CodeGraphMcp.Core.Parsing.NodeProcessRunner[0]
      Node.js parser failed for D:\skillsgen-industry_track\research\codegraph\runs\20260920T061518045165Z\scope\apps\web\src\components\super-lobster\SkillLiveVersionSwitcher.tsx
      System.Text.Json.JsonException: The input does not contain any JSON tokens. Expected the input to start with a valid JSON token, when isFinalBlock is true. Path: $ | LineNumber: 0 | BytePositionInLine: 0.
       ---> System.Text.Json.JsonReaderException: The input does not contain any JSON tokens. Expected the input to start with a valid JSON token, when isFinalBlock is true. LineNumber: 0 | BytePositionInLine: 0.
         at System.Text.Json.ThrowHelper.ThrowJsonReaderException(Utf8JsonReader& json, ExceptionResource resource, Byte nextByte, ReadOnlySpan`1 bytes)
         at System.Text.Json.Utf8JsonReader.Read()
         at System.Text.Json.Serialization.JsonConverter`1.ReadCore(Utf8JsonReader& reader, T& value, JsonSerializerOptions options, ReadStack& state)
         --- End of inner exception stack trace ---
         at System.Text.Json.ThrowHelper.ReThrowWithPath(ReadStack& state, JsonReaderException ex)
         at System.Text.Json.Serialization.JsonConverter`1.ReadCore(Utf8JsonReader& reader, T& value, JsonSerializerOptions options, ReadStack& state)
         at System.Text.Json.Serialization.Metadata.JsonTypeInfo`1.Deserialize(Utf8JsonReader& reader, ReadStack& state)
         at System.Text.Json.JsonSerializer.ReadFromSpan[TValue](ReadOnlySpan`1 utf8Json, JsonTypeInfo`1 jsonTypeInfo, Nullable`1 actualByteCount)
         at System.Text.Json.JsonSerializer.ReadFromSpan[TValue](ReadOnlySpan`1 json, JsonTypeInfo`1 jsonTypeInfo)
         at System.Text.Json.JsonSerializer.Deserialize[TValue](String json, JsonSerializerOptions options)
         at CodeGraphMcp.Core.Parsing.NodeProcessRunner.ParseAsync(String filePath, CancellationToken ct) in /home/runner/work/code-graph-mcp/code-graph-mcp/src/CodeGraphMcp.Core/Parsing/NodeProcessRunner.cs:line 38
warn: CodeGraphMcp.Core.Parsing.NodeProcessRunner[0]
      Node.js parser failed for D:\skillsgen-industry_track\research\codegraph\runs\20260920T061518045165Z\scope\apps\web\src\components\my-emergence\EmergenceIcon.tsx
      System.Text.Json.JsonException: The input does not contain any JSON tokens. Expected the input to start with a valid JSON token, when isFinalBlock is true. Path: $ | LineNumber: 0 | BytePositionInLine: 0.
       ---> System.Text.Json.JsonReaderException: The input does not contain any JSON tokens. Expected the input to start with a valid JSON token, when isFinalBlock is true. LineNumber: 0 | BytePositionInLine: 0.
         at System.Text.Json.ThrowHelper.ThrowJsonReaderException(Utf8JsonReader& json, ExceptionResource resource, Byte nextByte, ReadOnlySpan`1 bytes)
         at System.Text.Json.Utf8JsonReader.Read()
         at System.Text.Json.Serialization.JsonConverter`1.ReadCore(Utf8JsonReader& reader, T& value, JsonSerializerOptions options, ReadStack& state)
         --- End of inner exception stack trace ---
         at System.Text.Json.ThrowHelper.ReThrowWithPath(ReadStack& state, JsonReaderException ex)
         at System.Text.Json.Serialization.JsonConverter`1.ReadCore(Utf8JsonReader& reader, T& value, JsonSerializerOptions options, ReadStack& state)
         at System.Text.Json.Serialization.Metadata.JsonTypeInfo`1.Deserialize(Utf8JsonReader& reader, ReadStack& state)
         at System.Text.Json.JsonSerializer.ReadFromSpan[TValue](ReadOnlySpan`1 utf8Json, JsonTypeInfo`1 jsonTypeInfo, Nullable`1 actualByteCount)
         at System.Text.Json.JsonSerializer.ReadFromSpan[TValue](ReadOnlySpan`1 json, JsonTypeInfo`1 jsonTypeInfo)
         at System.Text.Json.JsonSerializer.Deserialize[TValue](String json, JsonSerializerOptions options)
         at CodeGraphMcp.Core.Parsing.NodeProcessRunner.ParseAsync(String filePath, CancellationToken ct) in /home/runner/work/code-graph-mcp/code-graph-mcp/src/CodeGraphMcp.Core/Parsing/NodeProcessRunner.cs:line 38
warn: CodeGraphMcp.Core.Parsing.NodeProcessRunner[0]
      Node.js parser failed for D:\skillsgen-industry_track\research\codegraph\runs\20260920T061518045165Z\scope\apps\api\src\enterprises\dto\update-enterprise-department-group.dto.ts
      System.Text.Json.JsonException: The input does not contain any JSON tokens. Expected the input to start with a valid JSON token, when isFinalBlock is true. Path: $ | LineNumber: 0 | BytePositionInLine: 0.
       ---> System.Text.Json.JsonReaderException: The input does not contain any JSON tokens. Expected the input to start with a valid JSON token, when isFinalBlock is true. LineNumber: 0 | BytePositionInLine: 0.
         at System.Text.Json.ThrowHelper.ThrowJsonReaderException(Utf8JsonReader& json, ExceptionResource resource, Byte nextByte, ReadOnlySpan`1 bytes)
         at System.Text.Json.Utf8JsonReader.Read()
         at System.Text.Json.Serialization.JsonConverter`1.ReadCore(Utf8JsonReader& reader, T& value, JsonSerializerOptions options, ReadStack& state)
         --- End of inner exception stack trace ---
         at System.Text.Json.ThrowHelper.ReThrowWithPath(ReadStack& state, JsonReaderException ex)
         at System.Text.Json.Serialization.JsonConverter`1.ReadCore(Utf8JsonReader& reader, T& value, JsonSerializerOptions options, ReadStack& state)
         at System.Text.Json.Serialization.Metadata.JsonTypeInfo`1.Deserialize(Utf8JsonReader& reader, ReadStack& state)
         at System.Text.Json.JsonSerializer.ReadFromSpan[TValue](ReadOnlySpan`1 utf8Json, JsonTypeInfo`1 jsonTypeInfo, Nullable`1 actualByteCount)
         at System.Text.Json.JsonSerializer.ReadFromSpan[TValue](ReadOnlySpan`1 json, JsonTypeInfo`1 jsonTypeInfo)
         at System.Text.Json.JsonSerializer.Deserialize[TValue](String json, JsonSerializerOptions options)
         at CodeGraphMcp.Core.Parsing.NodeProcessRunner.ParseAsync(String filePath, CancellationToken ct) in /home/runner/work/code-graph-mcp/code-graph-mcp/src/CodeGraphMcp.Core/Parsing/NodeProcessRunner.cs:line 38
warn: CodeGraphMcp.Core.Parsing.NodeProcessRunner[0]
      Node.js parser failed for D:\skillsgen-industry_track\research\codegraph\runs\20260920T061518045165Z\scope\apps\web\src\lib\enterprise-context.ts
      System.Text.Json.JsonException: The input does not contain any JSON tokens. Expected the input to start with a valid JSON token, when isFinalBlock is true. Path: $ | LineNumber: 0 | BytePositionInLine: 0.
       ---> System.Text.Json.JsonReaderException: The input does not contain any JSON tokens. Expected the input to start with a valid JSON token, when isFinalBlock is true. LineNumber: 0 | BytePositionInLine: 0.
         at System.Text.Json.ThrowHelper.ThrowJsonReaderException(Utf8JsonReader& json, ExceptionResource resource, Byte nextByte, ReadOnlySpan`1 bytes)
         at System.Text.Json.Utf8JsonReader.Read()
         at System.Text.Json.Serialization.JsonConverter`1.ReadCore(Utf8JsonReader& reader, T& value, JsonSerializerOptions options, ReadStack& state)
         --- End of inner exception stack trace ---
         at System.Text.Json.ThrowHelper.ReThrowWithPath(ReadStack& state, JsonReaderException ex)
         at System.Text.Json.Serialization.JsonConverter`1.ReadCore(Utf8JsonReader& reader, T& value, JsonSerializerOptions options, ReadStack& state)
         at System.Text.Json.Serialization.Metadata.JsonTypeInfo`1.Deserialize(Utf8JsonReader& reader, ReadStack& state)
         at System.Text.Json.JsonSerializer.ReadFromSpan[TValue](ReadOnlySpan`1 utf8Json, JsonTypeInfo`1 jsonTypeInfo, Nullable`1 actualByteCount)
         at System.Text.Json.JsonSerializer.ReadFromSpan[TValue](ReadOnlySpan`1 json, JsonTypeInfo`1 jsonTypeInfo)
         at System.Text.Json.JsonSerializer.Deserialize[TValue](String json, JsonSerializerOptions options)
         at CodeGraphMcp.Core.Parsing.NodeProcessRunner.ParseAsync(String filePath, CancellationToken ct) in /home/runner/work/code-graph-mcp/code-graph-mcp/src/CodeGraphMcp.Core/Parsing/NodeProcessRunner.cs:line 38
warn: CodeGraphMcp.Core.Parsing.NodeProcessRunner[0]
      Node.js parser failed for D:\skillsgen-industry_track\research\codegraph\runs\20260920T061518045165Z\scope\apps\web\src\hooks\useSkillManagementAuth.ts
      System.Text.Json.JsonException: The input does not contain any JSON tokens. Expected the input to start with a valid JSON token, when isFinalBlock is true. Path: $ | LineNumber: 0 | BytePositionInLine: 0.
       ---> System.Text.Json.JsonReaderException: The input does not contain any JSON tokens. Expected the input to start with a valid JSON token, when isFinalBlock is true. LineNumber: 0 | BytePositionInLine: 0.
         at System.Text.Json.ThrowHelper.ThrowJsonReaderException(Utf8JsonReader& json, ExceptionResource resource, Byte nextByte, ReadOnlySpan`1 bytes)
         at System.Text.Json.Utf8JsonReader.Read()
         at System.Text.Json.Serialization.JsonConverter`1.ReadCore(Utf8JsonReader& reader, T& value, JsonSerializerOptions options, ReadStack& state)
         --- End of inner exception stack trace ---
         at System.Text.Json.ThrowHelper.ReThrowWithPath(ReadStack& state, JsonReaderException ex)
         at System.Text.Json.Serialization.JsonConverter`1.ReadCore(Utf8JsonReader& reader, T& value, JsonSerializerOptions options, ReadStack& state)
         at System.Text.Json.Serialization.Metadata.JsonTypeInfo`1.Deserialize(Utf8JsonReader& reader, ReadStack& state)
         at System.Text.Json.JsonSerializer.ReadFromSpan[TValue](ReadOnlySpan`1 utf8Json, JsonTypeInfo`1 jsonTypeInfo, Nullable`1 actualByteCount)
         at System.Text.Json.JsonSerializer.ReadFromSpan[TValue](ReadOnlySpan`1 json, JsonTypeInfo`1 jsonTypeInfo)
         at System.Text.Json.JsonSerializer.Deserialize[TValue](String json, JsonSerializerOptions options)
         at CodeGraphMcp.Core.Parsing.NodeProcessRunner.ParseAsync(String filePath, CancellationToken ct) in /home/runner/work/code-graph-mcp/code-graph-mcp/src/CodeGraphMcp.Core/Parsing/NodeProcessRunner.cs:line 38
warn: CodeGraphMcp.Core.Parsing.NodeProcessRunner[0]
      Node.js parser failed for D:\skillsgen-industry_track\research\codegraph\runs\20260920T061518045165Z\scope\apps\api\src\skill-analytics\skill-analytics-recorder.service.ts
      System.Text.Json.JsonException: The input does not contain any JSON tokens. Expected the input to start with a valid JSON token, when isFinalBlock is true. Path: $ | LineNumber: 0 | BytePositionInLine: 0.
       ---> System.Text.Json.JsonReaderException: The input does not contain any JSON tokens. Expected the input to start with a valid JSON token, when isFinalBlock is true. LineNumber: 0 | BytePositionInLine: 0.
         at System.Text.Json.ThrowHelper.ThrowJsonReaderException(Utf8JsonReader& json, ExceptionResource resource, Byte nextByte, ReadOnlySpan`1 bytes)
         at System.Text.Json.Utf8JsonReader.Read()
         at System.Text.Json.Serialization.JsonConverter`1.ReadCore(Utf8JsonReader& reader, T& value, JsonSerializerOptions options, ReadStack& state)
         --- End of inner exception stack trace ---
         at System.Text.Json.ThrowHelper.ReThrowWithPath(ReadStack& state, JsonReaderException ex)
         at System.Text.Json.Serialization.JsonConverter`1.ReadCore(Utf8JsonReader& reader, T& value, JsonSerializerOptions options, ReadStack& state)
         at System.Text.Json.Serialization.Metadata.JsonTypeInfo`1.Deserialize(Utf8JsonReader& reader, ReadStack& state)
         at System.Text.Json.JsonSerializer.ReadFromSpan[TValue](ReadOnlySpan`1 utf8Json, JsonTypeInfo`1 jsonTypeInfo, Nullable`1 actualByteCount)
         at System.Text.Json.JsonSerializer.ReadFromSpan[TValue](ReadOnlySpan`1 json, JsonTypeInfo`1 jsonTypeInfo)
         at System.Text.Json.JsonSerializer.Deserialize[TValue](String json, JsonSerializerOptions options)
         at CodeGraphMcp.Core.Parsing.NodeProcessRunner.ParseAsync(String filePath, CancellationToken ct) in /home/runner/work/code-graph-mcp/code-graph-mcp/src/CodeGraphMcp.Core/Parsing/NodeProcessRunner.cs:line 38
warn: CodeGraphMcp.Core.Parsing.NodeProcessRunner[0]
      Node.js parser failed for D:\skillsgen-industry_track\research\codegraph\runs\20260920T061518045165Z\scope\apps\web\src\components\super-lobster\SkillLibraryPanel.tsx
      System.Text.Json.JsonException: The input does not contain any JSON tokens. Expected the input to start with a valid JSON token, when isFinalBlock is true. Path: $ | LineNumber: 0 | BytePositionInLine: 0.
       ---> System.Text.Json.JsonReaderException: The input does not contain any JSON tokens. Expected the input to start with a valid JSON token, when isFinalBlock is true. LineNumber: 0 | BytePositionInLine: 0.
         at System.Text.Json.ThrowHelper.ThrowJsonReaderException(Utf8JsonReader& json, ExceptionResource resource, Byte nextByte, ReadOnlySpan`1 bytes)
         at System.Text.Json.Utf8JsonReader.Read()
         at System.Text.Json.Serialization.JsonConverter`1.ReadCore(Utf8JsonReader& reader, T& value, JsonSerializerOptions options, ReadStack& state)
         --- End of inner exception stack trace ---
         at System.Text.Json.ThrowHelper.ReThrowWithPath(ReadStack& state, JsonReaderException ex)
         at System.Text.Json.Serialization.JsonConverter`1.ReadCore(Utf8JsonReader& reader, T& value, JsonSerializerOptions options, ReadStack& state)
         at System.Text.Json.Serialization.Metadata.JsonTypeInfo`1.Deserialize(Utf8JsonReader& reader, ReadStack& state)
         at System.Text.Json.JsonSerializer.ReadFromSpan[TValue](ReadOnlySpan`1 utf8Json, JsonTypeInfo`1 jsonTypeInfo, Nullable`1 actualByteCount)
         at System.Text.Json.JsonSerializer.ReadFromSpan[TValue](ReadOnlySpan`1 json, JsonTypeInfo`1 jsonTypeInfo)
         at System.Text.Json.JsonSerializer.Deserialize[TValue](String json, JsonSerializerOptions options)
         at CodeGraphMcp.Core.Parsing.NodeProcessRunner.ParseAsync(String filePath, CancellationToken ct) in /home/runner/work/code-graph-mcp/code-graph-mcp/src/CodeGraphMcp.Core/Parsing/NodeProcessRunner.cs:line 38
warn: CodeGraphMcp.Core.Parsing.NodeProcessRunner[0]
      Node.js parser failed for D:\skillsgen-industry_track\research\codegraph\runs\20260920T061518045165Z\scope\apps\web\src\components\super-lobster\skill-submission-display.ts
      System.Text.Json.JsonException: The input does not contain any JSON tokens. Expected the input to start with a valid JSON token, when isFinalBlock is true. Path: $ | LineNumber: 0 | BytePositionInLine: 0.
       ---> System.Text.Json.JsonReaderException: The input does not contain any JSON tokens. Expected the input to start with a valid JSON token, when isFinalBlock is true. LineNumber: 0 | BytePositionInLine: 0.
         at System.Text.Json.ThrowHelper.ThrowJsonReaderException(Utf8JsonReader& json, ExceptionResource resource, Byte nextByte, ReadOnlySpan`1 bytes)
         at System.Text.Json.Utf8JsonReader.Read()
         at System.Text.Json.Serialization.JsonConverter`1.ReadCore(Utf8JsonReader& reader, T& value, JsonSerializerOptions options, ReadStack& state)
         --- End of inner exception stack trace ---
         at System.Text.Json.ThrowHelper.ReThrowWithPath(ReadStack& state, JsonReaderException ex)
         at System.Text.Json.Serialization.JsonConverter`1.ReadCore(Utf8JsonReader& reader, T& value, JsonSerializerOptions options, ReadStack& state)
         at System.Text.Json.Serialization.Metadata.JsonTypeInfo`1.Deserialize(Utf8JsonReader& reader, ReadStack& state)
         at System.Text.Json.JsonSerializer.ReadFromSpan[TValue](ReadOnlySpan`1 utf8Json, JsonTypeInfo`1 jsonTypeInfo, Nullable`1 actualByteCount)
         at System.Text.Json.JsonSerializer.ReadFromSpan[TValue](ReadOnlySpan`1 json, JsonTypeInfo`1 jsonTypeInfo)
         at System.Text.Json.JsonSerializer.Deserialize[TValue](String json, JsonSerializerOptions options)
         at CodeGraphMcp.Core.Parsing.NodeProcessRunner.ParseAsync(String filePath, CancellationToken ct) in /home/runner/work/code-graph-mcp/code-graph-mcp/src/CodeGraphMcp.Core/Parsing/NodeProcessRunner.cs:line 38
warn: CodeGraphMcp.Core.Parsing.NodeProcessRunner[0]
      Node.js parser failed for D:\skillsgen-industry_track\research\codegraph\runs\20260920T061518045165Z\scope\apps\api\src\enterprises\dto\update-membership-profile.dto.ts
      System.Text.Json.JsonException: The input does not contain any JSON tokens. Expected the input to start with a valid JSON token, when isFinalBlock is true. Path: $ | LineNumber: 0 | BytePositionInLine: 0.
       ---> System.Text.Json.JsonReaderException: The input does not contain any JSON tokens. Expected the input to start with a valid JSON token, when isFinalBlock is true. LineNumber: 0 | BytePositionInLine: 0.
         at System.Text.Json.ThrowHelper.ThrowJsonReaderException(Utf8JsonReader& json, ExceptionResource resource, Byte nextByte, ReadOnlySpan`1 bytes)
         at System.Text.Json.Utf8JsonReader.Read()
         at System.Text.Json.Serialization.JsonConverter`1.ReadCore(Utf8JsonReader& reader, T& value, JsonSerializerOptions options, ReadStack& state)
         --- End of inner exception stack trace ---
         at System.Text.Json.ThrowHelper.ReThrowWithPath(ReadStack& state, JsonReaderException ex)
         at System.Text.Json.Serialization.JsonConverter`1.ReadCore(Utf8JsonReader& reader, T& value, JsonSerializerOptions options, ReadStack& state)
         at System.Text.Json.Serialization.Metadata.JsonTypeInfo`1.Deserialize(Utf8JsonReader& reader, ReadStack& state)
         at System.Text.Json.JsonSerializer.ReadFromSpan[TValue](ReadOnlySpan`1 utf8Json, JsonTypeInfo`1 jsonTypeInfo, Nullable`1 actualByteCount)
         at System.Text.Json.JsonSerializer.ReadFromSpan[TValue](ReadOnlySpan`1 json, JsonTypeInfo`1 jsonTypeInfo)
         at System.Text.Json.JsonSerializer.Deserialize[TValue](String json, JsonSerializerOptions options)
         at CodeGraphMcp.Core.Parsing.NodeProcessRunner.ParseAsync(String filePath, CancellationToken ct) in /home/runner/work/code-graph-mcp/code-graph-mcp/src/CodeGraphMcp.Core/Parsing/NodeProcessRunner.cs:line 38
warn: CodeGraphMcp.Core.Parsing.NodeProcessRunner[0]
      Node.js parser failed for D:\skillsgen-industry_track\research\codegraph\runs\20260920T061518045165Z\scope\apps\web\src\components\my-emergence\BatchAcceptDialog.tsx
      System.Text.Json.JsonException: The input does not contain any JSON tokens. Expected the input to start with a valid JSON token, when isFinalBlock is true. Path: $ | LineNumber: 0 | BytePositionInLine: 0.
       ---> System.Text.Json.JsonReaderException: The input does not contain any JSON tokens. Expected the input to start with a valid JSON token, when isFinalBlock is true. LineNumber: 0 | BytePositionInLine: 0.
         at System.Text.Json.ThrowHelper.ThrowJsonReaderException(Utf8JsonReader& json, ExceptionResource resource, Byte nextByte, ReadOnlySpan`1 bytes)
         at System.Text.Json.Utf8JsonReader.Read()
         at System.Text.Json.Serialization.JsonConverter`1.ReadCore(Utf8JsonReader& reader, T& value, JsonSerializerOptions options, ReadStack& state)
         --- End of inner exception stack trace ---
         at System.Text.Json.ThrowHelper.ReThrowWithPath(ReadStack& state, JsonReaderException ex)
         at System.Text.Json.Serialization.JsonConverter`1.ReadCore(Utf8JsonReader& reader, T& value, JsonSerializerOptions options, ReadStack& state)
         at System.Text.Json.Serialization.Metadata.JsonTypeInfo`1.Deserialize(Utf8JsonReader& reader, ReadStack& state)
         at System.Text.Json.JsonSerializer.ReadFromSpan[TValue](ReadOnlySpan`1 utf8Json, JsonTypeInfo`1 jsonTypeInfo, Nullable`1 actualByteCount)
         at System.Text.Json.JsonSerializer.ReadFromSpan[TValue](ReadOnlySpan`1 json, JsonTypeInfo`1 jsonTypeInfo)
         at System.Text.Json.JsonSerializer.Deserialize[TValue](String json, JsonSerializerOptions options)
         at CodeGraphMcp.Core.Parsing.NodeProcessRunner.ParseAsync(String filePath, CancellationToken ct) in /home/runner/work/code-graph-mcp/code-graph-mcp/src/CodeGraphMcp.Core/Parsing/NodeProcessRunner.cs:line 38
warn: CodeGraphMcp.Core.Parsing.NodeProcessRunner[0]
      Node.js parser failed for D:\skillsgen-industry_track\research\codegraph\runs\20260920T061518045165Z\scope\apps\api\src\skills\skill-submission.service.ts
      System.Text.Json.JsonException: The input does not contain any JSON tokens. Expected the input to start with a valid JSON token, when isFinalBlock is true. Path: $ | LineNumber: 0 | BytePositionInLine: 0.
       ---> System.Text.Json.JsonReaderException: The input does not contain any JSON tokens. Expected the input to start with a valid JSON token, when isFinalBlock is true. LineNumber: 0 | BytePositionInLine: 0.
         at System.Text.Json.ThrowHelper.ThrowJsonReaderException(Utf8JsonReader& json, ExceptionResource resource, Byte nextByte, ReadOnlySpan`1 bytes)
         at System.Text.Json.Utf8JsonReader.Read()
         at System.Text.Json.Serialization.JsonConverter`1.ReadCore(Utf8JsonReader& reader, T& value, JsonSerializerOptions options, ReadStack& state)
         --- End of inner exception stack trace ---
         at System.Text.Json.ThrowHelper.ReThrowWithPath(ReadStack& state, JsonReaderException ex)
         at System.Text.Json.Serialization.JsonConverter`1.ReadCore(Utf8JsonReader& reader, T& value, JsonSerializerOptions options, ReadStack& state)
         at System.Text.Json.Serialization.Metadata.JsonTypeInfo`1.Deserialize(Utf8JsonReader& reader, ReadStack& state)
         at System.Text.Json.JsonSerializer.ReadFromSpan[TValue](ReadOnlySpan`1 utf8Json, JsonTypeInfo`1 jsonTypeInfo, Nullable`1 actualByteCount)
         at System.Text.Json.JsonSerializer.ReadFromSpan[TValue](ReadOnlySpan`1 json, JsonTypeInfo`1 jsonTypeInfo)
         at System.Text.Json.JsonSerializer.Deserialize[TValue](String json, JsonSerializerOptions options)
         at CodeGraphMcp.Core.Parsing.NodeProcessRunner.ParseAsync(String filePath, CancellationToken ct) in /home/runner/work/code-graph-mcp/code-graph-mcp/src/CodeGraphMcp.Core/Parsing/NodeProcessRunner.cs:line 38
warn: CodeGraphMcp.Core.Parsing.NodeProcessRunner[0]
      Node.js parser failed for D:\skillsgen-industry_track\research\codegraph\runs\20260920T061518045165Z\scope\apps\api\src\skills\skill-market-md.util.ts
      System.Text.Json.JsonException: The input does not contain any JSON tokens. Expected the input to start with a valid JSON token, when isFinalBlock is true. Path: $ | LineNumber: 0 | BytePositionInLine: 0.
       ---> System.Text.Json.JsonReaderException: The input does not contain any JSON tokens. Expected the input to start with a valid JSON token, when isFinalBlock is true. LineNumber: 0 | BytePositionInLine: 0.
         at System.Text.Json.ThrowHelper.ThrowJsonReaderException(Utf8JsonReader& json, ExceptionResource resource, Byte nextByte, ReadOnlySpan`1 bytes)
         at System.Text.Json.Utf8JsonReader.Read()
         at System.Text.Json.Serialization.JsonConverter`1.ReadCore(Utf8JsonReader& reader, T& value, JsonSerializerOptions options, ReadStack& state)
         --- End of inner exception stack trace ---
         at System.Text.Json.ThrowHelper.ReThrowWithPath(ReadStack& state, JsonReaderException ex)
         at System.Text.Json.Serialization.JsonConverter`1.ReadCore(Utf8JsonReader& reader, T& value, JsonSerializerOptions options, ReadStack& state)
         at System.Text.Json.Serialization.Metadata.JsonTypeInfo`1.Deserialize(Utf8JsonReader& reader, ReadStack& state)
         at System.Text.Json.JsonSerializer.ReadFromSpan[TValue](ReadOnlySpan`1 utf8Json, JsonTypeInfo`1 jsonTypeInfo, Nullable`1 actualByteCount)
         at System.Text.Json.JsonSerializer.ReadFromSpan[TValue](ReadOnlySpan`1 json, JsonTypeInfo`1 jsonTypeInfo)
         at System.Text.Json.JsonSerializer.Deserialize[TValue](String json, JsonSerializerOptions options)
         at CodeGraphMcp.Core.Parsing.NodeProcessRunner.ParseAsync(String filePath, CancellationToken ct) in /home/runner/work/code-graph-mcp/code-graph-mcp/src/CodeGraphMcp.Core/Parsing/NodeProcessRunner.cs:line 38
warn: CodeGraphMcp.Core.Parsing.NodeProcessRunner[0]
      Node.js parser failed for D:\skillsgen-industry_track\research\codegraph\runs\20260920T061518045165Z\scope\apps\api\src\skills\skill-category-admin.util.ts
      System.Text.Json.JsonException: The input does not contain any JSON tokens. Expected the input to start with a valid JSON token, when isFinalBlock is true. Path: $ | LineNumber: 0 | BytePositionInLine: 0.
       ---> System.Text.Json.JsonReaderException: The input does not contain any JSON tokens. Expected the input to start with a valid JSON token, when isFinalBlock is true. LineNumber: 0 | BytePositionInLine: 0.
         at System.Text.Json.ThrowHelper.ThrowJsonReaderException(Utf8JsonReader& json, ExceptionResource resource, Byte nextByte, ReadOnlySpan`1 bytes)
         at System.Text.Json.Utf8JsonReader.Read()
         at System.Text.Json.Serialization.JsonConverter`1.ReadCore(Utf8JsonReader& reader, T& value, JsonSerializerOptions options, ReadStack& state)
         --- End of inner exception stack trace ---
         at System.Text.Json.ThrowHelper.ReThrowWithPath(ReadStack& state, JsonReaderException ex)
         at System.Text.Json.Serialization.JsonConverter`1.ReadCore(Utf8JsonReader& reader, T& value, JsonSerializerOptions options, ReadStack& state)
         at System.Text.Json.Serialization.Metadata.JsonTypeInfo`1.Deserialize(Utf8JsonReader& reader, ReadStack& state)
         at System.Text.Json.JsonSerializer.ReadFromSpan[TValue](ReadOnlySpan`1 utf8Json, JsonTypeInfo`1 jsonTypeInfo, Nullable`1 actualByteCount)
         at System.Text.Json.JsonSerializer.ReadFromSpan[TValue](ReadOnlySpan`1 json, JsonTypeInfo`1 jsonTypeInfo)
         at System.Text.Json.JsonSerializer.Deserialize[TValue](String json, JsonSerializerOptions options)
         at CodeGraphMcp.Core.Parsing.NodeProcessRunner.ParseAsync(String filePath, CancellationToken ct) in /home/runner/work/code-graph-mcp/code-graph-mcp/src/CodeGraphMcp.Core/Parsing/NodeProcessRunner.cs:line 38
warn: CodeGraphMcp.Core.Parsing.NodeProcessRunner[0]
      Node.js parser failed for D:\skillsgen-industry_track\research\codegraph\runs\20260920T061518045165Z\scope\apps\api\src\skill-analytics\skill-emergence-test-trigger.controller.ts
      System.Text.Json.JsonException: The input does not contain any JSON tokens. Expected the input to start with a valid JSON token, when isFinalBlock is true. Path: $ | LineNumber: 0 | BytePositionInLine: 0.
       ---> System.Text.Json.JsonReaderException: The input does not contain any JSON tokens. Expected the input to start with a valid JSON token, when isFinalBlock is true. LineNumber: 0 | BytePositionInLine: 0.
         at System.Text.Json.ThrowHelper.ThrowJsonReaderException(Utf8JsonReader& json, ExceptionResource resource, Byte nextByte, ReadOnlySpan`1 bytes)
         at System.Text.Json.Utf8JsonReader.Read()
         at System.Text.Json.Serialization.JsonConverter`1.ReadCore(Utf8JsonReader& reader, T& value, JsonSerializerOptions options, ReadStack& state)
         --- End of inner exception stack trace ---
         at System.Text.Json.ThrowHelper.ReThrowWithPath(ReadStack& state, JsonReaderException ex)
         at System.Text.Json.Serialization.JsonConverter`1.ReadCore(Utf8JsonReader& reader, T& value, JsonSerializerOptions options, ReadStack& state)
         at System.Text.Json.Serialization.Metadata.JsonTypeInfo`1.Deserialize(Utf8JsonReader& reader, ReadStack& state)
         at System.Text.Json.JsonSerializer.ReadFromSpan[TValue](ReadOnlySpan`1 utf8Json, JsonTypeInfo`1 jsonTypeInfo, Nullable`1 actualByteCount)
         at System.Text.Json.JsonSerializer.ReadFromSpan[TValue](ReadOnlySpan`1 json, JsonTypeInfo`1 jsonTypeInfo)
         at System.Text.Json.JsonSerializer.Deserialize[TValue](String json, JsonSerializerOptions options)
         at CodeGraphMcp.Core.Parsing.NodeProcessRunner.ParseAsync(String filePath, CancellationToken ct) in /home/runner/work/code-graph-mcp/code-graph-mcp/src/CodeGraphMcp.Core/Parsing/NodeProcessRunner.cs:line 38
warn: CodeGraphMcp.Core.Parsing.NodeProcessRunner[0]
      Node.js parser failed for D:\skillsgen-industry_track\research\codegraph\runs\20260920T061518045165Z\scope\apps\web\src\app\[locale]\(zclaw-shell)\admin\skills\categories\page.tsx
      System.Text.Json.JsonException: The input does not contain any JSON tokens. Expected the input to start with a valid JSON token, when isFinalBlock is true. Path: $ | LineNumber: 0 | BytePositionInLine: 0.
       ---> System.Text.Json.JsonReaderException: The input does not contain any JSON tokens. Expected the input to start with a valid JSON token, when isFinalBlock is true. LineNumber: 0 | BytePositionInLine: 0.
         at System.Text.Json.ThrowHelper.ThrowJsonReaderException(Utf8JsonReader& json, ExceptionResource resource, Byte nextByte, ReadOnlySpan`1 bytes)
         at System.Text.Json.Utf8JsonReader.Read()
         at System.Text.Json.Serialization.JsonConverter`1.ReadCore(Utf8JsonReader& reader, T& value, JsonSerializerOptions options, ReadStack& state)
         --- End of inner exception stack trace ---
         at System.Text.Json.ThrowHelper.ReThrowWithPath(ReadStack& state, JsonReaderException ex)
         at System.Text.Json.Serialization.JsonConverter`1.ReadCore(Utf8JsonReader& reader, T& value, JsonSerializerOptions options, ReadStack& state)
         at System.Text.Json.Serialization.Metadata.JsonTypeInfo`1.Deserialize(Utf8JsonReader& reader, ReadStack& state)
         at System.Text.Json.JsonSerializer.ReadFromSpan[TValue](ReadOnlySpan`1 utf8Json, JsonTypeInfo`1 jsonTypeInfo, Nullable`1 actualByteCount)
         at System.Text.Json.JsonSerializer.ReadFromSpan[TValue](ReadOnlySpan`1 json, JsonTypeInfo`1 jsonTypeInfo)
         at System.Text.Json.JsonSerializer.Deserialize[TValue](String json, JsonSerializerOptions options)
         at CodeGraphMcp.Core.Parsing.NodeProcessRunner.ParseAsync(String filePath, CancellationToken ct) in /home/runner/work/code-graph-mcp/code-graph-mcp/src/CodeGraphMcp.Core/Parsing/NodeProcessRunner.cs:line 38
warn: CodeGraphMcp.Core.Parsing.NodeProcessRunner[0]
      Node.js parser failed for D:\skillsgen-industry_track\research\codegraph\runs\20260920T061518045165Z\scope\apps\web\src\components\skills\SkillSecurityReportPage.tsx
      System.Text.Json.JsonException: The input does not contain any JSON tokens. Expected the input to start with a valid JSON token, when isFinalBlock is true. Path: $ | LineNumber: 0 | BytePositionInLine: 0.
       ---> System.Text.Json.JsonReaderException: The input does not contain any JSON tokens. Expected the input to start with a valid JSON token, when isFinalBlock is true. LineNumber: 0 | BytePositionInLine: 0.
         at System.Text.Json.ThrowHelper.ThrowJsonReaderException(Utf8JsonReader& json, ExceptionResource resource, Byte nextByte, ReadOnlySpan`1 bytes)
         at System.Text.Json.Utf8JsonReader.Read()
         at System.Text.Json.Serialization.JsonConverter`1.ReadCore(Utf8JsonReader& reader, T& value, JsonSerializerOptions options, ReadStack& state)
         --- End of inner exception stack trace ---
         at System.Text.Json.ThrowHelper.ReThrowWithPath(ReadStack& state, JsonReaderException ex)
         at System.Text.Json.Serialization.JsonConverter`1.ReadCore(Utf8JsonReader& reader, T& value, JsonSerializerOptions options, ReadStack& state)
         at System.Text.Json.Serialization.Metadata.JsonTypeInfo`1.Deserialize(Utf8JsonReader& reader, ReadStack& state)
         at System.Text.Json.JsonSerializer.ReadFromSpan[TValue](ReadOnlySpan`1 utf8Json, JsonTypeInfo`1 jsonTypeInfo, Nullable`1 actualByteCount)
         at System.Text.Json.JsonSerializer.ReadFromSpan[TValue](ReadOnlySpan`1 json, JsonTypeInfo`1 jsonTypeInfo)
         at System.Text.Json.JsonSerializer.Deserialize[TValue](String json, JsonSerializerOptions options)
         at CodeGraphMcp.Core.Parsing.NodeProcessRunner.ParseAsync(String filePath, CancellationToken ct) in /home/runner/work/code-graph-mcp/code-graph-mcp/src/CodeGraphMcp.Core/Parsing/NodeProcessRunner.cs:line 38
warn: CodeGraphMcp.Core.Parsing.NodeProcessRunner[0]
      Node.js parser failed for D:\skillsgen-industry_track\research\codegraph\runs\20260920T061518045165Z\scope\apps\web\src\api\moudles\skills.ts
      System.Text.Json.JsonException: The input does not contain any JSON tokens. Expected the input to start with a valid JSON token, when isFinalBlock is true. Path: $ | LineNumber: 0 | BytePositionInLine: 0.
       ---> System.Text.Json.JsonReaderException: The input does not contain any JSON tokens. Expected the input to start with a valid JSON token, when isFinalBlock is true. LineNumber: 0 | BytePositionInLine: 0.
         at System.Text.Json.ThrowHelper.ThrowJsonReaderException(Utf8JsonReader& json, ExceptionResource resource, Byte nextByte, ReadOnlySpan`1 bytes)
         at System.Text.Json.Utf8JsonReader.Read()
         at System.Text.Json.Serialization.JsonConverter`1.ReadCore(Utf8JsonReader& reader, T& value, JsonSerializerOptions options, ReadStack& state)
         --- End of inner exception stack trace ---
         at System.Text.Json.ThrowHelper.ReThrowWithPath(ReadStack& state, JsonReaderException ex)
         at System.Text.Json.Serialization.JsonConverter`1.ReadCore(Utf8JsonReader& reader, T& value, JsonSerializerOptions options, ReadStack& state)
         at System.Text.Json.Serialization.Metadata.JsonTypeInfo`1.Deserialize(Utf8JsonReader& reader, ReadStack& state)
         at System.Text.Json.JsonSerializer.ReadFromSpan[TValue](ReadOnlySpan`1 utf8Json, JsonTypeInfo`1 jsonTypeInfo, Nullable`1 actualByteCount)
         at System.Text.Json.JsonSerializer.ReadFromSpan[TValue](ReadOnlySpan`1 json, JsonTypeInfo`1 jsonTypeInfo)
         at System.Text.Json.JsonSerializer.Deserialize[TValue](String json, JsonSerializerOptions options)
         at CodeGraphMcp.Core.Parsing.NodeProcessRunner.ParseAsync(String filePath, CancellationToken ct) in /home/runner/work/code-graph-mcp/code-graph-mcp/src/CodeGraphMcp.Core/Parsing/NodeProcessRunner.cs:line 38
warn: CodeGraphMcp.Core.Parsing.NodeProcessRunner[0]
      Node.js parser failed for D:\skillsgen-industry_track\research\codegraph\runs\20260920T061518045165Z\scope\apps\api\src\skills\dto\update-skill.dto.ts
      System.Text.Json.JsonException: The input does not contain any JSON tokens. Expected the input to start with a valid JSON token, when isFinalBlock is true. Path: $ | LineNumber: 0 | BytePositionInLine: 0.
       ---> System.Text.Json.JsonReaderException: The input does not contain any JSON tokens. Expected the input to start with a valid JSON token, when isFinalBlock is true. LineNumber: 0 | BytePositionInLine: 0.
         at System.Text.Json.ThrowHelper.ThrowJsonReaderException(Utf8JsonReader& json, ExceptionResource resource, Byte nextByte, ReadOnlySpan`1 bytes)
         at System.Text.Json.Utf8JsonReader.Read()
         at System.Text.Json.Serialization.JsonConverter`1.ReadCore(Utf8JsonReader& reader, T& value, JsonSerializerOptions options, ReadStack& state)
         --- End of inner exception stack trace ---
         at System.Text.Json.ThrowHelper.ReThrowWithPath(ReadStack& state, JsonReaderException ex)
         at System.Text.Json.Serialization.JsonConverter`1.ReadCore(Utf8JsonReader& reader, T& value, JsonSerializerOptions options, ReadStack& state)
         at System.Text.Json.Serialization.Metadata.JsonTypeInfo`1.Deserialize(Utf8JsonReader& reader, ReadStack& state)
         at System.Text.Json.JsonSerializer.ReadFromSpan[TValue](ReadOnlySpan`1 utf8Json, JsonTypeInfo`1 jsonTypeInfo, Nullable`1 actualByteCount)
         at System.Text.Json.JsonSerializer.ReadFromSpan[TValue](ReadOnlySpan`1 json, JsonTypeInfo`1 jsonTypeInfo)
         at System.Text.Json.JsonSerializer.Deserialize[TValue](String json, JsonSerializerOptions options)
         at CodeGraphMcp.Core.Parsing.NodeProcessRunner.ParseAsync(String filePath, CancellationToken ct) in /home/runner/work/code-graph-mcp/code-graph-mcp/src/CodeGraphMcp.Core/Parsing/NodeProcessRunner.cs:line 38
warn: CodeGraphMcp.Core.Parsing.NodeProcessRunner[0]
      Node.js parser failed for D:\skillsgen-industry_track\research\codegraph\runs\20260920T061518045165Z\scope\apps\web\src\hooks\useSkillEmergenceStatus.ts
      System.Text.Json.JsonException: The input does not contain any JSON tokens. Expected the input to start with a valid JSON token, when isFinalBlock is true. Path: $ | LineNumber: 0 | BytePositionInLine: 0.
       ---> System.Text.Json.JsonReaderException: The input does not contain any JSON tokens. Expected the input to start with a valid JSON token, when isFinalBlock is true. LineNumber: 0 | BytePositionInLine: 0.
         at System.Text.Json.ThrowHelper.ThrowJsonReaderException(Utf8JsonReader& json, ExceptionResource resource, Byte nextByte, ReadOnlySpan`1 bytes)
         at System.Text.Json.Utf8JsonReader.Read()
         at System.Text.Json.Serialization.JsonConverter`1.ReadCore(Utf8JsonReader& reader, T& value, JsonSerializerOptions options, ReadStack& state)
         --- End of inner exception stack trace ---
         at System.Text.Json.ThrowHelper.ReThrowWithPath(ReadStack& state, JsonReaderException ex)
         at System.Text.Json.Serialization.JsonConverter`1.ReadCore(Utf8JsonReader& reader, T& value, JsonSerializerOptions options, ReadStack& state)
         at System.Text.Json.Serialization.Metadata.JsonTypeInfo`1.Deserialize(Utf8JsonReader& reader, ReadStack& state)
         at System.Text.Json.JsonSerializer.ReadFromSpan[TValue](ReadOnlySpan`1 utf8Json, JsonTypeInfo`1 jsonTypeInfo, Nullable`1 actualByteCount)
         at System.Text.Json.JsonSerializer.ReadFromSpan[TValue](ReadOnlySpan`1 json, JsonTypeInfo`1 jsonTypeInfo)
         at System.Text.Json.JsonSerializer.Deserialize[TValue](String json, JsonSerializerOptions options)
         at CodeGraphMcp.Core.Parsing.NodeProcessRunner.ParseAsync(String filePath, CancellationToken ct) in /home/runner/work/code-graph-mcp/code-graph-mcp/src/CodeGraphMcp.Core/Parsing/NodeProcessRunner.cs:line 38
warn: CodeGraphMcp.Core.Parsing.NodeProcessRunner[0]
      Node.js parser failed for D:\skillsgen-industry_track\research\codegraph\runs\20260920T061518045165Z\scope\apps\api\src\skills\skill-market-personal.util.ts
      System.Text.Json.JsonException: The input does not contain any JSON tokens. Expected the input to start with a valid JSON token, when isFinalBlock is true. Path: $ | LineNumber: 0 | BytePositionInLine: 0.
       ---> System.Text.Json.JsonReaderException: The input does not contain any JSON tokens. Expected the input to start with a valid JSON token, when isFinalBlock is true. LineNumber: 0 | BytePositionInLine: 0.
         at System.Text.Json.ThrowHelper.ThrowJsonReaderException(Utf8JsonReader& json, ExceptionResource resource, Byte nextByte, ReadOnlySpan`1 bytes)
         at System.Text.Json.Utf8JsonReader.Read()
         at System.Text.Json.Serialization.JsonConverter`1.ReadCore(Utf8JsonReader& reader, T& value, JsonSerializerOptions options, ReadStack& state)
         --- End of inner exception stack trace ---
         at System.Text.Json.ThrowHelper.ReThrowWithPath(ReadStack& state, JsonReaderException ex)
         at System.Text.Json.Serialization.JsonConverter`1.ReadCore(Utf8JsonReader& reader, T& value, JsonSerializerOptions options, ReadStack& state)
         at System.Text.Json.Serialization.Metadata.JsonTypeInfo`1.Deserialize(Utf8JsonReader& reader, ReadStack& state)
         at System.Text.Json.JsonSerializer.ReadFromSpan[TValue](ReadOnlySpan`1 utf8Json, JsonTypeInfo`1 jsonTypeInfo, Nullable`1 actualByteCount)
         at System.Text.Json.JsonSerializer.ReadFromSpan[TValue](ReadOnlySpan`1 json, JsonTypeInfo`1 jsonTypeInfo)
         at System.Text.Json.JsonSerializer.Deserialize[TValue](String json, JsonSerializerOptions options)
         at CodeGraphMcp.Core.Parsing.NodeProcessRunner.ParseAsync(String filePath, CancellationToken ct) in /home/runner/work/code-graph-mcp/code-graph-mcp/src/CodeGraphMcp.Core/Parsing/NodeProcessRunner.cs:line 38
warn: CodeGraphMcp.Core.Parsing.NodeProcessRunner[0]
      Node.js parser failed for D:\skillsgen-industry_track\research\codegraph\runs\20260920T061518045165Z\scope\apps\api\src\skill-emergence\skill-emergence-diagnosis.util.ts
      System.Text.Json.JsonException: The input does not contain any JSON tokens. Expected the input to start with a valid JSON token, when isFinalBlock is true. Path: $ | LineNumber: 0 | BytePositionInLine: 0.
       ---> System.Text.Json.JsonReaderException: The input does not contain any JSON tokens. Expected the input to start with a valid JSON token, when isFinalBlock is true. LineNumber: 0 | BytePositionInLine: 0.
         at System.Text.Json.ThrowHelper.ThrowJsonReaderException(Utf8JsonReader& json, ExceptionResource resource, Byte nextByte, ReadOnlySpan`1 bytes)
         at System.Text.Json.Utf8JsonReader.Read()
         at System.Text.Json.Serialization.JsonConverter`1.ReadCore(Utf8JsonReader& reader, T& value, JsonSerializerOptions options, ReadStack& state)
         --- End of inner exception stack trace ---
         at System.Text.Json.ThrowHelper.ReThrowWithPath(ReadStack& state, JsonReaderException ex)
         at System.Text.Json.Serialization.JsonConverter`1.ReadCore(Utf8JsonReader& reader, T& value, JsonSerializerOptions options, ReadStack& state)
         at System.Text.Json.Serialization.Metadata.JsonTypeInfo`1.Deserialize(Utf8JsonReader& reader, ReadStack& state)
         at System.Text.Json.JsonSerializer.ReadFromSpan[TValue](ReadOnlySpan`1 utf8Json, JsonTypeInfo`1 jsonTypeInfo, Nullable`1 actualByteCount)
         at System.Text.Json.JsonSerializer.ReadFromSpan[TValue](ReadOnlySpan`1 json, JsonTypeInfo`1 jsonTypeInfo)
         at System.Text.Json.JsonSerializer.Deserialize[TValue](String json, JsonSerializerOptions options)
         at CodeGraphMcp.Core.Parsing.NodeProcessRunner.ParseAsync(String filePath, CancellationToken ct) in /home/runner/work/code-graph-mcp/code-graph-mcp/src/CodeGraphMcp.Core/Parsing/NodeProcessRunner.cs:line 38
warn: CodeGraphMcp.Core.Parsing.NodeProcessRunner[0]
      Node.js parser failed for D:\skillsgen-industry_track\research\codegraph\runs\20260920T061518045165Z\scope\apps\web\src\api\moudles\skill-emergence.ts
      System.Text.Json.JsonException: The input does not contain any JSON tokens. Expected the input to start with a valid JSON token, when isFinalBlock is true. Path: $ | LineNumber: 0 | BytePositionInLine: 0.
       ---> System.Text.Json.JsonReaderException: The input does not contain any JSON tokens. Expected the input to start with a valid JSON token, when isFinalBlock is true. LineNumber: 0 | BytePositionInLine: 0.
         at System.Text.Json.ThrowHelper.ThrowJsonReaderException(Utf8JsonReader& json, ExceptionResource resource, Byte nextByte, ReadOnlySpan`1 bytes)
         at System.Text.Json.Utf8JsonReader.Read()
         at System.Text.Json.Serialization.JsonConverter`1.ReadCore(Utf8JsonReader& reader, T& value, JsonSerializerOptions options, ReadStack& state)
         --- End of inner exception stack trace ---
         at System.Text.Json.ThrowHelper.ReThrowWithPath(ReadStack& state, JsonReaderException ex)
         at System.Text.Json.Serialization.JsonConverter`1.ReadCore(Utf8JsonReader& reader, T& value, JsonSerializerOptions options, ReadStack& state)
         at System.Text.Json.Serialization.Metadata.JsonTypeInfo`1.Deserialize(Utf8JsonReader& reader, ReadStack& state)
         at System.Text.Json.JsonSerializer.ReadFromSpan[TValue](ReadOnlySpan`1 utf8Json, JsonTypeInfo`1 jsonTypeInfo, Nullable`1 actualByteCount)
         at System.Text.Json.JsonSerializer.ReadFromSpan[TValue](ReadOnlySpan`1 json, JsonTypeInfo`1 jsonTypeInfo)
         at System.Text.Json.JsonSerializer.Deserialize[TValue](String json, JsonSerializerOptions options)
         at CodeGraphMcp.Core.Parsing.NodeProcessRunner.ParseAsync(String filePath, CancellationToken ct) in /home/runner/work/code-graph-mcp/code-graph-mcp/src/CodeGraphMcp.Core/Parsing/NodeProcessRunner.cs:line 38
warn: CodeGraphMcp.Core.Parsing.NodeProcessRunner[0]
      Node.js parser failed for D:\skillsgen-industry_track\research\codegraph\runs\20260920T061518045165Z\scope\apps\api\src\skills\dto\save-global-skill.dto.ts
      System.Text.Json.JsonException: The input does not contain any JSON tokens. Expected the input to start with a valid JSON token, when isFinalBlock is true. Path: $ | LineNumber: 0 | BytePositionInLine: 0.
       ---> System.Text.Json.JsonReaderException: The input does not contain any JSON tokens. Expected the input to start with a valid JSON token, when isFinalBlock is true. LineNumber: 0 | BytePositionInLine: 0.
         at System.Text.Json.ThrowHelper.ThrowJsonReaderException(Utf8JsonReader& json, ExceptionResource resource, Byte nextByte, ReadOnlySpan`1 bytes)
         at System.Text.Json.Utf8JsonReader.Read()
         at System.Text.Json.Serialization.JsonConverter`1.ReadCore(Utf8JsonReader& reader, T& value, JsonSerializerOptions options, ReadStack& state)
         --- End of inner exception stack trace ---
         at System.Text.Json.ThrowHelper.ReThrowWithPath(ReadStack& state, JsonReaderException ex)
         at System.Text.Json.Serialization.JsonConverter`1.ReadCore(Utf8JsonReader& reader, T& value, JsonSerializerOptions options, ReadStack& state)
         at System.Text.Json.Serialization.Metadata.JsonTypeInfo`1.Deserialize(Utf8JsonReader& reader, ReadStack& state)
         at System.Text.Json.JsonSerializer.ReadFromSpan[TValue](ReadOnlySpan`1 utf8Json, JsonTypeInfo`1 jsonTypeInfo, Nullable`1 actualByteCount)
         at System.Text.Json.JsonSerializer.ReadFromSpan[TValue](ReadOnlySpan`1 json, JsonTypeInfo`1 jsonTypeInfo)
         at System.Text.Json.JsonSerializer.Deserialize[TValue](String json, JsonSerializerOptions options)
         at CodeGraphMcp.Core.Parsing.NodeProcessRunner.ParseAsync(String filePath, CancellationToken ct) in /home/runner/work/code-graph-mcp/code-graph-mcp/src/CodeGraphMcp.Core/Parsing/NodeProcessRunner.cs:line 38
warn: CodeGraphMcp.Core.Parsing.NodeProcessRunner[0]
      Node.js parser failed for D:\skillsgen-industry_track\research\codegraph\runs\20260920T061518045165Z\scope\apps\api\src\enterprises\dto\update-enterprise-membership-role.dto.ts
      System.Text.Json.JsonException: The input does not contain any JSON tokens. Expected the input to start with a valid JSON token, when isFinalBlock is true. Path: $ | LineNumber: 0 | BytePositionInLine: 0.
       ---> System.Text.Json.JsonReaderException: The input does not contain any JSON tokens. Expected the input to start with a valid JSON token, when isFinalBlock is true. LineNumber: 0 | BytePositionInLine: 0.
         at System.Text.Json.ThrowHelper.ThrowJsonReaderException(Utf8JsonReader& json, ExceptionResource resource, Byte nextByte, ReadOnlySpan`1 bytes)
         at System.Text.Json.Utf8JsonReader.Read()
         at System.Text.Json.Serialization.JsonConverter`1.ReadCore(Utf8JsonReader& reader, T& value, JsonSerializerOptions options, ReadStack& state)
         --- End of inner exception stack trace ---
         at System.Text.Json.ThrowHelper.ReThrowWithPath(ReadStack& state, JsonReaderException ex)
         at System.Text.Json.Serialization.JsonConverter`1.ReadCore(Utf8JsonReader& reader, T& value, JsonSerializerOptions options, ReadStack& state)
         at System.Text.Json.Serialization.Metadata.JsonTypeInfo`1.Deserialize(Utf8JsonReader& reader, ReadStack& state)
         at System.Text.Json.JsonSerializer.ReadFromSpan[TValue](ReadOnlySpan`1 utf8Json, JsonTypeInfo`1 jsonTypeInfo, Nullable`1 actualByteCount)
         at System.Text.Json.JsonSerializer.ReadFromSpan[TValue](ReadOnlySpan`1 json, JsonTypeInfo`1 jsonTypeInfo)
         at System.Text.Json.JsonSerializer.Deserialize[TValue](String json, JsonSerializerOptions options)
         at CodeGraphMcp.Core.Parsing.NodeProcessRunner.ParseAsync(String filePath, CancellationToken ct) in /home/runner/work/code-graph-mcp/code-graph-mcp/src/CodeGraphMcp.Core/Parsing/NodeProcessRunner.cs:line 38
warn: CodeGraphMcp.Core.Parsing.NodeProcessRunner[0]
      Node.js parser failed for D:\skillsgen-industry_track\research\codegraph\runs\20260920T061518045165Z\scope\apps\api\src\enterprises\dto\create-enterprise-department.dto.ts
      System.Text.Json.JsonException: The input does not contain any JSON tokens. Expected the input to start with a valid JSON token, when isFinalBlock is true. Path: $ | LineNumber: 0 | BytePositionInLine: 0.
       ---> System.Text.Json.JsonReaderException: The input does not contain any JSON tokens. Expected the input to start with a valid JSON token, when isFinalBlock is true. LineNumber: 0 | BytePositionInLine: 0.
         at System.Text.Json.ThrowHelper.ThrowJsonReaderException(Utf8JsonReader& json, ExceptionResource resource, Byte nextByte, ReadOnlySpan`1 bytes)
         at System.Text.Json.Utf8JsonReader.Read()
         at System.Text.Json.Serialization.JsonConverter`1.ReadCore(Utf8JsonReader& reader, T& value, JsonSerializerOptions options, ReadStack& state)
         --- End of inner exception stack trace ---
         at System.Text.Json.ThrowHelper.ReThrowWithPath(ReadStack& state, JsonReaderException ex)
         at System.Text.Json.Serialization.JsonConverter`1.ReadCore(Utf8JsonReader& reader, T& value, JsonSerializerOptions options, ReadStack& state)
         at System.Text.Json.Serialization.Metadata.JsonTypeInfo`1.Deserialize(Utf8JsonReader& reader, ReadStack& state)
         at System.Text.Json.JsonSerializer.ReadFromSpan[TValue](ReadOnlySpan`1 utf8Json, JsonTypeInfo`1 jsonTypeInfo, Nullable`1 actualByteCount)
         at System.Text.Json.JsonSerializer.ReadFromSpan[TValue](ReadOnlySpan`1 json, JsonTypeInfo`1 jsonTypeInfo)
         at System.Text.Json.JsonSerializer.Deserialize[TValue](String json, JsonSerializerOptions options)
         at CodeGraphMcp.Core.Parsing.NodeProcessRunner.ParseAsync(String filePath, CancellationToken ct) in /home/runner/work/code-graph-mcp/code-graph-mcp/src/CodeGraphMcp.Core/Parsing/NodeProcessRunner.cs:line 38
warn: CodeGraphMcp.Core.Parsing.NodeProcessRunner[0]
      Node.js parser failed for D:\skillsgen-industry_track\research\codegraph\runs\20260920T061518045165Z\scope\apps\api\src\skills\skill-market-authored-config.util.ts
      System.Text.Json.JsonException: The input does not contain any JSON tokens. Expected the input to start with a valid JSON token, when isFinalBlock is true. Path: $ | LineNumber: 0 | BytePositionInLine: 0.
       ---> System.Text.Json.JsonReaderException: The input does not contain any JSON tokens. Expected the input to start with a valid JSON token, when isFinalBlock is true. LineNumber: 0 | BytePositionInLine: 0.
         at System.Text.Json.ThrowHelper.ThrowJsonReaderException(Utf8JsonReader& json, ExceptionResource resource, Byte nextByte, ReadOnlySpan`1 bytes)
         at System.Text.Json.Utf8JsonReader.Read()
         at System.Text.Json.Serialization.JsonConverter`1.ReadCore(Utf8JsonReader& reader, T& value, JsonSerializerOptions options, ReadStack& state)
         --- End of inner exception stack trace ---
         at System.Text.Json.ThrowHelper.ReThrowWithPath(ReadStack& state, JsonReaderException ex)
         at System.Text.Json.Serialization.JsonConverter`1.ReadCore(Utf8JsonReader& reader, T& value, JsonSerializerOptions options, ReadStack& state)
         at System.Text.Json.Serialization.Metadata.JsonTypeInfo`1.Deserialize(Utf8JsonReader& reader, ReadStack& state)
         at System.Text.Json.JsonSerializer.ReadFromSpan[TValue](ReadOnlySpan`1 utf8Json, JsonTypeInfo`1 jsonTypeInfo, Nullable`1 actualByteCount)
         at System.Text.Json.JsonSerializer.ReadFromSpan[TValue](ReadOnlySpan`1 json, JsonTypeInfo`1 jsonTypeInfo)
         at System.Text.Json.JsonSerializer.Deserialize[TValue](String json, JsonSerializerOptions options)
         at CodeGraphMcp.Core.Parsing.NodeProcessRunner.ParseAsync(String filePath, CancellationToken ct) in /home/runner/work/code-graph-mcp/code-graph-mcp/src/CodeGraphMcp.Core/Parsing/NodeProcessRunner.cs:line 38
warn: CodeGraphMcp.Core.Parsing.NodeProcessRunner[0]
      Node.js parser failed for D:\skillsgen-industry_track\research\codegraph\runs\20260920T061518045165Z\scope\apps\api\src\skill-emergence\skill-emergence.controller.ts
      System.Text.Json.JsonException: The input does not contain any JSON tokens. Expected the input to start with a valid JSON token, when isFinalBlock is true. Path: $ | LineNumber: 0 | BytePositionInLine: 0.
       ---> System.Text.Json.JsonReaderException: The input does not contain any JSON tokens. Expected the input to start with a valid JSON token, when isFinalBlock is true. LineNumber: 0 | BytePositionInLine: 0.
         at System.Text.Json.ThrowHelper.ThrowJsonReaderException(Utf8JsonReader& json, ExceptionResource resource, Byte nextByte, ReadOnlySpan`1 bytes)
         at System.Text.Json.Utf8JsonReader.Read()
         at System.Text.Json.Serialization.JsonConverter`1.ReadCore(Utf8JsonReader& reader, T& value, JsonSerializerOptions options, ReadStack& state)
         --- End of inner exception stack trace ---
         at System.Text.Json.ThrowHelper.ReThrowWithPath(ReadStack& state, JsonReaderException ex)
         at System.Text.Json.Serialization.JsonConverter`1.ReadCore(Utf8JsonReader& reader, T& value, JsonSerializerOptions options, ReadStack& state)
         at System.Text.Json.Serialization.Metadata.JsonTypeInfo`1.Deserialize(Utf8JsonReader& reader, ReadStack& state)
         at System.Text.Json.JsonSerializer.ReadFromSpan[TValue](ReadOnlySpan`1 utf8Json, JsonTypeInfo`1 jsonTypeInfo, Nullable`1 actualByteCount)
         at System.Text.Json.JsonSerializer.ReadFromSpan[TValue](ReadOnlySpan`1 json, JsonTypeInfo`1 jsonTypeInfo)
         at System.Text.Json.JsonSerializer.Deserialize[TValue](String json, JsonSerializerOptions options)
         at CodeGraphMcp.Core.Parsing.NodeProcessRunner.ParseAsync(String filePath, CancellationToken ct) in /home/runner/work/code-graph-mcp/code-graph-mcp/src/CodeGraphMcp.Core/Parsing/NodeProcessRunner.cs:line 38
warn: CodeGraphMcp.Core.Parsing.NodeProcessRunner[0]
      Node.js parser failed for D:\skillsgen-industry_track\research\codegraph\runs\20260920T061518045165Z\scope\apps\api\src\skill-analytics\skill-emergence-recorder.service.ts
      System.Text.Json.JsonException: The input does not contain any JSON tokens. Expected the input to start with a valid JSON token, when isFinalBlock is true. Path: $ | LineNumber: 0 | BytePositionInLine: 0.
       ---> System.Text.Json.JsonReaderException: The input does not contain any JSON tokens. Expected the input to start with a valid JSON token, when isFinalBlock is true. LineNumber: 0 | BytePositionInLine: 0.
         at System.Text.Json.ThrowHelper.ThrowJsonReaderException(Utf8JsonReader& json, ExceptionResource resource, Byte nextByte, ReadOnlySpan`1 bytes)
         at System.Text.Json.Utf8JsonReader.Read()
         at System.Text.Json.Serialization.JsonConverter`1.ReadCore(Utf8JsonReader& reader, T& value, JsonSerializerOptions options, ReadStack& state)
         --- End of inner exception stack trace ---
         at System.Text.Json.ThrowHelper.ReThrowWithPath(ReadStack& state, JsonReaderException ex)
         at System.Text.Json.Serialization.JsonConverter`1.ReadCore(Utf8JsonReader& reader, T& value, JsonSerializerOptions options, ReadStack& state)
         at System.Text.Json.Serialization.Metadata.JsonTypeInfo`1.Deserialize(Utf8JsonReader& reader, ReadStack& state)
         at System.Text.Json.JsonSerializer.ReadFromSpan[TValue](ReadOnlySpan`1 utf8Json, JsonTypeInfo`1 jsonTypeInfo, Nullable`1 actualByteCount)
         at System.Text.Json.JsonSerializer.ReadFromSpan[TValue](ReadOnlySpan`1 json, JsonTypeInfo`1 jsonTypeInfo)
         at System.Text.Json.JsonSerializer.Deserialize[TValue](String json, JsonSerializerOptions options)
         at CodeGraphMcp.Core.Parsing.NodeProcessRunner.ParseAsync(String filePath, CancellationToken ct) in /home/runner/work/code-graph-mcp/code-graph-mcp/src/CodeGraphMcp.Core/Parsing/NodeProcessRunner.cs:line 38
warn: CodeGraphMcp.Core.Parsing.NodeProcessRunner[0]
      Node.js parser failed for D:\skillsgen-industry_track\research\codegraph\runs\20260920T061518045165Z\scope\apps\api\src\skill-analytics\skill-analytics.module.ts
      System.Text.Json.JsonException: The input does not contain any JSON tokens. Expected the input to start with a valid JSON token, when isFinalBlock is true. Path: $ | LineNumber: 0 | BytePositionInLine: 0.
       ---> System.Text.Json.JsonReaderException: The input does not contain any JSON tokens. Expected the input to start with a valid JSON token, when isFinalBlock is true. LineNumber: 0 | BytePositionInLine: 0.
         at System.Text.Json.ThrowHelper.ThrowJsonReaderException(Utf8JsonReader& json, ExceptionResource resource, Byte nextByte, ReadOnlySpan`1 bytes)
         at System.Text.Json.Utf8JsonReader.Read()
         at System.Text.Json.Serialization.JsonConverter`1.ReadCore(Utf8JsonReader& reader, T& value, JsonSerializerOptions options, ReadStack& state)
         --- End of inner exception stack trace ---
         at System.Text.Json.ThrowHelper.ReThrowWithPath(ReadStack& state, JsonReaderException ex)
         at System.Text.Json.Serialization.JsonConverter`1.ReadCore(Utf8JsonReader& reader, T& value, JsonSerializerOptions options, ReadStack& state)
         at System.Text.Json.Serialization.Metadata.JsonTypeInfo`1.Deserialize(Utf8JsonReader& reader, ReadStack& state)
         at System.Text.Json.JsonSerializer.ReadFromSpan[TValue](ReadOnlySpan`1 utf8Json, JsonTypeInfo`1 jsonTypeInfo, Nullable`1 actualByteCount)
         at System.Text.Json.JsonSerializer.ReadFromSpan[TValue](ReadOnlySpan`1 json, JsonTypeInfo`1 jsonTypeInfo)
         at System.Text.Json.JsonSerializer.Deserialize[TValue](String json, JsonSerializerOptions options)
         at CodeGraphMcp.Core.Parsing.NodeProcessRunner.ParseAsync(String filePath, CancellationToken ct) in /home/runner/work/code-graph-mcp/code-graph-mcp/src/CodeGraphMcp.Core/Parsing/NodeProcessRunner.cs:line 38
warn: CodeGraphMcp.Core.Parsing.NodeProcessRunner[0]
      Node.js parser failed for D:\skillsgen-industry_track\research\codegraph\runs\20260920T061518045165Z\scope\apps\api\src\skill-emergence\skill-emergence-evaluator.service.ts
      System.Text.Json.JsonException: The input does not contain any JSON tokens. Expected the input to start with a valid JSON token, when isFinalBlock is true. Path: $ | LineNumber: 0 | BytePositionInLine: 0.
       ---> System.Text.Json.JsonReaderException: The input does not contain any JSON tokens. Expected the input to start with a valid JSON token, when isFinalBlock is true. LineNumber: 0 | BytePositionInLine: 0.
         at System.Text.Json.ThrowHelper.ThrowJsonReaderException(Utf8JsonReader& json, ExceptionResource resource, Byte nextByte, ReadOnlySpan`1 bytes)
         at System.Text.Json.Utf8JsonReader.Read()
         at System.Text.Json.Serialization.JsonConverter`1.ReadCore(Utf8JsonReader& reader, T& value, JsonSerializerOptions options, ReadStack& state)
         --- End of inner exception stack trace ---
         at System.Text.Json.ThrowHelper.ReThrowWithPath(ReadStack& state, JsonReaderException ex)
         at System.Text.Json.Serialization.JsonConverter`1.ReadCore(Utf8JsonReader& reader, T& value, JsonSerializerOptions options, ReadStack& state)
         at System.Text.Json.Serialization.Metadata.JsonTypeInfo`1.Deserialize(Utf8JsonReader& reader, ReadStack& state)
         at System.Text.Json.JsonSerializer.ReadFromSpan[TValue](ReadOnlySpan`1 utf8Json, JsonTypeInfo`1 jsonTypeInfo, Nullable`1 actualByteCount)
         at System.Text.Json.JsonSerializer.ReadFromSpan[TValue](ReadOnlySpan`1 json, JsonTypeInfo`1 jsonTypeInfo)
         at System.Text.Json.JsonSerializer.Deserialize[TValue](String json, JsonSerializerOptions options)
         at CodeGraphMcp.Core.Parsing.NodeProcessRunner.ParseAsync(String filePath, CancellationToken ct) in /home/runner/work/code-graph-mcp/code-graph-mcp/src/CodeGraphMcp.Core/Parsing/NodeProcessRunner.cs:line 38
warn: CodeGraphMcp.Core.Parsing.NodeProcessRunner[0]
      Node.js parser failed for D:\skillsgen-industry_track\research\codegraph\runs\20260920T061518045165Z\scope\apps\web\src\components\my-emergence\MyEmergenceDetailPage.tsx
      System.Text.Json.JsonException: The input does not contain any JSON tokens. Expected the input to start with a valid JSON token, when isFinalBlock is true. Path: $ | LineNumber: 0 | BytePositionInLine: 0.
       ---> System.Text.Json.JsonReaderException: The input does not contain any JSON tokens. Expected the input to start with a valid JSON token, when isFinalBlock is true. LineNumber: 0 | BytePositionInLine: 0.
         at System.Text.Json.ThrowHelper.ThrowJsonReaderException(Utf8JsonReader& json, ExceptionResource resource, Byte nextByte, ReadOnlySpan`1 bytes)
         at System.Text.Json.Utf8JsonReader.Read()
         at System.Text.Json.Serialization.JsonConverter`1.ReadCore(Utf8JsonReader& reader, T& value, JsonSerializerOptions options, ReadStack& state)
         --- End of inner exception stack trace ---
         at System.Text.Json.ThrowHelper.ReThrowWithPath(ReadStack& state, JsonReaderException ex)
         at System.Text.Json.Serialization.JsonConverter`1.ReadCore(Utf8JsonReader& reader, T& value, JsonSerializerOptions options, ReadStack& state)
         at System.Text.Json.Serialization.Metadata.JsonTypeInfo`1.Deserialize(Utf8JsonReader& reader, ReadStack& state)
         at System.Text.Json.JsonSerializer.ReadFromSpan[TValue](ReadOnlySpan`1 utf8Json, JsonTypeInfo`1 jsonTypeInfo, Nullable`1 actualByteCount)
         at System.Text.Json.JsonSerializer.ReadFromSpan[TValue](ReadOnlySpan`1 json, JsonTypeInfo`1 jsonTypeInfo)
         at System.Text.Json.JsonSerializer.Deserialize[TValue](String json, JsonSerializerOptions options)
         at CodeGraphMcp.Core.Parsing.NodeProcessRunner.ParseAsync(String filePath, CancellationToken ct) in /home/runner/work/code-graph-mcp/code-graph-mcp/src/CodeGraphMcp.Core/Parsing/NodeProcessRunner.cs:line 38
warn: CodeGraphMcp.Core.Parsing.NodeProcessRunner[0]
      Node.js parser failed for D:\skillsgen-industry_track\research\codegraph\runs\20260920T061518045165Z\scope\apps\api\src\skills\dto\update-enterprise-skill-category-settings.dto.ts
      System.Text.Json.JsonException: The input does not contain any JSON tokens. Expected the input to start with a valid JSON token, when isFinalBlock is true. Path: $ | LineNumber: 0 | BytePositionInLine: 0.
       ---> System.Text.Json.JsonReaderException: The input does not contain any JSON tokens. Expected the input to start with a valid JSON token, when isFinalBlock is true. LineNumber: 0 | BytePositionInLine: 0.
         at System.Text.Json.ThrowHelper.ThrowJsonReaderException(Utf8JsonReader& json, ExceptionResource resource, Byte nextByte, ReadOnlySpan`1 bytes)
         at System.Text.Json.Utf8JsonReader.Read()
         at System.Text.Json.Serialization.JsonConverter`1.ReadCore(Utf8JsonReader& reader, T& value, JsonSerializerOptions options, ReadStack& state)
         --- End of inner exception stack trace ---
         at System.Text.Json.ThrowHelper.ReThrowWithPath(ReadStack& state, JsonReaderException ex)
         at System.Text.Json.Serialization.JsonConverter`1.ReadCore(Utf8JsonReader& reader, T& value, JsonSerializerOptions options, ReadStack& state)
         at System.Text.Json.Serialization.Metadata.JsonTypeInfo`1.Deserialize(Utf8JsonReader& reader, ReadStack& state)
         at System.Text.Json.JsonSerializer.ReadFromSpan[TValue](ReadOnlySpan`1 utf8Json, JsonTypeInfo`1 jsonTypeInfo, Nullable`1 actualByteCount)
         at System.Text.Json.JsonSerializer.ReadFromSpan[TValue](ReadOnlySpan`1 json, JsonTypeInfo`1 jsonTypeInfo)
         at System.Text.Json.JsonSerializer.Deserialize[TValue](String json, JsonSerializerOptions options)
         at CodeGraphMcp.Core.Parsing.NodeProcessRunner.ParseAsync(String filePath, CancellationToken ct) in /home/runner/work/code-graph-mcp/code-graph-mcp/src/CodeGraphMcp.Core/Parsing/NodeProcessRunner.cs:line 38
warn: CodeGraphMcp.Core.Parsing.NodeProcessRunner[0]
      Node.js parser failed for D:\skillsgen-industry_track\research\codegraph\runs\20260920T061518045165Z\scope\apps\api\src\skills\dto\resubmit-skill-version.dto.ts
      System.Text.Json.JsonException: The input does not contain any JSON tokens. Expected the input to start with a valid JSON token, when isFinalBlock is true. Path: $ | LineNumber: 0 | BytePositionInLine: 0.
       ---> System.Text.Json.JsonReaderException: The input does not contain any JSON tokens. Expected the input to start with a valid JSON token, when isFinalBlock is true. LineNumber: 0 | BytePositionInLine: 0.
         at System.Text.Json.ThrowHelper.ThrowJsonReaderException(Utf8JsonReader& json, ExceptionResource resource, Byte nextByte, ReadOnlySpan`1 bytes)
         at System.Text.Json.Utf8JsonReader.Read()
         at System.Text.Json.Serialization.JsonConverter`1.ReadCore(Utf8JsonReader& reader, T& value, JsonSerializerOptions options, ReadStack& state)
         --- End of inner exception stack trace ---
         at System.Text.Json.ThrowHelper.ReThrowWithPath(ReadStack& state, JsonReaderException ex)
         at System.Text.Json.Serialization.JsonConverter`1.ReadCore(Utf8JsonReader& reader, T& value, JsonSerializerOptions options, ReadStack& state)
         at System.Text.Json.Serialization.Metadata.JsonTypeInfo`1.Deserialize(Utf8JsonReader& reader, ReadStack& state)
         at System.Text.Json.JsonSerializer.ReadFromSpan[TValue](ReadOnlySpan`1 utf8Json, JsonTypeInfo`1 jsonTypeInfo, Nullable`1 actualByteCount)
         at System.Text.Json.JsonSerializer.ReadFromSpan[TValue](ReadOnlySpan`1 json, JsonTypeInfo`1 jsonTypeInfo)
         at System.Text.Json.JsonSerializer.Deserialize[TValue](String json, JsonSerializerOptions options)
         at CodeGraphMcp.Core.Parsing.NodeProcessRunner.ParseAsync(String filePath, CancellationToken ct) in /home/runner/work/code-graph-mcp/code-graph-mcp/src/CodeGraphMcp.Core/Parsing/NodeProcessRunner.cs:line 38
warn: CodeGraphMcp.Core.Parsing.NodeProcessRunner[0]
      Node.js parser failed for D:\skillsgen-industry_track\research\codegraph\runs\20260920T061518045165Z\scope\apps\web\src\lib\resolve-active-enterprise.ts
      System.Text.Json.JsonException: The input does not contain any JSON tokens. Expected the input to start with a valid JSON token, when isFinalBlock is true. Path: $ | LineNumber: 0 | BytePositionInLine: 0.
       ---> System.Text.Json.JsonReaderException: The input does not contain any JSON tokens. Expected the input to start with a valid JSON token, when isFinalBlock is true. LineNumber: 0 | BytePositionInLine: 0.
         at System.Text.Json.ThrowHelper.ThrowJsonReaderException(Utf8JsonReader& json, ExceptionResource resource, Byte nextByte, ReadOnlySpan`1 bytes)
         at System.Text.Json.Utf8JsonReader.Read()
         at System.Text.Json.Serialization.JsonConverter`1.ReadCore(Utf8JsonReader& reader, T& value, JsonSerializerOptions options, ReadStack& state)
         --- End of inner exception stack trace ---
         at System.Text.Json.ThrowHelper.ReThrowWithPath(ReadStack& state, JsonReaderException ex)
         at System.Text.Json.Serialization.JsonConverter`1.ReadCore(Utf8JsonReader& reader, T& value, JsonSerializerOptions options, ReadStack& state)
         at System.Text.Json.Serialization.Metadata.JsonTypeInfo`1.Deserialize(Utf8JsonReader& reader, ReadStack& state)
         at System.Text.Json.JsonSerializer.ReadFromSpan[TValue](ReadOnlySpan`1 utf8Json, JsonTypeInfo`1 jsonTypeInfo, Nullable`1 actualByteCount)
         at System.Text.Json.JsonSerializer.ReadFromSpan[TValue](ReadOnlySpan`1 json, JsonTypeInfo`1 jsonTypeInfo)
         at System.Text.Json.JsonSerializer.Deserialize[TValue](String json, JsonSerializerOptions options)
         at CodeGraphMcp.Core.Parsing.NodeProcessRunner.ParseAsync(String filePath, CancellationToken ct) in /home/runner/work/code-graph-mcp/code-graph-mcp/src/CodeGraphMcp.Core/Parsing/NodeProcessRunner.cs:line 38
warn: CodeGraphMcp.Core.Parsing.NodeProcessRunner[0]
      Node.js parser failed for D:\skillsgen-industry_track\research\codegraph\runs\20260920T061518045165Z\scope\apps\api\src\skill-emergence\skill-emergence.constants.ts
      System.Text.Json.JsonException: The input does not contain any JSON tokens. Expected the input to start with a valid JSON token, when isFinalBlock is true. Path: $ | LineNumber: 0 | BytePositionInLine: 0.
       ---> System.Text.Json.JsonReaderException: The input does not contain any JSON tokens. Expected the input to start with a valid JSON token, when isFinalBlock is true. LineNumber: 0 | BytePositionInLine: 0.
         at System.Text.Json.ThrowHelper.ThrowJsonReaderException(Utf8JsonReader& json, ExceptionResource resource, Byte nextByte, ReadOnlySpan`1 bytes)
         at System.Text.Json.Utf8JsonReader.Read()
         at System.Text.Json.Serialization.JsonConverter`1.ReadCore(Utf8JsonReader& reader, T& value, JsonSerializerOptions options, ReadStack& state)
         --- End of inner exception stack trace ---
         at System.Text.Json.ThrowHelper.ReThrowWithPath(ReadStack& state, JsonReaderException ex)
         at System.Text.Json.Serialization.JsonConverter`1.ReadCore(Utf8JsonReader& reader, T& value, JsonSerializerOptions options, ReadStack& state)
         at System.Text.Json.Serialization.Metadata.JsonTypeInfo`1.Deserialize(Utf8JsonReader& reader, ReadStack& state)
         at System.Text.Json.JsonSerializer.ReadFromSpan[TValue](ReadOnlySpan`1 utf8Json, JsonTypeInfo`1 jsonTypeInfo, Nullable`1 actualByteCount)
         at System.Text.Json.JsonSerializer.ReadFromSpan[TValue](ReadOnlySpan`1 json, JsonTypeInfo`1 jsonTypeInfo)
         at System.Text.Json.JsonSerializer.Deserialize[TValue](String json, JsonSerializerOptions options)
         at CodeGraphMcp.Core.Parsing.NodeProcessRunner.ParseAsync(String filePath, CancellationToken ct) in /home/runner/work/code-graph-mcp/code-graph-mcp/src/CodeGraphMcp.Core/Parsing/NodeProcessRunner.cs:line 38
warn: CodeGraphMcp.Core.Parsing.NodeProcessRunner[0]
      Node.js parser failed for D:\skillsgen-industry_track\research\codegraph\runs\20260920T061518045165Z\scope\apps\api\src\skill-analytics\skill-emergence-processor.service.ts
      System.Text.Json.JsonException: The input does not contain any JSON tokens. Expected the input to start with a valid JSON token, when isFinalBlock is true. Path: $ | LineNumber: 0 | BytePositionInLine: 0.
       ---> System.Text.Json.JsonReaderException: The input does not contain any JSON tokens. Expected the input to start with a valid JSON token, when isFinalBlock is true. LineNumber: 0 | BytePositionInLine: 0.
         at System.Text.Json.ThrowHelper.ThrowJsonReaderException(Utf8JsonReader& json, ExceptionResource resource, Byte nextByte, ReadOnlySpan`1 bytes)
         at System.Text.Json.Utf8JsonReader.Read()
         at System.Text.Json.Serialization.JsonConverter`1.ReadCore(Utf8JsonReader& reader, T& value, JsonSerializerOptions options, ReadStack& state)
         --- End of inner exception stack trace ---
         at System.Text.Json.ThrowHelper.ReThrowWithPath(ReadStack& state, JsonReaderException ex)
         at System.Text.Json.Serialization.JsonConverter`1.ReadCore(Utf8JsonReader& reader, T& value, JsonSerializerOptions options, ReadStack& state)
         at System.Text.Json.Serialization.Metadata.JsonTypeInfo`1.Deserialize(Utf8JsonReader& reader, ReadStack& state)
         at System.Text.Json.JsonSerializer.ReadFromSpan[TValue](ReadOnlySpan`1 utf8Json, JsonTypeInfo`1 jsonTypeInfo, Nullable`1 actualByteCount)
         at System.Text.Json.JsonSerializer.ReadFromSpan[TValue](ReadOnlySpan`1 json, JsonTypeInfo`1 jsonTypeInfo)
         at System.Text.Json.JsonSerializer.Deserialize[TValue](String json, JsonSerializerOptions options)
         at CodeGraphMcp.Core.Parsing.NodeProcessRunner.ParseAsync(String filePath, CancellationToken ct) in /home/runner/work/code-graph-mcp/code-graph-mcp/src/CodeGraphMcp.Core/Parsing/NodeProcessRunner.cs:line 38
warn: CodeGraphMcp.Core.Parsing.NodeProcessRunner[0]
      Node.js parser failed for D:\skillsgen-industry_track\research\codegraph\runs\20260920T061518045165Z\scope\apps\api\src\skill-emergence\skill-emergence-access.service.ts
      System.Text.Json.JsonException: The input does not contain any JSON tokens. Expected the input to start with a valid JSON token, when isFinalBlock is true. Path: $ | LineNumber: 0 | BytePositionInLine: 0.
       ---> System.Text.Json.JsonReaderException: The input does not contain any JSON tokens. Expected the input to start with a valid JSON token, when isFinalBlock is true. LineNumber: 0 | BytePositionInLine: 0.
         at System.Text.Json.ThrowHelper.ThrowJsonReaderException(Utf8JsonReader& json, ExceptionResource resource, Byte nextByte, ReadOnlySpan`1 bytes)
         at System.Text.Json.Utf8JsonReader.Read()
         at System.Text.Json.Serialization.JsonConverter`1.ReadCore(Utf8JsonReader& reader, T& value, JsonSerializerOptions options, ReadStack& state)
         --- End of inner exception stack trace ---
         at System.Text.Json.ThrowHelper.ReThrowWithPath(ReadStack& state, JsonReaderException ex)
         at System.Text.Json.Serialization.JsonConverter`1.ReadCore(Utf8JsonReader& reader, T& value, JsonSerializerOptions options, ReadStack& state)
         at System.Text.Json.Serialization.Metadata.JsonTypeInfo`1.Deserialize(Utf8JsonReader& reader, ReadStack& state)
         at System.Text.Json.JsonSerializer.ReadFromSpan[TValue](ReadOnlySpan`1 utf8Json, JsonTypeInfo`1 jsonTypeInfo, Nullable`1 actualByteCount)
         at System.Text.Json.JsonSerializer.ReadFromSpan[TValue](ReadOnlySpan`1 json, JsonTypeInfo`1 jsonTypeInfo)
         at System.Text.Json.JsonSerializer.Deserialize[TValue](String json, JsonSerializerOptions options)
         at CodeGraphMcp.Core.Parsing.NodeProcessRunner.ParseAsync(String filePath, CancellationToken ct) in /home/runner/work/code-graph-mcp/code-graph-mcp/src/CodeGraphMcp.Core/Parsing/NodeProcessRunner.cs:line 38
warn: CodeGraphMcp.Core.Parsing.NodeProcessRunner[0]
      Node.js parser failed for D:\skillsgen-industry_track\research\codegraph\runs\20260920T061518045165Z\scope\apps\web\src\app\[locale]\(zclaw-shell)\admin\skills\_components\SkillAdminManagementScope.tsx
      System.Text.Json.JsonException: The input does not contain any JSON tokens. Expected the input to start with a valid JSON token, when isFinalBlock is true. Path: $ | LineNumber: 0 | BytePositionInLine: 0.
       ---> System.Text.Json.JsonReaderException: The input does not contain any JSON tokens. Expected the input to start with a valid JSON token, when isFinalBlock is true. LineNumber: 0 | BytePositionInLine: 0.
         at System.Text.Json.ThrowHelper.ThrowJsonReaderException(Utf8JsonReader& json, ExceptionResource resource, Byte nextByte, ReadOnlySpan`1 bytes)
         at System.Text.Json.Utf8JsonReader.Read()
         at System.Text.Json.Serialization.JsonConverter`1.ReadCore(Utf8JsonReader& reader, T& value, JsonSerializerOptions options, ReadStack& state)
         --- End of inner exception stack trace ---
         at System.Text.Json.ThrowHelper.ReThrowWithPath(ReadStack& state, JsonReaderException ex)
         at System.Text.Json.Serialization.JsonConverter`1.ReadCore(Utf8JsonReader& reader, T& value, JsonSerializerOptions options, ReadStack& state)
         at System.Text.Json.Serialization.Metadata.JsonTypeInfo`1.Deserialize(Utf8JsonReader& reader, ReadStack& state)
         at System.Text.Json.JsonSerializer.ReadFromSpan[TValue](ReadOnlySpan`1 utf8Json, JsonTypeInfo`1 jsonTypeInfo, Nullable`1 actualByteCount)
         at System.Text.Json.JsonSerializer.ReadFromSpan[TValue](ReadOnlySpan`1 json, JsonTypeInfo`1 jsonTypeInfo)
         at System.Text.Json.JsonSerializer.Deserialize[TValue](String json, JsonSerializerOptions options)
         at CodeGraphMcp.Core.Parsing.NodeProcessRunner.ParseAsync(String filePath, CancellationToken ct) in /home/runner/work/code-graph-mcp/code-graph-mcp/src/CodeGraphMcp.Core/Parsing/NodeProcessRunner.cs:line 38
warn: CodeGraphMcp.Core.Parsing.NodeProcessRunner[0]
      Node.js parser failed for D:\skillsgen-industry_track\research\codegraph\runs\20260920T061518045165Z\scope\apps\web\src\components\super-lobster\SkillPersonalRevisionSwitcher.tsx
      System.Text.Json.JsonException: The input does not contain any JSON tokens. Expected the input to start with a valid JSON token, when isFinalBlock is true. Path: $ | LineNumber: 0 | BytePositionInLine: 0.
       ---> System.Text.Json.JsonReaderException: The input does not contain any JSON tokens. Expected the input to start with a valid JSON token, when isFinalBlock is true. LineNumber: 0 | BytePositionInLine: 0.
         at System.Text.Json.ThrowHelper.ThrowJsonReaderException(Utf8JsonReader& json, ExceptionResource resource, Byte nextByte, ReadOnlySpan`1 bytes)
         at System.Text.Json.Utf8JsonReader.Read()
         at System.Text.Json.Serialization.JsonConverter`1.ReadCore(Utf8JsonReader& reader, T& value, JsonSerializerOptions options, ReadStack& state)
         --- End of inner exception stack trace ---
         at System.Text.Json.ThrowHelper.ReThrowWithPath(ReadStack& state, JsonReaderException ex)
         at System.Text.Json.Serialization.JsonConverter`1.ReadCore(Utf8JsonReader& reader, T& value, JsonSerializerOptions options, ReadStack& state)
         at System.Text.Json.Serialization.Metadata.JsonTypeInfo`1.Deserialize(Utf8JsonReader& reader, ReadStack& state)
         at System.Text.Json.JsonSerializer.ReadFromSpan[TValue](ReadOnlySpan`1 utf8Json, JsonTypeInfo`1 jsonTypeInfo, Nullable`1 actualByteCount)
         at System.Text.Json.JsonSerializer.ReadFromSpan[TValue](ReadOnlySpan`1 json, JsonTypeInfo`1 jsonTypeInfo)
         at System.Text.Json.JsonSerializer.Deserialize[TValue](String json, JsonSerializerOptions options)
         at CodeGraphMcp.Core.Parsing.NodeProcessRunner.ParseAsync(String filePath, CancellationToken ct) in /home/runner/work/code-graph-mcp/code-graph-mcp/src/CodeGraphMcp.Core/Parsing/NodeProcessRunner.cs:line 38
warn: CodeGraphMcp.Core.Parsing.NodeProcessRunner[0]
      Node.js parser failed for D:\skillsgen-industry_track\research\codegraph\runs\20260920T061518045165Z\scope\apps\api\src\skills\dto\submit-skill.dto.ts
      System.Text.Json.JsonException: The input does not contain any JSON tokens. Expected the input to start with a valid JSON token, when isFinalBlock is true. Path: $ | LineNumber: 0 | BytePositionInLine: 0.
       ---> System.Text.Json.JsonReaderException: The input does not contain any JSON tokens. Expected the input to start with a valid JSON token, when isFinalBlock is true. LineNumber: 0 | BytePositionInLine: 0.
         at System.Text.Json.ThrowHelper.ThrowJsonReaderException(Utf8JsonReader& json, ExceptionResource resource, Byte nextByte, ReadOnlySpan`1 bytes)
         at System.Text.Json.Utf8JsonReader.Read()
         at System.Text.Json.Serialization.JsonConverter`1.ReadCore(Utf8JsonReader& reader, T& value, JsonSerializerOptions options, ReadStack& state)
         --- End of inner exception stack trace ---
         at System.Text.Json.ThrowHelper.ReThrowWithPath(ReadStack& state, JsonReaderException ex)
         at System.Text.Json.Serialization.JsonConverter`1.ReadCore(Utf8JsonReader& reader, T& value, JsonSerializerOptions options, ReadStack& state)
         at System.Text.Json.Serialization.Metadata.JsonTypeInfo`1.Deserialize(Utf8JsonReader& reader, ReadStack& state)
         at System.Text.Json.JsonSerializer.ReadFromSpan[TValue](ReadOnlySpan`1 utf8Json, JsonTypeInfo`1 jsonTypeInfo, Nullable`1 actualByteCount)
         at System.Text.Json.JsonSerializer.ReadFromSpan[TValue](ReadOnlySpan`1 json, JsonTypeInfo`1 jsonTypeInfo)
         at System.Text.Json.JsonSerializer.Deserialize[TValue](String json, JsonSerializerOptions options)
         at CodeGraphMcp.Core.Parsing.NodeProcessRunner.ParseAsync(String filePath, CancellationToken ct) in /home/runner/work/code-graph-mcp/code-graph-mcp/src/CodeGraphMcp.Core/Parsing/NodeProcessRunner.cs:line 38
warn: CodeGraphMcp.Core.Parsing.NodeProcessRunner[0]
      Node.js parser failed for D:\skillsgen-industry_track\research\codegraph\runs\20260920T061518045165Z\scope\apps\api\src\skills\dto\reject-skill-submission.dto.ts
      System.Text.Json.JsonException: The input does not contain any JSON tokens. Expected the input to start with a valid JSON token, when isFinalBlock is true. Path: $ | LineNumber: 0 | BytePositionInLine: 0.
       ---> System.Text.Json.JsonReaderException: The input does not contain any JSON tokens. Expected the input to start with a valid JSON token, when isFinalBlock is true. LineNumber: 0 | BytePositionInLine: 0.
         at System.Text.Json.ThrowHelper.ThrowJsonReaderException(Utf8JsonReader& json, ExceptionResource resource, Byte nextByte, ReadOnlySpan`1 bytes)
         at System.Text.Json.Utf8JsonReader.Read()
         at System.Text.Json.Serialization.JsonConverter`1.ReadCore(Utf8JsonReader& reader, T& value, JsonSerializerOptions options, ReadStack& state)
         --- End of inner exception stack trace ---
         at System.Text.Json.ThrowHelper.ReThrowWithPath(ReadStack& state, JsonReaderException ex)
         at System.Text.Json.Serialization.JsonConverter`1.ReadCore(Utf8JsonReader& reader, T& value, JsonSerializerOptions options, ReadStack& state)
         at System.Text.Json.Serialization.Metadata.JsonTypeInfo`1.Deserialize(Utf8JsonReader& reader, ReadStack& state)
         at System.Text.Json.JsonSerializer.ReadFromSpan[TValue](ReadOnlySpan`1 utf8Json, JsonTypeInfo`1 jsonTypeInfo, Nullable`1 actualByteCount)
         at System.Text.Json.JsonSerializer.ReadFromSpan[TValue](ReadOnlySpan`1 json, JsonTypeInfo`1 jsonTypeInfo)
         at System.Text.Json.JsonSerializer.Deserialize[TValue](String json, JsonSerializerOptions options)
         at CodeGraphMcp.Core.Parsing.NodeProcessRunner.ParseAsync(String filePath, CancellationToken ct) in /home/runner/work/code-graph-mcp/code-graph-mcp/src/CodeGraphMcp.Core/Parsing/NodeProcessRunner.cs:line 38
warn: CodeGraphMcp.Core.Parsing.NodeProcessRunner[0]
      Node.js parser failed for D:\skillsgen-industry_track\research\codegraph\runs\20260920T061518045165Z\scope\apps\api\src\enterprises\dto\update-enterprise-department.dto.ts
      System.Text.Json.JsonException: The input does not contain any JSON tokens. Expected the input to start with a valid JSON token, when isFinalBlock is true. Path: $ | LineNumber: 0 | BytePositionInLine: 0.
       ---> System.Text.Json.JsonReaderException: The input does not contain any JSON tokens. Expected the input to start with a valid JSON token, when isFinalBlock is true. LineNumber: 0 | BytePositionInLine: 0.
         at System.Text.Json.ThrowHelper.ThrowJsonReaderException(Utf8JsonReader& json, ExceptionResource resource, Byte nextByte, ReadOnlySpan`1 bytes)
         at System.Text.Json.Utf8JsonReader.Read()
         at System.Text.Json.Serialization.JsonConverter`1.ReadCore(Utf8JsonReader& reader, T& value, JsonSerializerOptions options, ReadStack& state)
         --- End of inner exception stack trace ---
         at System.Text.Json.ThrowHelper.ReThrowWithPath(ReadStack& state, JsonReaderException ex)
         at System.Text.Json.Serialization.JsonConverter`1.ReadCore(Utf8JsonReader& reader, T& value, JsonSerializerOptions options, ReadStack& state)
         at System.Text.Json.Serialization.Metadata.JsonTypeInfo`1.Deserialize(Utf8JsonReader& reader, ReadStack& state)
         at System.Text.Json.JsonSerializer.ReadFromSpan[TValue](ReadOnlySpan`1 utf8Json, JsonTypeInfo`1 jsonTypeInfo, Nullable`1 actualByteCount)
         at System.Text.Json.JsonSerializer.ReadFromSpan[TValue](ReadOnlySpan`1 json, JsonTypeInfo`1 jsonTypeInfo)
         at System.Text.Json.JsonSerializer.Deserialize[TValue](String json, JsonSerializerOptions options)
         at CodeGraphMcp.Core.Parsing.NodeProcessRunner.ParseAsync(String filePath, CancellationToken ct) in /home/runner/work/code-graph-mcp/code-graph-mcp/src/CodeGraphMcp.Core/Parsing/NodeProcessRunner.cs:line 38
warn: CodeGraphMcp.Core.Parsing.NodeProcessRunner[0]
      Node.js parser failed for D:\skillsgen-industry_track\research\codegraph\runs\20260920T061518045165Z\scope\apps\api\src\enterprises\dto\create-enterprise-department-group.dto.ts
      System.Text.Json.JsonException: The input does not contain any JSON tokens. Expected the input to start with a valid JSON token, when isFinalBlock is true. Path: $ | LineNumber: 0 | BytePositionInLine: 0.
       ---> System.Text.Json.JsonReaderException: The input does not contain any JSON tokens. Expected the input to start with a valid JSON token, when isFinalBlock is true. LineNumber: 0 | BytePositionInLine: 0.
         at System.Text.Json.ThrowHelper.ThrowJsonReaderException(Utf8JsonReader& json, ExceptionResource resource, Byte nextByte, ReadOnlySpan`1 bytes)
         at System.Text.Json.Utf8JsonReader.Read()
         at System.Text.Json.Serialization.JsonConverter`1.ReadCore(Utf8JsonReader& reader, T& value, JsonSerializerOptions options, ReadStack& state)
         --- End of inner exception stack trace ---
         at System.Text.Json.ThrowHelper.ReThrowWithPath(ReadStack& state, JsonReaderException ex)
         at System.Text.Json.Serialization.JsonConverter`1.ReadCore(Utf8JsonReader& reader, T& value, JsonSerializerOptions options, ReadStack& state)
         at System.Text.Json.Serialization.Metadata.JsonTypeInfo`1.Deserialize(Utf8JsonReader& reader, ReadStack& state)
         at System.Text.Json.JsonSerializer.ReadFromSpan[TValue](ReadOnlySpan`1 utf8Json, JsonTypeInfo`1 jsonTypeInfo, Nullable`1 actualByteCount)
         at System.Text.Json.JsonSerializer.ReadFromSpan[TValue](ReadOnlySpan`1 json, JsonTypeInfo`1 jsonTypeInfo)
         at System.Text.Json.JsonSerializer.Deserialize[TValue](String json, JsonSerializerOptions options)
         at CodeGraphMcp.Core.Parsing.NodeProcessRunner.ParseAsync(String filePath, CancellationToken ct) in /home/runner/work/code-graph-mcp/code-graph-mcp/src/CodeGraphMcp.Core/Parsing/NodeProcessRunner.cs:line 38
warn: CodeGraphMcp.Core.Parsing.NodeProcessRunner[0]
      Node.js parser failed for D:\skillsgen-industry_track\research\codegraph\runs\20260920T061518045165Z\scope\apps\web\src\lib\skill-market-md.ts
      System.Text.Json.JsonException: The input does not contain any JSON tokens. Expected the input to start with a valid JSON token, when isFinalBlock is true. Path: $ | LineNumber: 0 | BytePositionInLine: 0.
       ---> System.Text.Json.JsonReaderException: The input does not contain any JSON tokens. Expected the input to start with a valid JSON token, when isFinalBlock is true. LineNumber: 0 | BytePositionInLine: 0.
         at System.Text.Json.ThrowHelper.ThrowJsonReaderException(Utf8JsonReader& json, ExceptionResource resource, Byte nextByte, ReadOnlySpan`1 bytes)
         at System.Text.Json.Utf8JsonReader.Read()
         at System.Text.Json.Serialization.JsonConverter`1.ReadCore(Utf8JsonReader& reader, T& value, JsonSerializerOptions options, ReadStack& state)
         --- End of inner exception stack trace ---
         at System.Text.Json.ThrowHelper.ReThrowWithPath(ReadStack& state, JsonReaderException ex)
         at System.Text.Json.Serialization.JsonConverter`1.ReadCore(Utf8JsonReader& reader, T& value, JsonSerializerOptions options, ReadStack& state)
         at System.Text.Json.Serialization.Metadata.JsonTypeInfo`1.Deserialize(Utf8JsonReader& reader, ReadStack& state)
         at System.Text.Json.JsonSerializer.ReadFromSpan[TValue](ReadOnlySpan`1 utf8Json, JsonTypeInfo`1 jsonTypeInfo, Nullable`1 actualByteCount)
         at System.Text.Json.JsonSerializer.ReadFromSpan[TValue](ReadOnlySpan`1 json, JsonTypeInfo`1 jsonTypeInfo)
         at System.Text.Json.JsonSerializer.Deserialize[TValue](String json, JsonSerializerOptions options)
         at CodeGraphMcp.Core.Parsing.NodeProcessRunner.ParseAsync(String filePath, CancellationToken ct) in /home/runner/work/code-graph-mcp/code-graph-mcp/src/CodeGraphMcp.Core/Parsing/NodeProcessRunner.cs:line 38
warn: CodeGraphMcp.Core.Parsing.NodeProcessRunner[0]
      Node.js parser failed for D:\skillsgen-industry_track\research\codegraph\runs\20260920T061518045165Z\scope\apps\api\src\zclaw\zclaw-enterprise-id.util.ts
      System.Text.Json.JsonException: The input does not contain any JSON tokens. Expected the input to start with a valid JSON token, when isFinalBlock is true. Path: $ | LineNumber: 0 | BytePositionInLine: 0.
       ---> System.Text.Json.JsonReaderException: The input does not contain any JSON tokens. Expected the input to start with a valid JSON token, when isFinalBlock is true. LineNumber: 0 | BytePositionInLine: 0.
         at System.Text.Json.ThrowHelper.ThrowJsonReaderException(Utf8JsonReader& json, ExceptionResource resource, Byte nextByte, ReadOnlySpan`1 bytes)
         at System.Text.Json.Utf8JsonReader.Read()
         at System.Text.Json.Serialization.JsonConverter`1.ReadCore(Utf8JsonReader& reader, T& value, JsonSerializerOptions options, ReadStack& state)
         --- End of inner exception stack trace ---
         at System.Text.Json.ThrowHelper.ReThrowWithPath(ReadStack& state, JsonReaderException ex)
         at System.Text.Json.Serialization.JsonConverter`1.ReadCore(Utf8JsonReader& reader, T& value, JsonSerializerOptions options, ReadStack& state)
         at System.Text.Json.Serialization.Metadata.JsonTypeInfo`1.Deserialize(Utf8JsonReader& reader, ReadStack& state)
         at System.Text.Json.JsonSerializer.ReadFromSpan[TValue](ReadOnlySpan`1 utf8Json, JsonTypeInfo`1 jsonTypeInfo, Nullable`1 actualByteCount)
         at System.Text.Json.JsonSerializer.ReadFromSpan[TValue](ReadOnlySpan`1 json, JsonTypeInfo`1 jsonTypeInfo)
         at System.Text.Json.JsonSerializer.Deserialize[TValue](String json, JsonSerializerOptions options)
         at CodeGraphMcp.Core.Parsing.NodeProcessRunner.ParseAsync(String filePath, CancellationToken ct) in /home/runner/work/code-graph-mcp/code-graph-mcp/src/CodeGraphMcp.Core/Parsing/NodeProcessRunner.cs:line 38
warn: CodeGraphMcp.Core.Parsing.NodeProcessRunner[0]
      Node.js parser failed for D:\skillsgen-industry_track\research\codegraph\runs\20260920T061518045165Z\scope\apps\api\src\skills\skill.service.ts
      System.Text.Json.JsonException: The input does not contain any JSON tokens. Expected the input to start with a valid JSON token, when isFinalBlock is true. Path: $ | LineNumber: 0 | BytePositionInLine: 0.
       ---> System.Text.Json.JsonReaderException: The input does not contain any JSON tokens. Expected the input to start with a valid JSON token, when isFinalBlock is true. LineNumber: 0 | BytePositionInLine: 0.
         at System.Text.Json.ThrowHelper.ThrowJsonReaderException(Utf8JsonReader& json, ExceptionResource resource, Byte nextByte, ReadOnlySpan`1 bytes)
         at System.Text.Json.Utf8JsonReader.Read()
         at System.Text.Json.Serialization.JsonConverter`1.ReadCore(Utf8JsonReader& reader, T& value, JsonSerializerOptions options, ReadStack& state)
         --- End of inner exception stack trace ---
         at System.Text.Json.ThrowHelper.ReThrowWithPath(ReadStack& state, JsonReaderException ex)
         at System.Text.Json.Serialization.JsonConverter`1.ReadCore(Utf8JsonReader& reader, T& value, JsonSerializerOptions options, ReadStack& state)
         at System.Text.Json.Serialization.Metadata.JsonTypeInfo`1.Deserialize(Utf8JsonReader& reader, ReadStack& state)
         at System.Text.Json.JsonSerializer.ReadFromSpan[TValue](ReadOnlySpan`1 utf8Json, JsonTypeInfo`1 jsonTypeInfo, Nullable`1 actualByteCount)
         at System.Text.Json.JsonSerializer.ReadFromSpan[TValue](ReadOnlySpan`1 json, JsonTypeInfo`1 jsonTypeInfo)
         at System.Text.Json.JsonSerializer.Deserialize[TValue](String json, JsonSerializerOptions options)
         at CodeGraphMcp.Core.Parsing.NodeProcessRunner.ParseAsync(String filePath, CancellationToken ct) in /home/runner/work/code-graph-mcp/code-graph-mcp/src/CodeGraphMcp.Core/Parsing/NodeProcessRunner.cs:line 38
warn: CodeGraphMcp.Core.Parsing.NodeProcessRunner[0]
      Node.js parser failed for D:\skillsgen-industry_track\research\codegraph\runs\20260920T061518045165Z\scope\apps\api\src\skills\skill-submission-version.util.ts
      System.Text.Json.JsonException: The input does not contain any JSON tokens. Expected the input to start with a valid JSON token, when isFinalBlock is true. Path: $ | LineNumber: 0 | BytePositionInLine: 0.
       ---> System.Text.Json.JsonReaderException: The input does not contain any JSON tokens. Expected the input to start with a valid JSON token, when isFinalBlock is true. LineNumber: 0 | BytePositionInLine: 0.
         at System.Text.Json.ThrowHelper.ThrowJsonReaderException(Utf8JsonReader& json, ExceptionResource resource, Byte nextByte, ReadOnlySpan`1 bytes)
         at System.Text.Json.Utf8JsonReader.Read()
         at System.Text.Json.Serialization.JsonConverter`1.ReadCore(Utf8JsonReader& reader, T& value, JsonSerializerOptions options, ReadStack& state)
         --- End of inner exception stack trace ---
         at System.Text.Json.ThrowHelper.ReThrowWithPath(ReadStack& state, JsonReaderException ex)
         at System.Text.Json.Serialization.JsonConverter`1.ReadCore(Utf8JsonReader& reader, T& value, JsonSerializerOptions options, ReadStack& state)
         at System.Text.Json.Serialization.Metadata.JsonTypeInfo`1.Deserialize(Utf8JsonReader& reader, ReadStack& state)
         at System.Text.Json.JsonSerializer.ReadFromSpan[TValue](ReadOnlySpan`1 utf8Json, JsonTypeInfo`1 jsonTypeInfo, Nullable`1 actualByteCount)
         at System.Text.Json.JsonSerializer.ReadFromSpan[TValue](ReadOnlySpan`1 json, JsonTypeInfo`1 jsonTypeInfo)
         at System.Text.Json.JsonSerializer.Deserialize[TValue](String json, JsonSerializerOptions options)
         at CodeGraphMcp.Core.Parsing.NodeProcessRunner.ParseAsync(String filePath, CancellationToken ct) in /home/runner/work/code-graph-mcp/code-graph-mcp/src/CodeGraphMcp.Core/Parsing/NodeProcessRunner.cs:line 38
warn: CodeGraphMcp.Core.Parsing.NodeProcessRunner[0]
      Node.js parser failed for D:\skillsgen-industry_track\research\codegraph\runs\20260920T061518045165Z\scope\apps\api\src\skill-emergence\skill-emergence-state-machine.ts
      System.Text.Json.JsonException: The input does not contain any JSON tokens. Expected the input to start with a valid JSON token, when isFinalBlock is true. Path: $ | LineNumber: 0 | BytePositionInLine: 0.
       ---> System.Text.Json.JsonReaderException: The input does not contain any JSON tokens. Expected the input to start with a valid JSON token, when isFinalBlock is true. LineNumber: 0 | BytePositionInLine: 0.
         at System.Text.Json.ThrowHelper.ThrowJsonReaderException(Utf8JsonReader& json, ExceptionResource resource, Byte nextByte, ReadOnlySpan`1 bytes)
         at System.Text.Json.Utf8JsonReader.Read()
         at System.Text.Json.Serialization.JsonConverter`1.ReadCore(Utf8JsonReader& reader, T& value, JsonSerializerOptions options, ReadStack& state)
         --- End of inner exception stack trace ---
         at System.Text.Json.ThrowHelper.ReThrowWithPath(ReadStack& state, JsonReaderException ex)
         at System.Text.Json.Serialization.JsonConverter`1.ReadCore(Utf8JsonReader& reader, T& value, JsonSerializerOptions options, ReadStack& state)
         at System.Text.Json.Serialization.Metadata.JsonTypeInfo`1.Deserialize(Utf8JsonReader& reader, ReadStack& state)
         at System.Text.Json.JsonSerializer.ReadFromSpan[TValue](ReadOnlySpan`1 utf8Json, JsonTypeInfo`1 jsonTypeInfo, Nullable`1 actualByteCount)
         at System.Text.Json.JsonSerializer.ReadFromSpan[TValue](ReadOnlySpan`1 json, JsonTypeInfo`1 jsonTypeInfo)
         at System.Text.Json.JsonSerializer.Deserialize[TValue](String json, JsonSerializerOptions options)
         at CodeGraphMcp.Core.Parsing.NodeProcessRunner.ParseAsync(String filePath, CancellationToken ct) in /home/runner/work/code-graph-mcp/code-graph-mcp/src/CodeGraphMcp.Core/Parsing/NodeProcessRunner.cs:line 38
warn: CodeGraphMcp.Core.Parsing.NodeProcessRunner[0]
      Node.js parser failed for D:\skillsgen-industry_track\research\codegraph\runs\20260920T061518045165Z\scope\apps\api\src\skill-emergence\skill-emergence-packaging.service.ts
      System.Text.Json.JsonException: The input does not contain any JSON tokens. Expected the input to start with a valid JSON token, when isFinalBlock is true. Path: $ | LineNumber: 0 | BytePositionInLine: 0.
       ---> System.Text.Json.JsonReaderException: The input does not contain any JSON tokens. Expected the input to start with a valid JSON token, when isFinalBlock is true. LineNumber: 0 | BytePositionInLine: 0.
         at System.Text.Json.ThrowHelper.ThrowJsonReaderException(Utf8JsonReader& json, ExceptionResource resource, Byte nextByte, ReadOnlySpan`1 bytes)
         at System.Text.Json.Utf8JsonReader.Read()
         at System.Text.Json.Serialization.JsonConverter`1.ReadCore(Utf8JsonReader& reader, T& value, JsonSerializerOptions options, ReadStack& state)
         --- End of inner exception stack trace ---
         at System.Text.Json.ThrowHelper.ReThrowWithPath(ReadStack& state, JsonReaderException ex)
         at System.Text.Json.Serialization.JsonConverter`1.ReadCore(Utf8JsonReader& reader, T& value, JsonSerializerOptions options, ReadStack& state)
         at System.Text.Json.Serialization.Metadata.JsonTypeInfo`1.Deserialize(Utf8JsonReader& reader, ReadStack& state)
         at System.Text.Json.JsonSerializer.ReadFromSpan[TValue](ReadOnlySpan`1 utf8Json, JsonTypeInfo`1 jsonTypeInfo, Nullable`1 actualByteCount)
         at System.Text.Json.JsonSerializer.ReadFromSpan[TValue](ReadOnlySpan`1 json, JsonTypeInfo`1 jsonTypeInfo)
         at System.Text.Json.JsonSerializer.Deserialize[TValue](String json, JsonSerializerOptions options)
         at CodeGraphMcp.Core.Parsing.NodeProcessRunner.ParseAsync(String filePath, CancellationToken ct) in /home/runner/work/code-graph-mcp/code-graph-mcp/src/CodeGraphMcp.Core/Parsing/NodeProcessRunner.cs:line 38
warn: CodeGraphMcp.Core.Parsing.NodeProcessRunner[0]
      Node.js parser failed for D:\skillsgen-industry_track\research\codegraph\runs\20260920T061518045165Z\scope\apps\api\src\auth\jwt-auth.guard.ts
      System.Text.Json.JsonException: The input does not contain any JSON tokens. Expected the input to start with a valid JSON token, when isFinalBlock is true. Path: $ | LineNumber: 0 | BytePositionInLine: 0.
       ---> System.Text.Json.JsonReaderException: The input does not contain any JSON tokens. Expected the input to start with a valid JSON token, when isFinalBlock is true. LineNumber: 0 | BytePositionInLine: 0.
         at System.Text.Json.ThrowHelper.ThrowJsonReaderException(Utf8JsonReader& json, ExceptionResource resource, Byte nextByte, ReadOnlySpan`1 bytes)
         at System.Text.Json.Utf8JsonReader.Read()
         at System.Text.Json.Serialization.JsonConverter`1.ReadCore(Utf8JsonReader& reader, T& value, JsonSerializerOptions options, ReadStack& state)
         --- End of inner exception stack trace ---
         at System.Text.Json.ThrowHelper.ReThrowWithPath(ReadStack& state, JsonReaderException ex)
         at System.Text.Json.Serialization.JsonConverter`1.ReadCore(Utf8JsonReader& reader, T& value, JsonSerializerOptions options, ReadStack& state)
         at System.Text.Json.Serialization.Metadata.JsonTypeInfo`1.Deserialize(Utf8JsonReader& reader, ReadStack& state)
         at System.Text.Json.JsonSerializer.ReadFromSpan[TValue](ReadOnlySpan`1 utf8Json, JsonTypeInfo`1 jsonTypeInfo, Nullable`1 actualByteCount)
         at System.Text.Json.JsonSerializer.ReadFromSpan[TValue](ReadOnlySpan`1 json, JsonTypeInfo`1 jsonTypeInfo)
         at System.Text.Json.JsonSerializer.Deserialize[TValue](String json, JsonSerializerOptions options)
         at CodeGraphMcp.Core.Parsing.NodeProcessRunner.ParseAsync(String filePath, CancellationToken ct) in /home/runner/work/code-graph-mcp/code-graph-mcp/src/CodeGraphMcp.Core/Parsing/NodeProcessRunner.cs:line 38
warn: CodeGraphMcp.Core.Parsing.NodeProcessRunner[0]
      Node.js parser failed for D:\skillsgen-industry_track\research\codegraph\runs\20260920T061518045165Z\scope\apps\web\src\app\[locale]\(zclaw-shell)\admin\skills\_components\SkillKeySearchPicker.tsx
      System.Text.Json.JsonException: The input does not contain any JSON tokens. Expected the input to start with a valid JSON token, when isFinalBlock is true. Path: $ | LineNumber: 0 | BytePositionInLine: 0.
       ---> System.Text.Json.JsonReaderException: The input does not contain any JSON tokens. Expected the input to start with a valid JSON token, when isFinalBlock is true. LineNumber: 0 | BytePositionInLine: 0.
         at System.Text.Json.ThrowHelper.ThrowJsonReaderException(Utf8JsonReader& json, ExceptionResource resource, Byte nextByte, ReadOnlySpan`1 bytes)
         at System.Text.Json.Utf8JsonReader.Read()
         at System.Text.Json.Serialization.JsonConverter`1.ReadCore(Utf8JsonReader& reader, T& value, JsonSerializerOptions options, ReadStack& state)
         --- End of inner exception stack trace ---
         at System.Text.Json.ThrowHelper.ReThrowWithPath(ReadStack& state, JsonReaderException ex)
         at System.Text.Json.Serialization.JsonConverter`1.ReadCore(Utf8JsonReader& reader, T& value, JsonSerializerOptions options, ReadStack& state)
         at System.Text.Json.Serialization.Metadata.JsonTypeInfo`1.Deserialize(Utf8JsonReader& reader, ReadStack& state)
         at System.Text.Json.JsonSerializer.ReadFromSpan[TValue](ReadOnlySpan`1 utf8Json, JsonTypeInfo`1 jsonTypeInfo, Nullable`1 actualByteCount)
         at System.Text.Json.JsonSerializer.ReadFromSpan[TValue](ReadOnlySpan`1 json, JsonTypeInfo`1 jsonTypeInfo)
         at System.Text.Json.JsonSerializer.Deserialize[TValue](String json, JsonSerializerOptions options)
         at CodeGraphMcp.Core.Parsing.NodeProcessRunner.ParseAsync(String filePath, CancellationToken ct) in /home/runner/work/code-graph-mcp/code-graph-mcp/src/CodeGraphMcp.Core/Parsing/NodeProcessRunner.cs:line 38
warn: CodeGraphMcp.Core.Parsing.NodeProcessRunner[0]
      Node.js parser failed for D:\skillsgen-industry_track\research\codegraph\runs\20260920T061518045165Z\scope\apps\web\src\app\[locale]\(zclaw-shell)\admin\skills\_components\SkillIconFieldGroup.tsx
      System.Text.Json.JsonException: The input does not contain any JSON tokens. Expected the input to start with a valid JSON token, when isFinalBlock is true. Path: $ | LineNumber: 0 | BytePositionInLine: 0.
       ---> System.Text.Json.JsonReaderException: The input does not contain any JSON tokens. Expected the input to start with a valid JSON token, when isFinalBlock is true. LineNumber: 0 | BytePositionInLine: 0.
         at System.Text.Json.ThrowHelper.ThrowJsonReaderException(Utf8JsonReader& json, ExceptionResource resource, Byte nextByte, ReadOnlySpan`1 bytes)
         at System.Text.Json.Utf8JsonReader.Read()
         at System.Text.Json.Serialization.JsonConverter`1.ReadCore(Utf8JsonReader& reader, T& value, JsonSerializerOptions options, ReadStack& state)
         --- End of inner exception stack trace ---
         at System.Text.Json.ThrowHelper.ReThrowWithPath(ReadStack& state, JsonReaderException ex)
         at System.Text.Json.Serialization.JsonConverter`1.ReadCore(Utf8JsonReader& reader, T& value, JsonSerializerOptions options, ReadStack& state)
         at System.Text.Json.Serialization.Metadata.JsonTypeInfo`1.Deserialize(Utf8JsonReader& reader, ReadStack& state)
         at System.Text.Json.JsonSerializer.ReadFromSpan[TValue](ReadOnlySpan`1 utf8Json, JsonTypeInfo`1 jsonTypeInfo, Nullable`1 actualByteCount)
         at System.Text.Json.JsonSerializer.ReadFromSpan[TValue](ReadOnlySpan`1 json, JsonTypeInfo`1 jsonTypeInfo)
         at System.Text.Json.JsonSerializer.Deserialize[TValue](String json, JsonSerializerOptions options)
         at CodeGraphMcp.Core.Parsing.NodeProcessRunner.ParseAsync(String filePath, CancellationToken ct) in /home/runner/work/code-graph-mcp/code-graph-mcp/src/CodeGraphMcp.Core/Parsing/NodeProcessRunner.cs:line 38
warn: CodeGraphMcp.Core.Parsing.NodeProcessRunner[0]
      Node.js parser failed for D:\skillsgen-industry_track\research\codegraph\runs\20260920T061518045165Z\scope\apps\web\src\app\[locale]\(zclaw-shell)\admin\skills\submissions\page.tsx
      System.Text.Json.JsonException: The input does not contain any JSON tokens. Expected the input to start with a valid JSON token, when isFinalBlock is true. Path: $ | LineNumber: 0 | BytePositionInLine: 0.
       ---> System.Text.Json.JsonReaderException: The input does not contain any JSON tokens. Expected the input to start with a valid JSON token, when isFinalBlock is true. LineNumber: 0 | BytePositionInLine: 0.
         at System.Text.Json.ThrowHelper.ThrowJsonReaderException(Utf8JsonReader& json, ExceptionResource resource, Byte nextByte, ReadOnlySpan`1 bytes)
         at System.Text.Json.Utf8JsonReader.Read()
         at System.Text.Json.Serialization.JsonConverter`1.ReadCore(Utf8JsonReader& reader, T& value, JsonSerializerOptions options, ReadStack& state)
         --- End of inner exception stack trace ---
         at System.Text.Json.ThrowHelper.ReThrowWithPath(ReadStack& state, JsonReaderException ex)
         at System.Text.Json.Serialization.JsonConverter`1.ReadCore(Utf8JsonReader& reader, T& value, JsonSerializerOptions options, ReadStack& state)
         at System.Text.Json.Serialization.Metadata.JsonTypeInfo`1.Deserialize(Utf8JsonReader& reader, ReadStack& state)
         at System.Text.Json.JsonSerializer.ReadFromSpan[TValue](ReadOnlySpan`1 utf8Json, JsonTypeInfo`1 jsonTypeInfo, Nullable`1 actualByteCount)
         at System.Text.Json.JsonSerializer.ReadFromSpan[TValue](ReadOnlySpan`1 json, JsonTypeInfo`1 jsonTypeInfo)
         at System.Text.Json.JsonSerializer.Deserialize[TValue](String json, JsonSerializerOptions options)
         at CodeGraphMcp.Core.Parsing.NodeProcessRunner.ParseAsync(String filePath, CancellationToken ct) in /home/runner/work/code-graph-mcp/code-graph-mcp/src/CodeGraphMcp.Core/Parsing/NodeProcessRunner.cs:line 38
warn: CodeGraphMcp.Core.Parsing.NodeProcessRunner[0]
      Node.js parser failed for D:\skillsgen-industry_track\research\codegraph\runs\20260920T061518045165Z\scope\apps\web\src\components\skills\SkillReliabilityReportView.tsx
      System.Text.Json.JsonException: The input does not contain any JSON tokens. Expected the input to start with a valid JSON token, when isFinalBlock is true. Path: $ | LineNumber: 0 | BytePositionInLine: 0.
       ---> System.Text.Json.JsonReaderException: The input does not contain any JSON tokens. Expected the input to start with a valid JSON token, when isFinalBlock is true. LineNumber: 0 | BytePositionInLine: 0.
         at System.Text.Json.ThrowHelper.ThrowJsonReaderException(Utf8JsonReader& json, ExceptionResource resource, Byte nextByte, ReadOnlySpan`1 bytes)
         at System.Text.Json.Utf8JsonReader.Read()
         at System.Text.Json.Serialization.JsonConverter`1.ReadCore(Utf8JsonReader& reader, T& value, JsonSerializerOptions options, ReadStack& state)
         --- End of inner exception stack trace ---
         at System.Text.Json.ThrowHelper.ReThrowWithPath(ReadStack& state, JsonReaderException ex)
         at System.Text.Json.Serialization.JsonConverter`1.ReadCore(Utf8JsonReader& reader, T& value, JsonSerializerOptions options, ReadStack& state)
         at System.Text.Json.Serialization.Metadata.JsonTypeInfo`1.Deserialize(Utf8JsonReader& reader, ReadStack& state)
         at System.Text.Json.JsonSerializer.ReadFromSpan[TValue](ReadOnlySpan`1 utf8Json, JsonTypeInfo`1 jsonTypeInfo, Nullable`1 actualByteCount)
         at System.Text.Json.JsonSerializer.ReadFromSpan[TValue](ReadOnlySpan`1 json, JsonTypeInfo`1 jsonTypeInfo)
         at System.Text.Json.JsonSerializer.Deserialize[TValue](String json, JsonSerializerOptions options)
         at CodeGraphMcp.Core.Parsing.NodeProcessRunner.ParseAsync(String filePath, CancellationToken ct) in /home/runner/work/code-graph-mcp/code-graph-mcp/src/CodeGraphMcp.Core/Parsing/NodeProcessRunner.cs:line 38
warn: CodeGraphMcp.Core.Parsing.NodeProcessRunner[0]
      Node.js parser failed for D:\skillsgen-industry_track\research\codegraph\runs\20260920T061518045165Z\scope\apps\api\src\zclaw\interceptors\zclaw-enterprise-context.interceptor.ts
      System.Text.Json.JsonException: The input does not contain any JSON tokens. Expected the input to start with a valid JSON token, when isFinalBlock is true. Path: $ | LineNumber: 0 | BytePositionInLine: 0.
       ---> System.Text.Json.JsonReaderException: The input does not contain any JSON tokens. Expected the input to start with a valid JSON token, when isFinalBlock is true. LineNumber: 0 | BytePositionInLine: 0.
         at System.Text.Json.ThrowHelper.ThrowJsonReaderException(Utf8JsonReader& json, ExceptionResource resource, Byte nextByte, ReadOnlySpan`1 bytes)
         at System.Text.Json.Utf8JsonReader.Read()
         at System.Text.Json.Serialization.JsonConverter`1.ReadCore(Utf8JsonReader& reader, T& value, JsonSerializerOptions options, ReadStack& state)
         --- End of inner exception stack trace ---
         at System.Text.Json.ThrowHelper.ReThrowWithPath(ReadStack& state, JsonReaderException ex)
         at System.Text.Json.Serialization.JsonConverter`1.ReadCore(Utf8JsonReader& reader, T& value, JsonSerializerOptions options, ReadStack& state)
         at System.Text.Json.Serialization.Metadata.JsonTypeInfo`1.Deserialize(Utf8JsonReader& reader, ReadStack& state)
         at System.Text.Json.JsonSerializer.ReadFromSpan[TValue](ReadOnlySpan`1 utf8Json, JsonTypeInfo`1 jsonTypeInfo, Nullable`1 actualByteCount)
         at System.Text.Json.JsonSerializer.ReadFromSpan[TValue](ReadOnlySpan`1 json, JsonTypeInfo`1 jsonTypeInfo)
         at System.Text.Json.JsonSerializer.Deserialize[TValue](String json, JsonSerializerOptions options)
         at CodeGraphMcp.Core.Parsing.NodeProcessRunner.ParseAsync(String filePath, CancellationToken ct) in /home/runner/work/code-graph-mcp/code-graph-mcp/src/CodeGraphMcp.Core/Parsing/NodeProcessRunner.cs:line 38
warn: CodeGraphMcp.Core.Parsing.NodeProcessRunner[0]
      Node.js parser failed for D:\skillsgen-industry_track\research\codegraph\runs\20260920T061518045165Z\scope\apps\api\src\skills\dto\save-skill-category.dto.ts
      System.Text.Json.JsonException: The input does not contain any JSON tokens. Expected the input to start with a valid JSON token, when isFinalBlock is true. Path: $ | LineNumber: 0 | BytePositionInLine: 0.
       ---> System.Text.Json.JsonReaderException: The input does not contain any JSON tokens. Expected the input to start with a valid JSON token, when isFinalBlock is true. LineNumber: 0 | BytePositionInLine: 0.
         at System.Text.Json.ThrowHelper.ThrowJsonReaderException(Utf8JsonReader& json, ExceptionResource resource, Byte nextByte, ReadOnlySpan`1 bytes)
         at System.Text.Json.Utf8JsonReader.Read()
         at System.Text.Json.Serialization.JsonConverter`1.ReadCore(Utf8JsonReader& reader, T& value, JsonSerializerOptions options, ReadStack& state)
         --- End of inner exception stack trace ---
         at System.Text.Json.ThrowHelper.ReThrowWithPath(ReadStack& state, JsonReaderException ex)
         at System.Text.Json.Serialization.JsonConverter`1.ReadCore(Utf8JsonReader& reader, T& value, JsonSerializerOptions options, ReadStack& state)
         at System.Text.Json.Serialization.Metadata.JsonTypeInfo`1.Deserialize(Utf8JsonReader& reader, ReadStack& state)
         at System.Text.Json.JsonSerializer.ReadFromSpan[TValue](ReadOnlySpan`1 utf8Json, JsonTypeInfo`1 jsonTypeInfo, Nullable`1 actualByteCount)
         at System.Text.Json.JsonSerializer.ReadFromSpan[TValue](ReadOnlySpan`1 json, JsonTypeInfo`1 jsonTypeInfo)
         at System.Text.Json.JsonSerializer.Deserialize[TValue](String json, JsonSerializerOptions options)
         at CodeGraphMcp.Core.Parsing.NodeProcessRunner.ParseAsync(String filePath, CancellationToken ct) in /home/runner/work/code-graph-mcp/code-graph-mcp/src/CodeGraphMcp.Core/Parsing/NodeProcessRunner.cs:line 38
warn: CodeGraphMcp.Core.Parsing.NodeProcessRunner[0]
      Node.js parser failed for D:\skillsgen-industry_track\research\codegraph\runs\20260920T061518045165Z\scope\apps\api\src\enterprises\dto\membership-daily-token-usage-query.dto.ts
      System.Text.Json.JsonException: The input does not contain any JSON tokens. Expected the input to start with a valid JSON token, when isFinalBlock is true. Path: $ | LineNumber: 0 | BytePositionInLine: 0.
       ---> System.Text.Json.JsonReaderException: The input does not contain any JSON tokens. Expected the input to start with a valid JSON token, when isFinalBlock is true. LineNumber: 0 | BytePositionInLine: 0.
         at System.Text.Json.ThrowHelper.ThrowJsonReaderException(Utf8JsonReader& json, ExceptionResource resource, Byte nextByte, ReadOnlySpan`1 bytes)
         at System.Text.Json.Utf8JsonReader.Read()
         at System.Text.Json.Serialization.JsonConverter`1.ReadCore(Utf8JsonReader& reader, T& value, JsonSerializerOptions options, ReadStack& state)
         --- End of inner exception stack trace ---
         at System.Text.Json.ThrowHelper.ReThrowWithPath(ReadStack& state, JsonReaderException ex)
         at System.Text.Json.Serialization.JsonConverter`1.ReadCore(Utf8JsonReader& reader, T& value, JsonSerializerOptions options, ReadStack& state)
         at System.Text.Json.Serialization.Metadata.JsonTypeInfo`1.Deserialize(Utf8JsonReader& reader, ReadStack& state)
         at System.Text.Json.JsonSerializer.ReadFromSpan[TValue](ReadOnlySpan`1 utf8Json, JsonTypeInfo`1 jsonTypeInfo, Nullable`1 actualByteCount)
         at System.Text.Json.JsonSerializer.ReadFromSpan[TValue](ReadOnlySpan`1 json, JsonTypeInfo`1 jsonTypeInfo)
         at System.Text.Json.JsonSerializer.Deserialize[TValue](String json, JsonSerializerOptions options)
         at CodeGraphMcp.Core.Parsing.NodeProcessRunner.ParseAsync(String filePath, CancellationToken ct) in /home/runner/work/code-graph-mcp/code-graph-mcp/src/CodeGraphMcp.Core/Parsing/NodeProcessRunner.cs:line 38
warn: CodeGraphMcp.Core.Parsing.NodeProcessRunner[0]
      Node.js parser failed for D:\skillsgen-industry_track\research\codegraph\runs\20260920T061518045165Z\scope\apps\web\src\lib\skill-install-prompt.ts
      System.Text.Json.JsonException: The input does not contain any JSON tokens. Expected the input to start with a valid JSON token, when isFinalBlock is true. Path: $ | LineNumber: 0 | BytePositionInLine: 0.
       ---> System.Text.Json.JsonReaderException: The input does not contain any JSON tokens. Expected the input to start with a valid JSON token, when isFinalBlock is true. LineNumber: 0 | BytePositionInLine: 0.
         at System.Text.Json.ThrowHelper.ThrowJsonReaderException(Utf8JsonReader& json, ExceptionResource resource, Byte nextByte, ReadOnlySpan`1 bytes)
         at System.Text.Json.Utf8JsonReader.Read()
         at System.Text.Json.Serialization.JsonConverter`1.ReadCore(Utf8JsonReader& reader, T& value, JsonSerializerOptions options, ReadStack& state)
         --- End of inner exception stack trace ---
         at System.Text.Json.ThrowHelper.ReThrowWithPath(ReadStack& state, JsonReaderException ex)
         at System.Text.Json.Serialization.JsonConverter`1.ReadCore(Utf8JsonReader& reader, T& value, JsonSerializerOptions options, ReadStack& state)
         at System.Text.Json.Serialization.Metadata.JsonTypeInfo`1.Deserialize(Utf8JsonReader& reader, ReadStack& state)
         at System.Text.Json.JsonSerializer.ReadFromSpan[TValue](ReadOnlySpan`1 utf8Json, JsonTypeInfo`1 jsonTypeInfo, Nullable`1 actualByteCount)
         at System.Text.Json.JsonSerializer.ReadFromSpan[TValue](ReadOnlySpan`1 json, JsonTypeInfo`1 jsonTypeInfo)
         at System.Text.Json.JsonSerializer.Deserialize[TValue](String json, JsonSerializerOptions options)
         at CodeGraphMcp.Core.Parsing.NodeProcessRunner.ParseAsync(String filePath, CancellationToken ct) in /home/runner/work/code-graph-mcp/code-graph-mcp/src/CodeGraphMcp.Core/Parsing/NodeProcessRunner.cs:line 38
warn: CodeGraphMcp.Core.Parsing.NodeProcessRunner[0]
      Node.js parser failed for D:\skillsgen-industry_track\research\codegraph\runs\20260920T061518045165Z\scope\apps\api\src\skills\skill.controller.ts
      System.Text.Json.JsonException: The input does not contain any JSON tokens. Expected the input to start with a valid JSON token, when isFinalBlock is true. Path: $ | LineNumber: 0 | BytePositionInLine: 0.
       ---> System.Text.Json.JsonReaderException: The input does not contain any JSON tokens. Expected the input to start with a valid JSON token, when isFinalBlock is true. LineNumber: 0 | BytePositionInLine: 0.
         at System.Text.Json.ThrowHelper.ThrowJsonReaderException(Utf8JsonReader& json, ExceptionResource resource, Byte nextByte, ReadOnlySpan`1 bytes)
         at System.Text.Json.Utf8JsonReader.Read()
         at System.Text.Json.Serialization.JsonConverter`1.ReadCore(Utf8JsonReader& reader, T& value, JsonSerializerOptions options, ReadStack& state)
         --- End of inner exception stack trace ---
         at System.Text.Json.ThrowHelper.ReThrowWithPath(ReadStack& state, JsonReaderException ex)
         at System.Text.Json.Serialization.JsonConverter`1.ReadCore(Utf8JsonReader& reader, T& value, JsonSerializerOptions options, ReadStack& state)
         at System.Text.Json.Serialization.Metadata.JsonTypeInfo`1.Deserialize(Utf8JsonReader& reader, ReadStack& state)
         at System.Text.Json.JsonSerializer.ReadFromSpan[TValue](ReadOnlySpan`1 utf8Json, JsonTypeInfo`1 jsonTypeInfo, Nullable`1 actualByteCount)
         at System.Text.Json.JsonSerializer.ReadFromSpan[TValue](ReadOnlySpan`1 json, JsonTypeInfo`1 jsonTypeInfo)
         at System.Text.Json.JsonSerializer.Deserialize[TValue](String json, JsonSerializerOptions options)
         at CodeGraphMcp.Core.Parsing.NodeProcessRunner.ParseAsync(String filePath, CancellationToken ct) in /home/runner/work/code-graph-mcp/code-graph-mcp/src/CodeGraphMcp.Core/Parsing/NodeProcessRunner.cs:line 38
warn: CodeGraphMcp.Core.Parsing.NodeProcessRunner[0]
      Node.js parser failed for D:\skillsgen-industry_track\research\codegraph\runs\20260920T061518045165Z\scope\apps\api\src\skills\skill-personal-config.service.ts
      System.Text.Json.JsonException: The input does not contain any JSON tokens. Expected the input to start with a valid JSON token, when isFinalBlock is true. Path: $ | LineNumber: 0 | BytePositionInLine: 0.
       ---> System.Text.Json.JsonReaderException: The input does not contain any JSON tokens. Expected the input to start with a valid JSON token, when isFinalBlock is true. LineNumber: 0 | BytePositionInLine: 0.
         at System.Text.Json.ThrowHelper.ThrowJsonReaderException(Utf8JsonReader& json, ExceptionResource resource, Byte nextByte, ReadOnlySpan`1 bytes)
         at System.Text.Json.Utf8JsonReader.Read()
         at System.Text.Json.Serialization.JsonConverter`1.ReadCore(Utf8JsonReader& reader, T& value, JsonSerializerOptions options, ReadStack& state)
         --- End of inner exception stack trace ---
         at System.Text.Json.ThrowHelper.ReThrowWithPath(ReadStack& state, JsonReaderException ex)
         at System.Text.Json.Serialization.JsonConverter`1.ReadCore(Utf8JsonReader& reader, T& value, JsonSerializerOptions options, ReadStack& state)
         at System.Text.Json.Serialization.Metadata.JsonTypeInfo`1.Deserialize(Utf8JsonReader& reader, ReadStack& state)
         at System.Text.Json.JsonSerializer.ReadFromSpan[TValue](ReadOnlySpan`1 utf8Json, JsonTypeInfo`1 jsonTypeInfo, Nullable`1 actualByteCount)
         at System.Text.Json.JsonSerializer.ReadFromSpan[TValue](ReadOnlySpan`1 json, JsonTypeInfo`1 jsonTypeInfo)
         at System.Text.Json.JsonSerializer.Deserialize[TValue](String json, JsonSerializerOptions options)
         at CodeGraphMcp.Core.Parsing.NodeProcessRunner.ParseAsync(String filePath, CancellationToken ct) in /home/runner/work/code-graph-mcp/code-graph-mcp/src/CodeGraphMcp.Core/Parsing/NodeProcessRunner.cs:line 38
warn: CodeGraphMcp.Core.Parsing.NodeProcessRunner[0]
      Node.js parser failed for D:\skillsgen-industry_track\research\codegraph\runs\20260920T061518045165Z\scope\apps\api\src\skill-emergence\skill-emergence-reliability.util.ts
      System.Text.Json.JsonException: The input does not contain any JSON tokens. Expected the input to start with a valid JSON token, when isFinalBlock is true. Path: $ | LineNumber: 0 | BytePositionInLine: 0.
       ---> System.Text.Json.JsonReaderException: The input does not contain any JSON tokens. Expected the input to start with a valid JSON token, when isFinalBlock is true. LineNumber: 0 | BytePositionInLine: 0.
         at System.Text.Json.ThrowHelper.ThrowJsonReaderException(Utf8JsonReader& json, ExceptionResource resource, Byte nextByte, ReadOnlySpan`1 bytes)
         at System.Text.Json.Utf8JsonReader.Read()
         at System.Text.Json.Serialization.JsonConverter`1.ReadCore(Utf8JsonReader& reader, T& value, JsonSerializerOptions options, ReadStack& state)
         --- End of inner exception stack trace ---
         at System.Text.Json.ThrowHelper.ReThrowWithPath(ReadStack& state, JsonReaderException ex)
         at System.Text.Json.Serialization.JsonConverter`1.ReadCore(Utf8JsonReader& reader, T& value, JsonSerializerOptions options, ReadStack& state)
         at System.Text.Json.Serialization.Metadata.JsonTypeInfo`1.Deserialize(Utf8JsonReader& reader, ReadStack& state)
         at System.Text.Json.JsonSerializer.ReadFromSpan[TValue](ReadOnlySpan`1 utf8Json, JsonTypeInfo`1 jsonTypeInfo, Nullable`1 actualByteCount)
         at System.Text.Json.JsonSerializer.ReadFromSpan[TValue](ReadOnlySpan`1 json, JsonTypeInfo`1 jsonTypeInfo)
         at System.Text.Json.JsonSerializer.Deserialize[TValue](String json, JsonSerializerOptions options)
         at CodeGraphMcp.Core.Parsing.NodeProcessRunner.ParseAsync(String filePath, CancellationToken ct) in /home/runner/work/code-graph-mcp/code-graph-mcp/src/CodeGraphMcp.Core/Parsing/NodeProcessRunner.cs:line 38
warn: CodeGraphMcp.Core.Parsing.NodeProcessRunner[0]
      Node.js parser failed for D:\skillsgen-industry_track\research\codegraph\runs\20260920T061518045165Z\scope\packages\shared\src\enterprise-kind.ts
      System.Text.Json.JsonException: The input does not contain any JSON tokens. Expected the input to start with a valid JSON token, when isFinalBlock is true. Path: $ | LineNumber: 0 | BytePositionInLine: 0.
       ---> System.Text.Json.JsonReaderException: The input does not contain any JSON tokens. Expected the input to start with a valid JSON token, when isFinalBlock is true. LineNumber: 0 | BytePositionInLine: 0.
         at System.Text.Json.ThrowHelper.ThrowJsonReaderException(Utf8JsonReader& json, ExceptionResource resource, Byte nextByte, ReadOnlySpan`1 bytes)
         at System.Text.Json.Utf8JsonReader.Read()
         at System.Text.Json.Serialization.JsonConverter`1.ReadCore(Utf8JsonReader& reader, T& value, JsonSerializerOptions options, ReadStack& state)
         --- End of inner exception stack trace ---
         at System.Text.Json.ThrowHelper.ReThrowWithPath(ReadStack& state, JsonReaderException ex)
         at System.Text.Json.Serialization.JsonConverter`1.ReadCore(Utf8JsonReader& reader, T& value, JsonSerializerOptions options, ReadStack& state)
         at System.Text.Json.Serialization.Metadata.JsonTypeInfo`1.Deserialize(Utf8JsonReader& reader, ReadStack& state)
         at System.Text.Json.JsonSerializer.ReadFromSpan[TValue](ReadOnlySpan`1 utf8Json, JsonTypeInfo`1 jsonTypeInfo, Nullable`1 actualByteCount)
         at System.Text.Json.JsonSerializer.ReadFromSpan[TValue](ReadOnlySpan`1 json, JsonTypeInfo`1 jsonTypeInfo)
         at System.Text.Json.JsonSerializer.Deserialize[TValue](String json, JsonSerializerOptions options)
         at CodeGraphMcp.Core.Parsing.NodeProcessRunner.ParseAsync(String filePath, CancellationToken ct) in /home/runner/work/code-graph-mcp/code-graph-mcp/src/CodeGraphMcp.Core/Parsing/NodeProcessRunner.cs:line 38
warn: CodeGraphMcp.Core.Parsing.NodeProcessRunner[0]
      Node.js parser failed for D:\skillsgen-industry_track\research\codegraph\runs\20260920T061518045165Z\scope\apps\api\src\enterprises\dto\import-enterprise-members.dto.ts
      System.Text.Json.JsonException: The input does not contain any JSON tokens. Expected the input to start with a valid JSON token, when isFinalBlock is true. Path: $ | LineNumber: 0 | BytePositionInLine: 0.
       ---> System.Text.Json.JsonReaderException: The input does not contain any JSON tokens. Expected the input to start with a valid JSON token, when isFinalBlock is true. LineNumber: 0 | BytePositionInLine: 0.
         at System.Text.Json.ThrowHelper.ThrowJsonReaderException(Utf8JsonReader& json, ExceptionResource resource, Byte nextByte, ReadOnlySpan`1 bytes)
         at System.Text.Json.Utf8JsonReader.Read()
         at System.Text.Json.Serialization.JsonConverter`1.ReadCore(Utf8JsonReader& reader, T& value, JsonSerializerOptions options, ReadStack& state)
         --- End of inner exception stack trace ---
         at System.Text.Json.ThrowHelper.ReThrowWithPath(ReadStack& state, JsonReaderException ex)
         at System.Text.Json.Serialization.JsonConverter`1.ReadCore(Utf8JsonReader& reader, T& value, JsonSerializerOptions options, ReadStack& state)
         at System.Text.Json.Serialization.Metadata.JsonTypeInfo`1.Deserialize(Utf8JsonReader& reader, ReadStack& state)
         at System.Text.Json.JsonSerializer.ReadFromSpan[TValue](ReadOnlySpan`1 utf8Json, JsonTypeInfo`1 jsonTypeInfo, Nullable`1 actualByteCount)
         at System.Text.Json.JsonSerializer.ReadFromSpan[TValue](ReadOnlySpan`1 json, JsonTypeInfo`1 jsonTypeInfo)
         at System.Text.Json.JsonSerializer.Deserialize[TValue](String json, JsonSerializerOptions options)
         at CodeGraphMcp.Core.Parsing.NodeProcessRunner.ParseAsync(String filePath, CancellationToken ct) in /home/runner/work/code-graph-mcp/code-graph-mcp/src/CodeGraphMcp.Core/Parsing/NodeProcessRunner.cs:line 38
warn: CodeGraphMcp.Core.Parsing.NodeProcessRunner[0]
      Node.js parser failed for D:\skillsgen-industry_track\research\codegraph\runs\20260920T061518045165Z\scope\apps\web\src\lib\enterprise-skill-picker.ts
      System.Text.Json.JsonException: The input does not contain any JSON tokens. Expected the input to start with a valid JSON token, when isFinalBlock is true. Path: $ | LineNumber: 0 | BytePositionInLine: 0.
       ---> System.Text.Json.JsonReaderException: The input does not contain any JSON tokens. Expected the input to start with a valid JSON token, when isFinalBlock is true. LineNumber: 0 | BytePositionInLine: 0.
         at System.Text.Json.ThrowHelper.ThrowJsonReaderException(Utf8JsonReader& json, ExceptionResource resource, Byte nextByte, ReadOnlySpan`1 bytes)
         at System.Text.Json.Utf8JsonReader.Read()
         at System.Text.Json.Serialization.JsonConverter`1.ReadCore(Utf8JsonReader& reader, T& value, JsonSerializerOptions options, ReadStack& state)
         --- End of inner exception stack trace ---
         at System.Text.Json.ThrowHelper.ReThrowWithPath(ReadStack& state, JsonReaderException ex)
         at System.Text.Json.Serialization.JsonConverter`1.ReadCore(Utf8JsonReader& reader, T& value, JsonSerializerOptions options, ReadStack& state)
         at System.Text.Json.Serialization.Metadata.JsonTypeInfo`1.Deserialize(Utf8JsonReader& reader, ReadStack& state)
         at System.Text.Json.JsonSerializer.ReadFromSpan[TValue](ReadOnlySpan`1 utf8Json, JsonTypeInfo`1 jsonTypeInfo, Nullable`1 actualByteCount)
         at System.Text.Json.JsonSerializer.ReadFromSpan[TValue](ReadOnlySpan`1 json, JsonTypeInfo`1 jsonTypeInfo)
         at System.Text.Json.JsonSerializer.Deserialize[TValue](String json, JsonSerializerOptions options)
         at CodeGraphMcp.Core.Parsing.NodeProcessRunner.ParseAsync(String filePath, CancellationToken ct) in /home/runner/work/code-graph-mcp/code-graph-mcp/src/CodeGraphMcp.Core/Parsing/NodeProcessRunner.cs:line 38
warn: CodeGraphMcp.Core.Parsing.NodeProcessRunner[0]
      Node.js parser failed for D:\skillsgen-industry_track\research\codegraph\runs\20260920T061518045165Z\scope\apps\api\src\zclaw\zclaw.service.ts
      System.Text.Json.JsonException: The input does not contain any JSON tokens. Expected the input to start with a valid JSON token, when isFinalBlock is true. Path: $ | LineNumber: 0 | BytePositionInLine: 0.
       ---> System.Text.Json.JsonReaderException: The input does not contain any JSON tokens. Expected the input to start with a valid JSON token, when isFinalBlock is true. LineNumber: 0 | BytePositionInLine: 0.
         at System.Text.Json.ThrowHelper.ThrowJsonReaderException(Utf8JsonReader& json, ExceptionResource resource, Byte nextByte, ReadOnlySpan`1 bytes)
         at System.Text.Json.Utf8JsonReader.Read()
         at System.Text.Json.Serialization.JsonConverter`1.ReadCore(Utf8JsonReader& reader, T& value, JsonSerializerOptions options, ReadStack& state)
         --- End of inner exception stack trace ---
         at System.Text.Json.ThrowHelper.ReThrowWithPath(ReadStack& state, JsonReaderException ex)
         at System.Text.Json.Serialization.JsonConverter`1.ReadCore(Utf8JsonReader& reader, T& value, JsonSerializerOptions options, ReadStack& state)
         at System.Text.Json.Serialization.Metadata.JsonTypeInfo`1.Deserialize(Utf8JsonReader& reader, ReadStack& state)
         at System.Text.Json.JsonSerializer.ReadFromSpan[TValue](ReadOnlySpan`1 utf8Json, JsonTypeInfo`1 jsonTypeInfo, Nullable`1 actualByteCount)
         at System.Text.Json.JsonSerializer.ReadFromSpan[TValue](ReadOnlySpan`1 json, JsonTypeInfo`1 jsonTypeInfo)
         at System.Text.Json.JsonSerializer.Deserialize[TValue](String json, JsonSerializerOptions options)
         at CodeGraphMcp.Core.Parsing.NodeProcessRunner.ParseAsync(String filePath, CancellationToken ct) in /home/runner/work/code-graph-mcp/code-graph-mcp/src/CodeGraphMcp.Core/Parsing/NodeProcessRunner.cs:line 38
warn: CodeGraphMcp.Core.Parsing.NodeProcessRunner[0]
      Node.js parser failed for D:\skillsgen-industry_track\research\codegraph\runs\20260920T061518045165Z\scope\apps\api\src\skills\skill-market-personal-scope.util.ts
      System.Text.Json.JsonException: The input does not contain any JSON tokens. Expected the input to start with a valid JSON token, when isFinalBlock is true. Path: $ | LineNumber: 0 | BytePositionInLine: 0.
       ---> System.Text.Json.JsonReaderException: The input does not contain any JSON tokens. Expected the input to start with a valid JSON token, when isFinalBlock is true. LineNumber: 0 | BytePositionInLine: 0.
         at System.Text.Json.ThrowHelper.ThrowJsonReaderException(Utf8JsonReader& json, ExceptionResource resource, Byte nextByte, ReadOnlySpan`1 bytes)
         at System.Text.Json.Utf8JsonReader.Read()
         at System.Text.Json.Serialization.JsonConverter`1.ReadCore(Utf8JsonReader& reader, T& value, JsonSerializerOptions options, ReadStack& state)
         --- End of inner exception stack trace ---
         at System.Text.Json.ThrowHelper.ReThrowWithPath(ReadStack& state, JsonReaderException ex)
         at System.Text.Json.Serialization.JsonConverter`1.ReadCore(Utf8JsonReader& reader, T& value, JsonSerializerOptions options, ReadStack& state)
         at System.Text.Json.Serialization.Metadata.JsonTypeInfo`1.Deserialize(Utf8JsonReader& reader, ReadStack& state)
         at System.Text.Json.JsonSerializer.ReadFromSpan[TValue](ReadOnlySpan`1 utf8Json, JsonTypeInfo`1 jsonTypeInfo, Nullable`1 actualByteCount)
         at System.Text.Json.JsonSerializer.ReadFromSpan[TValue](ReadOnlySpan`1 json, JsonTypeInfo`1 jsonTypeInfo)
         at System.Text.Json.JsonSerializer.Deserialize[TValue](String json, JsonSerializerOptions options)
         at CodeGraphMcp.Core.Parsing.NodeProcessRunner.ParseAsync(String filePath, CancellationToken ct) in /home/runner/work/code-graph-mcp/code-graph-mcp/src/CodeGraphMcp.Core/Parsing/NodeProcessRunner.cs:line 38
warn: CodeGraphMcp.Core.Parsing.NodeProcessRunner[0]
      Node.js parser failed for D:\skillsgen-industry_track\research\codegraph\runs\20260920T061518045165Z\scope\apps\api\src\skill-emergence\skill-emergence-reliability.types.ts
      System.Text.Json.JsonException: The input does not contain any JSON tokens. Expected the input to start with a valid JSON token, when isFinalBlock is true. Path: $ | LineNumber: 0 | BytePositionInLine: 0.
       ---> System.Text.Json.JsonReaderException: The input does not contain any JSON tokens. Expected the input to start with a valid JSON token, when isFinalBlock is true. LineNumber: 0 | BytePositionInLine: 0.
         at System.Text.Json.ThrowHelper.ThrowJsonReaderException(Utf8JsonReader& json, ExceptionResource resource, Byte nextByte, ReadOnlySpan`1 bytes)
         at System.Text.Json.Utf8JsonReader.Read()
         at System.Text.Json.Serialization.JsonConverter`1.ReadCore(Utf8JsonReader& reader, T& value, JsonSerializerOptions options, ReadStack& state)
         --- End of inner exception stack trace ---
         at System.Text.Json.ThrowHelper.ReThrowWithPath(ReadStack& state, JsonReaderException ex)
         at System.Text.Json.Serialization.JsonConverter`1.ReadCore(Utf8JsonReader& reader, T& value, JsonSerializerOptions options, ReadStack& state)
         at System.Text.Json.Serialization.Metadata.JsonTypeInfo`1.Deserialize(Utf8JsonReader& reader, ReadStack& state)
         at System.Text.Json.JsonSerializer.ReadFromSpan[TValue](ReadOnlySpan`1 utf8Json, JsonTypeInfo`1 jsonTypeInfo, Nullable`1 actualByteCount)
         at System.Text.Json.JsonSerializer.ReadFromSpan[TValue](ReadOnlySpan`1 json, JsonTypeInfo`1 jsonTypeInfo)
         at System.Text.Json.JsonSerializer.Deserialize[TValue](String json, JsonSerializerOptions options)
         at CodeGraphMcp.Core.Parsing.NodeProcessRunner.ParseAsync(String filePath, CancellationToken ct) in /home/runner/work/code-graph-mcp/code-graph-mcp/src/CodeGraphMcp.Core/Parsing/NodeProcessRunner.cs:line 38
warn: CodeGraphMcp.Core.Parsing.NodeProcessRunner[0]
      Node.js parser failed for D:\skillsgen-industry_track\research\codegraph\runs\20260920T061518045165Z\scope\apps\api\src\enterprises\enterprise-department-group.service.ts
      System.Text.Json.JsonException: The input does not contain any JSON tokens. Expected the input to start with a valid JSON token, when isFinalBlock is true. Path: $ | LineNumber: 0 | BytePositionInLine: 0.
       ---> System.Text.Json.JsonReaderException: The input does not contain any JSON tokens. Expected the input to start with a valid JSON token, when isFinalBlock is true. LineNumber: 0 | BytePositionInLine: 0.
         at System.Text.Json.ThrowHelper.ThrowJsonReaderException(Utf8JsonReader& json, ExceptionResource resource, Byte nextByte, ReadOnlySpan`1 bytes)
         at System.Text.Json.Utf8JsonReader.Read()
         at System.Text.Json.Serialization.JsonConverter`1.ReadCore(Utf8JsonReader& reader, T& value, JsonSerializerOptions options, ReadStack& state)
         --- End of inner exception stack trace ---
         at System.Text.Json.ThrowHelper.ReThrowWithPath(ReadStack& state, JsonReaderException ex)
         at System.Text.Json.Serialization.JsonConverter`1.ReadCore(Utf8JsonReader& reader, T& value, JsonSerializerOptions options, ReadStack& state)
         at System.Text.Json.Serialization.Metadata.JsonTypeInfo`1.Deserialize(Utf8JsonReader& reader, ReadStack& state)
         at System.Text.Json.JsonSerializer.ReadFromSpan[TValue](ReadOnlySpan`1 utf8Json, JsonTypeInfo`1 jsonTypeInfo, Nullable`1 actualByteCount)
         at System.Text.Json.JsonSerializer.ReadFromSpan[TValue](ReadOnlySpan`1 json, JsonTypeInfo`1 jsonTypeInfo)
         at System.Text.Json.JsonSerializer.Deserialize[TValue](String json, JsonSerializerOptions options)
         at CodeGraphMcp.Core.Parsing.NodeProcessRunner.ParseAsync(String filePath, CancellationToken ct) in /home/runner/work/code-graph-mcp/code-graph-mcp/src/CodeGraphMcp.Core/Parsing/NodeProcessRunner.cs:line 38
warn: CodeGraphMcp.Core.Parsing.NodeProcessRunner[0]
      Node.js parser failed for D:\skillsgen-industry_track\research\codegraph\runs\20260920T061518045165Z\scope\apps\api\src\auth\admin.guard.ts
      System.Text.Json.JsonException: The input does not contain any JSON tokens. Expected the input to start with a valid JSON token, when isFinalBlock is true. Path: $ | LineNumber: 0 | BytePositionInLine: 0.
       ---> System.Text.Json.JsonReaderException: The input does not contain any JSON tokens. Expected the input to start with a valid JSON token, when isFinalBlock is true. LineNumber: 0 | BytePositionInLine: 0.
         at System.Text.Json.ThrowHelper.ThrowJsonReaderException(Utf8JsonReader& json, ExceptionResource resource, Byte nextByte, ReadOnlySpan`1 bytes)
         at System.Text.Json.Utf8JsonReader.Read()
         at System.Text.Json.Serialization.JsonConverter`1.ReadCore(Utf8JsonReader& reader, T& value, JsonSerializerOptions options, ReadStack& state)
         --- End of inner exception stack trace ---
         at System.Text.Json.ThrowHelper.ReThrowWithPath(ReadStack& state, JsonReaderException ex)
         at System.Text.Json.Serialization.JsonConverter`1.ReadCore(Utf8JsonReader& reader, T& value, JsonSerializerOptions options, ReadStack& state)
         at System.Text.Json.Serialization.Metadata.JsonTypeInfo`1.Deserialize(Utf8JsonReader& reader, ReadStack& state)
         at System.Text.Json.JsonSerializer.ReadFromSpan[TValue](ReadOnlySpan`1 utf8Json, JsonTypeInfo`1 jsonTypeInfo, Nullable`1 actualByteCount)
         at System.Text.Json.JsonSerializer.ReadFromSpan[TValue](ReadOnlySpan`1 json, JsonTypeInfo`1 jsonTypeInfo)
         at System.Text.Json.JsonSerializer.Deserialize[TValue](String json, JsonSerializerOptions options)
         at CodeGraphMcp.Core.Parsing.NodeProcessRunner.ParseAsync(String filePath, CancellationToken ct) in /home/runner/work/code-graph-mcp/code-graph-mcp/src/CodeGraphMcp.Core/Parsing/NodeProcessRunner.cs:line 38
warn: CodeGraphMcp.Core.Parsing.NodeProcessRunner[0]
      Node.js parser failed for D:\skillsgen-industry_track\research\codegraph\runs\20260920T061518045165Z\scope\apps\api\src\agent\agent-runtime.ts
      System.Text.Json.JsonException: The input does not contain any JSON tokens. Expected the input to start with a valid JSON token, when isFinalBlock is true. Path: $ | LineNumber: 0 | BytePositionInLine: 0.
       ---> System.Text.Json.JsonReaderException: The input does not contain any JSON tokens. Expected the input to start with a valid JSON token, when isFinalBlock is true. LineNumber: 0 | BytePositionInLine: 0.
         at System.Text.Json.ThrowHelper.ThrowJsonReaderException(Utf8JsonReader& json, ExceptionResource resource, Byte nextByte, ReadOnlySpan`1 bytes)
         at System.Text.Json.Utf8JsonReader.Read()
         at System.Text.Json.Serialization.JsonConverter`1.ReadCore(Utf8JsonReader& reader, T& value, JsonSerializerOptions options, ReadStack& state)
         --- End of inner exception stack trace ---
         at System.Text.Json.ThrowHelper.ReThrowWithPath(ReadStack& state, JsonReaderException ex)
         at System.Text.Json.Serialization.JsonConverter`1.ReadCore(Utf8JsonReader& reader, T& value, JsonSerializerOptions options, ReadStack& state)
         at System.Text.Json.Serialization.Metadata.JsonTypeInfo`1.Deserialize(Utf8JsonReader& reader, ReadStack& state)
         at System.Text.Json.JsonSerializer.ReadFromSpan[TValue](ReadOnlySpan`1 utf8Json, JsonTypeInfo`1 jsonTypeInfo, Nullable`1 actualByteCount)
         at System.Text.Json.JsonSerializer.ReadFromSpan[TValue](ReadOnlySpan`1 json, JsonTypeInfo`1 jsonTypeInfo)
         at System.Text.Json.JsonSerializer.Deserialize[TValue](String json, JsonSerializerOptions options)
         at CodeGraphMcp.Core.Parsing.NodeProcessRunner.ParseAsync(String filePath, CancellationToken ct) in /home/runner/work/code-graph-mcp/code-graph-mcp/src/CodeGraphMcp.Core/Parsing/NodeProcessRunner.cs:line 38
warn: CodeGraphMcp.Core.Parsing.NodeProcessRunner[0]
      Node.js parser failed for D:\skillsgen-industry_track\research\codegraph\runs\20260920T061518045165Z\scope\apps\web\src\app\[locale]\(zclaw-shell)\admin\skills\_components\SkillCategoryMigrateDialog.tsx
      System.Text.Json.JsonException: The input does not contain any JSON tokens. Expected the input to start with a valid JSON token, when isFinalBlock is true. Path: $ | LineNumber: 0 | BytePositionInLine: 0.
       ---> System.Text.Json.JsonReaderException: The input does not contain any JSON tokens. Expected the input to start with a valid JSON token, when isFinalBlock is true. LineNumber: 0 | BytePositionInLine: 0.
         at System.Text.Json.ThrowHelper.ThrowJsonReaderException(Utf8JsonReader& json, ExceptionResource resource, Byte nextByte, ReadOnlySpan`1 bytes)
         at System.Text.Json.Utf8JsonReader.Read()
         at System.Text.Json.Serialization.JsonConverter`1.ReadCore(Utf8JsonReader& reader, T& value, JsonSerializerOptions options, ReadStack& state)
         --- End of inner exception stack trace ---
         at System.Text.Json.ThrowHelper.ReThrowWithPath(ReadStack& state, JsonReaderException ex)
         at System.Text.Json.Serialization.JsonConverter`1.ReadCore(Utf8JsonReader& reader, T& value, JsonSerializerOptions options, ReadStack& state)
         at System.Text.Json.Serialization.Metadata.JsonTypeInfo`1.Deserialize(Utf8JsonReader& reader, ReadStack& state)
         at System.Text.Json.JsonSerializer.ReadFromSpan[TValue](ReadOnlySpan`1 utf8Json, JsonTypeInfo`1 jsonTypeInfo, Nullable`1 actualByteCount)
         at System.Text.Json.JsonSerializer.ReadFromSpan[TValue](ReadOnlySpan`1 json, JsonTypeInfo`1 jsonTypeInfo)
         at System.Text.Json.JsonSerializer.Deserialize[TValue](String json, JsonSerializerOptions options)
         at CodeGraphMcp.Core.Parsing.NodeProcessRunner.ParseAsync(String filePath, CancellationToken ct) in /home/runner/work/code-graph-mcp/code-graph-mcp/src/CodeGraphMcp.Core/Parsing/NodeProcessRunner.cs:line 38
warn: CodeGraphMcp.Core.Parsing.NodeProcessRunner[0]
      Node.js parser failed for D:\skillsgen-industry_track\research\codegraph\runs\20260920T061518045165Z\scope\apps\web\src\app\[locale]\(zclaw-shell)\admin\skills\_components\skill-admin-scope-utils.ts
      System.Text.Json.JsonException: The input does not contain any JSON tokens. Expected the input to start with a valid JSON token, when isFinalBlock is true. Path: $ | LineNumber: 0 | BytePositionInLine: 0.
       ---> System.Text.Json.JsonReaderException: The input does not contain any JSON tokens. Expected the input to start with a valid JSON token, when isFinalBlock is true. LineNumber: 0 | BytePositionInLine: 0.
         at System.Text.Json.ThrowHelper.ThrowJsonReaderException(Utf8JsonReader& json, ExceptionResource resource, Byte nextByte, ReadOnlySpan`1 bytes)
         at System.Text.Json.Utf8JsonReader.Read()
         at System.Text.Json.Serialization.JsonConverter`1.ReadCore(Utf8JsonReader& reader, T& value, JsonSerializerOptions options, ReadStack& state)
         --- End of inner exception stack trace ---
         at System.Text.Json.ThrowHelper.ReThrowWithPath(ReadStack& state, JsonReaderException ex)
         at System.Text.Json.Serialization.JsonConverter`1.ReadCore(Utf8JsonReader& reader, T& value, JsonSerializerOptions options, ReadStack& state)
         at System.Text.Json.Serialization.Metadata.JsonTypeInfo`1.Deserialize(Utf8JsonReader& reader, ReadStack& state)
         at System.Text.Json.JsonSerializer.ReadFromSpan[TValue](ReadOnlySpan`1 utf8Json, JsonTypeInfo`1 jsonTypeInfo, Nullable`1 actualByteCount)
         at System.Text.Json.JsonSerializer.ReadFromSpan[TValue](ReadOnlySpan`1 json, JsonTypeInfo`1 jsonTypeInfo)
         at System.Text.Json.JsonSerializer.Deserialize[TValue](String json, JsonSerializerOptions options)
         at CodeGraphMcp.Core.Parsing.NodeProcessRunner.ParseAsync(String filePath, CancellationToken ct) in /home/runner/work/code-graph-mcp/code-graph-mcp/src/CodeGraphMcp.Core/Parsing/NodeProcessRunner.cs:line 38
warn: CodeGraphMcp.Core.Parsing.NodeProcessRunner[0]
      Node.js parser failed for D:\skillsgen-industry_track\research\codegraph\runs\20260920T061518045165Z\scope\apps\web\src\app\[locale]\(zclaw-shell)\admin\skills\_components\skill-category-add-candidates.util.ts
      System.Text.Json.JsonException: The input does not contain any JSON tokens. Expected the input to start with a valid JSON token, when isFinalBlock is true. Path: $ | LineNumber: 0 | BytePositionInLine: 0.
       ---> System.Text.Json.JsonReaderException: The input does not contain any JSON tokens. Expected the input to start with a valid JSON token, when isFinalBlock is true. LineNumber: 0 | BytePositionInLine: 0.
         at System.Text.Json.ThrowHelper.ThrowJsonReaderException(Utf8JsonReader& json, ExceptionResource resource, Byte nextByte, ReadOnlySpan`1 bytes)
         at System.Text.Json.Utf8JsonReader.Read()
         at System.Text.Json.Serialization.JsonConverter`1.ReadCore(Utf8JsonReader& reader, T& value, JsonSerializerOptions options, ReadStack& state)
         --- End of inner exception stack trace ---
         at System.Text.Json.ThrowHelper.ReThrowWithPath(ReadStack& state, JsonReaderException ex)
         at System.Text.Json.Serialization.JsonConverter`1.ReadCore(Utf8JsonReader& reader, T& value, JsonSerializerOptions options, ReadStack& state)
         at System.Text.Json.Serialization.Metadata.JsonTypeInfo`1.Deserialize(Utf8JsonReader& reader, ReadStack& state)
         at System.Text.Json.JsonSerializer.ReadFromSpan[TValue](ReadOnlySpan`1 utf8Json, JsonTypeInfo`1 jsonTypeInfo, Nullable`1 actualByteCount)
         at System.Text.Json.JsonSerializer.ReadFromSpan[TValue](ReadOnlySpan`1 json, JsonTypeInfo`1 jsonTypeInfo)
         at System.Text.Json.JsonSerializer.Deserialize[TValue](String json, JsonSerializerOptions options)
         at CodeGraphMcp.Core.Parsing.NodeProcessRunner.ParseAsync(String filePath, CancellationToken ct) in /home/runner/work/code-graph-mcp/code-graph-mcp/src/CodeGraphMcp.Core/Parsing/NodeProcessRunner.cs:line 38
warn: CodeGraphMcp.Core.Parsing.NodeProcessRunner[0]
      Node.js parser failed for D:\skillsgen-industry_track\research\codegraph\runs\20260920T061518045165Z\scope\apps\api\src\skill-emergence\skill-emergence-execution-context.ts
      System.Text.Json.JsonException: The input does not contain any JSON tokens. Expected the input to start with a valid JSON token, when isFinalBlock is true. Path: $ | LineNumber: 0 | BytePositionInLine: 0.
       ---> System.Text.Json.JsonReaderException: The input does not contain any JSON tokens. Expected the input to start with a valid JSON token, when isFinalBlock is true. LineNumber: 0 | BytePositionInLine: 0.
         at System.Text.Json.ThrowHelper.ThrowJsonReaderException(Utf8JsonReader& json, ExceptionResource resource, Byte nextByte, ReadOnlySpan`1 bytes)
         at System.Text.Json.Utf8JsonReader.Read()
         at System.Text.Json.Serialization.JsonConverter`1.ReadCore(Utf8JsonReader& reader, T& value, JsonSerializerOptions options, ReadStack& state)
         --- End of inner exception stack trace ---
         at System.Text.Json.ThrowHelper.ReThrowWithPath(ReadStack& state, JsonReaderException ex)
         at System.Text.Json.Serialization.JsonConverter`1.ReadCore(Utf8JsonReader& reader, T& value, JsonSerializerOptions options, ReadStack& state)
         at System.Text.Json.Serialization.Metadata.JsonTypeInfo`1.Deserialize(Utf8JsonReader& reader, ReadStack& state)
         at System.Text.Json.JsonSerializer.ReadFromSpan[TValue](ReadOnlySpan`1 utf8Json, JsonTypeInfo`1 jsonTypeInfo, Nullable`1 actualByteCount)
         at System.Text.Json.JsonSerializer.ReadFromSpan[TValue](ReadOnlySpan`1 json, JsonTypeInfo`1 jsonTypeInfo)
         at System.Text.Json.JsonSerializer.Deserialize[TValue](String json, JsonSerializerOptions options)
         at CodeGraphMcp.Core.Parsing.NodeProcessRunner.ParseAsync(String filePath, CancellationToken ct) in /home/runner/work/code-graph-mcp/code-graph-mcp/src/CodeGraphMcp.Core/Parsing/NodeProcessRunner.cs:line 38
warn: CodeGraphMcp.Core.Parsing.NodeProcessRunner[0]
      Node.js parser failed for D:\skillsgen-industry_track\research\codegraph\runs\20260920T061518045165Z\scope\apps\api\src\enterprises\enterprise-departments.constants.ts
      System.Text.Json.JsonException: The input does not contain any JSON tokens. Expected the input to start with a valid JSON token, when isFinalBlock is true. Path: $ | LineNumber: 0 | BytePositionInLine: 0.
       ---> System.Text.Json.JsonReaderException: The input does not contain any JSON tokens. Expected the input to start with a valid JSON token, when isFinalBlock is true. LineNumber: 0 | BytePositionInLine: 0.
         at System.Text.Json.ThrowHelper.ThrowJsonReaderException(Utf8JsonReader& json, ExceptionResource resource, Byte nextByte, ReadOnlySpan`1 bytes)
         at System.Text.Json.Utf8JsonReader.Read()
         at System.Text.Json.Serialization.JsonConverter`1.ReadCore(Utf8JsonReader& reader, T& value, JsonSerializerOptions options, ReadStack& state)
         --- End of inner exception stack trace ---
         at System.Text.Json.ThrowHelper.ReThrowWithPath(ReadStack& state, JsonReaderException ex)
         at System.Text.Json.Serialization.JsonConverter`1.ReadCore(Utf8JsonReader& reader, T& value, JsonSerializerOptions options, ReadStack& state)
         at System.Text.Json.Serialization.Metadata.JsonTypeInfo`1.Deserialize(Utf8JsonReader& reader, ReadStack& state)
         at System.Text.Json.JsonSerializer.ReadFromSpan[TValue](ReadOnlySpan`1 utf8Json, JsonTypeInfo`1 jsonTypeInfo, Nullable`1 actualByteCount)
         at System.Text.Json.JsonSerializer.ReadFromSpan[TValue](ReadOnlySpan`1 json, JsonTypeInfo`1 jsonTypeInfo)
         at System.Text.Json.JsonSerializer.Deserialize[TValue](String json, JsonSerializerOptions options)
         at CodeGraphMcp.Core.Parsing.NodeProcessRunner.ParseAsync(String filePath, CancellationToken ct) in /home/runner/work/code-graph-mcp/code-graph-mcp/src/CodeGraphMcp.Core/Parsing/NodeProcessRunner.cs:line 38
warn: CodeGraphMcp.Core.Parsing.NodeProcessRunner[0]
      Node.js parser failed for D:\skillsgen-industry_track\research\codegraph\runs\20260920T061518045165Z\scope\apps\web\src\components\super-lobster\skillDisplay.ts
      System.Text.Json.JsonException: The input does not contain any JSON tokens. Expected the input to start with a valid JSON token, when isFinalBlock is true. Path: $ | LineNumber: 0 | BytePositionInLine: 0.
       ---> System.Text.Json.JsonReaderException: The input does not contain any JSON tokens. Expected the input to start with a valid JSON token, when isFinalBlock is true. LineNumber: 0 | BytePositionInLine: 0.
         at System.Text.Json.ThrowHelper.ThrowJsonReaderException(Utf8JsonReader& json, ExceptionResource resource, Byte nextByte, ReadOnlySpan`1 bytes)
         at System.Text.Json.Utf8JsonReader.Read()
         at System.Text.Json.Serialization.JsonConverter`1.ReadCore(Utf8JsonReader& reader, T& value, JsonSerializerOptions options, ReadStack& state)
         --- End of inner exception stack trace ---
         at System.Text.Json.ThrowHelper.ReThrowWithPath(ReadStack& state, JsonReaderException ex)
         at System.Text.Json.Serialization.JsonConverter`1.ReadCore(Utf8JsonReader& reader, T& value, JsonSerializerOptions options, ReadStack& state)
         at System.Text.Json.Serialization.Metadata.JsonTypeInfo`1.Deserialize(Utf8JsonReader& reader, ReadStack& state)
         at System.Text.Json.JsonSerializer.ReadFromSpan[TValue](ReadOnlySpan`1 utf8Json, JsonTypeInfo`1 jsonTypeInfo, Nullable`1 actualByteCount)
         at System.Text.Json.JsonSerializer.ReadFromSpan[TValue](ReadOnlySpan`1 json, JsonTypeInfo`1 jsonTypeInfo)
         at System.Text.Json.JsonSerializer.Deserialize[TValue](String json, JsonSerializerOptions options)
         at CodeGraphMcp.Core.Parsing.NodeProcessRunner.ParseAsync(String filePath, CancellationToken ct) in /home/runner/work/code-graph-mcp/code-graph-mcp/src/CodeGraphMcp.Core/Parsing/NodeProcessRunner.cs:line 38
warn: CodeGraphMcp.Core.Parsing.NodeProcessRunner[0]
      Node.js parser failed for D:\skillsgen-industry_track\research\codegraph\runs\20260920T061518045165Z\scope\apps\web\src\components\my-emergence\MyEmergencePage.tsx
      System.Text.Json.JsonException: The input does not contain any JSON tokens. Expected the input to start with a valid JSON token, when isFinalBlock is true. Path: $ | LineNumber: 0 | BytePositionInLine: 0.
       ---> System.Text.Json.JsonReaderException: The input does not contain any JSON tokens. Expected the input to start with a valid JSON token, when isFinalBlock is true. LineNumber: 0 | BytePositionInLine: 0.
         at System.Text.Json.ThrowHelper.ThrowJsonReaderException(Utf8JsonReader& json, ExceptionResource resource, Byte nextByte, ReadOnlySpan`1 bytes)
         at System.Text.Json.Utf8JsonReader.Read()
         at System.Text.Json.Serialization.JsonConverter`1.ReadCore(Utf8JsonReader& reader, T& value, JsonSerializerOptions options, ReadStack& state)
         --- End of inner exception stack trace ---
         at System.Text.Json.ThrowHelper.ReThrowWithPath(ReadStack& state, JsonReaderException ex)
         at System.Text.Json.Serialization.JsonConverter`1.ReadCore(Utf8JsonReader& reader, T& value, JsonSerializerOptions options, ReadStack& state)
         at System.Text.Json.Serialization.Metadata.JsonTypeInfo`1.Deserialize(Utf8JsonReader& reader, ReadStack& state)
         at System.Text.Json.JsonSerializer.ReadFromSpan[TValue](ReadOnlySpan`1 utf8Json, JsonTypeInfo`1 jsonTypeInfo, Nullable`1 actualByteCount)
         at System.Text.Json.JsonSerializer.ReadFromSpan[TValue](ReadOnlySpan`1 json, JsonTypeInfo`1 jsonTypeInfo)
         at System.Text.Json.JsonSerializer.Deserialize[TValue](String json, JsonSerializerOptions options)
         at CodeGraphMcp.Core.Parsing.NodeProcessRunner.ParseAsync(String filePath, CancellationToken ct) in /home/runner/work/code-graph-mcp/code-graph-mcp/src/CodeGraphMcp.Core/Parsing/NodeProcessRunner.cs:line 38
warn: CodeGraphMcp.Core.Parsing.NodeProcessRunner[0]
      Node.js parser failed for D:\skillsgen-industry_track\research\codegraph\runs\20260920T061518045165Z\scope\apps\api\src\skills\dto\save-enterprise-skill.dto.ts
      System.Text.Json.JsonException: The input does not contain any JSON tokens. Expected the input to start with a valid JSON token, when isFinalBlock is true. Path: $ | LineNumber: 0 | BytePositionInLine: 0.
       ---> System.Text.Json.JsonReaderException: The input does not contain any JSON tokens. Expected the input to start with a valid JSON token, when isFinalBlock is true. LineNumber: 0 | BytePositionInLine: 0.
         at System.Text.Json.ThrowHelper.ThrowJsonReaderException(Utf8JsonReader& json, ExceptionResource resource, Byte nextByte, ReadOnlySpan`1 bytes)
         at System.Text.Json.Utf8JsonReader.Read()
         at System.Text.Json.Serialization.JsonConverter`1.ReadCore(Utf8JsonReader& reader, T& value, JsonSerializerOptions options, ReadStack& state)
         --- End of inner exception stack trace ---
         at System.Text.Json.ThrowHelper.ReThrowWithPath(ReadStack& state, JsonReaderException ex)
         at System.Text.Json.Serialization.JsonConverter`1.ReadCore(Utf8JsonReader& reader, T& value, JsonSerializerOptions options, ReadStack& state)
         at System.Text.Json.Serialization.Metadata.JsonTypeInfo`1.Deserialize(Utf8JsonReader& reader, ReadStack& state)
         at System.Text.Json.JsonSerializer.ReadFromSpan[TValue](ReadOnlySpan`1 utf8Json, JsonTypeInfo`1 jsonTypeInfo, Nullable`1 actualByteCount)
         at System.Text.Json.JsonSerializer.ReadFromSpan[TValue](ReadOnlySpan`1 json, JsonTypeInfo`1 jsonTypeInfo)
         at System.Text.Json.JsonSerializer.Deserialize[TValue](String json, JsonSerializerOptions options)
         at CodeGraphMcp.Core.Parsing.NodeProcessRunner.ParseAsync(String filePath, CancellationToken ct) in /home/runner/work/code-graph-mcp/code-graph-mcp/src/CodeGraphMcp.Core/Parsing/NodeProcessRunner.cs:line 38
warn: CodeGraphMcp.Core.Parsing.NodeProcessRunner[0]
      Node.js parser failed for D:\skillsgen-industry_track\research\codegraph\runs\20260920T061518045165Z\scope\apps\api\src\enterprises\dto\import-enterprise-members-manual.dto.ts
      System.Text.Json.JsonException: The input does not contain any JSON tokens. Expected the input to start with a valid JSON token, when isFinalBlock is true. Path: $ | LineNumber: 0 | BytePositionInLine: 0.
       ---> System.Text.Json.JsonReaderException: The input does not contain any JSON tokens. Expected the input to start with a valid JSON token, when isFinalBlock is true. LineNumber: 0 | BytePositionInLine: 0.
         at System.Text.Json.ThrowHelper.ThrowJsonReaderException(Utf8JsonReader& json, ExceptionResource resource, Byte nextByte, ReadOnlySpan`1 bytes)
         at System.Text.Json.Utf8JsonReader.Read()
         at System.Text.Json.Serialization.JsonConverter`1.ReadCore(Utf8JsonReader& reader, T& value, JsonSerializerOptions options, ReadStack& state)
         --- End of inner exception stack trace ---
         at System.Text.Json.ThrowHelper.ReThrowWithPath(ReadStack& state, JsonReaderException ex)
         at System.Text.Json.Serialization.JsonConverter`1.ReadCore(Utf8JsonReader& reader, T& value, JsonSerializerOptions options, ReadStack& state)
         at System.Text.Json.Serialization.Metadata.JsonTypeInfo`1.Deserialize(Utf8JsonReader& reader, ReadStack& state)
         at System.Text.Json.JsonSerializer.ReadFromSpan[TValue](ReadOnlySpan`1 utf8Json, JsonTypeInfo`1 jsonTypeInfo, Nullable`1 actualByteCount)
         at System.Text.Json.JsonSerializer.ReadFromSpan[TValue](ReadOnlySpan`1 json, JsonTypeInfo`1 jsonTypeInfo)
         at System.Text.Json.JsonSerializer.Deserialize[TValue](String json, JsonSerializerOptions options)
         at CodeGraphMcp.Core.Parsing.NodeProcessRunner.ParseAsync(String filePath, CancellationToken ct) in /home/runner/work/code-graph-mcp/code-graph-mcp/src/CodeGraphMcp.Core/Parsing/NodeProcessRunner.cs:line 38
warn: CodeGraphMcp.Core.Parsing.NodeProcessRunner[0]
      Node.js parser failed for D:\skillsgen-industry_track\research\codegraph\runs\20260920T061518045165Z\scope\apps\api\src\enterprises\dto\join-enterprise.dto.ts
      System.Text.Json.JsonException: The input does not contain any JSON tokens. Expected the input to start with a valid JSON token, when isFinalBlock is true. Path: $ | LineNumber: 0 | BytePositionInLine: 0.
       ---> System.Text.Json.JsonReaderException: The input does not contain any JSON tokens. Expected the input to start with a valid JSON token, when isFinalBlock is true. LineNumber: 0 | BytePositionInLine: 0.
         at System.Text.Json.ThrowHelper.ThrowJsonReaderException(Utf8JsonReader& json, ExceptionResource resource, Byte nextByte, ReadOnlySpan`1 bytes)
         at System.Text.Json.Utf8JsonReader.Read()
         at System.Text.Json.Serialization.JsonConverter`1.ReadCore(Utf8JsonReader& reader, T& value, JsonSerializerOptions options, ReadStack& state)
         --- End of inner exception stack trace ---
         at System.Text.Json.ThrowHelper.ReThrowWithPath(ReadStack& state, JsonReaderException ex)
         at System.Text.Json.Serialization.JsonConverter`1.ReadCore(Utf8JsonReader& reader, T& value, JsonSerializerOptions options, ReadStack& state)
         at System.Text.Json.Serialization.Metadata.JsonTypeInfo`1.Deserialize(Utf8JsonReader& reader, ReadStack& state)
         at System.Text.Json.JsonSerializer.ReadFromSpan[TValue](ReadOnlySpan`1 utf8Json, JsonTypeInfo`1 jsonTypeInfo, Nullable`1 actualByteCount)
         at System.Text.Json.JsonSerializer.ReadFromSpan[TValue](ReadOnlySpan`1 json, JsonTypeInfo`1 jsonTypeInfo)
         at System.Text.Json.JsonSerializer.Deserialize[TValue](String json, JsonSerializerOptions options)
         at CodeGraphMcp.Core.Parsing.NodeProcessRunner.ParseAsync(String filePath, CancellationToken ct) in /home/runner/work/code-graph-mcp/code-graph-mcp/src/CodeGraphMcp.Core/Parsing/NodeProcessRunner.cs:line 38
warn: CodeGraphMcp.Core.Parsing.NodeProcessRunner[0]
      Node.js parser failed for D:\skillsgen-industry_track\research\codegraph\runs\20260920T061518045165Z\scope\apps\api\src\enterprises\dto\enterprise-membership-query.dto.ts
      System.Text.Json.JsonException: The input does not contain any JSON tokens. Expected the input to start with a valid JSON token, when isFinalBlock is true. Path: $ | LineNumber: 0 | BytePositionInLine: 0.
       ---> System.Text.Json.JsonReaderException: The input does not contain any JSON tokens. Expected the input to start with a valid JSON token, when isFinalBlock is true. LineNumber: 0 | BytePositionInLine: 0.
         at System.Text.Json.ThrowHelper.ThrowJsonReaderException(Utf8JsonReader& json, ExceptionResource resource, Byte nextByte, ReadOnlySpan`1 bytes)
         at System.Text.Json.Utf8JsonReader.Read()
         at System.Text.Json.Serialization.JsonConverter`1.ReadCore(Utf8JsonReader& reader, T& value, JsonSerializerOptions options, ReadStack& state)
         --- End of inner exception stack trace ---
         at System.Text.Json.ThrowHelper.ReThrowWithPath(ReadStack& state, JsonReaderException ex)
         at System.Text.Json.Serialization.JsonConverter`1.ReadCore(Utf8JsonReader& reader, T& value, JsonSerializerOptions options, ReadStack& state)
         at System.Text.Json.Serialization.Metadata.JsonTypeInfo`1.Deserialize(Utf8JsonReader& reader, ReadStack& state)
         at System.Text.Json.JsonSerializer.ReadFromSpan[TValue](ReadOnlySpan`1 utf8Json, JsonTypeInfo`1 jsonTypeInfo, Nullable`1 actualByteCount)
         at System.Text.Json.JsonSerializer.ReadFromSpan[TValue](ReadOnlySpan`1 json, JsonTypeInfo`1 jsonTypeInfo)
         at System.Text.Json.JsonSerializer.Deserialize[TValue](String json, JsonSerializerOptions options)
         at CodeGraphMcp.Core.Parsing.NodeProcessRunner.ParseAsync(String filePath, CancellationToken ct) in /home/runner/work/code-graph-mcp/code-graph-mcp/src/CodeGraphMcp.Core/Parsing/NodeProcessRunner.cs:line 38
warn: CodeGraphMcp.Core.Parsing.NodeProcessRunner[0]
      Node.js parser failed for D:\skillsgen-industry_track\research\codegraph\runs\20260920T061518045165Z\scope\apps\web\src\hooks\useEnterpriseSkillDisplay.ts
      System.Text.Json.JsonException: The input does not contain any JSON tokens. Expected the input to start with a valid JSON token, when isFinalBlock is true. Path: $ | LineNumber: 0 | BytePositionInLine: 0.
       ---> System.Text.Json.JsonReaderException: The input does not contain any JSON tokens. Expected the input to start with a valid JSON token, when isFinalBlock is true. LineNumber: 0 | BytePositionInLine: 0.
         at System.Text.Json.ThrowHelper.ThrowJsonReaderException(Utf8JsonReader& json, ExceptionResource resource, Byte nextByte, ReadOnlySpan`1 bytes)
         at System.Text.Json.Utf8JsonReader.Read()
         at System.Text.Json.Serialization.JsonConverter`1.ReadCore(Utf8JsonReader& reader, T& value, JsonSerializerOptions options, ReadStack& state)
         --- End of inner exception stack trace ---
         at System.Text.Json.ThrowHelper.ReThrowWithPath(ReadStack& state, JsonReaderException ex)
         at System.Text.Json.Serialization.JsonConverter`1.ReadCore(Utf8JsonReader& reader, T& value, JsonSerializerOptions options, ReadStack& state)
         at System.Text.Json.Serialization.Metadata.JsonTypeInfo`1.Deserialize(Utf8JsonReader& reader, ReadStack& state)
         at System.Text.Json.JsonSerializer.ReadFromSpan[TValue](ReadOnlySpan`1 utf8Json, JsonTypeInfo`1 jsonTypeInfo, Nullable`1 actualByteCount)
         at System.Text.Json.JsonSerializer.ReadFromSpan[TValue](ReadOnlySpan`1 json, JsonTypeInfo`1 jsonTypeInfo)
         at System.Text.Json.JsonSerializer.Deserialize[TValue](String json, JsonSerializerOptions options)
         at CodeGraphMcp.Core.Parsing.NodeProcessRunner.ParseAsync(String filePath, CancellationToken ct) in /home/runner/work/code-graph-mcp/code-graph-mcp/src/CodeGraphMcp.Core/Parsing/NodeProcessRunner.cs:line 38
warn: CodeGraphMcp.Core.Parsing.NodeProcessRunner[0]
      Node.js parser failed for D:\skillsgen-industry_track\research\codegraph\runs\20260920T061518045165Z\scope\apps\api\src\skills\skill-import.service.ts
      System.Text.Json.JsonException: The input does not contain any JSON tokens. Expected the input to start with a valid JSON token, when isFinalBlock is true. Path: $ | LineNumber: 0 | BytePositionInLine: 0.
       ---> System.Text.Json.JsonReaderException: The input does not contain any JSON tokens. Expected the input to start with a valid JSON token, when isFinalBlock is true. LineNumber: 0 | BytePositionInLine: 0.
         at System.Text.Json.ThrowHelper.ThrowJsonReaderException(Utf8JsonReader& json, ExceptionResource resource, Byte nextByte, ReadOnlySpan`1 bytes)
         at System.Text.Json.Utf8JsonReader.Read()
         at System.Text.Json.Serialization.JsonConverter`1.ReadCore(Utf8JsonReader& reader, T& value, JsonSerializerOptions options, ReadStack& state)
         --- End of inner exception stack trace ---
         at System.Text.Json.ThrowHelper.ReThrowWithPath(ReadStack& state, JsonReaderException ex)
         at System.Text.Json.Serialization.JsonConverter`1.ReadCore(Utf8JsonReader& reader, T& value, JsonSerializerOptions options, ReadStack& state)
         at System.Text.Json.Serialization.Metadata.JsonTypeInfo`1.Deserialize(Utf8JsonReader& reader, ReadStack& state)
         at System.Text.Json.JsonSerializer.ReadFromSpan[TValue](ReadOnlySpan`1 utf8Json, JsonTypeInfo`1 jsonTypeInfo, Nullable`1 actualByteCount)
         at System.Text.Json.JsonSerializer.ReadFromSpan[TValue](ReadOnlySpan`1 json, JsonTypeInfo`1 jsonTypeInfo)
         at System.Text.Json.JsonSerializer.Deserialize[TValue](String json, JsonSerializerOptions options)
         at CodeGraphMcp.Core.Parsing.NodeProcessRunner.ParseAsync(String filePath, CancellationToken ct) in /home/runner/work/code-graph-mcp/code-graph-mcp/src/CodeGraphMcp.Core/Parsing/NodeProcessRunner.cs:line 38
warn: CodeGraphMcp.Core.Parsing.NodeProcessRunner[0]
      Node.js parser failed for D:\skillsgen-industry_track\research\codegraph\runs\20260920T061518045165Z\scope\apps\api\src\skill-emergence\skill-emergence.scheduler.ts
      System.Text.Json.JsonException: The input does not contain any JSON tokens. Expected the input to start with a valid JSON token, when isFinalBlock is true. Path: $ | LineNumber: 0 | BytePositionInLine: 0.
       ---> System.Text.Json.JsonReaderException: The input does not contain any JSON tokens. Expected the input to start with a valid JSON token, when isFinalBlock is true. LineNumber: 0 | BytePositionInLine: 0.
         at System.Text.Json.ThrowHelper.ThrowJsonReaderException(Utf8JsonReader& json, ExceptionResource resource, Byte nextByte, ReadOnlySpan`1 bytes)
         at System.Text.Json.Utf8JsonReader.Read()
         at System.Text.Json.Serialization.JsonConverter`1.ReadCore(Utf8JsonReader& reader, T& value, JsonSerializerOptions options, ReadStack& state)
         --- End of inner exception stack trace ---
         at System.Text.Json.ThrowHelper.ReThrowWithPath(ReadStack& state, JsonReaderException ex)
         at System.Text.Json.Serialization.JsonConverter`1.ReadCore(Utf8JsonReader& reader, T& value, JsonSerializerOptions options, ReadStack& state)
         at System.Text.Json.Serialization.Metadata.JsonTypeInfo`1.Deserialize(Utf8JsonReader& reader, ReadStack& state)
         at System.Text.Json.JsonSerializer.ReadFromSpan[TValue](ReadOnlySpan`1 utf8Json, JsonTypeInfo`1 jsonTypeInfo, Nullable`1 actualByteCount)
         at System.Text.Json.JsonSerializer.ReadFromSpan[TValue](ReadOnlySpan`1 json, JsonTypeInfo`1 jsonTypeInfo)
         at System.Text.Json.JsonSerializer.Deserialize[TValue](String json, JsonSerializerOptions options)
         at CodeGraphMcp.Core.Parsing.NodeProcessRunner.ParseAsync(String filePath, CancellationToken ct) in /home/runner/work/code-graph-mcp/code-graph-mcp/src/CodeGraphMcp.Core/Parsing/NodeProcessRunner.cs:line 38
warn: CodeGraphMcp.Core.Parsing.NodeProcessRunner[0]
      Node.js parser failed for D:\skillsgen-industry_track\research\codegraph\runs\20260920T061518045165Z\scope\apps\api\src\skill-emergence\skill-emergence-quality.util.ts
      System.Text.Json.JsonException: The input does not contain any JSON tokens. Expected the input to start with a valid JSON token, when isFinalBlock is true. Path: $ | LineNumber: 0 | BytePositionInLine: 0.
       ---> System.Text.Json.JsonReaderException: The input does not contain any JSON tokens. Expected the input to start with a valid JSON token, when isFinalBlock is true. LineNumber: 0 | BytePositionInLine: 0.
         at System.Text.Json.ThrowHelper.ThrowJsonReaderException(Utf8JsonReader& json, ExceptionResource resource, Byte nextByte, ReadOnlySpan`1 bytes)
         at System.Text.Json.Utf8JsonReader.Read()
         at System.Text.Json.Serialization.JsonConverter`1.ReadCore(Utf8JsonReader& reader, T& value, JsonSerializerOptions options, ReadStack& state)
         --- End of inner exception stack trace ---
         at System.Text.Json.ThrowHelper.ReThrowWithPath(ReadStack& state, JsonReaderException ex)
         at System.Text.Json.Serialization.JsonConverter`1.ReadCore(Utf8JsonReader& reader, T& value, JsonSerializerOptions options, ReadStack& state)
         at System.Text.Json.Serialization.Metadata.JsonTypeInfo`1.Deserialize(Utf8JsonReader& reader, ReadStack& state)
         at System.Text.Json.JsonSerializer.ReadFromSpan[TValue](ReadOnlySpan`1 utf8Json, JsonTypeInfo`1 jsonTypeInfo, Nullable`1 actualByteCount)
         at System.Text.Json.JsonSerializer.ReadFromSpan[TValue](ReadOnlySpan`1 json, JsonTypeInfo`1 jsonTypeInfo)
         at System.Text.Json.JsonSerializer.Deserialize[TValue](String json, JsonSerializerOptions options)
         at CodeGraphMcp.Core.Parsing.NodeProcessRunner.ParseAsync(String filePath, CancellationToken ct) in /home/runner/work/code-graph-mcp/code-graph-mcp/src/CodeGraphMcp.Core/Parsing/NodeProcessRunner.cs:line 38
warn: CodeGraphMcp.Core.Parsing.NodeProcessRunner[0]
      Node.js parser failed for D:\skillsgen-industry_track\research\codegraph\runs\20260920T061518045165Z\scope\apps\api\src\enterprises\enterprise-member-import.service.ts
      System.Text.Json.JsonException: The input does not contain any JSON tokens. Expected the input to start with a valid JSON token, when isFinalBlock is true. Path: $ | LineNumber: 0 | BytePositionInLine: 0.
       ---> System.Text.Json.JsonReaderException: The input does not contain any JSON tokens. Expected the input to start with a valid JSON token, when isFinalBlock is true. LineNumber: 0 | BytePositionInLine: 0.
         at System.Text.Json.ThrowHelper.ThrowJsonReaderException(Utf8JsonReader& json, ExceptionResource resource, Byte nextByte, ReadOnlySpan`1 bytes)
         at System.Text.Json.Utf8JsonReader.Read()
         at System.Text.Json.Serialization.JsonConverter`1.ReadCore(Utf8JsonReader& reader, T& value, JsonSerializerOptions options, ReadStack& state)
         --- End of inner exception stack trace ---
         at System.Text.Json.ThrowHelper.ReThrowWithPath(ReadStack& state, JsonReaderException ex)
         at System.Text.Json.Serialization.JsonConverter`1.ReadCore(Utf8JsonReader& reader, T& value, JsonSerializerOptions options, ReadStack& state)
         at System.Text.Json.Serialization.Metadata.JsonTypeInfo`1.Deserialize(Utf8JsonReader& reader, ReadStack& state)
         at System.Text.Json.JsonSerializer.ReadFromSpan[TValue](ReadOnlySpan`1 utf8Json, JsonTypeInfo`1 jsonTypeInfo, Nullable`1 actualByteCount)
         at System.Text.Json.JsonSerializer.ReadFromSpan[TValue](ReadOnlySpan`1 json, JsonTypeInfo`1 jsonTypeInfo)
         at System.Text.Json.JsonSerializer.Deserialize[TValue](String json, JsonSerializerOptions options)
         at CodeGraphMcp.Core.Parsing.NodeProcessRunner.ParseAsync(String filePath, CancellationToken ct) in /home/runner/work/code-graph-mcp/code-graph-mcp/src/CodeGraphMcp.Core/Parsing/NodeProcessRunner.cs:line 38
warn: CodeGraphMcp.Core.Parsing.NodeProcessRunner[0]
      Node.js parser failed for D:\skillsgen-industry_track\research\codegraph\runs\20260920T061518045165Z\scope\apps\web\src\app\[locale]\(zclaw-shell)\admin\skills\_components\skill-category-migrate.util.ts
      System.Text.Json.JsonException: The input does not contain any JSON tokens. Expected the input to start with a valid JSON token, when isFinalBlock is true. Path: $ | LineNumber: 0 | BytePositionInLine: 0.
       ---> System.Text.Json.JsonReaderException: The input does not contain any JSON tokens. Expected the input to start with a valid JSON token, when isFinalBlock is true. LineNumber: 0 | BytePositionInLine: 0.
         at System.Text.Json.ThrowHelper.ThrowJsonReaderException(Utf8JsonReader& json, ExceptionResource resource, Byte nextByte, ReadOnlySpan`1 bytes)
         at System.Text.Json.Utf8JsonReader.Read()
         at System.Text.Json.Serialization.JsonConverter`1.ReadCore(Utf8JsonReader& reader, T& value, JsonSerializerOptions options, ReadStack& state)
         --- End of inner exception stack trace ---
         at System.Text.Json.ThrowHelper.ReThrowWithPath(ReadStack& state, JsonReaderException ex)
         at System.Text.Json.Serialization.JsonConverter`1.ReadCore(Utf8JsonReader& reader, T& value, JsonSerializerOptions options, ReadStack& state)
         at System.Text.Json.Serialization.Metadata.JsonTypeInfo`1.Deserialize(Utf8JsonReader& reader, ReadStack& state)
         at System.Text.Json.JsonSerializer.ReadFromSpan[TValue](ReadOnlySpan`1 utf8Json, JsonTypeInfo`1 jsonTypeInfo, Nullable`1 actualByteCount)
         at System.Text.Json.JsonSerializer.ReadFromSpan[TValue](ReadOnlySpan`1 json, JsonTypeInfo`1 jsonTypeInfo)
         at System.Text.Json.JsonSerializer.Deserialize[TValue](String json, JsonSerializerOptions options)
         at CodeGraphMcp.Core.Parsing.NodeProcessRunner.ParseAsync(String filePath, CancellationToken ct) in /home/runner/work/code-graph-mcp/code-graph-mcp/src/CodeGraphMcp.Core/Parsing/NodeProcessRunner.cs:line 38
warn: CodeGraphMcp.Core.Parsing.NodeProcessRunner[0]
      Node.js parser failed for D:\skillsgen-industry_track\research\codegraph\runs\20260920T061518045165Z\scope\apps\web\src\app\[locale]\(zclaw-shell)\admin\skills\page.tsx
      System.Text.Json.JsonException: The input does not contain any JSON tokens. Expected the input to start with a valid JSON token, when isFinalBlock is true. Path: $ | LineNumber: 0 | BytePositionInLine: 0.
       ---> System.Text.Json.JsonReaderException: The input does not contain any JSON tokens. Expected the input to start with a valid JSON token, when isFinalBlock is true. LineNumber: 0 | BytePositionInLine: 0.
         at System.Text.Json.ThrowHelper.ThrowJsonReaderException(Utf8JsonReader& json, ExceptionResource resource, Byte nextByte, ReadOnlySpan`1 bytes)
         at System.Text.Json.Utf8JsonReader.Read()
         at System.Text.Json.Serialization.JsonConverter`1.ReadCore(Utf8JsonReader& reader, T& value, JsonSerializerOptions options, ReadStack& state)
         --- End of inner exception stack trace ---
         at System.Text.Json.ThrowHelper.ReThrowWithPath(ReadStack& state, JsonReaderException ex)
         at System.Text.Json.Serialization.JsonConverter`1.ReadCore(Utf8JsonReader& reader, T& value, JsonSerializerOptions options, ReadStack& state)
         at System.Text.Json.Serialization.Metadata.JsonTypeInfo`1.Deserialize(Utf8JsonReader& reader, ReadStack& state)
         at System.Text.Json.JsonSerializer.ReadFromSpan[TValue](ReadOnlySpan`1 utf8Json, JsonTypeInfo`1 jsonTypeInfo, Nullable`1 actualByteCount)
         at System.Text.Json.JsonSerializer.ReadFromSpan[TValue](ReadOnlySpan`1 json, JsonTypeInfo`1 jsonTypeInfo)
         at System.Text.Json.JsonSerializer.Deserialize[TValue](String json, JsonSerializerOptions options)
         at CodeGraphMcp.Core.Parsing.NodeProcessRunner.ParseAsync(String filePath, CancellationToken ct) in /home/runner/work/code-graph-mcp/code-graph-mcp/src/CodeGraphMcp.Core/Parsing/NodeProcessRunner.cs:line 38
warn: CodeGraphMcp.Core.Parsing.NodeProcessRunner[0]
      Node.js parser failed for D:\skillsgen-industry_track\research\codegraph\runs\20260920T061518045165Z\scope\apps\web\src\components\my-emergence\EmergenceSecurityReportPage.tsx
      System.Text.Json.JsonException: The input does not contain any JSON tokens. Expected the input to start with a valid JSON token, when isFinalBlock is true. Path: $ | LineNumber: 0 | BytePositionInLine: 0.
       ---> System.Text.Json.JsonReaderException: The input does not contain any JSON tokens. Expected the input to start with a valid JSON token, when isFinalBlock is true. LineNumber: 0 | BytePositionInLine: 0.
         at System.Text.Json.ThrowHelper.ThrowJsonReaderException(Utf8JsonReader& json, ExceptionResource resource, Byte nextByte, ReadOnlySpan`1 bytes)
         at System.Text.Json.Utf8JsonReader.Read()
         at System.Text.Json.Serialization.JsonConverter`1.ReadCore(Utf8JsonReader& reader, T& value, JsonSerializerOptions options, ReadStack& state)
         --- End of inner exception stack trace ---
         at System.Text.Json.ThrowHelper.ReThrowWithPath(ReadStack& state, JsonReaderException ex)
         at System.Text.Json.Serialization.JsonConverter`1.ReadCore(Utf8JsonReader& reader, T& value, JsonSerializerOptions options, ReadStack& state)
         at System.Text.Json.Serialization.Metadata.JsonTypeInfo`1.Deserialize(Utf8JsonReader& reader, ReadStack& state)
         at System.Text.Json.JsonSerializer.ReadFromSpan[TValue](ReadOnlySpan`1 utf8Json, JsonTypeInfo`1 jsonTypeInfo, Nullable`1 actualByteCount)
         at System.Text.Json.JsonSerializer.ReadFromSpan[TValue](ReadOnlySpan`1 json, JsonTypeInfo`1 jsonTypeInfo)
         at System.Text.Json.JsonSerializer.Deserialize[TValue](String json, JsonSerializerOptions options)
         at CodeGraphMcp.Core.Parsing.NodeProcessRunner.ParseAsync(String filePath, CancellationToken ct) in /home/runner/work/code-graph-mcp/code-graph-mcp/src/CodeGraphMcp.Core/Parsing/NodeProcessRunner.cs:line 38
warn: CodeGraphMcp.Core.Parsing.NodeProcessRunner[0]
      Node.js parser failed for D:\skillsgen-industry_track\research\codegraph\runs\20260920T061518045165Z\scope\apps\api\src\skills\dto\skill-detail-fields.dto.ts
      System.Text.Json.JsonException: The input does not contain any JSON tokens. Expected the input to start with a valid JSON token, when isFinalBlock is true. Path: $ | LineNumber: 0 | BytePositionInLine: 0.
       ---> System.Text.Json.JsonReaderException: The input does not contain any JSON tokens. Expected the input to start with a valid JSON token, when isFinalBlock is true. LineNumber: 0 | BytePositionInLine: 0.
         at System.Text.Json.ThrowHelper.ThrowJsonReaderException(Utf8JsonReader& json, ExceptionResource resource, Byte nextByte, ReadOnlySpan`1 bytes)
         at System.Text.Json.Utf8JsonReader.Read()
         at System.Text.Json.Serialization.JsonConverter`1.ReadCore(Utf8JsonReader& reader, T& value, JsonSerializerOptions options, ReadStack& state)
         --- End of inner exception stack trace ---
         at System.Text.Json.ThrowHelper.ReThrowWithPath(ReadStack& state, JsonReaderException ex)
         at System.Text.Json.Serialization.JsonConverter`1.ReadCore(Utf8JsonReader& reader, T& value, JsonSerializerOptions options, ReadStack& state)
         at System.Text.Json.Serialization.Metadata.JsonTypeInfo`1.Deserialize(Utf8JsonReader& reader, ReadStack& state)
         at System.Text.Json.JsonSerializer.ReadFromSpan[TValue](ReadOnlySpan`1 utf8Json, JsonTypeInfo`1 jsonTypeInfo, Nullable`1 actualByteCount)
         at System.Text.Json.JsonSerializer.ReadFromSpan[TValue](ReadOnlySpan`1 json, JsonTypeInfo`1 jsonTypeInfo)
         at System.Text.Json.JsonSerializer.Deserialize[TValue](String json, JsonSerializerOptions options)
         at CodeGraphMcp.Core.Parsing.NodeProcessRunner.ParseAsync(String filePath, CancellationToken ct) in /home/runner/work/code-graph-mcp/code-graph-mcp/src/CodeGraphMcp.Core/Parsing/NodeProcessRunner.cs:line 38
warn: CodeGraphMcp.Core.Parsing.NodeProcessRunner[0]
      Node.js parser failed for D:\skillsgen-industry_track\research\codegraph\runs\20260920T061518045165Z\scope\apps\api\src\skills\dto\migrate-skill-category.dto.ts
      System.Text.Json.JsonException: The input does not contain any JSON tokens. Expected the input to start with a valid JSON token, when isFinalBlock is true. Path: $ | LineNumber: 0 | BytePositionInLine: 0.
       ---> System.Text.Json.JsonReaderException: The input does not contain any JSON tokens. Expected the input to start with a valid JSON token, when isFinalBlock is true. LineNumber: 0 | BytePositionInLine: 0.
         at System.Text.Json.ThrowHelper.ThrowJsonReaderException(Utf8JsonReader& json, ExceptionResource resource, Byte nextByte, ReadOnlySpan`1 bytes)
         at System.Text.Json.Utf8JsonReader.Read()
         at System.Text.Json.Serialization.JsonConverter`1.ReadCore(Utf8JsonReader& reader, T& value, JsonSerializerOptions options, ReadStack& state)
         --- End of inner exception stack trace ---
         at System.Text.Json.ThrowHelper.ReThrowWithPath(ReadStack& state, JsonReaderException ex)
         at System.Text.Json.Serialization.JsonConverter`1.ReadCore(Utf8JsonReader& reader, T& value, JsonSerializerOptions options, ReadStack& state)
         at System.Text.Json.Serialization.Metadata.JsonTypeInfo`1.Deserialize(Utf8JsonReader& reader, ReadStack& state)
         at System.Text.Json.JsonSerializer.ReadFromSpan[TValue](ReadOnlySpan`1 utf8Json, JsonTypeInfo`1 jsonTypeInfo, Nullable`1 actualByteCount)
         at System.Text.Json.JsonSerializer.ReadFromSpan[TValue](ReadOnlySpan`1 json, JsonTypeInfo`1 jsonTypeInfo)
         at System.Text.Json.JsonSerializer.Deserialize[TValue](String json, JsonSerializerOptions options)
         at CodeGraphMcp.Core.Parsing.NodeProcessRunner.ParseAsync(String filePath, CancellationToken ct) in /home/runner/work/code-graph-mcp/code-graph-mcp/src/CodeGraphMcp.Core/Parsing/NodeProcessRunner.cs:line 38
warn: CodeGraphMcp.Core.Parsing.NodeProcessRunner[0]
      Node.js parser failed for D:\skillsgen-industry_track\research\codegraph\runs\20260920T061518045165Z\scope\apps\api\src\skill-emergence\skill-emergence-gate.ts
      System.Text.Json.JsonException: The input does not contain any JSON tokens. Expected the input to start with a valid JSON token, when isFinalBlock is true. Path: $ | LineNumber: 0 | BytePositionInLine: 0.
       ---> System.Text.Json.JsonReaderException: The input does not contain any JSON tokens. Expected the input to start with a valid JSON token, when isFinalBlock is true. LineNumber: 0 | BytePositionInLine: 0.
         at System.Text.Json.ThrowHelper.ThrowJsonReaderException(Utf8JsonReader& json, ExceptionResource resource, Byte nextByte, ReadOnlySpan`1 bytes)
         at System.Text.Json.Utf8JsonReader.Read()
         at System.Text.Json.Serialization.JsonConverter`1.ReadCore(Utf8JsonReader& reader, T& value, JsonSerializerOptions options, ReadStack& state)
         --- End of inner exception stack trace ---
         at System.Text.Json.ThrowHelper.ReThrowWithPath(ReadStack& state, JsonReaderException ex)
         at System.Text.Json.Serialization.JsonConverter`1.ReadCore(Utf8JsonReader& reader, T& value, JsonSerializerOptions options, ReadStack& state)
         at System.Text.Json.Serialization.Metadata.JsonTypeInfo`1.Deserialize(Utf8JsonReader& reader, ReadStack& state)
         at System.Text.Json.JsonSerializer.ReadFromSpan[TValue](ReadOnlySpan`1 utf8Json, JsonTypeInfo`1 jsonTypeInfo, Nullable`1 actualByteCount)
         at System.Text.Json.JsonSerializer.ReadFromSpan[TValue](ReadOnlySpan`1 json, JsonTypeInfo`1 jsonTypeInfo)
         at System.Text.Json.JsonSerializer.Deserialize[TValue](String json, JsonSerializerOptions options)
         at CodeGraphMcp.Core.Parsing.NodeProcessRunner.ParseAsync(String filePath, CancellationToken ct) in /home/runner/work/code-graph-mcp/code-graph-mcp/src/CodeGraphMcp.Core/Parsing/NodeProcessRunner.cs:line 38
warn: CodeGraphMcp.Core.Parsing.NodeProcessRunner[0]
      Node.js parser failed for D:\skillsgen-industry_track\research\codegraph\runs\20260920T061518045165Z\scope\apps\api\src\enterprises\enterprise.service.ts
      System.Text.Json.JsonException: The input does not contain any JSON tokens. Expected the input to start with a valid JSON token, when isFinalBlock is true. Path: $ | LineNumber: 0 | BytePositionInLine: 0.
       ---> System.Text.Json.JsonReaderException: The input does not contain any JSON tokens. Expected the input to start with a valid JSON token, when isFinalBlock is true. LineNumber: 0 | BytePositionInLine: 0.
         at System.Text.Json.ThrowHelper.ThrowJsonReaderException(Utf8JsonReader& json, ExceptionResource resource, Byte nextByte, ReadOnlySpan`1 bytes)
         at System.Text.Json.Utf8JsonReader.Read()
         at System.Text.Json.Serialization.JsonConverter`1.ReadCore(Utf8JsonReader& reader, T& value, JsonSerializerOptions options, ReadStack& state)
         --- End of inner exception stack trace ---
         at System.Text.Json.ThrowHelper.ReThrowWithPath(ReadStack& state, JsonReaderException ex)
         at System.Text.Json.Serialization.JsonConverter`1.ReadCore(Utf8JsonReader& reader, T& value, JsonSerializerOptions options, ReadStack& state)
         at System.Text.Json.Serialization.Metadata.JsonTypeInfo`1.Deserialize(Utf8JsonReader& reader, ReadStack& state)
         at System.Text.Json.JsonSerializer.ReadFromSpan[TValue](ReadOnlySpan`1 utf8Json, JsonTypeInfo`1 jsonTypeInfo, Nullable`1 actualByteCount)
         at System.Text.Json.JsonSerializer.ReadFromSpan[TValue](ReadOnlySpan`1 json, JsonTypeInfo`1 jsonTypeInfo)
         at System.Text.Json.JsonSerializer.Deserialize[TValue](String json, JsonSerializerOptions options)
         at CodeGraphMcp.Core.Parsing.NodeProcessRunner.ParseAsync(String filePath, CancellationToken ct) in /home/runner/work/code-graph-mcp/code-graph-mcp/src/CodeGraphMcp.Core/Parsing/NodeProcessRunner.cs:line 38
info: CodeGraphMcp.Core.Orchestration.GraphOrchestrator[0]
      Build complete: 109 files, 0 nodes, 0 edges in 3580ms
info: Program[0]
      Graph ready: 0 nodes, 0 edges, ~48 tokens
info: CodeGraphMcp.Watcher.FileChangeWatcher[0]
      Watching D:\skillsgen-industry_track\research\codegraph\runs\20260920T061518045165Z\scope
info: ModelContextProtocol.Server.StdioServerTransport[857250842]
      Server (stream) (CodeGraphMcp) transport reading messages.
info: Microsoft.Hosting.Lifetime[0]
      Application started. Press Ctrl+C to shut down.
info: Microsoft.Hosting.Lifetime[0]
      Hosting environment: Production
info: Microsoft.Hosting.Lifetime[0]
      Content root path: D:\skillsgen-industry_track\research\codegraph\runs\20260920T061518045165Z\scope
info: ModelContextProtocol.Server.McpServer[570385771]
      Server (CodeGraphMcp 1.0.0.0) method 'initialize' request handler called.
info: ModelContextProtocol.Server.McpServer[1867955179]
      Server (CodeGraphMcp 1.0.0.0), Client (scoped-research-index 1.0) method 'initialize' request handler completed.
info: ModelContextProtocol.Server.McpServer[570385771]
      Server (CodeGraphMcp 1.0.0.0), Client (scoped-research-index 1.0) method 'tools/list' request handler called.
info: ModelContextProtocol.Server.McpServer[1867955179]
      Server (CodeGraphMcp 1.0.0.0), Client (scoped-research-index 1.0) method 'tools/list' request handler completed.
info: ModelContextProtocol.Server.McpServer[570385771]
      Server (CodeGraphMcp 1.0.0.0), Client (scoped-research-index 1.0) method 'tools/call' request handler called.
info: ModelContextProtocol.Server.McpServer[1867955179]
      Server (CodeGraphMcp 1.0.0.0), Client (scoped-research-index 1.0) method 'tools/call' request handler completed.
info: ModelContextProtocol.Server.McpServer[570385771]
      Server (CodeGraphMcp 1.0.0.0), Client (scoped-research-index 1.0) method 'tools/call' request handler called.
info: ModelContextProtocol.Server.McpServer[1867955179]
      Server (CodeGraphMcp 1.0.0.0), Client (scoped-research-index 1.0) method 'tools/call' request handler completed.
info: ModelContextProtocol.Server.McpServer[570385771]
      Server (CodeGraphMcp 1.0.0.0), Client (scoped-research-index 1.0) method 'tools/call' request handler called.
info: ModelContextProtocol.Server.McpServer[1867955179]
      Server (CodeGraphMcp 1.0.0.0), Client (scoped-research-index 1.0) method 'tools/call' request handler completed.
info: ModelContextProtocol.Server.McpServer[570385771]
      Server (CodeGraphMcp 1.0.0.0), Client (scoped-research-index 1.0) method 'tools/call' request handler called.
info: ModelContextProtocol.Server.McpServer[1867955179]
      Server (CodeGraphMcp 1.0.0.0), Client (scoped-research-index 1.0) method 'tools/call' request handler completed.
info: ModelContextProtocol.Server.McpServer[570385771]
      Server (CodeGraphMcp 1.0.0.0), Client (scoped-research-index 1.0) method 'tools/call' request handler called.
info: ModelContextProtocol.Server.McpServer[1867955179]
      Server (CodeGraphMcp 1.0.0.0), Client (scoped-research-index 1.0) method 'tools/call' request handler completed.
info: ModelContextProtocol.Server.StdioServerTransport[1221292038]
      Server (stream) (CodeGraphMcp) transport completed reading messages.
info: ModelContextProtocol.Server.McpServer[2081236114]
      Server (CodeGraphMcp 1.0.0.0), Client (scoped-research-index 1.0) shutting down.
info: ModelContextProtocol.Server.McpServer[613617602]
      Server (CodeGraphMcp 1.0.0.0), Client (scoped-research-index 1.0) shut down.
info: Microsoft.Hosting.Lifetime[0]
      Application is shutting down...
info: ModelContextProtocol.Server.StdioServerTransport[1375634372]
      Server (stream) (CodeGraphMcp) shutting down.
info: ModelContextProtocol.Server.StdioServerTransport[1256455528]
      Server (stream) (CodeGraphMcp) shut down.
