user_id,file_path,source_session_ids
00124002-b1b7-4b8d-a4ef-e58d8bc3bc51,易知视频/合集/天辰-易知_科技产业匹配_Agent制作包.zip,conv_6bd36d8775c5
03b9ebf1-0db1-4a77-afa7-e6eb0564e734,对话附件/***HEX***.jpg,conv_23cad87cab61|conv_27c27c1a32d5
03b9ebf1-0db1-4a77-afa7-e6eb0564e734,对话附件/***HEX***.png,conv_075d1d056ef3|conv_577b961f80e1|conv_b10b34077d72|conv_be78f2b2475f
03b9ebf1-0db1-4a77-afa7-e6eb0564e734,对话附件/2026-08-25_可转债投资协议（美鲸灵-斯巴达）-优化版.docx,conv_c19fda1c10e1
03b9ebf1-0db1-4a77-afa7-e6eb0564e734,对话附件/260515000024bg.pdf,conv_824301168628
03b9ebf1-0db1-4a77-afa7-e6eb0564e734,对话附件/ACXZ-SMP员工手册.docx,conv_63a92ea9ec3c
03b9ebf1-0db1-4a77-afa7-e6eb0564e734,对话附件/DeepSeek审阅.pdf,conv_6205973ae0f0
03b9ebf1-0db1-4a77-afa7-e6eb0564e734,对话附件/NON-DISCLOSURE AGREEMENT_Mitsubishi & Manareco (signed).pdf,conv_23cad87cab61
03b9ebf1-0db1-4a77-afa7-e6eb0564e734,对话附件/PND创始股东代持说明.pdf,conv_b10b34077d72
03b9ebf1-0db1-4a77-afa7-e6eb0564e734,对话附件/image (2).png,conv_b7492b0c52cb
03b9ebf1-0db1-4a77-afa7-e6eb0564e734,对话附件/image.png,conv_824301168628
03b9ebf1-0db1-4a77-afa7-e6eb0564e734,对话附件/kimi-圣贝拉服务协议审阅意见.pdf,conv_6205973ae0f0
03b9ebf1-0db1-4a77-afa7-e6eb0564e734,对话附件/“耦合剂”库存说明.docx,conv_492855b149be
03b9ebf1-0db1-4a77-afa7-e6eb0564e734,对话附件/上市公司治理准则修订解读与科创板规则衔接培训.pptx,conv_59b38f4a538c
03b9ebf1-0db1-4a77-afa7-e6eb0564e734,对话附件/上市公司董事及高级管理人员任职法律培训_20250814 (2).pptx,conv_452be08f0c06
03b9ebf1-0db1-4a77-afa7-e6eb0564e734,对话附件/与深圳沟通记录 截图 (2).docx,conv_075d1d056ef3
03b9ebf1-0db1-4a77-afa7-e6eb0564e734,对话附件/人力资源经理岗位录用条件确认书.pdf,conv_ac6c02f3aca2
03b9ebf1-0db1-4a77-afa7-e6eb0564e734,对话附件/仲裁裁决告知说明_20260909.docx,conv_f61a26276c5e
03b9ebf1-0db1-4a77-afa7-e6eb0564e734,对话附件/保密协议-戴维新材.docx,conv_70e8edb87e06
03b9ebf1-0db1-4a77-afa7-e6eb0564e734,对话附件/元宝审阅.pdf,conv_6205973ae0f0
03b9ebf1-0db1-4a77-afa7-e6eb0564e734,对话附件/关于公司拟终止2024年度定向增发事项的函.pdf,conv_a8887dff45c9
03b9ebf1-0db1-4a77-afa7-e6eb0564e734,对话附件/关于告知书的回复.pdf,conv_ac6c02f3aca2
03b9ebf1-0db1-4a77-afa7-e6eb0564e734,对话附件/关于西安戴维新材料有限公司法律尽职调查报告-202609.doc,conv_e55b2eb55e5b
03b9ebf1-0db1-4a77-afa7-e6eb0564e734,对话附件/关于西安戴维新材料有限公司法律尽职调查报告（初稿）-20260914.doc,conv_e55b2eb55e5b
03b9ebf1-0db1-4a77-afa7-e6eb0564e734,对话附件/劳动合同--补充条款.pdf,conv_cec9b66e0a45
03b9ebf1-0db1-4a77-afa7-e6eb0564e734,对话附件/千问审阅.pdf,conv_6205973ae0f0
03b9ebf1-0db1-4a77-afa7-e6eb0564e734,对话附件/危废处置合同.docx,conv_011570125174
03b9ebf1-0db1-4a77-afa7-e6eb0564e734,对话附件/原料质量保证协议.docx,conv_f586a09e7356
03b9ebf1-0db1-4a77-afa7-e6eb0564e734,对话附件/厦门三方协议0722(1)(1)(1).doc,conv_2a6e0203ce09
03b9ebf1-0db1-4a77-afa7-e6eb0564e734,对话附件/员工考核表.pdf,conv_ac6c02f3aca2
03b9ebf1-0db1-4a77-afa7-e6eb0564e734,对话附件/国泰海通证券股份有限公司“天汇宝1号”质押式报价回购交易客户协议202504.pdf,conv_65081b0339d6
03b9ebf1-0db1-4a77-afa7-e6eb0564e734,对话附件/国泰海通证券股份有限公司“天汇宝2号”质押式报价回购交易客户协议202504.pdf,conv_65081b0339d6
03b9ebf1-0db1-4a77-afa7-e6eb0564e734,对话附件/圣贝拉-馆内+馆外服务文本域版本260812修 .pdf,conv_6205973ae0f0
03b9ebf1-0db1-4a77-afa7-e6eb0564e734,对话附件/圣贝拉《服务合同》及《外派护理服务合同》甲方立场审阅意见.pdf,conv_6205973ae0f0
03b9ebf1-0db1-4a77-afa7-e6eb0564e734,对话附件/备案证2.pdf,conv_e55b2eb55e5b
03b9ebf1-0db1-4a77-afa7-e6eb0564e734,对话附件/委托生产协议.docx,conv_60925fa3f733
03b9ebf1-0db1-4a77-afa7-e6eb0564e734,对话附件/姬海梅劳动争议资料.pdf,conv_ac6c02f3aca2
03b9ebf1-0db1-4a77-afa7-e6eb0564e734,对话附件/实验室5号楼10401租房合同.pdf,conv_e55b2eb55e5b
03b9ebf1-0db1-4a77-afa7-e6eb0564e734,对话附件/实验室5号楼10501租房合同.pdf,conv_e55b2eb55e5b
03b9ebf1-0db1-4a77-afa7-e6eb0564e734,对话附件/年产500吨光刻胶单体、新型显示单体和感光树脂项目主体沉降观测合同.doc,conv_b6ece15c4c44
03b9ebf1-0db1-4a77-afa7-e6eb0564e734,对话附件/情况说明.docx,conv_492855b149be
03b9ebf1-0db1-4a77-afa7-e6eb0564e734,对话附件/戴维AC股东协议-20260819-V3.doc,conv_fbf6d789df0f
03b9ebf1-0db1-4a77-afa7-e6eb0564e734,对话附件/戴维新材AC项目估值分析-a.docx,conv_b7492b0c52cb
03b9ebf1-0db1-4a77-afa7-e6eb0564e734,对话附件/投资协议股东特殊权利条款汇总.xls,conv_e55b2eb55e5b
03b9ebf1-0db1-4a77-afa7-e6eb0564e734,对话附件/新员工入职培训签字确认表(1).pdf,conv_ac6c02f3aca2
03b9ebf1-0db1-4a77-afa7-e6eb0564e734,对话附件/智谱清言审阅意见对比分析-20260831.pdf,conv_6205973ae0f0
03b9ebf1-0db1-4a77-afa7-e6eb0564e734,对话附件/激光项目深圳方节点梳理 20260130 (2).xlsx,conv_075d1d056ef3
03b9ebf1-0db1-4a77-afa7-e6eb0564e734,对话附件/爱德克美财务尽职调查报告-2026.09.09-v6.docx,conv_e55b2eb55e5b
03b9ebf1-0db1-4a77-afa7-e6eb0564e734,对话附件/物流运输月结合同.docx,conv_2d8b571e6392
03b9ebf1-0db1-4a77-afa7-e6eb0564e734,对话附件/璟原股东协议.pdf,conv_e55b2eb55e5b
03b9ebf1-0db1-4a77-afa7-e6eb0564e734,对话附件/皖南二院-医疗器械临床试验协议书0817.doc,conv_2a6e0203ce09
03b9ebf1-0db1-4a77-afa7-e6eb0564e734,对话附件/离职证明情况说明-承诺书.docx,conv_cec9b66e0a45
03b9ebf1-0db1-4a77-afa7-e6eb0564e734,对话附件/终止劳动合同证明书.pdf,conv_ac6c02f3aca2
03b9ebf1-0db1-4a77-afa7-e6eb0564e734,对话附件/美鲸灵 射频皮肤治疗仪和一次性使用治疗头 包装运输检测合同修订版.pdf,conv_428105be4386
03b9ebf1-0db1-4a77-afa7-e6eb0564e734,对话附件/美鲸灵 射频皮肤治疗仪和一次性使用治疗头 老化检测合同修订版.pdf,conv_428105be4386
03b9ebf1-0db1-4a77-afa7-e6eb0564e734,对话附件/美鲸灵战略协议-深圳市子午激光科技有限公司-双方盖章 (2).pdf,conv_075d1d056ef3
03b9ebf1-0db1-4a77-afa7-e6eb0564e734,对话附件/美鲸灵采购合同-深圳市子午激光科技有限公司-双方盖章 (2).pdf,conv_075d1d056ef3
03b9ebf1-0db1-4a77-afa7-e6eb0564e734,对话附件/裁决书_20260909.pdf,conv_f61a26276c5e
03b9ebf1-0db1-4a77-afa7-e6eb0564e734,对话附件/西安爱德克合同-revised.doc,conv_1d728d0e9634
03b9ebf1-0db1-4a77-afa7-e6eb0564e734,对话附件/试用期解除劳动合同通知书.pdf,conv_ac6c02f3aca2
03b9ebf1-0db1-4a77-afa7-e6eb0564e734,对话附件/豆包审阅意见.pdf,conv_6205973ae0f0
03b9ebf1-0db1-4a77-afa7-e6eb0564e734,对话附件/质押式报价回购交易风险揭示书（天汇宝2号）202504.pdf,conv_65081b0339d6
03b9ebf1-0db1-4a77-afa7-e6eb0564e734,对话附件/郑州市第一人民医院医疗器械临床试验协议三方-初稿20260813(1).doc,conv_2a6e0203ce09
03b9ebf1-0db1-4a77-afa7-e6eb0564e734,对话附件/附件1-1.pdf,conv_492855b149be
03b9ebf1-0db1-4a77-afa7-e6eb0564e734,对话附件/附件1-2.pdf,conv_492855b149be
03b9ebf1-0db1-4a77-afa7-e6eb0564e734,对话附件/附件1.pdf,conv_492855b149be
03b9ebf1-0db1-4a77-afa7-e6eb0564e734,对话附件/附件2-1.jpg,conv_492855b149be
03b9ebf1-0db1-4a77-afa7-e6eb0564e734,对话附件/附件2.jpg,conv_492855b149be
03b9ebf1-0db1-4a77-afa7-e6eb0564e734,对话附件/附件3-1.png,conv_492855b149be
03b9ebf1-0db1-4a77-afa7-e6eb0564e734,对话附件/附件3.pdf,conv_492855b149be
03b9ebf1-0db1-4a77-afa7-e6eb0564e734,对话附件/附件4-1.jpg,conv_492855b149be
03b9ebf1-0db1-4a77-afa7-e6eb0564e734,对话附件/附件4.jpg,conv_492855b149be
03b9ebf1-0db1-4a77-afa7-e6eb0564e734,对话附件/附件5.jpg,conv_492855b149be
03b9ebf1-0db1-4a77-afa7-e6eb0564e734,对话附件/附加4-2.jpg,conv_492855b149be
03b9ebf1-0db1-4a77-afa7-e6eb0564e734,对话附件/（evomind)圣贝拉服务合同-甲方立场审阅意见-20260831.pdf,conv_6205973ae0f0
1ba50d4d-fc24-448e-bf7e-32e8d41a58ec,对话附件/新建 Microsoft Word 文档.docx,conv_6f4fad2b911f
1ba50d4d-fc24-448e-bf7e-32e8d41a58ec,对话附件/科技成果人才队伍建设机制咨询服务合同--55000.docx,conv_6f4fad2b911f
31115e3f-9271-4b34-a25e-726e28b09ffa,对话附件/1-研究方案.pdf,conv_81cdb6776858
31115e3f-9271-4b34-a25e-726e28b09ffa,对话附件/15.Description of the corrections.docx,conv_73482e375ce3
31115e3f-9271-4b34-a25e-726e28b09ffa,对话附件/16.Point-to-point.docx,conv_73482e375ce3
31115e3f-9271-4b34-a25e-726e28b09ffa,对话附件/1、“大零号湾”科技创新策源功能区专项发展资金项目申请书.doc,conv_6414805c6fa7
31115e3f-9271-4b34-a25e-726e28b09ffa,对话附件/1、“大零号湾”科技创新策源功能区专项发展资金项目申请书.docx,conv_6414805c6fa7
31115e3f-9271-4b34-a25e-726e28b09ffa,对话附件/2-知情同意书.pdf,conv_81cdb6776858
31115e3f-9271-4b34-a25e-726e28b09ffa,对话附件/20.对友商的评价.docx,conv_81cdb6776858
31115e3f-9271-4b34-a25e-726e28b09ffa,对话附件/20221110 ABA和GZV 时间梯度 内源HBG.xlsx,conv_73482e375ce3
31115e3f-9271-4b34-a25e-726e28b09ffa,对话附件/20221130 红光光照时间依赖性48h和24h.xlsx,conv_73482e375ce3
31115e3f-9271-4b34-a25e-726e28b09ffa,对话附件/2026-09-03_上海医学合成生物学产业研究院建设方案（政府一页纸版）.docx,conv_bd36f8dbbbc5
31115e3f-9271-4b34-a25e-726e28b09ffa,对话附件/2026-09-03_商业模式与规划图解集.docx,conv_bd36f8dbbbc5
31115e3f-9271-4b34-a25e-726e28b09ffa,对话附件/2026-09-20_Nature论文原始数据整理表(按指标分类) (1).xlsx,conv_d2c84054d91a
31115e3f-9271-4b34-a25e-726e28b09ffa,对话附件/2026-09-20_Nature论文原始数据整理表(按指标分类).xlsx,conv_d2c84054d91a
31115e3f-9271-4b34-a25e-726e28b09ffa,对话附件/ADJUDICATED_REVIEW(3).html,conv_73482e375ce3
31115e3f-9271-4b34-a25e-726e28b09ffa,对话附件/Description of corrections v2.docx,conv_73482e375ce3
31115e3f-9271-4b34-a25e-726e28b09ffa,对话附件/HEAL 陈述(1).docx,conv_73482e375ce3
31115e3f-9271-4b34-a25e-726e28b09ffa,对话附件/Point-by-Point Explanation.docx,conv_73482e375ce3
31115e3f-9271-4b34-a25e-726e28b09ffa,对话附件/SMARTLOGIC-2608.pdf,conv_6b5a4c48a759
31115e3f-9271-4b34-a25e-726e28b09ffa,对话附件/SMO协议--双歧杆菌-上海市第十人民医院(1).docx,conv_81cdb6776858
31115e3f-9271-4b34-a25e-726e28b09ffa,对话附件/Source Data 检查(1).xlsx,conv_73482e375ce3
31115e3f-9271-4b34-a25e-726e28b09ffa,对话附件/Source data Extended Data Fig.3-updata.xlsx,conv_d2c84054d91a
31115e3f-9271-4b34-a25e-726e28b09ffa,对话附件/Source data Extended Data Fig.7-updata.xlsx,conv_d2c84054d91a
31115e3f-9271-4b34-a25e-726e28b09ffa,对话附件/Source data Fig. 4-update.xlsx,conv_d2c84054d91a
31115e3f-9271-4b34-a25e-726e28b09ffa,对话附件/Source data Fig.1-updata.xlsx,conv_d2c84054d91a
31115e3f-9271-4b34-a25e-726e28b09ffa,对话附件/Supplementary Table 16-update (3).xlsx,conv_d2c84054d91a
31115e3f-9271-4b34-a25e-726e28b09ffa,对话附件/W***CARD***.docx,conv_b856a2e1d7d8
31115e3f-9271-4b34-a25e-726e28b09ffa,对话附件/fad4d1dd-ce6b-4ae9-a5d8-9a88bcafff72.png,conv_d2c84054d91a
31115e3f-9271-4b34-a25e-726e28b09ffa,对话附件/image (10).png,conv_bd36f8dbbbc5
31115e3f-9271-4b34-a25e-726e28b09ffa,对话附件/image (12).png,conv_b856a2e1d7d8
31115e3f-9271-4b34-a25e-726e28b09ffa,对话附件/image (13).png,conv_b856a2e1d7d8
31115e3f-9271-4b34-a25e-726e28b09ffa,对话附件/image (15).png,conv_64e3c6d8bcb3
31115e3f-9271-4b34-a25e-726e28b09ffa,对话附件/image (16).png,conv_64e3c6d8bcb3
31115e3f-9271-4b34-a25e-726e28b09ffa,对话附件/image (8).png,conv_bd36f8dbbbc5
31115e3f-9271-4b34-a25e-726e28b09ffa,对话附件/image (9).png,conv_bd36f8dbbbc5
31115e3f-9271-4b34-a25e-726e28b09ffa,对话附件/v31、“大零号湾”科技创新策源功能区专项发展资金项目申请书(1)(2).docx,conv_6414805c6fa7
31115e3f-9271-4b34-a25e-726e28b09ffa,对话附件/“大零号湾”科技创新策源功能区专项发展资金项目申请书.pdf,conv_9ce276e66b3e
31115e3f-9271-4b34-a25e-726e28b09ffa,对话附件/【意向框架】20260904益生菌技术产学研合作意向框架—刘航拟定.pdf,conv_9ce276e66b3e
31115e3f-9271-4b34-a25e-726e28b09ffa,对话附件/万航NC.pdf,conv_73482e375ce3
31115e3f-9271-4b34-a25e-726e28b09ffa,对话附件/上海医学合成生物产业研究院-2026-8-23.docx,conv_334d1d9c5397
31115e3f-9271-4b34-a25e-726e28b09ffa,对话附件/上海合生纪康 PPT.pdf,conv_b856a2e1d7d8
31115e3f-9271-4b34-a25e-726e28b09ffa,对话附件/上海合生纪康BP-20260827.pptx,conv_16f5d4a35c7e
31115e3f-9271-4b34-a25e-726e28b09ffa,对话附件/专利申请信息汇总_叶海峰老师_20251219.xlsx,conv_29609478ce7c
31115e3f-9271-4b34-a25e-726e28b09ffa,对话附件/中科创星 补充问题20260908(1)(1)(1)(1).docx,conv_81cdb6776858
31115e3f-9271-4b34-a25e-726e28b09ffa,对话附件/中科创星 补充问题20260908(1)(1)(1).docx,conv_81cdb6776858
31115e3f-9271-4b34-a25e-726e28b09ffa,对话附件/北京京国管科服问题及回复.docx,conv_29609478ce7c
31115e3f-9271-4b34-a25e-726e28b09ffa,对话附件/合生纪 附件1.华东师范大学“未来产业合伙人”项目任务书.doc,conv_bf4371170343
31115e3f-9271-4b34-a25e-726e28b09ffa,对话附件/合生纪康7月工作总结暨8月重点工作计划汇报 v2.docx,conv_9ce276e66b3e
31115e3f-9271-4b34-a25e-726e28b09ffa,对话附件/合生纪康立项汇报初稿V1(1).pptx,conv_29609478ce7c
31115e3f-9271-4b34-a25e-726e28b09ffa,对话附件/大零号湾政策沟通与创业项目落地讨论-2026年09月01日-来自【得到大脑】.pdf,conv_280e260d249b
31115e3f-9271-4b34-a25e-726e28b09ffa,对话附件/当事人陈述(1).docx,conv_af0afe491f7a
31115e3f-9271-4b34-a25e-726e28b09ffa,对话附件/当事人陈述.docx,conv_af0afe491f7a
31115e3f-9271-4b34-a25e-726e28b09ffa,对话附件/数据表示例.xlsx,conv_d2c84054d91a
31115e3f-9271-4b34-a25e-726e28b09ffa,对话附件/数据集信息(2).docx,conv_d2c84054d91a
31115e3f-9271-4b34-a25e-726e28b09ffa,对话附件/数据集信息(3).docx,conv_d2c84054d91a
31115e3f-9271-4b34-a25e-726e28b09ffa,对话附件/新建文件夹.zip,conv_81cdb6776858
31115e3f-9271-4b34-a25e-726e28b09ffa,对话附件/智能益生菌用于代谢性疾病的治疗.pdf,conv_b856a2e1d7d8
31115e3f-9271-4b34-a25e-726e28b09ffa,对话附件/生物实验室装修工程设计方案.docx,conv_64e3c6d8bcb3
31115e3f-9271-4b34-a25e-726e28b09ffa,对话附件/生物实验室装修工程预算 (1).xlsx,conv_64e3c6d8bcb3
31115e3f-9271-4b34-a25e-726e28b09ffa,对话附件/科学数据填写要求(1).docx,conv_d2c84054d91a
31115e3f-9271-4b34-a25e-726e28b09ffa,对话附件/科学数据质量自评价报告(2).docx,conv_d2c84054d91a
31115e3f-9271-4b34-a25e-726e28b09ffa,对话附件/葡萄糖传感器数据汇总(1).xlsx,conv_d2c84054d91a
31115e3f-9271-4b34-a25e-726e28b09ffa,对话附件/薄荷简介.pdf,conv_da63a6b7ae0b
31115e3f-9271-4b34-a25e-726e28b09ffa,对话附件/邀请函&专家资料表-2026SAPA(36).docx,conv_6414805c6fa7
31115e3f-9271-4b34-a25e-726e28b09ffa,对话附件/邮件.docx,conv_73482e375ce3
31115e3f-9271-4b34-a25e-726e28b09ffa,对话附件/附件1 华东师范大学大零号湾未来产业合伙人专项资助计划项目申请表.docx,conv_bf4371170343
5a34da8c-be28-42b8-9bc7-102700124dac,个人知识库/cjh的知识库-knowledge1.svg/绘画_一年级_上册_第一单元：龙的传人 第1课 我的名字.docx,conv_c67149c8b898
5a34da8c-be28-42b8-9bc7-102700124dac,对话附件/IMG_6257.jpeg,conv_589e599dc77a
5a34da8c-be28-42b8-9bc7-102700124dac,易知视频/合集/佳慧-易知_智能政策匹配_Agent制作包.zip,conv_977222180c98
5a7ea6c4-cb72-415d-8298-8b5ced8f3347,AI 工作区/EvoMind企业案例_V2_截图整理与Skill全量案例.zip,conv_bb5e39c2a2aa|conv_c1cb525d2414
5a7ea6c4-cb72-415d-8298-8b5ced8f3347,AI 工作区/EvoMind企业案例_V2_截图整理与Skill全量案例/01_已完成案例截图_已重命名/01_招聘案例/R03_招聘案例_候选人深度评估报告生成并自动预览.png,conv_5abf992fe03e
5a7ea6c4-cb72-415d-8298-8b5ced8f3347,AI 工作区/EvoMind企业案例_V2_截图整理与Skill全量案例/01_已完成案例截图_已重命名/01_招聘案例/R06_招聘案例_前三候选人定制高质量面试问题.png,conv_5abf992fe03e
5a7ea6c4-cb72-415d-8298-8b5ced8f3347,AI 工作区/EvoMind企业案例_V2_截图整理与Skill全量案例/01_已完成案例截图_已重命名/02_财务案例/F05_财务案例_部门预算执行汇总表.png,conv_5abf992fe03e
5a7ea6c4-cb72-415d-8298-8b5ced8f3347,AI 工作区/EvoMind企业案例_V2_截图整理与Skill全量案例/01_已完成案例截图_已重命名/02_财务案例/F08_财务案例_管理层摘要与关键风险点.png,conv_5abf992fe03e
5a7ea6c4-cb72-415d-8298-8b5ced8f3347,AI 工作区/EvoMind企业案例_V2_截图整理与Skill全量案例/01_已完成案例截图_已重命名/03_法务案例/L02_法务案例_合同风险审查完整输出与逐条意见.png,conv_5abf992fe03e
5a7ea6c4-cb72-415d-8298-8b5ced8f3347,AI 工作区/EvoMind企业案例_V2_截图整理与Skill全量案例/01_已完成案例截图_已重命名/04_管理分析_知识图谱_自动化/K01_企业知识图谱_法务合规部节点关系与详情.png,conv_5abf992fe03e
5a7ea6c4-cb72-415d-8298-8b5ced8f3347,AI 工作区/EvoMind企业案例_V2_截图整理与Skill全量案例/03_Skill案例素材/A01_产品与品牌基础资料_启衡医疗.md,conv_1ec77749aa65
5a7ea6c4-cb72-415d-8298-8b5ced8f3347,AI 工作区/EvoMind企业案例_V2_截图整理与Skill全量案例/03_Skill案例素材/A03_销售线索与客户画像_模拟.md,conv_63cd088280e4|conv_920face391e5|conv_ddbd2b72cd94
5a7ea6c4-cb72-415d-8298-8b5ced8f3347,AI 工作区/EvoMind企业案例_V2_截图整理与Skill全量案例/03_Skill案例素材/A04_竞品情报_模拟.md,conv_3a2929dd4123
5a7ea6c4-cb72-415d-8298-8b5ced8f3347,AI 工作区/EvoMind企业案例_V2_截图整理与Skill全量案例/03_Skill案例素材/A09_新员工培训需求_模拟.md,conv_b66a59b58652
5a7ea6c4-cb72-415d-8298-8b5ced8f3347,AI 工作区/EvoMind企业案例_V2_截图整理与Skill全量案例/03_Skill案例素材/A10_三张表财务模型输入_模拟.md,conv_baa17fbb85ec
5a7ea6c4-cb72-415d-8298-8b5ced8f3347,AI 工作区/EvoMind企业案例_V2_截图整理与Skill全量案例/03_Skill案例素材/A11_DCF估值输入_模拟.md,conv_88c15f68fcd5
5a7ea6c4-cb72-415d-8298-8b5ced8f3347,AI 工作区/EvoMind企业案例_V2_截图整理与Skill全量案例/04_复用原案例素材/01_企业知识库/01_公司简介与组织架构.pdf,conv_e4524ffbc723
5a7ea6c4-cb72-415d-8298-8b5ced8f3347,AI 工作区/EvoMind企业案例_V2_截图整理与Skill全量案例/04_复用原案例素材/01_企业知识库/02_高级临床项目经理_JD与评分标准.pdf,conv_e4524ffbc723
5a7ea6c4-cb72-415d-8298-8b5ced8f3347,AI 工作区/EvoMind企业案例_V2_截图整理与Skill全量案例/04_复用原案例素材/01_企业知识库/03_历史招聘复盘与优秀员工画像.pdf,conv_e4524ffbc723
5a7ea6c4-cb72-415d-8298-8b5ced8f3347,AI 工作区/EvoMind企业案例_V2_截图整理与Skill全量案例/04_复用原案例素材/02_个人知识库/P01_HRD_招聘判断经验.pdf,conv_dc141d50dd59
5a7ea6c4-cb72-415d-8298-8b5ced8f3347,AI 工作区/EvoMind企业案例_V2_截图整理与Skill全量案例/04_复用原案例素材/04_财务案例/2026年7月财务经营数据_模拟.xlsx,conv_85bac8c8af6e|conv_dfc17606c803
5a7ea6c4-cb72-415d-8298-8b5ced8f3347,AI 工作区/EvoMind企业案例_V2_截图整理与Skill全量案例/04_复用原案例素材/05_法务案例/公司标准合同风险底线_对照材料.pdf,conv_000329fc9167
5a7ea6c4-cb72-415d-8298-8b5ced8f3347,AI 工作区/EvoMind企业案例_V2_截图整理与Skill全量案例/04_复用原案例素材/05_法务案例/待审_临床试验CRO服务协议_模拟.docx,conv_000329fc9167
5a7ea6c4-cb72-415d-8298-8b5ced8f3347,国巡机器人/品宣市场/01_行业情报与竞品周报模板.docx,conv_e6be76f9ef11
5a7ea6c4-cb72-415d-8298-8b5ced8f3347,国巡机器人/品宣市场/03_市场线索移交表.xlsx,conv_2274302db0fc
5a7ea6c4-cb72-415d-8298-8b5ced8f3347,对话附件/2026-09-03_小桥流水人家_水墨画_001.png,conv_f94b7d92bac0
5a7ea6c4-cb72-415d-8298-8b5ced8f3347,对话附件/BOM与ERP导入准备材料.docx,conv_458a877ca5fb
5a7ea6c4-cb72-415d-8298-8b5ced8f3347,对话附件/EvoMind_微信公众号_视频号_每日自动内容工厂_能力测试提示词.md,conv_459d2d4c662a
5a7ea6c4-cb72-415d-8298-8b5ced8f3347,对话附件/HR制度三合一输入材料.docx,conv_a8ac4e40664d
5a7ea6c4-cb72-415d-8298-8b5ced8f3347,对话附件/IIRE2027_参展邀请函 (2).docx,conv_dbc77ee37469
5a7ea6c4-cb72-415d-8298-8b5ced8f3347,对话附件/IIRE2027_参展邀请函.docx,conv_7f5a1845d742
5a7ea6c4-cb72-415d-8298-8b5ced8f3347,对话附件/Q2_业务汇报_2026.docx,conv_049156fe4bfc
5a7ea6c4-cb72-415d-8298-8b5ced8f3347,对话附件/contract.docx,conv_9b330b6fbf9f
5a7ea6c4-cb72-415d-8298-8b5ced8f3347,对话附件/image (2).png,conv_eaf2e429a225
5a7ea6c4-cb72-415d-8298-8b5ced8f3347,对话附件/image (3).png,conv_eaf2e429a225
5a7ea6c4-cb72-415d-8298-8b5ced8f3347,对话附件/image (4).png,conv_eaf2e429a225
5a7ea6c4-cb72-415d-8298-8b5ced8f3347,对话附件/monthly_financial_report (2).pdf,conv_bc9366497601
5a7ea6c4-cb72-415d-8298-8b5ced8f3347,对话附件/monthly_financial_report.pdf,conv_e982ce5c14b0
5a7ea6c4-cb72-415d-8298-8b5ced8f3347,对话附件/wechat-mcp-api-research.md,conv_a999f104e767
5a7ea6c4-cb72-415d-8298-8b5ced8f3347,对话附件/产品价值主张一页纸.docx,conv_acd161b3af95
5a7ea6c4-cb72-415d-8298-8b5ced8f3347,对话附件/公司业务全景与AI嵌入式工作流架构图 (2).html,conv_6395ac98e982
5a7ea6c4-cb72-415d-8298-8b5ced8f3347,对话附件/初中数学逻辑思维培养_粗糙格式论文.docx,conv_9b0bf37e6849
5a7ea6c4-cb72-415d-8298-8b5ced8f3347,对话附件/售前差异评估输入包.docx,conv_7869bf27d70b
5a7ea6c4-cb72-415d-8298-8b5ced8f3347,对话附件/定制需求规格说明书.docx,conv_94bf306bbbff
5a7ea6c4-cb72-415d-8298-8b5ced8f3347,对话附件/客户会议转写稿.docx,conv_47738bdeea0b
5a7ea6c4-cb72-415d-8298-8b5ced8f3347,对话附件/客户拜访流程.docx,conv_a4b444ef90b2
5a7ea6c4-cb72-415d-8298-8b5ced8f3347,对话附件/客户需求书RFQ.docx,conv_c8f2ef80ef0d
5a7ea6c4-cb72-415d-8298-8b5ced8f3347,对话附件/客户需求表.docx,conv_e27d804e80f0
5a7ea6c4-cb72-415d-8298-8b5ced8f3347,对话附件/市场线索标准化移交_测试素材.docx,conv_4ed990e03c60
5a7ea6c4-cb72-415d-8298-8b5ced8f3347,对话附件/我方技术响应方案.docx,conv_1c2398f73029
5a7ea6c4-cb72-415d-8298-8b5ced8f3347,对话附件/招标文件.docx,conv_c53070032f4c
5a7ea6c4-cb72-415d-8298-8b5ced8f3347,对话附件/排产与发货核对输入材料.docx,conv_ebeb45b88d28
5a7ea6c4-cb72-415d-8298-8b5ced8f3347,对话附件/提前发货审批材料.docx,conv_03ba7e355b1a
5a7ea6c4-cb72-415d-8298-8b5ced8f3347,对话附件/标准产品规格书.docx,conv_e27d804e80f0
5a7ea6c4-cb72-415d-8298-8b5ced8f3347,对话附件/测试管理样本.docx,conv_ac00eb28fce5
5a7ea6c4-cb72-415d-8298-8b5ced8f3347,对话附件/现场勘察照片集.docx,conv_891fe04595b8
5a7ea6c4-cb72-415d-8298-8b5ced8f3347,对话附件/现场工程条件整理样本.docx,conv_2cbe4886ace2
5a7ea6c4-cb72-415d-8298-8b5ced8f3347,对话附件/现场踏勘手记.docx,conv_c8f2ef80ef0d
5a7ea6c4-cb72-415d-8298-8b5ced8f3347,对话附件/目标客户画像.xlsx,conv_acd161b3af95
5a7ea6c4-cb72-415d-8298-8b5ced8f3347,对话附件/简历样本合集.zip,conv_3392d4358cd7
5a7ea6c4-cb72-415d-8298-8b5ced8f3347,对话附件/管理层周报简报输入材料.docx,conv_4a4208b3f83f
5a7ea6c4-cb72-415d-8298-8b5ced8f3347,对话附件/管理层问答输入材料.docx,conv_8685cb6739a8
5a7ea6c4-cb72-415d-8298-8b5ced8f3347,对话附件/经营会前研判输入材料.docx,conv_81cbeb7e8662
5a7ea6c4-cb72-415d-8298-8b5ced8f3347,对话附件/绩效考核管理制度_V32.docx,conv_201631a6dabf
5a7ea6c4-cb72-415d-8298-8b5ced8f3347,对话附件/网购平台购物车界面截图生成.png,conv_1765ca7d99bb
5a7ea6c4-cb72-415d-8298-8b5ced8f3347,对话附件/行业情报与竞品周报_测试样本 (2).docx,conv_ed5fe145b4b8
5a7ea6c4-cb72-415d-8298-8b5ced8f3347,对话附件/行业情报与竞品周报_测试样本.docx,conv_c1a1217e30cf
5a7ea6c4-cb72-415d-8298-8b5ced8f3347,对话附件/请购合理性检查与报价比对输入材料.docx,conv_9a05b37ae6e2
5a7ea6c4-cb72-415d-8298-8b5ced8f3347,对话附件/采购到料预警与供应商风险卡输入材料.docx,conv_189e925c8811
5a7ea6c4-cb72-415d-8298-8b5ced8f3347,对话附件/需求分类与标准化基线.xlsx,conv_c8f2ef80ef0d
5a7ea6c4-cb72-415d-8298-8b5ced8f3347,对话附件/项目任务台账与阻塞清单.docx,conv_2aadae5164e6
5a7ea6c4-cb72-415d-8298-8b5ced8f3347,对话附件/项目全过程资料_三阶段样本.docx,conv_ce10104da0fa
5a7ea6c4-cb72-415d-8298-8b5ced8f3347,对话附件/项目启动与WBS编排输入材料.docx,conv_d6a1190f249d
5a7ea6c4-cb72-415d-8298-8b5ced8f3347,对话附件/高中数学_函数与导数_知识点讲义 (2).docx,conv_a26647fbd170
5a7ea6c4-cb72-415d-8298-8b5ced8f3347,对话附件/高级前端工程师_面试排期与薪资授权 (2).docx,conv_4da8ee446e3a
5a7ea6c4-cb72-415d-8298-8b5ced8f3347,对话附件/高级前端工程师_面试排期与薪资授权.docx,conv_5088c71b9194
5a7ea6c4-cb72-415d-8298-8b5ced8f3347,对话附件/齐套分析输入材料.docx,conv_e1c02601c14a
5eb1a1c6-d647-47fe-8036-9dc731aa0b5c,AI 工作区/成果文件/以这份协议为底稿，需要添加10%的员工激-conv_ff6e82c65308/2026-08-22_合伙协议（含10%员工激励计划修订版）.docx,conv_ff6e82c65308
5eb1a1c6-d647-47fe-8036-9dc731aa0b5c,AI 工作区/成果文件/以这份协议为底稿，需要添加10%的员工激-conv_ff6e82c65308/2026-08-24_合伙协议（含10%员工激励计划-整合审阅修订版-结构优化稿）.docx,conv_ff6e82c65308
5eb1a1c6-d647-47fe-8036-9dc731aa0b5c,AI 工作区/成果文件/以这份协议为底稿，需要添加10%的员工激-conv_ff6e82c65308/2026-08-24_合伙协议（含10%员工激励计划-整合审阅修订版）.docx,conv_ff6e82c65308
5eb1a1c6-d647-47fe-8036-9dc731aa0b5c,AI 工作区/成果文件/我需要做一份债转股的三方协议，甲方为上海-conv_381f48864647/2026-08-25_债转股三方借款担保协议（美鲸灵-壹十八-斯巴达）.docx,conv_381f48864647
5eb1a1c6-d647-47fe-8036-9dc731aa0b5c,AI 工作区/成果文件/按照ppt的风格，根据上传的图片的内容，-conv_111e30a393ca/深色科技风_图片版_页面/p02.png,conv_111e30a393ca
5eb1a1c6-d647-47fe-8036-9dc731aa0b5c,个人知识库/中科微感/融资相关/宁波工业研究院（中控）/中科微感尽职调查报告0907_Ethan.docx,conv_16a8192f4cb6
5eb1a1c6-d647-47fe-8036-9dc731aa0b5c,南京20号项目/V3.6-南京酷灵商业计划书20260520.pptx,conv_7485225ea7e3
5eb1a1c6-d647-47fe-8036-9dc731aa0b5c,南京20号项目/南京深眸智算科技有限公司简介.pptx,conv_7485225ea7e3
5eb1a1c6-d647-47fe-8036-9dc731aa0b5c,南京20号项目/显微精准磁刺激智能闭环治疗系统-成果转化案例.pptx,conv_7485225ea7e3
5eb1a1c6-d647-47fe-8036-9dc731aa0b5c,南京20号项目/江苏旭一科技项目20260620.pptx,conv_7485225ea7e3
5eb1a1c6-d647-47fe-8036-9dc731aa0b5c,南京20号项目/纳米机器人创新药物平台技术产业化项目商业计划书 -20260620-南京师范大学 毛春.pptx,conv_7485225ea7e3
5eb1a1c6-d647-47fe-8036-9dc731aa0b5c,对话附件/***HEX***.png,conv_111e30a393ca
5eb1a1c6-d647-47fe-8036-9dc731aa0b5c,对话附件/0824促进科技成果转化条例（修订草案）清洁版-核稿.doc,conv_228ebd613017
5eb1a1c6-d647-47fe-8036-9dc731aa0b5c,对话附件/1.1 派和商业计划书 (2).pdf,conv_aa39a0edc534
5eb1a1c6-d647-47fe-8036-9dc731aa0b5c,对话附件/2026-08-18_SpeedBot_投资BP.pptx,conv_b6f82f7b4d96
5eb1a1c6-d647-47fe-8036-9dc731aa0b5c,对话附件/2026-09-03_生合万物C端业务被做局风险核查报告.md,conv_d23bc6d66dd2
5eb1a1c6-d647-47fe-8036-9dc731aa0b5c,对话附件/IMG_6961.jpeg,conv_1702b763a7ee
5eb1a1c6-d647-47fe-8036-9dc731aa0b5c,对话附件/SpeedBot- 202607-简-投资.pptx,conv_b6f82f7b4d96
5eb1a1c6-d647-47fe-8036-9dc731aa0b5c,对话附件/SpeedBot- 人形补充.pptx,conv_b6f82f7b4d96
5eb1a1c6-d647-47fe-8036-9dc731aa0b5c,对话附件/Tribridge Capital Mutual NDA.docx,conv_8b8570891486
5eb1a1c6-d647-47fe-8036-9dc731aa0b5c,对话附件/image (10).png,conv_d98e3820c5c0
5eb1a1c6-d647-47fe-8036-9dc731aa0b5c,对话附件/image (11).png,conv_d98e3820c5c0
5eb1a1c6-d647-47fe-8036-9dc731aa0b5c,对话附件/image (6).png,conv_b6f82f7b4d96
5eb1a1c6-d647-47fe-8036-9dc731aa0b5c,对话附件/image (7).png,conv_b6f82f7b4d96
5eb1a1c6-d647-47fe-8036-9dc731aa0b5c,对话附件/image (8).png,conv_d98e3820c5c0
5eb1a1c6-d647-47fe-8036-9dc731aa0b5c,对话附件/image (9).png,conv_d98e3820c5c0
5eb1a1c6-d647-47fe-8036-9dc731aa0b5c,对话附件/【TC18】1.中科芯飞-增资协议20260924_clean.docx,conv_af9683641117
5eb1a1c6-d647-47fe-8036-9dc731aa0b5c,对话附件/【TC18】Tribridge Capital Mutual NDA v2(1).docx,conv_61ba37b1a086
5eb1a1c6-d647-47fe-8036-9dc731aa0b5c,对话附件/【TC18】中科微感尽职调查报告0923.docx,conv_16a8192f4cb6
5eb1a1c6-d647-47fe-8036-9dc731aa0b5c,对话附件/【TC18】合伙协议 (2).docx,conv_ff6e82c65308
5eb1a1c6-d647-47fe-8036-9dc731aa0b5c,对话附件/【TC18】合伙协议.docx,conv_ff6e82c65308
5eb1a1c6-d647-47fe-8036-9dc731aa0b5c,对话附件/【送审稿】转化门诊专场致辞稿.docx,conv_d98e3820c5c0
5eb1a1c6-d647-47fe-8036-9dc731aa0b5c,对话附件/业务线梳理.docx,conv_d23bc6d66dd2
5eb1a1c6-d647-47fe-8036-9dc731aa0b5c,对话附件/中科优势TTFA.0905_上海银行(1).pptx,conv_111e30a393ca
5eb1a1c6-d647-47fe-8036-9dc731aa0b5c,对话附件/中科优势TTFA.0914.pptx,conv_d98e3820c5c0
5eb1a1c6-d647-47fe-8036-9dc731aa0b5c,对话附件/中科芯飞-股东协议20260924.docx,conv_613c5c688f09
5eb1a1c6-d647-47fe-8036-9dc731aa0b5c,对话附件/中科芯飞-股东协议20260924_clean (2).docx,conv_af9683641117
5eb1a1c6-d647-47fe-8036-9dc731aa0b5c,对话附件/中科芯飞-股东协议20260924_clean.docx,conv_613c5c688f09
5eb1a1c6-d647-47fe-8036-9dc731aa0b5c,对话附件/优复博_yofoAIROS_V5.3-t(1).pdf,conv_b6f82f7b4d96
5eb1a1c6-d647-47fe-8036-9dc731aa0b5c,对话附件/可转债投资协议之补充协议（丙方担保条款）.docx,conv_602668379442
5eb1a1c6-d647-47fe-8036-9dc731aa0b5c,对话附件/可转债投资协议（美鲸灵-斯巴达）.docx,conv_602668379442
5eb1a1c6-d647-47fe-8036-9dc731aa0b5c,对话附件/合伙协议.docx,conv_de8c70890684
5eb1a1c6-d647-47fe-8036-9dc731aa0b5c,对话附件/安徽中科微感股权投资合同--拟签约(1).docx,conv_f4efc3b555dc
5eb1a1c6-d647-47fe-8036-9dc731aa0b5c,对话附件/徐征-视比特董秘-福睿思特20260818.pdf,conv_8aceda2d9422
5eb1a1c6-d647-47fe-8036-9dc731aa0b5c,对话附件/敬呈视比特_CIC灼识咨询行业顾问服务提案_20260819vF_compressed(1) (2).pdf,conv_b6f82f7b4d96
5eb1a1c6-d647-47fe-8036-9dc731aa0b5c,对话附件/本轮投资方案.pptx,conv_aa39a0edc534
5eb1a1c6-d647-47fe-8036-9dc731aa0b5c,对话附件/生合万物-A轮增资协议-清洁版-0923.docx,conv_6d69c3fec1b7
5eb1a1c6-d647-47fe-8036-9dc731aa0b5c,对话附件/生合万物-A轮股东协议-清洁版-0923.docx,conv_6d69c3fec1b7
5eb1a1c6-d647-47fe-8036-9dc731aa0b5c,对话附件/转化门诊专场_领导致辞.docx,conv_d98e3820c5c0
5eb1a1c6-d647-47fe-8036-9dc731aa0b5c,对话附件/附件1--SHWW-CGHT-250609&含备忘录.pdf,conv_d23bc6d66dd2
5eb1a1c6-d647-47fe-8036-9dc731aa0b5c,对话附件/附件1.项目入库申请书(X-RAY CAMERA).pdf,conv_c1ad314b1771
5eb1a1c6-d647-47fe-8036-9dc731aa0b5c,对话附件/附件1（补充）.用于大科学装置的X射线成像探测器开发.pdf,conv_c1ad314b1771
5eb1a1c6-d647-47fe-8036-9dc731aa0b5c,对话附件/附件1：项目入库申报书-超碳萃取技术工艺及装置验证项目.docx,conv_6e00ca9901d4
5eb1a1c6-d647-47fe-8036-9dc731aa0b5c,对话附件/附件1：项目入库申报书-锂同位素的分离纯化技术验证项目.docx,conv_d296b8df4dfc
5eb1a1c6-d647-47fe-8036-9dc731aa0b5c,对话附件/附件1：项目入库申报书-锆铪分离纯化技术验证项目 (2).docx,conv_0945c1554661
5eb1a1c6-d647-47fe-8036-9dc731aa0b5c,对话附件/附件2--SHWW-JLM-TM001天猫国际店铺Cultiva100服务合同 北京佳乐优生物科技有限公司-生合(1).pdf,conv_d23bc6d66dd2
5eb1a1c6-d647-47fe-8036-9dc731aa0b5c,对话附件/附件2：概念验证立项评估表 (2).docx,conv_c1ad314b1771
5eb1a1c6-d647-47fe-8036-9dc731aa0b5c,对话附件/附件2：概念验证立项评估表 (3).docx,conv_d296b8df4dfc
5eb1a1c6-d647-47fe-8036-9dc731aa0b5c,对话附件/附件2：概念验证立项评估表 (5).docx,conv_0945c1554661
5eb1a1c6-d647-47fe-8036-9dc731aa0b5c,对话附件/附件2：概念验证立项评估表.docx,conv_6e00ca9901d4
5eb1a1c6-d647-47fe-8036-9dc731aa0b5c,对话附件/附件3--生合—光禾设计服务合同.pdf,conv_d23bc6d66dd2
5eb1a1c6-d647-47fe-8036-9dc731aa0b5c,对话附件/附件3：专家意见表 (2).docx,conv_c1ad314b1771
5eb1a1c6-d647-47fe-8036-9dc731aa0b5c,对话附件/附件3：专家意见表 (3).docx,conv_d296b8df4dfc
5eb1a1c6-d647-47fe-8036-9dc731aa0b5c,对话附件/附件3：专家意见表 (5).docx,conv_0945c1554661
5eb1a1c6-d647-47fe-8036-9dc731aa0b5c,对话附件/附件3：专家意见表.docx,conv_6e00ca9901d4
5eb1a1c6-d647-47fe-8036-9dc731aa0b5c,对话附件/附件5--青岛埃克达斯执行版SKM_C***CARD***.pdf,conv_d23bc6d66dd2
5eb1a1c6-d647-47fe-8036-9dc731aa0b5c,对话附件/附件6--HP-CGHT-260501.pdf,conv_d23bc6d66dd2
5eb1a1c6-d647-47fe-8036-9dc731aa0b5c,对话附件/附件6--生合&新加坡元宇宙 人参小条销售合同-已盖章.pdf,conv_d23bc6d66dd2
5eb1a1c6-d647-47fe-8036-9dc731aa0b5c,对话附件/附件7--WWHW-XSHT-260601位育合物-长沙天日贸易 产品销售合同（双签）(1).pdf,conv_d23bc6d66dd2
5eb1a1c6-d647-47fe-8036-9dc731aa0b5c,对话附件/附件7--WYHW-CGHT-260601位育合物-海南润湘 生产加工合同（双签）(1).pdf,conv_d23bc6d66dd2
5eb1a1c6-d647-47fe-8036-9dc731aa0b5c,对话附件/附件8--WYHW-MK-260701湖南中辰创海网络科技有限公司 市场推广合同 淘宝C店(1).docx,conv_d23bc6d66dd2
5eb1a1c6-d647-47fe-8036-9dc731aa0b5c,对话附件/附件8--湖南中辰创海网络科技有限公司 市场推广费对账单(1).xlsx,conv_d23bc6d66dd2
5eb1a1c6-d647-47fe-8036-9dc731aa0b5c,对话附件/（博士科技上海-壹十八信息科技）-260825(2)(1).doc,conv_8baf9d893d49
5ee08357-1de0-4489-8ee8-6898763c64fa,个人知识库/travel-itinerary-planner.tar.gz,conv_7a890f3ac3c9
5ee08357-1de0-4489-8ee8-6898763c64fa,个人知识库/待筛选简历/0602简历/【AI应用开发工程师（后端）_上海 12-16K】曹帅琪 4年.pdf,conv_e31e2cb7678b
5ee08357-1de0-4489-8ee8-6898763c64fa,个人知识库/待筛选简历/0602简历/【AI应用开发工程师（后端）_上海 12-16K】王胜利 3年.pdf,conv_e31e2cb7678b
5ee08357-1de0-4489-8ee8-6898763c64fa,个人知识库/待筛选简历/0602简历/【AI应用开发工程师（后端）_上海 12-16K】耿庆 4年.pdf,conv_e31e2cb7678b
5ee08357-1de0-4489-8ee8-6898763c64fa,个人知识库/待筛选简历/0602简历/【AI应用开发工程师（后端）_上海 12-16K】贾灿灿 4年.pdf,conv_e31e2cb7678b
5ee08357-1de0-4489-8ee8-6898763c64fa,个人知识库/待筛选简历/0602简历/【研发工程师 （工程化益生菌项目）_上海 9-12K】求职者 1年.pdf,conv_15e56f4ac60b
5ee08357-1de0-4489-8ee8-6898763c64fa,个人知识库/待筛选简历/0602简历/【研发工程师 （工程化益生菌项目）_上海 9-12K】王亚楠 25年应届生.pdf,conv_15e56f4ac60b
5ee08357-1de0-4489-8ee8-6898763c64fa,个人知识库/待筛选简历/0602简历/【研发工程师 （工程化益生菌项目）_上海 9-12K】王美青 4年.pdf,conv_15e56f4ac60b
5ee08357-1de0-4489-8ee8-6898763c64fa,个人知识库/待筛选简历/0602简历/【研发工程师 （工程化益生菌项目）_上海 9-12K】谢文凤 1年.pdf,conv_15e56f4ac60b
5ee08357-1de0-4489-8ee8-6898763c64fa,个人知识库/待筛选简历/0602简历/【研发工程师 （工程化益生菌项目）_上海 9-12K】贾会领 1年.pdf,conv_15e56f4ac60b
5ee08357-1de0-4489-8ee8-6898763c64fa,个人知识库/待筛选简历/0602简历/【研发工程师 （工程化益生菌项目）_上海 9-12K】郝琪 1年.pdf,conv_15e56f4ac60b
5ee08357-1de0-4489-8ee8-6898763c64fa,个人知识库/待筛选简历/0602简历/【研发工程师 （工程化益生菌项目）_上海 9-12K】魏星帆 26年应届生.pdf,conv_15e56f4ac60b
5ee08357-1de0-4489-8ee8-6898763c64fa,个人知识库/待筛选简历/【AI应用开发工程师（后端）_上海 12-16K】唐普健 2年.pdf,conv_45f703ea1ccc
5ee08357-1de0-4489-8ee8-6898763c64fa,个人知识库/待筛选简历/【AI应用开发工程师（后端）_上海 12-16K】张冶 2年.pdf,conv_45f703ea1ccc
5ee08357-1de0-4489-8ee8-6898763c64fa,个人知识库/待筛选简历/【AI应用开发工程师（后端）_上海 12-16K】李世博 4年.pdf,conv_45f703ea1ccc
5ee08357-1de0-4489-8ee8-6898763c64fa,个人知识库/待筛选简历/【AI应用开发工程师（后端）_上海 12-16K】王浩 4年.pdf,conv_45f703ea1ccc
5ee08357-1de0-4489-8ee8-6898763c64fa,个人知识库/待筛选简历/【AI应用开发工程师（后端）_上海 12-16K】陈翔 3年.pdf,conv_45f703ea1ccc
5ee08357-1de0-4489-8ee8-6898763c64fa,个人知识库/美鲸灵/【有源医疗器械临床经理（医疗美容设备方向）_上海 20-25K】谢丽 9年.pdf,conv_a9ed333e7694
5ee08357-1de0-4489-8ee8-6898763c64fa,个人知识库/美鲸灵/【有源医疗器械临床经理（医疗美容设备方向）_上海 20-25K】阚文艺 6年.pdf,conv_a9ed333e7694
5ee08357-1de0-4489-8ee8-6898763c64fa,对话附件/2026-08-21_雷先生推荐报告.docx,conv_222c1d76547a
5ee08357-1de0-4489-8ee8-6898763c64fa,对话附件/2026-08-27_时党伟_人才推荐评估报告.docx,conv_e5eadb9c491f
5ee08357-1de0-4489-8ee8-6898763c64fa,对话附件/261113-招标文件-发售稿.pdf,conv_91d7eae7f753
5ee08357-1de0-4489-8ee8-6898763c64fa,对话附件/【AI应用开发工程师（后端）_上海 12-16K】万俊男 2年.pdf,conv_6f9964f1a35e
5ee08357-1de0-4489-8ee8-6898763c64fa,对话附件/【AI应用开发工程师（后端）_上海 12-16K】傅伟业 6年.pdf,conv_6f9964f1a35e
5ee08357-1de0-4489-8ee8-6898763c64fa,对话附件/【AI应用开发工程师（后端）_上海 12-16K】傅儒沣 1年 (2).pdf,conv_071f0f0277ac
5ee08357-1de0-4489-8ee8-6898763c64fa,对话附件/【AI应用开发工程师（后端）_上海 12-16K】冯闯 5年 (2).pdf,conv_071f0f0277ac
5ee08357-1de0-4489-8ee8-6898763c64fa,对话附件/【AI应用开发工程师（后端）_上海 12-16K】刘金哲 4年.pdf,conv_815933aa43c7
5ee08357-1de0-4489-8ee8-6898763c64fa,对话附件/【AI应用开发工程师（后端）_上海 12-16K】卢凯凯 7年.pdf,conv_815933aa43c7
5ee08357-1de0-4489-8ee8-6898763c64fa,对话附件/【AI应用开发工程师（后端）_上海 12-16K】吴耸 3年.pdf,conv_815933aa43c7
5ee08357-1de0-4489-8ee8-6898763c64fa,对话附件/【AI应用开发工程师（后端）_上海 12-16K】周晟奕 1年 (2).pdf,conv_071f0f0277ac
5ee08357-1de0-4489-8ee8-6898763c64fa,对话附件/【AI应用开发工程师（后端）_上海 12-16K】孟德利 4年.pdf,conv_815933aa43c7
5ee08357-1de0-4489-8ee8-6898763c64fa,对话附件/【AI应用开发工程师（后端）_上海 12-16K】张宝萱 3年.pdf,conv_815933aa43c7
5ee08357-1de0-4489-8ee8-6898763c64fa,对话附件/【AI应用开发工程师（后端）_上海 12-16K】张鑫 2年.pdf,conv_6f9964f1a35e
5ee08357-1de0-4489-8ee8-6898763c64fa,对话附件/【AI应用开发工程师（后端）_上海 12-16K】张鹏飞 3年.pdf,conv_815933aa43c7
5ee08357-1de0-4489-8ee8-6898763c64fa,对话附件/【AI应用开发工程师（后端）_上海 12-16K】彭为 3年.pdf,conv_815933aa43c7
5ee08357-1de0-4489-8ee8-6898763c64fa,对话附件/【AI应用开发工程师（后端）_上海 12-16K】徐先生 3年.pdf,conv_6f9964f1a35e
5ee08357-1de0-4489-8ee8-6898763c64fa,对话附件/【AI应用开发工程师（后端）_上海 12-16K】徐龙飞 3年.pdf,conv_815933aa43c7
5ee08357-1de0-4489-8ee8-6898763c64fa,对话附件/【AI应用开发工程师（后端）_上海 12-16K】曹恩 3年 (2).pdf,conv_071f0f0277ac
5ee08357-1de0-4489-8ee8-6898763c64fa,对话附件/【AI应用开发工程师（后端）_上海 12-16K】朱鹏程 3年.pdf,conv_815933aa43c7
5ee08357-1de0-4489-8ee8-6898763c64fa,对话附件/【AI应用开发工程师（后端）_上海 12-16K】李阳 7年.pdf,conv_815933aa43c7
5ee08357-1de0-4489-8ee8-6898763c64fa,对话附件/【AI应用开发工程师（后端）_上海 12-16K】杨俊杰 4年.pdf,conv_815933aa43c7
5ee08357-1de0-4489-8ee8-6898763c64fa,对话附件/【AI应用开发工程师（后端）_上海 12-16K】杨晨 6年.pdf,conv_815933aa43c7
5ee08357-1de0-4489-8ee8-6898763c64fa,对话附件/【AI应用开发工程师（后端）_上海 12-16K】汪炎 2年 (2).pdf,conv_071f0f0277ac
5ee08357-1de0-4489-8ee8-6898763c64fa,对话附件/【AI应用开发工程师（后端）_上海 12-16K】牛广宇 2年 (2).pdf,conv_071f0f0277ac
5ee08357-1de0-4489-8ee8-6898763c64fa,对话附件/【AI应用开发工程师（后端）_上海 12-16K】王旭东 3年 (2).pdf,conv_071f0f0277ac
5ee08357-1de0-4489-8ee8-6898763c64fa,对话附件/【AI应用开发工程师（后端）_上海 12-16K】王赫扬 4年.pdf,conv_6f9964f1a35e
5ee08357-1de0-4489-8ee8-6898763c64fa,对话附件/【AI应用开发工程师（后端）_上海 12-16K】窦旭 4年.pdf,conv_815933aa43c7
5ee08357-1de0-4489-8ee8-6898763c64fa,对话附件/【AI应用开发工程师（后端）_上海 12-16K】肖志豪 3年.pdf,conv_815933aa43c7
5ee08357-1de0-4489-8ee8-6898763c64fa,对话附件/【AI应用开发工程师（后端）_上海 12-16K】胡宗瑞 2年.pdf,conv_815933aa43c7
5ee08357-1de0-4489-8ee8-6898763c64fa,对话附件/【AI应用开发工程师（后端）_上海 12-16K】范煜 6年.pdf,conv_815933aa43c7
5ee08357-1de0-4489-8ee8-6898763c64fa,对话附件/【AI应用开发工程师（后端）_上海 12-16K】谭瑞欣 3年.pdf,conv_815933aa43c7
5ee08357-1de0-4489-8ee8-6898763c64fa,对话附件/【AI应用开发工程师（后端）_上海 12-16K】豆康舒 3年.pdf,conv_6f9964f1a35e
5ee08357-1de0-4489-8ee8-6898763c64fa,对话附件/【AI应用开发工程师（后端）_上海 12-16K】邵贵滨 6年.pdf,conv_815933aa43c7
5ee08357-1de0-4489-8ee8-6898763c64fa,对话附件/【AI应用开发工程师（后端）_上海 12-16K】邹聪聪 3年.pdf,conv_815933aa43c7
5ee08357-1de0-4489-8ee8-6898763c64fa,对话附件/【AI应用开发工程师（后端）_上海 12-16K】郭猛飞 4年.pdf,conv_6f9964f1a35e
5ee08357-1de0-4489-8ee8-6898763c64fa,对话附件/【AI应用开发工程师（后端）_上海 12-16K】陈晨 4年.pdf,conv_815933aa43c7
5ee08357-1de0-4489-8ee8-6898763c64fa,对话附件/【AI应用开发工程师（后端）_上海 12-16K】陈祥涛 4年.pdf,conv_6f9964f1a35e
5ee08357-1de0-4489-8ee8-6898763c64fa,对话附件/【AI应用开发工程师（后端）_上海 12-16K】魏禹豪 3年 (2).pdf,conv_071f0f0277ac
5ee08357-1de0-4489-8ee8-6898763c64fa,对话附件/【AI应用开发工程师（后端）_上海 12-16K】龚健威 25年应届生 (2).pdf,conv_071f0f0277ac
5ee08357-1de0-4489-8ee8-6898763c64fa,对话附件/【HRD_广州 30-35K】余泽彪 10年以上.pdf,conv_222c1d76547a
5ee08357-1de0-4489-8ee8-6898763c64fa,对话附件/【【三类有源医美设备】采购经理_上海 16-26K】张坤 10年以上.pdf,conv_ec3c504c57ab
5ee08357-1de0-4489-8ee8-6898763c64fa,对话附件/【【射频类医美设备】质量检测员_上海 8-13K】刘东 3年.pdf,conv_a96d4e307332
5ee08357-1de0-4489-8ee8-6898763c64fa,对话附件/【【射频类医美设备】质量检测员_上海 8-13K】吴钊志 9年.pdf,conv_e410ae458ee3
5ee08357-1de0-4489-8ee8-6898763c64fa,对话附件/【【射频类医美设备】质量检测员_上海 8-13K】周晶 10年以上.pdf,conv_a96d4e307332
5ee08357-1de0-4489-8ee8-6898763c64fa,对话附件/【【射频类医美设备】质量检测员_上海 8-13K】巨娜娜 10年以上.pdf,conv_e410ae458ee3
5ee08357-1de0-4489-8ee8-6898763c64fa,对话附件/【【射频类医美设备】质量检测员_上海 8-13K】张佳铭 9年.pdf,conv_e410ae458ee3
5ee08357-1de0-4489-8ee8-6898763c64fa,对话附件/【【射频类医美设备】质量检测员_上海 8-13K】李一蓓 6年.pdf,conv_8c0acf0215b8
5ee08357-1de0-4489-8ee8-6898763c64fa,对话附件/【【射频类医美设备】质量检测员_上海 8-13K】杨婷婷 6年.pdf,conv_e410ae458ee3
5ee08357-1de0-4489-8ee8-6898763c64fa,对话附件/【【射频类医美设备】质量检测员_上海 8-13K】梁溢心 3年.pdf,conv_a96d4e307332
5ee08357-1de0-4489-8ee8-6898763c64fa,对话附件/【【射频类医美设备】质量检测员_上海 8-13K】武雪蕊 10年以上.pdf,conv_a96d4e307332
5ee08357-1de0-4489-8ee8-6898763c64fa,对话附件/【【射频类医美设备】质量检测员_上海 8-13K】王珂琦 8年 (2).pdf,conv_a96d4e307332
5ee08357-1de0-4489-8ee8-6898763c64fa,对话附件/【【射频类医美设备】质量检测员_上海 8-13K】王珂琦 8年.pdf,conv_e410ae458ee3
5ee08357-1de0-4489-8ee8-6898763c64fa,对话附件/【【射频类医美设备】质量检测员_上海 8-13K】田先生 2年.pdf,conv_a96d4e307332
5ee08357-1de0-4489-8ee8-6898763c64fa,对话附件/【【射频类医美设备】质量检测员_上海 8-13K】韩伟涛 10年以上.pdf,conv_8c0acf0215b8
5ee08357-1de0-4489-8ee8-6898763c64fa,对话附件/【【射频类医美设备】质量检测员_上海 8-13K】马运立 10年以上 (2).pdf,conv_a96d4e307332
5ee08357-1de0-4489-8ee8-6898763c64fa,对话附件/【【射频类医美设备】质量检测员_上海 8-13K】马运立 10年以上.pdf,conv_e410ae458ee3
5ee08357-1de0-4489-8ee8-6898763c64fa,对话附件/【【巡检机器人行业】生产制造总监_广州 28-40K】万煜 10年以上.pdf,conv_e5eadb9c491f
5ee08357-1de0-4489-8ee8-6898763c64fa,对话附件/【【巡检机器人行业】生产制造总监_广州 28-40K】付军 10年以上.pdf,conv_e5eadb9c491f
5ee08357-1de0-4489-8ee8-6898763c64fa,对话附件/【【巡检机器人行业】生产制造总监_广州 28-40K】何文理 10年以上.pdf,conv_e5eadb9c491f
5ee08357-1de0-4489-8ee8-6898763c64fa,对话附件/【【巡检机器人行业】生产制造总监_广州 28-40K】刘先生 10年以上.pdf,conv_e5eadb9c491f
5ee08357-1de0-4489-8ee8-6898763c64fa,对话附件/【【巡检机器人行业】生产制造总监_广州 28-40K】吴亚兵 10年以上.pdf,conv_e5eadb9c491f
5ee08357-1de0-4489-8ee8-6898763c64fa,对话附件/【【巡检机器人行业】生产制造总监_广州 28-40K】周梦蛟 10年以上.pdf,conv_e5eadb9c491f
5ee08357-1de0-4489-8ee8-6898763c64fa,对话附件/【【巡检机器人行业】生产制造总监_广州 28-40K】尤小兵 10年以上.pdf,conv_e5eadb9c491f
5ee08357-1de0-4489-8ee8-6898763c64fa,对话附件/【【巡检机器人行业】生产制造总监_广州 28-40K】张占双 10年以上.pdf,conv_e5eadb9c491f
5ee08357-1de0-4489-8ee8-6898763c64fa,对话附件/【【巡检机器人行业】生产制造总监_广州 28-40K】彦国 10年以上.pdf,conv_e5eadb9c491f
5ee08357-1de0-4489-8ee8-6898763c64fa,对话附件/【【巡检机器人行业】生产制造总监_广州 28-40K】徐钢 10年以上.pdf,conv_e5eadb9c491f
5ee08357-1de0-4489-8ee8-6898763c64fa,对话附件/【【巡检机器人行业】生产制造总监_广州 28-40K】时党伟 10年以上.pdf,conv_e5eadb9c491f
5ee08357-1de0-4489-8ee8-6898763c64fa,对话附件/【【巡检机器人行业】生产制造总监_广州 28-40K】李世刚 10年以上.pdf,conv_e5eadb9c491f
5ee08357-1de0-4489-8ee8-6898763c64fa,对话附件/【【巡检机器人行业】生产制造总监_广州 28-40K】李先生 10年以上.pdf,conv_e5eadb9c491f
5ee08357-1de0-4489-8ee8-6898763c64fa,对话附件/【【巡检机器人行业】生产制造总监_广州 28-40K】李华贵 10年以上.pdf,conv_e5eadb9c491f
5ee08357-1de0-4489-8ee8-6898763c64fa,对话附件/【【巡检机器人行业】生产制造总监_广州 28-40K】李平 10年以上.pdf,conv_e5eadb9c491f
5ee08357-1de0-4489-8ee8-6898763c64fa,对话附件/【【巡检机器人行业】生产制造总监_广州 28-40K】李生 10年以上.pdf,conv_e5eadb9c491f
5ee08357-1de0-4489-8ee8-6898763c64fa,对话附件/【【巡检机器人行业】生产制造总监_广州 28-40K】李顺 10年以上.pdf,conv_e5eadb9c491f
5ee08357-1de0-4489-8ee8-6898763c64fa,对话附件/【【巡检机器人行业】生产制造总监_广州 28-40K】贾先生 10年以上.pdf,conv_e5eadb9c491f
5ee08357-1de0-4489-8ee8-6898763c64fa,对话附件/【【巡检机器人行业】生产制造总监_广州 28-40K】赵星 10年以上.pdf,conv_e5eadb9c491f
5ee08357-1de0-4489-8ee8-6898763c64fa,对话附件/【【巡检机器人行业】生产制造总监_广州 28-40K】邹永俊 10年以上.pdf,conv_e5eadb9c491f
5ee08357-1de0-4489-8ee8-6898763c64fa,对话附件/【【巡检机器人行业】生产制造总监_广州 28-40K】郑先生 10年以上.pdf,conv_e5eadb9c491f
5ee08357-1de0-4489-8ee8-6898763c64fa,对话附件/【【巡检机器人行业】生产制造总监_广州 28-40K】韩生 10年以上.pdf,conv_e5eadb9c491f
5ee08357-1de0-4489-8ee8-6898763c64fa,对话附件/【【巡检机器人行业】集团人事总监base广州_广州 28-35K】Lily 10年以上.pdf,conv_222c1d76547a
5ee08357-1de0-4489-8ee8-6898763c64fa,对话附件/【【巡检机器人行业】集团人事总监base广州_广州 28-35K】Monica Zhang 10年以上.pdf,conv_2e198f6ce53c
5ee08357-1de0-4489-8ee8-6898763c64fa,对话附件/【【巡检机器人行业】集团人事总监base广州_广州 28-35K】卢金强 10年以上.pdf,conv_a9304334a810
5ee08357-1de0-4489-8ee8-6898763c64fa,对话附件/【【巡检机器人行业】集团人事总监base广州_广州 28-35K】孙女士 10年以上 (2).pdf,conv_222c1d76547a
5ee08357-1de0-4489-8ee8-6898763c64fa,对话附件/【【巡检机器人行业】集团人事总监base广州_广州 28-35K】孙女士 10年以上.pdf,conv_2e198f6ce53c
5ee08357-1de0-4489-8ee8-6898763c64fa,对话附件/【【巡检机器人行业】集团人事总监base广州_广州 28-35K】张先生 10年以上.pdf,conv_2e198f6ce53c
5ee08357-1de0-4489-8ee8-6898763c64fa,对话附件/【【巡检机器人行业】集团人事总监base广州_广州 28-35K】弥树强 10年以上 (2).pdf,conv_222c1d76547a
5ee08357-1de0-4489-8ee8-6898763c64fa,对话附件/【【巡检机器人行业】集团人事总监base广州_广州 28-35K】弥树强 10年以上.pdf,conv_2e198f6ce53c
5ee08357-1de0-4489-8ee8-6898763c64fa,对话附件/【【巡检机器人行业】集团人事总监base广州_广州 28-35K】朱传舟 10年以上 (2).pdf,conv_222c1d76547a
5ee08357-1de0-4489-8ee8-6898763c64fa,对话附件/【【巡检机器人行业】集团人事总监base广州_广州 28-35K】朱传舟 10年以上.pdf,conv_222c1d76547a
5ee08357-1de0-4489-8ee8-6898763c64fa,对话附件/【【巡检机器人行业】集团人事总监base广州_广州 28-35K】李先生 10年以上.pdf,conv_2e198f6ce53c
5ee08357-1de0-4489-8ee8-6898763c64fa,对话附件/【【巡检机器人行业】集团人事总监base广州_广州 28-35K】李想 10年以上.pdf,conv_a9304334a810
5ee08357-1de0-4489-8ee8-6898763c64fa,对话附件/【【巡检机器人行业】集团人事总监base广州_广州 28-35K】梁先生 10年以上 (2).pdf,conv_222c1d76547a
5ee08357-1de0-4489-8ee8-6898763c64fa,对话附件/【【巡检机器人行业】集团人事总监base广州_广州 28-35K】梁先生 10年以上.pdf,conv_2e198f6ce53c
5ee08357-1de0-4489-8ee8-6898763c64fa,对话附件/【【巡检机器人行业】集团人事总监base广州_广州 28-35K】武先生 10年以上.pdf,conv_222c1d76547a
5ee08357-1de0-4489-8ee8-6898763c64fa,对话附件/【【巡检机器人行业】集团人事总监base广州_广州 28-35K】汪先生 10年以上.pdf,conv_2e198f6ce53c
5ee08357-1de0-4489-8ee8-6898763c64fa,对话附件/【【巡检机器人行业】集团人事总监base广州_广州 28-35K】熊先生 10年以上 (2).pdf,conv_222c1d76547a
5ee08357-1de0-4489-8ee8-6898763c64fa,对话附件/【【巡检机器人行业】集团人事总监base广州_广州 28-35K】熊先生 10年以上.pdf,conv_2e198f6ce53c
5ee08357-1de0-4489-8ee8-6898763c64fa,对话附件/【【巡检机器人行业】集团人事总监base广州_广州 28-35K】胡斌 10年以上.pdf,conv_222c1d76547a
5ee08357-1de0-4489-8ee8-6898763c64fa,对话附件/【【巡检机器人行业】集团人事总监base广州_广州 28-35K】苏女士 10年以上 (2).pdf,conv_222c1d76547a
5ee08357-1de0-4489-8ee8-6898763c64fa,对话附件/【【巡检机器人行业】集团人事总监base广州_广州 28-35K】苏女士 10年以上.pdf,conv_2e198f6ce53c
5ee08357-1de0-4489-8ee8-6898763c64fa,对话附件/【【巡检机器人行业】集团人事总监base广州_广州 28-35K】赖女士 10年以上 (2).pdf,conv_222c1d76547a
5ee08357-1de0-4489-8ee8-6898763c64fa,对话附件/【【巡检机器人行业】集团人事总监base广州_广州 28-35K】赖女士 10年以上.pdf,conv_2e198f6ce53c
5ee08357-1de0-4489-8ee8-6898763c64fa,对话附件/【【巡检机器人行业】集团人事总监base广州_广州 28-35K】邹先生 10年以上.pdf,conv_222c1d76547a
5ee08357-1de0-4489-8ee8-6898763c64fa,对话附件/【【巡检机器人行业】集团人事总监base广州_广州 28-35K】陈先生 10年以上.pdf,conv_222c1d76547a
5ee08357-1de0-4489-8ee8-6898763c64fa,对话附件/【【巡检机器人行业】集团人事总监base广州_广州 28-35K】陈雪 10年以上 (2).pdf,conv_222c1d76547a
5ee08357-1de0-4489-8ee8-6898763c64fa,对话附件/【【巡检机器人行业】集团人事总监base广州_广州 28-35K】陈雪 10年以上.pdf,conv_2e198f6ce53c
5ee08357-1de0-4489-8ee8-6898763c64fa,对话附件/【【巡检机器人行业】集团人事总监base广州_广州 28-35K】雷先生 10年以上.pdf,conv_2e198f6ce53c
5ee08357-1de0-4489-8ee8-6898763c64fa,对话附件/【【巡检机器人行业】集团人事总监base广州_广州 28-35K】黄先生 10年以上 (2).pdf,conv_222c1d76547a
5ee08357-1de0-4489-8ee8-6898763c64fa,对话附件/【【巡检机器人行业】集团人事总监base广州_广州 28-35K】黄先生 10年以上.pdf,conv_2e198f6ce53c
5ee08357-1de0-4489-8ee8-6898763c64fa,对话附件/【光电医美设备产品经理（产品+市场）_上海 14-22K】孙镜月 8年.pdf,conv_d85b915effeb
5ee08357-1de0-4489-8ee8-6898763c64fa,对话附件/【光电医美设备产品经理（产品+市场）_上海 14-22K】庄凌昀 10年以上.pdf,conv_b4bfa1b742fd
5ee08357-1de0-4489-8ee8-6898763c64fa,对话附件/【光电医美设备产品经理（产品+市场）_上海 14-22K】张先生 8年 (2).pdf,conv_e71276ba785b
5ee08357-1de0-4489-8ee8-6898763c64fa,对话附件/【光电医美设备产品经理（产品+市场）_上海 14-22K】张先生 8年.pdf,conv_9a4530fee647
5ee08357-1de0-4489-8ee8-6898763c64fa,对话附件/【光电医美设备产品经理（产品+市场）_上海 14-22K】李女士 4年.pdf,conv_e71276ba785b
5ee08357-1de0-4489-8ee8-6898763c64fa,对话附件/【光电医美设备产品经理（产品+市场）_上海 14-22K】李玉慧 10年以上.pdf,conv_279b5eb3a290
5ee08357-1de0-4489-8ee8-6898763c64fa,对话附件/【光电医美设备产品经理（产品+市场）_上海 14-22K】杜可心 7年.pdf,conv_279b5eb3a290
5ee08357-1de0-4489-8ee8-6898763c64fa,对话附件/【光电医美设备产品经理（产品+市场）_上海 14-22K】黎湘兰 6年.pdf,conv_9a4530fee647
5ee08357-1de0-4489-8ee8-6898763c64fa,对话附件/【公示版】中科芯飞薪酬管理及激励制度202608.pdf,conv_4024be190b45
5ee08357-1de0-4489-8ee8-6898763c64fa,对话附件/【公示版】薪酬管理及激励制度202608.pdf,conv_4024be190b45
5ee08357-1de0-4489-8ee8-6898763c64fa,对话附件/【商务经理（BD）_上海 10-13K】任文浩 10年以上.pdf,conv_3cf0f7358f02
5ee08357-1de0-4489-8ee8-6898763c64fa,对话附件/【商务经理（BD）_上海 10-13K】张宇峰 10年.pdf,conv_3cf0f7358f02
5ee08357-1de0-4489-8ee8-6898763c64fa,对话附件/【商务经理（BD）_上海 10-13K】文瑾 5年.pdf,conv_3cf0f7358f02
5ee08357-1de0-4489-8ee8-6898763c64fa,对话附件/【商务经理（BD）_上海 10-13K】杨佳晨 2年.pdf,conv_3cf0f7358f02
5ee08357-1de0-4489-8ee8-6898763c64fa,对话附件/【巡检机器人硬件产品经理（技术）base广州_广州 13-20K】Kiki 7年.pdf,conv_b52657b688df
5ee08357-1de0-4489-8ee8-6898763c64fa,对话附件/【巡检机器人硬件产品经理（技术）base广州_广州 13-20K】谭银湘 10年以上.pdf,conv_b52657b688df
5ee08357-1de0-4489-8ee8-6898763c64fa,对话附件/【巡检机器人硬件设计工程师（base广州）_广州 28-40K】符泽新 10年以上.pdf,conv_a9304334a810
5ee08357-1de0-4489-8ee8-6898763c64fa,对话附件/【巡检机器人硬件设计工程师（base广州）_广州 28-40K】辛海平 10年以上.pdf,conv_a9304334a810
5ee08357-1de0-4489-8ee8-6898763c64fa,对话附件/【快应用开发工程师（前端）_上海 10-15K】于宏越 4年.pdf,conv_1c5e6b392159
5ee08357-1de0-4489-8ee8-6898763c64fa,对话附件/【快应用开发工程师（前端）_上海 10-15K】刘女士 3年.pdf,conv_1c5e6b392159
5ee08357-1de0-4489-8ee8-6898763c64fa,对话附件/【快应用开发工程师（前端）_上海 10-15K】刘晓茜 3年.pdf,conv_1c5e6b392159
5ee08357-1de0-4489-8ee8-6898763c64fa,对话附件/【快应用开发工程师（前端）_上海 10-15K】刘肖宇 3年.pdf,conv_1c5e6b392159
5ee08357-1de0-4489-8ee8-6898763c64fa,对话附件/【快应用开发工程师（前端）_上海 10-15K】刘雅坤 6年.pdf,conv_1c5e6b392159
5ee08357-1de0-4489-8ee8-6898763c64fa,对话附件/【快应用开发工程师（前端）_上海 10-15K】卢亮亮 5年.pdf,conv_1c5e6b392159
5ee08357-1de0-4489-8ee8-6898763c64fa,对话附件/【快应用开发工程师（前端）_上海 10-15K】周子轩 6年.pdf,conv_1c5e6b392159
5ee08357-1de0-4489-8ee8-6898763c64fa,对话附件/【快应用开发工程师（前端）_上海 10-15K】姚秀海 3年.pdf,conv_1c5e6b392159
5ee08357-1de0-4489-8ee8-6898763c64fa,对话附件/【快应用开发工程师（前端）_上海 10-15K】尹富强 4年.pdf,conv_1c5e6b392159
5ee08357-1de0-4489-8ee8-6898763c64fa,对话附件/【快应用开发工程师（前端）_上海 10-15K】张先生 4年 (2).pdf,conv_1c5e6b392159
5ee08357-1de0-4489-8ee8-6898763c64fa,对话附件/【快应用开发工程师（前端）_上海 10-15K】张先生 4年.pdf,conv_1c5e6b392159
5ee08357-1de0-4489-8ee8-6898763c64fa,对话附件/【快应用开发工程师（前端）_上海 10-15K】戴志文 6年.pdf,conv_1c5e6b392159
5ee08357-1de0-4489-8ee8-6898763c64fa,对话附件/【快应用开发工程师（前端）_上海 10-15K】曹立宝 3年.pdf,conv_1c5e6b392159
5ee08357-1de0-4489-8ee8-6898763c64fa,对话附件/【快应用开发工程师（前端）_上海 10-15K】李玉琴 5年.pdf,conv_1c5e6b392159
5ee08357-1de0-4489-8ee8-6898763c64fa,对话附件/【快应用开发工程师（前端）_上海 10-15K】杨浩辰 3年.pdf,conv_1c5e6b392159
5ee08357-1de0-4489-8ee8-6898763c64fa,对话附件/【快应用开发工程师（前端）_上海 10-15K】林冰冰 2年.pdf,conv_1c5e6b392159
5ee08357-1de0-4489-8ee8-6898763c64fa,对话附件/【快应用开发工程师（前端）_上海 10-15K】王晶晶 5年.pdf,conv_1c5e6b392159
5ee08357-1de0-4489-8ee8-6898763c64fa,对话附件/【快应用开发工程师（前端）_上海 10-15K】王杰 5年.pdf,conv_1c5e6b392159
5ee08357-1de0-4489-8ee8-6898763c64fa,对话附件/【快应用开发工程师（前端）_上海 10-15K】王诗雨 4年.pdf,conv_1c5e6b392159
5ee08357-1de0-4489-8ee8-6898763c64fa,对话附件/【快应用开发工程师（前端）_上海 10-15K】皮昊 2年.pdf,conv_1c5e6b392159
5ee08357-1de0-4489-8ee8-6898763c64fa,对话附件/【快应用开发工程师（前端）_上海 10-15K】程应明 2年.pdf,conv_1c5e6b392159
5ee08357-1de0-4489-8ee8-6898763c64fa,对话附件/【快应用开发工程师（前端）_上海 10-15K】罗群 6年.pdf,conv_1c5e6b392159
5ee08357-1de0-4489-8ee8-6898763c64fa,对话附件/【快应用开发工程师（前端）_上海 10-15K】西西 3年.pdf,conv_1c5e6b392159
5ee08357-1de0-4489-8ee8-6898763c64fa,对话附件/【快应用开发工程师（前端）_上海 10-15K】郭泽楷 5年.pdf,conv_1c5e6b392159
5ee08357-1de0-4489-8ee8-6898763c64fa,对话附件/【快应用开发工程师（前端）_上海 10-15K】阿凯 5年.pdf,conv_1c5e6b392159
5ee08357-1de0-4489-8ee8-6898763c64fa,对话附件/【快应用开发工程师（前端）_上海 10-15K】陈一昕 5年.pdf,conv_1c5e6b392159
5ee08357-1de0-4489-8ee8-6898763c64fa,对话附件/【法务总监-投行业务_上海 18-25K】刘先生 10年以上 (2).pdf,conv_194d78b87905
5ee08357-1de0-4489-8ee8-6898763c64fa,对话附件/【法务总监-投行业务_上海 18-25K】刘先生 10年以上 (3).pdf,conv_60936d7d143e
5ee08357-1de0-4489-8ee8-6898763c64fa,对话附件/【法务总监-投行业务_上海 18-25K】刘先生 10年以上.pdf,conv_194d78b87905
5ee08357-1de0-4489-8ee8-6898763c64fa,对话附件/【法务总监-投行业务_上海 18-25K】刘晋名 2年.pdf,conv_194d78b87905
5ee08357-1de0-4489-8ee8-6898763c64fa,对话附件/【法务总监-投行业务_上海 18-25K】刘芬 9年.pdf,conv_194d78b87905
5ee08357-1de0-4489-8ee8-6898763c64fa,对话附件/【法务总监-投行业务_上海 18-25K】宋春涛 10年以上.pdf,conv_85e569be9d66
5ee08357-1de0-4489-8ee8-6898763c64fa,对话附件/【法务总监-投行业务_上海 18-25K】张桂林 10年以上.pdf,conv_c72721b62d56
5ee08357-1de0-4489-8ee8-6898763c64fa,对话附件/【法务总监-投行业务_上海 18-25K】李振 10年以上.pdf,conv_05a433473107
5ee08357-1de0-4489-8ee8-6898763c64fa,对话附件/【法务总监-投行业务_上海 18-25K】王融心 2年.pdf,conv_194d78b87905
5ee08357-1de0-4489-8ee8-6898763c64fa,对话附件/【法务总监-投行业务_上海 18-25K】苏兵 10年以上 (2).pdf,conv_60936d7d143e
5ee08357-1de0-4489-8ee8-6898763c64fa,对话附件/【法务总监-投行业务_上海 18-25K】苏兵 10年以上 (3).pdf,conv_05a433473107
5ee08357-1de0-4489-8ee8-6898763c64fa,对话附件/【法务总监-投行业务_上海 18-25K】苏兵 10年以上.pdf,conv_194d78b87905
5ee08357-1de0-4489-8ee8-6898763c64fa,对话附件/【法务总监-投行业务_上海 18-25K】谢宗颖 10年以上 (2).pdf,conv_05a433473107
5ee08357-1de0-4489-8ee8-6898763c64fa,对话附件/【法务总监-投行业务_上海 18-25K】谢宗颖 10年以上.pdf,conv_60936d7d143e
5ee08357-1de0-4489-8ee8-6898763c64fa,对话附件/【法务总监-投行业务_上海 18-25K】赵先生 5年.pdf,conv_c72721b62d56
5ee08357-1de0-4489-8ee8-6898763c64fa,对话附件/【法务总监-投行业务_上海 18-25K】陈斐婵 10年以上.pdf,conv_194d78b87905
5ee08357-1de0-4489-8ee8-6898763c64fa,对话附件/【（巡检场景）SLAM导航算法工程师-base广州_广州 20-30K】刘红日 10年以上.pdf,conv_a9304334a810
5ee08357-1de0-4489-8ee8-6898763c64fa,对话附件/【（巡检场景）SLAM导航算法工程师-base广州_广州 20-30K】李正钊 10年以上.pdf,conv_a9304334a810
5ee08357-1de0-4489-8ee8-6898763c64fa,对话附件/【（巡检机器人）机械设计工程师-base广州_广州 18-25K】何辉 10年以上.pdf,conv_0df36094b90c
5ee08357-1de0-4489-8ee8-6898763c64fa,对话附件/【（巡检机器人）机械设计工程师-base广州_广州 18-25K】刘玉红 10年以上.pdf,conv_0df36094b90c
5ee08357-1de0-4489-8ee8-6898763c64fa,对话附件/【（巡检机器人）机械设计工程师-base广州_广州 18-25K】刘立国 10年以上.pdf,conv_0df36094b90c
5ee08357-1de0-4489-8ee8-6898763c64fa,对话附件/【（巡检机器人）机械设计工程师-base广州_广州 18-25K】张再辉 9年.pdf,conv_0df36094b90c
5ee08357-1de0-4489-8ee8-6898763c64fa,对话附件/【（巡检机器人）机械设计工程师-base广州_广州 18-25K】房睿 10年以上.pdf,conv_0df36094b90c
5ee08357-1de0-4489-8ee8-6898763c64fa,对话附件/【（巡检机器人）机械设计工程师-base广州_广州 18-25K】李勇 10年以上.pdf,conv_0df36094b90c
5ee08357-1de0-4489-8ee8-6898763c64fa,对话附件/【（巡检机器人）机械设计工程师-base广州_广州 18-25K】李国平 10年以上.pdf,conv_0df36094b90c
5ee08357-1de0-4489-8ee8-6898763c64fa,对话附件/【（巡检机器人）机械设计工程师-base广州_广州 18-25K】王乔明 10年以上.pdf,conv_0df36094b90c
5ee08357-1de0-4489-8ee8-6898763c64fa,对话附件/【（巡检机器人）机械设计工程师-base广州_广州 18-25K】胡晚均 10年以上.pdf,conv_0df36094b90c
5ee08357-1de0-4489-8ee8-6898763c64fa,对话附件/【（巡检机器人）机械设计工程师-base广州_广州 18-25K】马先生 10年以上.pdf,conv_0df36094b90c
5ee08357-1de0-4489-8ee8-6898763c64fa,对话附件/【（研发支持）项目经理-base广州_广州 14-20K】张达明 10年以上.pdf,conv_a9304334a810
5ee08357-1de0-4489-8ee8-6898763c64fa,对话附件/【（研发支持）项目经理-base广州_广州 14-20K】赵永强 5年.pdf,conv_a9304334a810
5ee08357-1de0-4489-8ee8-6898763c64fa,对话附件/上海探九技术转移有限公司-投标文件0626终.pdf,conv_91d7eae7f753
5ee08357-1de0-4489-8ee8-6898763c64fa,对话附件/中科微藻融资BP20251117.pdf,conv_0581d60474f4
5ee08357-1de0-4489-8ee8-6898763c64fa,对话附件/国巡机器人人资总监JD.docx,conv_a9304334a810
5ee08357-1de0-4489-8ee8-6898763c64fa,对话附件/国巡机器人企业简介_V1.0.pptx,conv_0efb58eb1ff1
5ee08357-1de0-4489-8ee8-6898763c64fa,对话附件/国巡机器人公司概要及产品介绍 (2).docx,conv_e8db180459dc
5ee08357-1de0-4489-8ee8-6898763c64fa,对话附件/国巡机器人公司概要及产品介绍.docx,conv_a9304334a810
5ee08357-1de0-4489-8ee8-6898763c64fa,对话附件/张志勇的简历.2(2).docx,conv_0581d60474f4
5ee08357-1de0-4489-8ee8-6898763c64fa,对话附件/总裁助理JD.docx,conv_0581d60474f4
5ee08357-1de0-4489-8ee8-6898763c64fa,对话附件/泥炭藓碳汇系统暨产业科技化创新合作框架sy0702N.docx,conv_6128c35ae33c
5ee08357-1de0-4489-8ee8-6898763c64fa,对话附件/王英超--生产运营与质量管理.docx,conv_e5eadb9c491f
5ee08357-1de0-4489-8ee8-6898763c64fa,对话附件/生产制造运营总监_岗位说明书.docx,conv_e8db180459dc
5ee08357-1de0-4489-8ee8-6898763c64fa,对话附件/研发部岗位JD.docx,conv_a9304334a810
5ee08357-1de0-4489-8ee8-6898763c64fa,对话附件/静雨实业（上海）股份有限公司中英文版本.pdf,conv_7f7ed36bdd37
5ee08357-1de0-4489-8ee8-6898763c64fa,对话附件/黑马路演-泥炭藓产业化项目0516N.pptx,conv_6128c35ae33c
6f30b1c7-dfa8-4ed9-9aa6-a487a9ef253a,对话附件/image.png,conv_a08c766fa806
6f30b1c7-dfa8-4ed9-9aa6-a487a9ef253a,对话附件/会议纪要2026-08-24.docx,conv_a08c766fa806
6f30b1c7-dfa8-4ed9-9aa6-a487a9ef253a,对话附件/微信图片_***CARD***_4_50.png,conv_a08c766fa806
6f30b1c7-dfa8-4ed9-9aa6-a487a9ef253a,对话附件/微信图片_***CARD***_5_50.png,conv_a08c766fa806
6f30b1c7-dfa8-4ed9-9aa6-a487a9ef253a,对话附件/竞对市场与战略规划 - 副本 - 副本.pptx,conv_a08c766fa806
6f30b1c7-dfa8-4ed9-9aa6-a487a9ef253a,对话附件/竞对市场与战略规划 - 美化修改版 (2).pptx,conv_a08c766fa806
6f30b1c7-dfa8-4ed9-9aa6-a487a9ef253a,对话附件/竞对市场与战略规划 - 美化修改版 (3).pptx,conv_a08c766fa806
6f30b1c7-dfa8-4ed9-9aa6-a487a9ef253a,对话附件/竞对市场与战略规划 - 美化修改版 (4).pptx,conv_a08c766fa806
6f30b1c7-dfa8-4ed9-9aa6-a487a9ef253a,对话附件/竞对市场与战略规划 - 美化修改版.pptx,conv_a08c766fa806
6f30b1c7-dfa8-4ed9-9aa6-a487a9ef253a,对话附件/芯飞合并报表202606 (2).xlsx,conv_a08c766fa806
6f30b1c7-dfa8-4ed9-9aa6-a487a9ef253a,对话附件/芯飞合并报表202606.xlsx,conv_a08c766fa806
76d362d5-0552-4b79-8d05-ce0bbb885d9c,AI 创作中心/生成小学三年级语文的清明的教案-conv_567a2331adcf/3年级语文_清明.md,conv_ffce143443d1
76d362d5-0552-4b79-8d05-ce0bbb885d9c,AI 工作区/成果文件/ai新闻热点今天的-conv_7df2a2fe5a12/ai_news_2026-07-28.png,conv_7df2a2fe5a12
76d362d5-0552-4b79-8d05-ce0bbb885d9c,AI 工作区/成果文件/ai新闻热点今天的-conv_7df2a2fe5a12/ai_news_2026-07-29.png,conv_7df2a2fe5a12
76d362d5-0552-4b79-8d05-ce0bbb885d9c,AI 工作区/成果文件/ai新闻热点国内的-conv_b69071f509d3/2026-08-07_国内AI新闻热点速览.md,conv_b69071f509d3
76d362d5-0552-4b79-8d05-ce0bbb885d9c,AI 工作区/成果文件/搜索下今天的ai热点新闻-conv_e62526e330bb/outputs/slides/slide_001.png,conv_e62526e330bb
76d362d5-0552-4b79-8d05-ce0bbb885d9c,AI 工作区/成果文件/根据md文件和参考图，生成agent的安-conv_c86a4d3195b3/Token节约机制PPT/Token节约机制_PPT_演示版.pptx,conv_c86a4d3195b3
76d362d5-0552-4b79-8d05-ce0bbb885d9c,AI 工作区/成果文件/根据md文件和参考图，生成agent的安-conv_c86a4d3195b3/技能自动涌现机制PPT/技能自动涌现机制_PPT_浅色版.pptx,conv_c86a4d3195b3
76d362d5-0552-4b79-8d05-ce0bbb885d9c,AI 工作区/成果文件/结合ppt内容，以及直接上传场景下的真实-conv_961f12d62317/2026-09-08_云知师AI课堂分析系统_产品宣传文档.docx,conv_961f12d62317
76d362d5-0552-4b79-8d05-ce0bbb885d9c,AI 工作区/成果文件/结合上传的图片，生成图片型PPT-conv_98d45aba0065/PRD-云知师AI课堂分析MVP一期.md,conv_98d45aba0065
76d362d5-0552-4b79-8d05-ce0bbb885d9c,AI 工作区/成果文件/结合上传的图片，生成图片型PPT-conv_98d45aba0065/images/01_系统架构图.png,conv_98d45aba0065
76d362d5-0552-4b79-8d05-ce0bbb885d9c,AI 工作区/成果文件/结合上传的图片，生成图片型PPT-conv_98d45aba0065/images/02_用户旅程图.png,conv_98d45aba0065
76d362d5-0552-4b79-8d05-ce0bbb885d9c,AI 工作区/成果文件/结合上传的图片，生成图片型PPT-conv_98d45aba0065/images/场景一_带边缘节点架构图_v2.png,conv_98d45aba0065
76d362d5-0552-4b79-8d05-ce0bbb885d9c,AI 工作区/成果文件/结合上传的图片，生成图片型PPT-conv_98d45aba0065/images/场景一_带边缘节点架构图_v3.png,conv_98d45aba0065
76d362d5-0552-4b79-8d05-ce0bbb885d9c,AI 工作区/成果文件/结合上传的图片，生成图片型PPT-conv_98d45aba0065/images/场景二_直接上传架构图.png,conv_98d45aba0065
76d362d5-0552-4b79-8d05-ce0bbb885d9c,AI 工作区/成果文件/结合上传的图片，生成图片型PPT-conv_98d45aba0065/images/场景二_直接上传架构图_v2.png,conv_98d45aba0065
76d362d5-0552-4b79-8d05-ce0bbb885d9c,AI 工作区/成果文件/结合上传的图片，生成图片型PPT-conv_98d45aba0065/images/场景二_直接上传架构图_v3.png,conv_98d45aba0065
76d362d5-0552-4b79-8d05-ce0bbb885d9c,AI 工作区/成果文件/结合上传的图片，生成图片型PPT-conv_98d45aba0065/images/架构图_国内大模型_v4.png,conv_98d45aba0065
76d362d5-0552-4b79-8d05-ce0bbb885d9c,AI 工作区/成果文件/请从现在开始按以下人格与我协作： 人格名-conv_9c7276cba6b3/2026-08-10_项目详情页_商务蓝风.png,conv_9c7276cba6b3
76d362d5-0552-4b79-8d05-ce0bbb885d9c,AI 工作区/成果文件/请结合用户提供的各种文档，产出技术PRD-conv_05a1114102cf/2026-08-07_技术PRD-科委概念验证专项管理平台.md,conv_05a1114102cf
76d362d5-0552-4b79-8d05-ce0bbb885d9c,AI 工作区/成果文件/请结合用户提供的各种文档，产出技术PRD-conv_05a1114102cf/2026-08-07_科委概念验证专项管理平台_汇报PPT_精简版_v2.pptx,conv_05a1114102cf
76d362d5-0552-4b79-8d05-ce0bbb885d9c,AI 工作区/成果文件/重新生成一个专业的技术架构图-conv_ccf77916e240/平台整体架构图.png,conv_ccf77916e240
76d362d5-0552-4b79-8d05-ce0bbb885d9c,Xin-10组/陈子曦0819.docx,conv_8e26cf39a820|conv_f2c7eafcee01
76d362d5-0552-4b79-8d05-ce0bbb885d9c,outputs/images/2026-08-18_ai_news_001.png,conv_6b1d5998b0e7
76d362d5-0552-4b79-8d05-ce0bbb885d9c,xin 生智造ppt(2).pptx,conv_3fb6b3eb1269|conv_9f17c99fde01
76d362d5-0552-4b79-8d05-ce0bbb885d9c,个人知识库/PRD-科委概念验证专项管理平台.md,conv_05a1114102cf
76d362d5-0552-4b79-8d05-ce0bbb885d9c,个人知识库/dai1/s41558-026-02559-3.pdf,conv_5e32c5929830|conv_639563c765e9
76d362d5-0552-4b79-8d05-ce0bbb885d9c,个人知识库/s41558-026-02559-3.pdf,conv_76e4be35112f
76d362d5-0552-4b79-8d05-ce0bbb885d9c,个人知识库/xin 生智造ppt(2).pptx,conv_3fb6b3eb1269
76d362d5-0552-4b79-8d05-ce0bbb885d9c,个人知识库/ye-Engineered bacteria/s43018-025-00932-3.pdf,conv_62b59deb8bd3
76d362d5-0552-4b79-8d05-ce0bbb885d9c,个人知识库/【AI应用开发工程师（后端）_上海 10-15K】黄静雯 26年应届生.pdf,conv_0503838df11d
76d362d5-0552-4b79-8d05-ce0bbb885d9c,个人知识库/【有源医疗器械临床经理（医疗美容设备方向）_上海 20-25K】武建宇 9年.pdf,conv_cba364c8feae
76d362d5-0552-4b79-8d05-ce0bbb885d9c,个人知识库/云知师AI产品介绍_202508_v3.0_09.pdf,conv_8748935e7377|conv_9af1f51c4560
76d362d5-0552-4b79-8d05-ce0bbb885d9c,个人知识库/西游记.txt,conv_457fafd7baf1
76d362d5-0552-4b79-8d05-ce0bbb885d9c,对话附件/***HEX***.png,conv_0d28a549f675|conv_941120f650f2
76d362d5-0552-4b79-8d05-ce0bbb885d9c,对话附件/1aa74cf4-298b-43ed-9219-60f0e269aca5 (2).webp,conv_98d45aba0065
76d362d5-0552-4b79-8d05-ce0bbb885d9c,对话附件/1aa74cf4-298b-43ed-9219-60f0e269aca5.webp,conv_98d45aba0065
76d362d5-0552-4b79-8d05-ce0bbb885d9c,对话附件/2026-09-24_国巡技能清单与对接报价表.md,conv_a8922f4056c9
76d362d5-0552-4b79-8d05-ce0bbb885d9c,对话附件/20260824-181133 (2).png,conv_98d45aba0065
76d362d5-0552-4b79-8d05-ce0bbb885d9c,对话附件/20260824-181133.png,conv_98d45aba0065|conv_f98f35e79944
76d362d5-0552-4b79-8d05-ce0bbb885d9c,对话附件/49f23462-2b13-4bae-81f2-c6daa9746e57.png,conv_05a1114102cf
76d362d5-0552-4b79-8d05-ce0bbb885d9c,对话附件/885408b2-22fc-41a7-82e3-41201c169977.png,conv_05a1114102cf
76d362d5-0552-4b79-8d05-ce0bbb885d9c,对话附件/AI智能体安全检查体系-PPT大纲.md,conv_c86a4d3195b3
76d362d5-0552-4b79-8d05-ce0bbb885d9c,对话附件/ScreenShot_2026-07-31_192228_859 (2).png,conv_93bc0bdf1c57
76d362d5-0552-4b79-8d05-ce0bbb885d9c,对话附件/ScreenShot_2026-07-31_192228_859.png,conv_59e5ac728e02|conv_60dc573f2126|conv_64a5d39a2db8|conv_941120f650f2
76d362d5-0552-4b79-8d05-ce0bbb885d9c,对话附件/ScreenShot_2026-08-14_001559_896.png,conv_b69071f509d3
76d362d5-0552-4b79-8d05-ce0bbb885d9c,对话附件/ScreenShot_2026-08-14_001613_593.png,conv_9c7276cba6b3
76d362d5-0552-4b79-8d05-ce0bbb885d9c,对话附件/ScreenShot_2026-08-14_001624_126.png,conv_b69071f509d3
76d362d5-0552-4b79-8d05-ce0bbb885d9c,对话附件/Video Quotation Template.docx,conv_98d45aba0065
76d362d5-0552-4b79-8d05-ce0bbb885d9c,对话附件/asc toB报价_20250722_1.xlsx,conv_2d755771f0da
76d362d5-0552-4b79-8d05-ce0bbb885d9c,对话附件/b219e48b-4c88-4fc1-bf93-b8eb39be7de4.png,conv_941120f650f2
76d362d5-0552-4b79-8d05-ce0bbb885d9c,对话附件/image (10).png,conv_98d45aba0065
76d362d5-0552-4b79-8d05-ce0bbb885d9c,对话附件/image (2).png,conv_05a1114102cf|conv_2d755771f0da|conv_9c7276cba6b3
76d362d5-0552-4b79-8d05-ce0bbb885d9c,对话附件/image (3).png,conv_05a1114102cf|conv_c86a4d3195b3
76d362d5-0552-4b79-8d05-ce0bbb885d9c,对话附件/image (4).png,conv_9c7276cba6b3|conv_ccf77916e240|conv_f6c22813efab
76d362d5-0552-4b79-8d05-ce0bbb885d9c,对话附件/image (5).png,conv_98d45aba0065|conv_9c7276cba6b3
76d362d5-0552-4b79-8d05-ce0bbb885d9c,对话附件/image (6).png,conv_98d45aba0065
76d362d5-0552-4b79-8d05-ce0bbb885d9c,对话附件/image (7).png,conv_d789f17826d1
76d362d5-0552-4b79-8d05-ce0bbb885d9c,对话附件/image (8).png,conv_98d45aba0065
76d362d5-0552-4b79-8d05-ce0bbb885d9c,对话附件/image (9).png,conv_ef9f47425b00
76d362d5-0552-4b79-8d05-ce0bbb885d9c,对话附件/image.png,conv_2d755771f0da|conv_9c7276cba6b3
76d362d5-0552-4b79-8d05-ce0bbb885d9c,对话附件/img_v3_0214p_0162df36-b294-4b73-b1b1-13ac3ba2c3ag.png,conv_6f0b034387f1
76d362d5-0552-4b79-8d05-ce0bbb885d9c,对话附件/img_v3_0215a_4cb2c70c-6e79-469b-befd-ad156636a0dg.jpg,conv_961f12d62317
76d362d5-0552-4b79-8d05-ce0bbb885d9c,对话附件/img_v3_0215a_888fd72a-c01d-48a7-a76f-af450894238g.jpg,conv_961f12d62317
76d362d5-0552-4b79-8d05-ce0bbb885d9c,对话附件/img_v3_0215a_8bbd3751-8747-44a6-93f8-00ad43e09a0g.jpg,conv_961f12d62317
76d362d5-0552-4b79-8d05-ce0bbb885d9c,对话附件/skill-emergence-ppt-outline (2).md,conv_c86a4d3195b3
76d362d5-0552-4b79-8d05-ce0bbb885d9c,对话附件/skill-emergence-ppt-outline.md,conv_c86a4d3195b3
76d362d5-0552-4b79-8d05-ce0bbb885d9c,对话附件/token-saving-ppt-outline-brief.md,conv_c86a4d3195b3
76d362d5-0552-4b79-8d05-ce0bbb885d9c,对话附件/云知师AI课堂分析_产品场景汇报2.pptx,conv_961f12d62317
76d362d5-0552-4b79-8d05-ce0bbb885d9c,对话附件/任务看板 — 功能讲解与演示.docx,conv_c86a4d3195b3
76d362d5-0552-4b79-8d05-ce0bbb885d9c,对话附件/光的折射-课堂观察报告.html,conv_206cc3f2c91c
76d362d5-0552-4b79-8d05-ce0bbb885d9c,对话附件/微信图片_***CARD***_825_15.png,conv_98d45aba0065
76d362d5-0552-4b79-8d05-ce0bbb885d9c,对话附件/德弈申与云知师合作协议_AI赋能课堂教学研修课程_修订版.docx,conv_70726a26e739
76d362d5-0552-4b79-8d05-ce0bbb885d9c,对话附件/批量导入 (2).png,conv_05a1114102cf
76d362d5-0552-4b79-8d05-ce0bbb885d9c,对话附件/批量导入 (3).png,conv_05a1114102cf
76d362d5-0552-4b79-8d05-ce0bbb885d9c,对话附件/批量导入 (4).png,conv_05a1114102cf
76d362d5-0552-4b79-8d05-ce0bbb885d9c,对话附件/批量导入.png,conv_05a1114102cf
76d362d5-0552-4b79-8d05-ce0bbb885d9c,对话附件/报价单_云知师AI宣传视频制作_中文 (2).docx,conv_98d45aba0065
76d362d5-0552-4b79-8d05-ce0bbb885d9c,对话附件/报价单_云知师AI宣传视频制作_中文.docx,conv_98d45aba0065
76d362d5-0552-4b79-8d05-ce0bbb885d9c,对话附件/科委概念验证专项管理平台_0808.pptx,conv_9c7276cba6b3
76d362d5-0552-4b79-8d05-ce0bbb885d9c,对话附件/科委概念验证专项管理平台_0812.pptx,conv_f5e696fd661b
76d362d5-0552-4b79-8d05-ce0bbb885d9c,对话附件/英特尔 AI Edge 应用合作伙伴简报 信息汇编.png,conv_98d45aba0065
76d362d5-0552-4b79-8d05-ce0bbb885d9c,对话附件/英特尔AI边缘应用合作伙伴简报_信息填写_中文.docx,conv_98d45aba0065
76d362d5-0552-4b79-8d05-ce0bbb885d9c,对话附件/论文审查平台报价单.xlsx,conv_2d755771f0da
76d362d5-0552-4b79-8d05-ce0bbb885d9c,对话附件/评审流程.png,conv_05a1114102cf
76d362d5-0552-4b79-8d05-ce0bbb885d9c,对话附件/评审进度 (3).png,conv_05a1114102cf
76d362d5-0552-4b79-8d05-ce0bbb885d9c,对话附件/邓稼先-教案生成.docx,conv_067433fd2015
76d362d5-0552-4b79-8d05-ce0bbb885d9c,对话附件/项目管理.png,conv_05a1114102cf
76d362d5-0552-4b79-8d05-ce0bbb885d9c,易知视频/合集/文哥-易知_论文与科研数据智能质审_Agent制作包.zip,conv_870b933e9ff8
76d362d5-0552-4b79-8d05-ce0bbb885d9c,英特尔协议.pdf,conv_646d3f4ded2c
78033208-039e-4772-998f-5498a7808b3e,对话附件/中航通用BP - 202607.pdf,conv_0e3d37287c9d
78033208-039e-4772-998f-5498a7808b3e,对话附件/中航通用民用领域的业务发展情况介绍 - 20260703.pdf,conv_0e3d37287c9d
78033208-039e-4772-998f-5498a7808b3e,对话附件/华芯天微_投资人关心重点问题.xlsx,conv_769c8e9a7039
78a2d9af-2398-4407-98a1-4954a0a4b54e,对话附件/2026-09-18_美鲸灵项目沟通会_会议纪要.docx,conv_19d90530d45a
78a2d9af-2398-4407-98a1-4954a0a4b54e,对话附件/医美器械商业模式.docx,conv_19d90530d45a
78a2d9af-2398-4407-98a1-4954a0a4b54e,对话附件/锐承通讯大厦 (2).m4a,conv_19d90530d45a
78a2d9af-2398-4407-98a1-4954a0a4b54e,对话附件/锐承通讯大厦.m4a,conv_19d90530d45a
8414db33-feee-4461-a402-8ab03b6ecba4,AI 工作区/成果文件/我准备中秋节周边自驾旅游，有四个人，我和-conv_9bd89c462ef4/2026-09-14_中秋带狗两套方案_安吉_象山.md,conv_9bd89c462ef4
8414db33-feee-4461-a402-8ab03b6ecba4,对话附件/***HEX***.jpg,conv_342c46e71042|conv_a76fd035bbbc
8414db33-feee-4461-a402-8ab03b6ecba4,对话附件/***HEX***.png,conv_342c46e71042|conv_d640957a9820
8414db33-feee-4461-a402-8ab03b6ecba4,对话附件/1.2苏州长湾增材创业投资合伙企业（有限合伙）-合伙协议 (2).docx,conv_383e0a3ecde7
8414db33-feee-4461-a402-8ab03b6ecba4,对话附件/1_附件2：武汉易制投资协议_V2_20221227 (cmts)(1)(1)- GLO revised - nwd comts新世界114万转股.docx,conv_12303335d17b
8414db33-feee-4461-a402-8ab03b6ecba4,对话附件/2026-08-20_债权催收会议纪要-三胞集团(2).docx,conv_becece127443
8414db33-feee-4461-a402-8ab03b6ecba4,对话附件/2026-08-20_债权催收会议纪要-南京金融办(2).docx,conv_becece127443
8414db33-feee-4461-a402-8ab03b6ecba4,对话附件/2026-08-21_中能源遗留债务回款方案沟通会议纪要(1).docx,conv_becece127443
8414db33-feee-4461-a402-8ab03b6ecba4,对话附件/2026-08-21_环球钱律咨询会议纪要.docx,conv_0f55f4349bf7
8414db33-feee-4461-a402-8ab03b6ecba4,对话附件/2026-08-24_关于上海世联行被列入被执行人案件的说明 (2).docx,conv_2a3f403f7fa3
8414db33-feee-4461-a402-8ab03b6ecba4,对话附件/2026-08-24_关于上海世联行被列入被执行人案件的说明.docx,conv_ce34559870b8
8414db33-feee-4461-a402-8ab03b6ecba4,对话附件/2026-08-26_世联行存量项目访谈会议纪要 (2).docx,conv_ce34559870b8
8414db33-feee-4461-a402-8ab03b6ecba4,对话附件/2026-08-26_世联行存量项目访谈会议纪要.docx,conv_becece127443
8414db33-feee-4461-a402-8ab03b6ecba4,对话附件/20260818-创始人承诺函V1(1).docx,conv_591e521ac565
8414db33-feee-4461-a402-8ab03b6ecba4,对话附件/20260818-创始人承诺函V2.docx,conv_591e521ac565
8414db33-feee-4461-a402-8ab03b6ecba4,对话附件/20260818-未来工场投资框架协议-合世家V1(1).doc,conv_591e521ac565
8414db33-feee-4461-a402-8ab03b6ecba4,对话附件/20260820-创始人承诺函 - 批注版.docx,conv_61447b378f5d
8414db33-feee-4461-a402-8ab03b6ecba4,对话附件/20260820-未来工场投资框架协议-合世家 - 批注版.doc,conv_61447b378f5d
8414db33-feee-4461-a402-8ab03b6ecba4,对话附件/20260825_Springbok (Settlement Agreement_Construction Update).pdf,conv_5e5edf7bdf2a
8414db33-feee-4461-a402-8ab03b6ecba4,对话附件/20260828-创始人承诺函 - 批注版.docx,conv_a3372150c827
8414db33-feee-4461-a402-8ab03b6ecba4,对话附件/20260828-创始人承诺函.docx,conv_a3372150c827
8414db33-feee-4461-a402-8ab03b6ecba4,对话附件/20260828-境外二级市场资金运营方案.docx,conv_becece127443
8414db33-feee-4461-a402-8ab03b6ecba4,对话附件/20260828-未来工场_三次上会问题回复及协议修改内容.docx,conv_becece127443
8414db33-feee-4461-a402-8ab03b6ecba4,对话附件/20260828-未来工场投资框架协议-合世家 - 批注版.doc,conv_a3372150c827
8414db33-feee-4461-a402-8ab03b6ecba4,对话附件/20260828-未来工场投资框架协议-合世家.doc,conv_a3372150c827
8414db33-feee-4461-a402-8ab03b6ecba4,对话附件/20260828-相关境外资金运营方案.docx,conv_5f2d94a73a6d
8414db33-feee-4461-a402-8ab03b6ecba4,对话附件/3D打印行业研究报告.docx,conv_6dcabb7eaa6c
8414db33-feee-4461-a402-8ab03b6ecba4,对话附件/Anisoprint_B+轮_股权转让协议 - SH20260827 redline - 副本.docx,conv_512bed807235
8414db33-feee-4461-a402-8ab03b6ecba4,对话附件/Anisoprint_B+轮_股权转让协议 - SH20260827 redline.docx,conv_1344d32a1970
8414db33-feee-4461-a402-8ab03b6ecba4,对话附件/Anisoprint_B+轮_股权转让协议 - SH20260902 all track change.docx,conv_849a4af1be2e
8414db33-feee-4461-a402-8ab03b6ecba4,对话附件/Concord Capital Limited - Board Resolutions (Cure Period for Late Capital Contribution) - Han Kun 20260821(1).docx,conv_b692170f084d
8414db33-feee-4461-a402-8ab03b6ecba4,对话附件/Investment Advisory Agreement (draft 11Feb2026)(1).docx,conv_43f0daa73651
8414db33-feee-4461-a402-8ab03b6ecba4,对话附件/MJ6外部合作方代理服务合同及佣金结算管理套件 (2).docx,conv_62c16b4032bf
8414db33-feee-4461-a402-8ab03b6ecba4,对话附件/MJ6外部合作方代理服务合同及佣金结算管理套件.docx,conv_62c16b4032bf
8414db33-feee-4461-a402-8ab03b6ecba4,对话附件/MJ6外部渠道商销售代理服务合同及佣金结算管理套件20260811.docx,conv_62c16b4032bf
8414db33-feee-4461-a402-8ab03b6ecba4,对话附件/NDA-中科祥龙-珠海合世家资管-20260821.docx,conv_3126a0980266
8414db33-feee-4461-a402-8ab03b6ecba4,对话附件/Springbok_Onshore Holdco Joint Venture Agreement_Signed【签署版】.pdf,conv_aad48418bf73
8414db33-feee-4461-a402-8ab03b6ecba4,对话附件/image (2).png,conv_2a3f403f7fa3
8414db33-feee-4461-a402-8ab03b6ecba4,对话附件/image (3).png,conv_9bd89c462ef4
8414db33-feee-4461-a402-8ab03b6ecba4,对话附件/image (4).png,conv_9bd89c462ef4
8414db33-feee-4461-a402-8ab03b6ecba4,对话附件/image (5).png,conv_9bd89c462ef4
8414db33-feee-4461-a402-8ab03b6ecba4,对话附件/image.png,conv_2a3f403f7fa3
8414db33-feee-4461-a402-8ab03b6ecba4,对话附件/【TC18】华恒生合万物TS-20260817.docx,conv_97100bdcb068
8414db33-feee-4461-a402-8ab03b6ecba4,对话附件/【TC18】股权激励方案-2026.8.10(1).docx,conv_c90bb002011a
8414db33-feee-4461-a402-8ab03b6ecba4,对话附件/【云信】世联行IDC项目进展说明202609.docx,conv_ce34559870b8
8414db33-feee-4461-a402-8ab03b6ecba4,对话附件/【合世家】NDA_必趣-2060831.docx,conv_fafb4f4f16ce
8414db33-feee-4461-a402-8ab03b6ecba4,对话附件/一力行商务服务协议.pdf,conv_9e9b2c3bd66a
8414db33-feee-4461-a402-8ab03b6ecba4,对话附件/世联行存量项目2026年8月26日访谈会议纪要.docx,conv_2ff337f34ddc
8414db33-feee-4461-a402-8ab03b6ecba4,对话附件/世联行系列风险项目-监测统计（按公司）-20260916 (1).xlsx,conv_2a3f403f7fa3
8414db33-feee-4461-a402-8ab03b6ecba4,对话附件/世联行系列风险项目-监测统计（按公司）-20260919 (1).xlsx,conv_2a3f403f7fa3
8414db33-feee-4461-a402-8ab03b6ecba4,对话附件/世联行系列风险项目-监测统计（按公司）-20260921.xlsx,conv_2a3f403f7fa3
8414db33-feee-4461-a402-8ab03b6ecba4,对话附件/世联行限制消费令.pdf,conv_2a3f403f7fa3
8414db33-feee-4461-a402-8ab03b6ecba4,对话附件/中能源综合方案与风险行动路径-20260809(1).pdf,conv_0f55f4349bf7
8414db33-feee-4461-a402-8ab03b6ecba4,对话附件/乐语债权催收.docx,conv_9132ec6b4bf0
8414db33-feee-4461-a402-8ab03b6ecba4,对话附件/会议决议2 (2).docx,conv_d640957a9820
8414db33-feee-4461-a402-8ab03b6ecba4,对话附件/会议纪要 (2).docx,conv_cb6138865136
8414db33-feee-4461-a402-8ab03b6ecba4,对话附件/会议纪要.docx,conv_2ff337f34ddc
8414db33-feee-4461-a402-8ab03b6ecba4,对话附件/会议纪要918.docx,conv_5e5edf7bdf2a
8414db33-feee-4461-a402-8ab03b6ecba4,对话附件/保密协议(1) (2).docx,conv_1c289044d62b
8414db33-feee-4461-a402-8ab03b6ecba4,对话附件/信息中心员工客服岗合同（社招版）(1).doc,conv_a8d3ad85a09e
8414db33-feee-4461-a402-8ab03b6ecba4,对话附件/关于上海世联行被列入新增被执行案件的说明.docx,conv_a9e6bd1941ea
8414db33-feee-4461-a402-8ab03b6ecba4,对话附件/关于云信严重违反信托文件约定的投诉函(1).docx,conv_c32903955c2b
8414db33-feee-4461-a402-8ab03b6ecba4,对话附件/合世家-月报模板（新）.pptx,conv_becece127443
8414db33-feee-4461-a402-8ab03b6ecba4,对话附件/合伙人会议决议-变更投资经理-苏州长湾.pdf,conv_8f4a217f3e6e
8414db33-feee-4461-a402-8ab03b6ecba4,对话附件/委托人承诺函20260918 清洁(3).docx,conv_c32903955c2b
8414db33-feee-4461-a402-8ab03b6ecba4,对话附件/宁波合钰-合创二期情况说明2026.09.10（草稿版）.docx,conv_75d05fa37605
8414db33-feee-4461-a402-8ab03b6ecba4,对话附件/数生智创-缴款通知-009号2026.08.20（100万元）(信托版）.docx,conv_170be448a556
8414db33-feee-4461-a402-8ab03b6ecba4,对话附件/数生智创-缴款通知-009号2026.08.20（210万元）(客户版）.docx,conv_170be448a556
8414db33-feee-4461-a402-8ab03b6ecba4,对话附件/新建 DOCX 文档.docx,conv_9132ec6b4bf0
8414db33-feee-4461-a402-8ab03b6ecba4,对话附件/明裕一期经营期限过渡期安排 260901.pdf,conv_0908308cfd4f
8414db33-feee-4461-a402-8ab03b6ecba4,对话附件/易制科技-增资协议- 20260812签字版(2).pdf,conv_12303335d17b
8414db33-feee-4461-a402-8ab03b6ecba4,对话附件/易制科技-补充协议- 20260812签字版(2).pdf,conv_12303335d17b
8414db33-feee-4461-a402-8ab03b6ecba4,对话附件/未来工场投资框架协议-合世家(1) - 副本.doc,conv_32570f971950
8414db33-feee-4461-a402-8ab03b6ecba4,对话附件/未来工场投资框架协议-合世家(1).doc,conv_32570f971950
8414db33-feee-4461-a402-8ab03b6ecba4,对话附件/渠道年度回访【合世家】-2026半年度(4).docx,conv_becece127443
8414db33-feee-4461-a402-8ab03b6ecba4,对话附件/苏州长湾增材创业投资合伙企业（有限合伙）_补充协议_2026年9月11日.pdf,conv_8f4a217f3e6e
8414db33-feee-4461-a402-8ab03b6ecba4,对话附件/薄荷基金-保密协议模板(2).doc,conv_8ca69d6ae5ea
8414db33-feee-4461-a402-8ab03b6ecba4,对话附件/（20260809）生合万物TS .docx,conv_c90bb002011a
8414db33-feee-4461-a402-8ab03b6ecba4,对话附件/（20260812）生合万物TS.docx,conv_d628331d380b
8414db33-feee-4461-a402-8ab03b6ecba4,对话附件/（20260919）股权转让协议-卢雪源.docx,conv_a3372150c827
8414db33-feee-4461-a402-8ab03b6ecba4,对话附件/（20260919）股权转让协议-未来壹投资.docx,conv_a3372150c827
8488b388-427b-4efc-bff5-5e2f325c91eb,对话附件/0-瑞联新材2021年限制性股票尽职调查文件清单-20210918.doc,conv_0097ccc80b2d
8488b388-427b-4efc-bff5-5e2f325c91eb,对话附件/1-瑞联新材2021年限制性股票激励计划确认暨承诺函-20210918.docx,conv_0097ccc80b2d
8488b388-427b-4efc-bff5-5e2f325c91eb,对话附件/1、授予对象确认函_20211019.docx,conv_0097ccc80b2d
8488b388-427b-4efc-bff5-5e2f325c91eb,对话附件/2-激励对象确认函（全部激励对象签署）20210918.docx,conv_0097ccc80b2d
8488b388-427b-4efc-bff5-5e2f325c91eb,对话附件/2021-056 监事会关于公司2021年限制性股票激励计划首次授予激励对象名单的公示情况说明及核查意见-srt.docx,conv_0097ccc80b2d
8488b388-427b-4efc-bff5-5e2f325c91eb,对话附件/2、公司确认函_20211019.docx,conv_0097ccc80b2d
8488b388-427b-4efc-bff5-5e2f325c91eb,对话附件/3-激励对象确认函（买卖股票的激励对象额外签署）20210918.docx,conv_0097ccc80b2d
8488b388-427b-4efc-bff5-5e2f325c91eb,对话附件/4-持股5%以上自然人股东承诺函(如未参与激励)20210918.doc,conv_0097ccc80b2d
8488b388-427b-4efc-bff5-5e2f325c91eb,对话附件/5-访谈记录-全体激励对象20210918.doc,conv_0097ccc80b2d
8488b388-427b-4efc-bff5-5e2f325c91eb,对话附件/6-访谈记录-内幕信息知情人20210918.doc,conv_0097ccc80b2d
8488b388-427b-4efc-bff5-5e2f325c91eb,对话附件/7-自愿放弃参与激励声明承诺函-20211011.docx,conv_0097ccc80b2d
8488b388-427b-4efc-bff5-5e2f325c91eb,对话附件/关于瑞联新材经营管理安排的备忘录.pdf,conv_0097ccc80b2d
8488b388-427b-4efc-bff5-5e2f325c91eb,对话附件/戴维新材AC项目估值分析20260901v5(1).docx,conv_0097ccc80b2d
8488b388-427b-4efc-bff5-5e2f325c91eb,对话附件/瑞联新材2021年限制性股票激励计划首次授予尽调清单_20211019.doc,conv_0097ccc80b2d
8488b388-427b-4efc-bff5-5e2f325c91eb,对话附件/瑞联新材：2021年限制性股票激励计划法律意见书(定稿)_20210929.doc,conv_0097ccc80b2d
8488b388-427b-4efc-bff5-5e2f325c91eb,对话附件/瑞联新材：2021年限制性股票激励计划首次授予相关事项的法律意见书（初稿）_20211022.doc,conv_0097ccc80b2d
8488b388-427b-4efc-bff5-5e2f325c91eb,对话附件/第二类限制性股票流程安排20210920.xlsx,conv_0097ccc80b2d
8488b388-427b-4efc-bff5-5e2f325c91eb,对话附件/经控集团国有控股上市公司管理办法（试行）-cmts.docx,conv_0097ccc80b2d
8488b388-427b-4efc-bff5-5e2f325c91eb,对话附件/西安瑞联新材料股份有限公司-限制性股票授予协议书2021018-srt修订.docx,conv_0097ccc80b2d
8488b388-427b-4efc-bff5-5e2f325c91eb,对话附件/西安瑞联新材料股份有限公司2021年限制性股票激励计划实施考核管理办法20210924.docx,conv_0097ccc80b2d
8488b388-427b-4efc-bff5-5e2f325c91eb,对话附件/附件1-1：西安瑞联新材料股份有限公司2021年限制性股票激励计划（草案）20210925.docx,conv_0097ccc80b2d
86b4712b-d230-45a7-9959-2124a30c37fd,个人知识库/11_上海威蓝基本情况介绍.pdf,conv_fa46a4502e37
86b4712b-d230-45a7-9959-2124a30c37fd,个人知识库/2-星逻智能BP2021.pdf,conv_7e86df5149fc
86b4712b-d230-45a7-9959-2124a30c37fd,个人知识库/2021哈工大机器人智能护理床BP.pptx,conv_fa46a4502e37
86b4712b-d230-45a7-9959-2124a30c37fd,个人知识库/4-北京四季豆-面向全屋智能的新一代PLC-IoT芯片-V1.31.pptx,conv_7e86df5149fc
86b4712b-d230-45a7-9959-2124a30c37fd,个人知识库/5.南师大王兆寅.pptx,conv_f9a02361c038
86b4712b-d230-45a7-9959-2124a30c37fd,个人知识库/jd/【AI应用开发工程师（后端）_上海 10-15K】江银鹤 1年.pdf,conv_8a33cb4b071c
86b4712b-d230-45a7-9959-2124a30c37fd,个人知识库/南京深眸智算科技有限公司简介(1).pptx,conv_f9a02361c038
86b4712b-d230-45a7-9959-2124a30c37fd,个人知识库/合生纪/2026-09-07_运营总监(CGT创新药方向)_JD(1).docx,conv_f22c3a85ffbb
86b4712b-d230-45a7-9959-2124a30c37fd,个人知识库/合生纪/【发酵工艺工程师_上海 15-18K】周陈鑫 26年应届生.pdf,conv_f8a56f4505e3
86b4712b-d230-45a7-9959-2124a30c37fd,个人知识库/合生纪/【发酵工艺工程师_上海 15-18K】张泽泓 2年.pdf,conv_f8a56f4505e3
86b4712b-d230-45a7-9959-2124a30c37fd,个人知识库/合生纪/【发酵工艺工程师_上海 15-18K】王云鹏 5年.pdf,conv_f8a56f4505e3
86b4712b-d230-45a7-9959-2124a30c37fd,个人知识库/合生纪/【发酵工艺工程师_上海 15-18K】陈先生 4年.pdf,conv_f8a56f4505e3
86b4712b-d230-45a7-9959-2124a30c37fd,个人知识库/合生纪/【工程菌助理研发工程师_上海 10-13K】刁硕祺 4年.pdf,conv_66a8dc558785
86b4712b-d230-45a7-9959-2124a30c37fd,个人知识库/合生纪/【工程菌助理研发工程师_上海 10-13K】南门 2年.pdf,conv_104632b01333
86b4712b-d230-45a7-9959-2124a30c37fd,个人知识库/合生纪/【工程菌助理研发工程师_上海 10-13K】常先超 26年应届生.pdf,conv_104632b01333
86b4712b-d230-45a7-9959-2124a30c37fd,个人知识库/合生纪/【工程菌助理研发工程师_上海 10-13K】张琳 4年.pdf,conv_66a8dc558785
86b4712b-d230-45a7-9959-2124a30c37fd,个人知识库/合生纪/【工程菌助理研发工程师_上海 10-13K】曾君瑞 6年.pdf,conv_104632b01333
86b4712b-d230-45a7-9959-2124a30c37fd,个人知识库/合生纪/【工程菌助理研发工程师_上海 10-13K】王文欣 2年.pdf,conv_104632b01333
86b4712b-d230-45a7-9959-2124a30c37fd,个人知识库/合生纪/【工程菌助理研发工程师_上海 10-13K】王清雅 1年.pdf,conv_104632b01333
86b4712b-d230-45a7-9959-2124a30c37fd,个人知识库/合生纪/【工程菌助理研发工程师_上海 10-13K】秦晨 26年应届生.pdf,conv_207fc3b8f038
86b4712b-d230-45a7-9959-2124a30c37fd,个人知识库/合生纪/【工程菌助理研发工程师_上海 10-13K】胡淑琳 1年.pdf,conv_66a8dc558785
86b4712b-d230-45a7-9959-2124a30c37fd,个人知识库/合生纪/【运营总监（CGT 创新药方向）_上海 25-28K】Haoxiang Min 10年以上.pdf,conv_0f4134832d8a
86b4712b-d230-45a7-9959-2124a30c37fd,个人知识库/国巡机器人/【HRD_广州 30-35K】付连军 10年以上.pdf,conv_2b8fd8fdd8bc
86b4712b-d230-45a7-9959-2124a30c37fd,个人知识库/国巡机器人/【生产运营总监_广州 25-35K】宋先生 4年.pdf,conv_495ce24cf535
86b4712b-d230-45a7-9959-2124a30c37fd,个人知识库/国巡机器人/【生产运营总监_广州 25-35K】黄和芳 10年以上.pdf,conv_495ce24cf535
86b4712b-d230-45a7-9959-2124a30c37fd,个人知识库/国巡机器人/【硬件产品经理_广州 15-25K】何晓明 10年以上.pdf,conv_050cdce318d9
86b4712b-d230-45a7-9959-2124a30c37fd,个人知识库/国巡机器人/【硬件产品经理_广州 15-25K】肖豪 10年以上.pdf,conv_050cdce318d9
86b4712b-d230-45a7-9959-2124a30c37fd,个人知识库/国巡机器人/吴修鹏最新.pdf,conv_2b8fd8fdd8bc
86b4712b-d230-45a7-9959-2124a30c37fd,个人知识库/国巡机器人/生产制造运营总监_岗位说明书.docx,conv_495ce24cf535
86b4712b-d230-45a7-9959-2124a30c37fd,个人知识库/微信图片_2026-08-17_113534_090.png,conv_2680d1b5f71e
86b4712b-d230-45a7-9959-2124a30c37fd,个人知识库/微信图片_2026-08-17_113540_821.png,conv_2680d1b5f71e
86b4712b-d230-45a7-9959-2124a30c37fd,个人知识库/显微精准磁刺激智能闭环治疗系统-成果转化案例.pptx,conv_f9a02361c038
86b4712b-d230-45a7-9959-2124a30c37fd,个人知识库/江苏旭一科技项目20260620.pptx,conv_f9a02361c038
86b4712b-d230-45a7-9959-2124a30c37fd,个人知识库/纳米机器人创新药物平台技术产业化项目商业计划书 -20260620-南京师范大学 毛春.pptx,conv_f9a02361c038
86b4712b-d230-45a7-9959-2124a30c37fd,个人知识库/胆大求索-后端/【AI应用开发工程师（后端）_上海 10-15K】付浩达 4年.pdf,conv_db09358aab86
86b4712b-d230-45a7-9959-2124a30c37fd,个人知识库/胆大求索-后端/【AI应用开发工程师（后端）_上海 10-15K】吴栋鑫 1年.pdf,conv_f01a04f4059d
86b4712b-d230-45a7-9959-2124a30c37fd,个人知识库/胆大求索-后端/【AI应用开发工程师（后端）_上海 10-15K】张先生 2年.pdf,conv_db09358aab86
86b4712b-d230-45a7-9959-2124a30c37fd,个人知识库/胆大求索-后端/【AI应用开发工程师（后端）_上海 10-15K】敖阳 3年.pdf,conv_db09358aab86
86b4712b-d230-45a7-9959-2124a30c37fd,个人知识库/胆大求索-后端/【AI应用开发工程师（后端）_上海 10-15K】李文豪 4年.pdf,conv_db09358aab86
86b4712b-d230-45a7-9959-2124a30c37fd,个人知识库/胆大求索-后端/【AI应用开发工程师（后端）_上海 10-15K】王冰洁 3年.pdf,conv_db09358aab86
86b4712b-d230-45a7-9959-2124a30c37fd,个人知识库/胆大求索-后端/【AI应用开发工程师（后端）_上海 10-15K】王郡帅 3年.pdf,conv_db09358aab86
86b4712b-d230-45a7-9959-2124a30c37fd,个人知识库/胆大求索-后端/【AI应用开发工程师（后端）_上海 10-15K】王靖博 4年.pdf,conv_db09358aab86
86b4712b-d230-45a7-9959-2124a30c37fd,个人知识库/胆大求索-后端/【AI应用开发工程师（后端）_上海 10-15K】白贵祥 3年.pdf,conv_db09358aab86
86b4712b-d230-45a7-9959-2124a30c37fd,个人知识库/胆大求索-后端/【AI应用开发工程师（后端）_上海 10-15K】石浩良 4年.pdf,conv_f01a04f4059d
86b4712b-d230-45a7-9959-2124a30c37fd,个人知识库/胆大求索-后端/【AI应用开发工程师（后端）_上海 10-15K】赵焕庭 4年.pdf,conv_db09358aab86
86b4712b-d230-45a7-9959-2124a30c37fd,个人知识库/胆大求索-后端/【AI应用开发工程师（后端）_上海 10-15K】赵瑞 2年.pdf,conv_db09358aab86
86b4712b-d230-45a7-9959-2124a30c37fd,个人知识库/胆大求索-后端/【AI应用开发工程师（后端）_上海 10-15K】郑承志 2年.pdf,conv_f01a04f4059d
86b4712b-d230-45a7-9959-2124a30c37fd,个人知识库/蓝丝带高端康养中心_客户端项目介绍(0814).pdf,conv_93eb149ca6e5
86b4712b-d230-45a7-9959-2124a30c37fd,对话附件/5.南师大王兆寅.pptx,conv_aaccffcc29ce
86b4712b-d230-45a7-9959-2124a30c37fd,对话附件/《等我长大》商业计划书0410_***CARD*** (2).pdf,conv_263f0677a357
86b4712b-d230-45a7-9959-2124a30c37fd,对话附件/《等我长大》商业计划书0410_***CARD*** (4).pdf,conv_b586102b6372
86b4712b-d230-45a7-9959-2124a30c37fd,对话附件/《等我长大》商业计划书0410_***CARD***.pdf,conv_aaccffcc29ce
86b4712b-d230-45a7-9959-2124a30c37fd,对话附件/【工业AR】瑞欧威尔）.pdf,conv_baa701b59f0a
8ce7a01f-a204-4311-8608-9437da09755d,对话附件/***HEX***.png,conv_37f67058e5a6
8ce7a01f-a204-4311-8608-9437da09755d,对话附件/image (2).png,conv_bfd9c1c53d28
8ce7a01f-a204-4311-8608-9437da09755d,易知视频/合集/志高-易知_专利检测与风险分析_Agent制作包.zip,conv_f1d62ddb0453
9ec46491-a41d-4dd1-bddd-15b39cf60a14,AI 工作区/成果文件/西安戴维新材是做聚酰亚胺和光刻胶单体的创-conv_9dcf4da08633/2026-08-16_氨甲醇甲酸燃料电池调研报告.docx,conv_9dcf4da08633
9ec46491-a41d-4dd1-bddd-15b39cf60a14,对话附件/***HEX*** (2).jpeg,conv_15bf426031fc
9ec46491-a41d-4dd1-bddd-15b39cf60a14,对话附件/***HEX***.jpeg,conv_15bf426031fc
9ec46491-a41d-4dd1-bddd-15b39cf60a14,对话附件/***HEX***.jpg,conv_15bf426031fc
9ec46491-a41d-4dd1-bddd-15b39cf60a14,对话附件/2026-08-20_SpeedBot_投资BP.pptx,conv_15bf426031fc
9ec46491-a41d-4dd1-bddd-15b39cf60a14,对话附件/2026年8月30日-AI赋能科学与工程创新-活动报名方案(1).docx,conv_15bf426031fc
9ec46491-a41d-4dd1-bddd-15b39cf60a14,对话附件/2026年8月30日-AI赋能科学与工程创新-活动报名方案(2) (2).docx,conv_15bf426031fc
9ec46491-a41d-4dd1-bddd-15b39cf60a14,对话附件/2026年8月30日-AI赋能科学与工程创新-活动报名方案(2).docx,conv_15bf426031fc
9ec46491-a41d-4dd1-bddd-15b39cf60a14,对话附件/中科国生公司简介.docx,conv_15bf426031fc
9ec46491-a41d-4dd1-bddd-15b39cf60a14,对话附件/宋宇-简历.docx,conv_15bf426031fc
9ec46491-a41d-4dd1-bddd-15b39cf60a14,对话附件/得瑞新能介绍和落地方案（正式版）.pptx,conv_9dcf4da08633
9ec46491-a41d-4dd1-bddd-15b39cf60a14,对话附件/陕西赛能瑞科硅碳负极项目商业计划书（2026年7月5日） (2).pdf,conv_9dcf4da08633
9ec46491-a41d-4dd1-bddd-15b39cf60a14,对话附件/陕西赛能瑞科硅碳负极项目商业计划书（2026年7月5日）.pdf,conv_9dcf4da08633
a079fadb-6643-4071-8520-50f6c904777f,对话附件/image (2).png,conv_8e704f119abe
a079fadb-6643-4071-8520-50f6c904777f,对话附件/image (3).png,conv_8e704f119abe
a079fadb-6643-4071-8520-50f6c904777f,对话附件/image.png,conv_8e704f119abe
aa72ca11-7a16-4638-b5e2-2ad8492e0e7e,对话附件/***HEX***.png,conv_a196d952691c
aa72ca11-7a16-4638-b5e2-2ad8492e0e7e,对话附件/image (4).png,conv_ac48282044f1
aa72ca11-7a16-4638-b5e2-2ad8492e0e7e,对话附件/同城短视频获客测试方案.pptx,conv_18b7452951f7
aa72ca11-7a16-4638-b5e2-2ad8492e0e7e,对话附件/本地短视频获客服务介绍.pptx,conv_18b7452951f7
b239b771-e5b5-4181-8735-fed76b495f19,对话附件/***HEX***.jpg,conv_cb9b9338ddf4
b239b771-e5b5-4181-8735-fed76b495f19,对话附件/26.5.19第17期转化门诊会议纪要.docx,conv_731ed57dd54e
b239b771-e5b5-4181-8735-fed76b495f19,对话附件/华师大概念验证项目专场门诊信息汇总 20260923.pdf,conv_731ed57dd54e
b239b771-e5b5-4181-8735-fed76b495f19,对话附件/微信图片_***CARD***_23388_1829.jpg,conv_dfdb61deda75
b239b771-e5b5-4181-8735-fed76b495f19,对话附件/微信图片_***CARD***_3_221.png,conv_0341af69e1b8
b37ceae7-21e7-4f6e-a02a-57dfac4b0fe6,AI 工作区/成果文件/你看一下附件几个资料，我要给马校长做一份-conv_965cf7b2c858/PPT图片_v2/page_004_保护知识的源头.png,conv_965cf7b2c858
b37ceae7-21e7-4f6e-a02a-57dfac4b0fe6,AI 工作区/成果文件/帮我修改一下这张图，背景不变，把现有内容-conv_6478b612e4a5/2026-09-20_内容上移-下半留白_V1.png,conv_6478b612e4a5
b37ceae7-21e7-4f6e-a02a-57dfac4b0fe6,AI 工作区/成果文件/帮我把记忆安全和skill安全两张图，合-conv_712bf7f9bb82/2026-09-20_记忆安全+Skill安全_合并图_V1.png,conv_712bf7f9bb82
b37ceae7-21e7-4f6e-a02a-57dfac4b0fe6,AI 工作区/成果文件/我们要招一个产品经理，要求如下： 职位：-conv_4dff386a54ac/面试提纲_左女士.docx,conv_e497d1970d81
b37ceae7-21e7-4f6e-a02a-57dfac4b0fe6,AI 工作区/成果文件/我现在不是在读交大MTT嘛，现在开学有堂-conv_23a20aafef51/PPT生图版/slide_05_条款.png,conv_23a20aafef51
b37ceae7-21e7-4f6e-a02a-57dfac4b0fe6,AI 工作区/成果文件/我需要在这份文件里面单独补充一页ppt，-conv_126d0b31d3fa/2026-08-20_EvoMind科技独角兽落地案例.png,conv_126d0b31d3fa
b37ceae7-21e7-4f6e-a02a-57dfac4b0fe6,AI 工作区/成果文件/我需要在这份文件里面单独补充一页ppt，-conv_126d0b31d3fa/2026-08-20_EvoMind科技独角兽落地案例_v2.png,conv_126d0b31d3fa
b37ceae7-21e7-4f6e-a02a-57dfac4b0fe6,AI 工作区/成果文件/我需要在这份文件里面单独补充一页ppt，-conv_126d0b31d3fa/2026-08-20_EvoMind科技独角兽落地案例_v3_极简对比版.png,conv_126d0b31d3fa
b37ceae7-21e7-4f6e-a02a-57dfac4b0fe6,AI 工作区/成果文件/确认一下模型-conv_57d9f1d61b01/2026-08-24_EvoMind千行百业海报_v1.png,conv_57d9f1d61b01
b37ceae7-21e7-4f6e-a02a-57dfac4b0fe6,AI 工作区/成果文件/西部数控下面功能部件公司西部动力，这两份-conv_bfae3d1116da/图片/2026-09-18_整机剖面衍生部件_竖版_终版.png,conv_bfae3d1116da
b37ceae7-21e7-4f6e-a02a-57dfac4b0fe6,AI 工作区/成果文件/西部数控下面功能部件公司西部动力，这两份-conv_bfae3d1116da/图片/2026-09-18_整机拆解_竖版_001.png,conv_bfae3d1116da
b37ceae7-21e7-4f6e-a02a-57dfac4b0fe6,个人工作区/个人/3_西部动力交流汇报文件（2023.01.06）new(1).pptx,conv_bfae3d1116da
b37ceae7-21e7-4f6e-a02a-57dfac4b0fe6,个人工作区/个人/文章/以成果转化为导向的医学创新技术概念验证体系框架研究_顾文君.caj,conv_cb1a14b48745
b37ceae7-21e7-4f6e-a02a-57dfac4b0fe6,个人工作区/个人/文章/信息不对称理论视角下技术经纪人推动科技成果转化的耦合机制研究_黄科星.caj,conv_cb1a14b48745
b37ceae7-21e7-4f6e-a02a-57dfac4b0fe6,个人工作区/个人/文章/分阶段体系化概念验证是科技成果转化的“牛鼻子”_许强.caj,conv_cb1a14b48745
b37ceae7-21e7-4f6e-a02a-57dfac4b0fe6,个人工作区/个人/文章/我国技术经理人培养体系现状与发展建议_陶鹏.caj,conv_cb1a14b48745
b37ceae7-21e7-4f6e-a02a-57dfac4b0fe6,个人工作区/个人/文章/我国概念验证活动的实践探索与发展对策_姜新华.caj,conv_cb1a14b48745
b37ceae7-21e7-4f6e-a02a-57dfac4b0fe6,个人工作区/个人/文章/技术经理人_科技成果转化的关键角色_迟巍.caj,conv_cb1a14b48745
b37ceae7-21e7-4f6e-a02a-57dfac4b0fe6,个人工作区/个人/文章/美国大学PoCC协同创新组织模式与借鉴——以“李比希中心”为例_武学超.caj,conv_cb1a14b48745
b37ceae7-21e7-4f6e-a02a-57dfac4b0fe6,个人工作区/个人/文章/美国概念验证中心促进成果转化的实践及其启示_张九庆.caj,conv_cb1a14b48745
b37ceae7-21e7-4f6e-a02a-57dfac4b0fe6,个人工作区/个人/文章/跨越“死亡之谷”的新尝试——美国“概念验证中心”及对中国的启示_肖广岭.caj,conv_cb1a14b48745
b37ceae7-21e7-4f6e-a02a-57dfac4b0fe6,个人工作区/个人/文章/高校技术经理人胜任力模型构建_蒋林浩.caj,conv_cb1a14b48745
b37ceae7-21e7-4f6e-a02a-57dfac4b0fe6,个人工作区/个人/西部动力样册转曲 2026.3.pdf,conv_bfae3d1116da
b37ceae7-21e7-4f6e-a02a-57dfac4b0fe6,个人工作区/个人/西部数控更新资料/2_8_液压全自动刀塔应用介绍-西部动力2024.pptx,conv_bfae3d1116da
b37ceae7-21e7-4f6e-a02a-57dfac4b0fe6,个人工作区/个人/西部数控更新资料/PSC刀柄Capto系统全面介绍和分析-西部动力2025.pdf,conv_bfae3d1116da
b37ceae7-21e7-4f6e-a02a-57dfac4b0fe6,个人工作区/个人/西部数控更新资料/PSC快换系统-西部动力公司介绍.pdf,conv_bfae3d1116da
b37ceae7-21e7-4f6e-a02a-57dfac4b0fe6,个人工作区/个人/西部数控更新资料/动力刀塔刀座换刀.pdf,conv_bfae3d1116da
b37ceae7-21e7-4f6e-a02a-57dfac4b0fe6,个人工作区/个人/西部数控更新资料/自动换刀动力刀塔原理介绍2.pdf,conv_bfae3d1116da
b37ceae7-21e7-4f6e-a02a-57dfac4b0fe6,个人工作区/个人/西部数控更新资料/西部2026-2-8(1).docx,conv_bfae3d1116da
b37ceae7-21e7-4f6e-a02a-57dfac4b0fe6,个人知识库/论文/dai1/41558_2026_2559_MOESM10_ESM_fig4.xlsb,conv_5f36dde87ab8|conv_b8618dade74b|conv_d8448984d033
b37ceae7-21e7-4f6e-a02a-57dfac4b0fe6,个人知识库/论文/dai1/41558_2026_2559_MOESM2_ESM_fig1.xlsx,conv_5f36dde87ab8|conv_b8618dade74b|conv_d8448984d033
b37ceae7-21e7-4f6e-a02a-57dfac4b0fe6,个人知识库/论文/dai1/41558_2026_2559_MOESM3_ESM_fig2.xlsx,conv_5f36dde87ab8|conv_b8618dade74b|conv_d8448984d033
b37ceae7-21e7-4f6e-a02a-57dfac4b0fe6,个人知识库/论文/dai1/41558_2026_2559_MOESM6_ESM_fig6.xlsx,conv_5f36dde87ab8|conv_b8618dade74b|conv_d8448984d033
b37ceae7-21e7-4f6e-a02a-57dfac4b0fe6,个人知识库/论文/dai1/s41558-026-02559-3.pdf,conv_5f36dde87ab8|conv_b8618dade74b|conv_d8448984d033
b37ceae7-21e7-4f6e-a02a-57dfac4b0fe6,个人知识库/项目管理/在孵企业/星奇世界/商业计划书/HISINGY星奇世界_公司BP2510.pdf,conv_470d66397a7d
b37ceae7-21e7-4f6e-a02a-57dfac4b0fe6,对话附件/***HEX*** (2).jpg,conv_0abdcf713f92|conv_260e843f12e3|conv_806f49c1eb88|conv_bf6e13e97b7e|conv_f30a9ea3a925
b37ceae7-21e7-4f6e-a02a-57dfac4b0fe6,对话附件/***HEX*** (2).png,conv_3dd6155f18fc
b37ceae7-21e7-4f6e-a02a-57dfac4b0fe6,对话附件/***HEX***.jpg,conv_0abdcf713f92|conv_0b0148a0ac67|conv_260e843f12e3|conv_447987002020|conv_bcf6044319f6|conv_bfae3d1116da
b37ceae7-21e7-4f6e-a02a-57dfac4b0fe6,对话附件/***HEX***.png,conv_19680ac4434e|conv_20d5b2c4f5aa|conv_23d922cfbb5d|conv_2e74260e9cc9|conv_3dd6155f18fc|conv_7fe404bd2fb1|conv_fd211e07f1dc
b37ceae7-21e7-4f6e-a02a-57dfac4b0fe6,对话附件/02-隐私政策-草案v2.md,conv_d24eb9cf5172
b37ceae7-21e7-4f6e-a02a-57dfac4b0fe6,对话附件/04刀塔竟品分析表---郭二运.xlsx,conv_bfae3d1116da
b37ceae7-21e7-4f6e-a02a-57dfac4b0fe6,对话附件/06 小组角色立场卡.docx,conv_23a20aafef51
b37ceae7-21e7-4f6e-a02a-57dfac4b0fe6,对话附件/09 第2组角色任务书-政府引导基金与国资平台.docx,conv_23a20aafef51
b37ceae7-21e7-4f6e-a02a-57dfac4b0fe6,对话附件/0be89252-e3ab-4167-b2bf-35ae43b15f40.png,conv_3dd6155f18fc
b37ceae7-21e7-4f6e-a02a-57dfac4b0fe6,对话附件/1-NFPP钠电正极项目概念验证分析报告.pdf,conv_a8721290b989
b37ceae7-21e7-4f6e-a02a-57dfac4b0fe6,对话附件/1.pdf,conv_cb1a14b48745
b37ceae7-21e7-4f6e-a02a-57dfac4b0fe6,对话附件/1.附件1.上海高校产学研联合创新计划项目申报书 -化学院刘晔 (2).doc,conv_db19d985b892
b37ceae7-21e7-4f6e-a02a-57dfac4b0fe6,对话附件/1.附件1.上海高校产学研联合创新计划项目申报书 -化学院刘晔.doc,conv_358b89401aa7
b37ceae7-21e7-4f6e-a02a-57dfac4b0fe6,对话附件/12-保密协议（我方为信息接收方）.docx,conv_ea7acfe1b937
b37ceae7-21e7-4f6e-a02a-57dfac4b0fe6,对话附件/1e5cf899-193c-44d5-b434-08bc23a27470.png,conv_3dd6155f18fc
b37ceae7-21e7-4f6e-a02a-57dfac4b0fe6,对话附件/2.附件1.上海高校产学研联合创新计划项目申报书-数学院吕长虹.pdf,conv_358b89401aa7
b37ceae7-21e7-4f6e-a02a-57dfac4b0fe6,对话附件/2026-08-09_科委概念验证专项管理平台_方案_V1.0.docx,conv_737c4b010b18
b37ceae7-21e7-4f6e-a02a-57dfac4b0fe6,对话附件/2026-09-14_技术转移课程论文_全文 (2).docx,conv_d4acf7a05f6c
b37ceae7-21e7-4f6e-a02a-57dfac4b0fe6,对话附件/20260921 上海高校产学研联合创新计划项目评分表-评分表.docx,conv_358b89401aa7
b37ceae7-21e7-4f6e-a02a-57dfac4b0fe6,对话附件/20400131-ae84-4032-81c8-848808224fc7.png,conv_3dd6155f18fc
b37ceae7-21e7-4f6e-a02a-57dfac4b0fe6,对话附件/22+20260611+云知师 AI——端云协同教育智能体生态平台+行业应用赛道(1).pdf,conv_ce98bb35ce1e
b37ceae7-21e7-4f6e-a02a-57dfac4b0fe6,对话附件/2377b688-d161-41c4-b7fe-6ae388b9039b.png,conv_fb9c30fa9f46
b37ceae7-21e7-4f6e-a02a-57dfac4b0fe6,对话附件/26M274-孙哲-Orientation心得报告.doc,conv_96e0447519de
b37ceae7-21e7-4f6e-a02a-57dfac4b0fe6,对话附件/2ad04413-4664-4e7c-8c32-fc0a77075c65 (2).png,conv_3dd6155f18fc
b37ceae7-21e7-4f6e-a02a-57dfac4b0fe6,对话附件/2ad04413-4664-4e7c-8c32-fc0a77075c65.png,conv_3dd6155f18fc
b37ceae7-21e7-4f6e-a02a-57dfac4b0fe6,对话附件/2e60fa6d-93b4-43a4-aab2-2702754c7ab2 (2).png,conv_3dd6155f18fc
b37ceae7-21e7-4f6e-a02a-57dfac4b0fe6,对话附件/2e60fa6d-93b4-43a4-aab2-2702754c7ab2.png,conv_3dd6155f18fc
b37ceae7-21e7-4f6e-a02a-57dfac4b0fe6,对话附件/3.附件1.上海高校产学研联合创新计划项目申报书-生科院张美玲.pdf,conv_358b89401aa7
b37ceae7-21e7-4f6e-a02a-57dfac4b0fe6,对话附件/3959cd15-f215-4f34-949b-d63ca054261b.png,conv_3dd6155f18fc
b37ceae7-21e7-4f6e-a02a-57dfac4b0fe6,对话附件/3、高频电场软组织焊接技术产业化（浦东医院）.pptx,conv_cb1a14b48745
b37ceae7-21e7-4f6e-a02a-57dfac4b0fe6,对话附件/4.附件1.上海高校产学研联合创新计划项目申报书-精密光谱吴光.docx,conv_358b89401aa7
b37ceae7-21e7-4f6e-a02a-57dfac4b0fe6,对话附件/40ec6eb3-1405-4475-b0da-256e38c1900c.png,conv_3dd6155f18fc
b37ceae7-21e7-4f6e-a02a-57dfac4b0fe6,对话附件/41467_2025_57137_MOESM1_ESM.pdf,conv_770819efaa18
b37ceae7-21e7-4f6e-a02a-57dfac4b0fe6,对话附件/5.附件1.上海高校产学研联合创新计划项目申报书-计算机谭鑫.pdf,conv_358b89401aa7
b37ceae7-21e7-4f6e-a02a-57dfac4b0fe6,对话附件/52173cf2-0bca-46a1-be81-c32fda8ae00b.png,conv_3dd6155f18fc
b37ceae7-21e7-4f6e-a02a-57dfac4b0fe6,对话附件/5ce84478-bb9f-4267-9d6e-75ce3f3d41a1.png,conv_3dd6155f18fc
b37ceae7-21e7-4f6e-a02a-57dfac4b0fe6,对话附件/5e1fe24c-04cf-46d7-82eb-36dd79352463.png,conv_3dd6155f18fc
b37ceae7-21e7-4f6e-a02a-57dfac4b0fe6,对话附件/6.附件1_上海高校产学研联合创新计划项目申报书-信电学院熊红凯.doc,conv_358b89401aa7
b37ceae7-21e7-4f6e-a02a-57dfac4b0fe6,对话附件/661fe988-38c3-4706-9b74-3ca0144009ff.png,conv_3dd6155f18fc
b37ceae7-21e7-4f6e-a02a-57dfac4b0fe6,对话附件/7. 附件1.上海高校产学研联合创新计划项目申报书-空间人工智能谭琨.docx,conv_358b89401aa7
b37ceae7-21e7-4f6e-a02a-57dfac4b0fe6,对话附件/7a78ddff-666d-4a18-8ff0-4d6b3bb50821 (2).png,conv_3dd6155f18fc
b37ceae7-21e7-4f6e-a02a-57dfac4b0fe6,对话附件/7a78ddff-666d-4a18-8ff0-4d6b3bb50821.png,conv_3dd6155f18fc
b37ceae7-21e7-4f6e-a02a-57dfac4b0fe6,对话附件/8.附件1.上海高校产学研联合创新计划项目申报书-生环学院陆雪琴.doc,conv_358b89401aa7
b37ceae7-21e7-4f6e-a02a-57dfac4b0fe6,对话附件/8fccb981-273a-4123-908c-41514e5241f3.png,conv_3dd6155f18fc
b37ceae7-21e7-4f6e-a02a-57dfac4b0fe6,对话附件/9.附件1.上海高校产学研联合创新计划项目申报书-智能交互学院蒯曙光.doc,conv_358b89401aa7
b37ceae7-21e7-4f6e-a02a-57dfac4b0fe6,对话附件/97a99750-07ae-48f6-a958-570fbb057f4d (2).png,conv_3dd6155f18fc
b37ceae7-21e7-4f6e-a02a-57dfac4b0fe6,对话附件/97a99750-07ae-48f6-a958-570fbb057f4d.png,conv_3dd6155f18fc
b37ceae7-21e7-4f6e-a02a-57dfac4b0fe6,对话附件/BP零能耗辐射制冷超材料涂层-241225.pdf,conv_cb1a14b48745
b37ceae7-21e7-4f6e-a02a-57dfac4b0fe6,对话附件/EvoMind_产品介介绍1.31 (2).pdf,conv_8339875f170d
b37ceae7-21e7-4f6e-a02a-57dfac4b0fe6,对话附件/EvoMind_产品介介绍1.31 (3).pdf,conv_2b9e9c0c5202
b37ceae7-21e7-4f6e-a02a-57dfac4b0fe6,对话附件/EvoMind_产品介介绍1.31 (4).pdf,conv_88a0774cb062
b37ceae7-21e7-4f6e-a02a-57dfac4b0fe6,对话附件/EvoMind_产品介介绍1.31 (5).pdf,conv_f69cc62066f1
b37ceae7-21e7-4f6e-a02a-57dfac4b0fe6,对话附件/EvoMind_内部审查报告.pdf,conv_83ece9c50c5b
b37ceae7-21e7-4f6e-a02a-57dfac4b0fe6,对话附件/GUPLS26_DigitalPoster_210x297mm_V1 (1) (2).pdf,conv_965cf7b2c858
b37ceae7-21e7-4f6e-a02a-57dfac4b0fe6,对话附件/GUPLS26_DigitalPoster_210x297mm_V1 (1).pdf,conv_c121589a4853
b37ceae7-21e7-4f6e-a02a-57dfac4b0fe6,对话附件/Kadele_Lunar_Base_STEAM_Report_CN_V2.docx,conv_4084bdf37c76
b37ceae7-21e7-4f6e-a02a-57dfac4b0fe6,对话附件/PMR Fillable Form.pdf,conv_49b6714ab55b
b37ceae7-21e7-4f6e-a02a-57dfac4b0fe6,对话附件/Screenshot_20260913_142300_com.tencent.mm.jpg,conv_4c5077f34395
b37ceae7-21e7-4f6e-a02a-57dfac4b0fe6,对话附件/Screenshot_20260914_093922_com.tencent.mm.jpg,conv_b18cc0aa269f
b37ceae7-21e7-4f6e-a02a-57dfac4b0fe6,对话附件/TTFA智能政策匹配系统demo_电脑端.pdf,conv_4380f019d4cf
b37ceae7-21e7-4f6e-a02a-57dfac4b0fe6,对话附件/TTFA智能科研与产业服务平台_电脑版.pdf,conv_4380f019d4cf
b37ceae7-21e7-4f6e-a02a-57dfac4b0fe6,对话附件/a4dfee86-ff83-41e1-824a-cc2ae22c695b.png,conv_3dd6155f18fc
b37ceae7-21e7-4f6e-a02a-57dfac4b0fe6,对话附件/af0d3ed8-a5f5-48d9-92e1-b4f26d09ef1d.png,conv_fb9c30fa9f46
b37ceae7-21e7-4f6e-a02a-57dfac4b0fe6,对话附件/beb68d2c-4788-46a3-8a29-2538f3f4d65e.png,conv_3dd6155f18fc
b37ceae7-21e7-4f6e-a02a-57dfac4b0fe6,对话附件/c9b24746-0a81-4610-a29a-031fb28172eb.png,conv_fb9c30fa9f46
b37ceae7-21e7-4f6e-a02a-57dfac4b0fe6,对话附件/d8c35e48-6a7b-4c56-b3b0-98fc935c218f.png,conv_3dd6155f18fc
b37ceae7-21e7-4f6e-a02a-57dfac4b0fe6,对话附件/dd74f68f-6412-4fdc-8c63-947b46b939d0.png,conv_3dd6155f18fc
b37ceae7-21e7-4f6e-a02a-57dfac4b0fe6,对话附件/demo-电脑端.pdf,conv_4380f019d4cf
b37ceae7-21e7-4f6e-a02a-57dfac4b0fe6,对话附件/e91c055c-84c5-4c54-8812-6ff4be859782.png,conv_3dd6155f18fc
b37ceae7-21e7-4f6e-a02a-57dfac4b0fe6,对话附件/f8dba456-5bc1-4770-9b6c-46582c1236eb.png,conv_3dd6155f18fc
b37ceae7-21e7-4f6e-a02a-57dfac4b0fe6,对话附件/image (10).png,conv_5257d244a423
b37ceae7-21e7-4f6e-a02a-57dfac4b0fe6,对话附件/image (11).png,conv_322d1e6346d3
b37ceae7-21e7-4f6e-a02a-57dfac4b0fe6,对话附件/image (12).png,conv_04d4f8d415e0
b37ceae7-21e7-4f6e-a02a-57dfac4b0fe6,对话附件/image (13).png,conv_04d4f8d415e0
b37ceae7-21e7-4f6e-a02a-57dfac4b0fe6,对话附件/image (14).png,conv_04d4f8d415e0
b37ceae7-21e7-4f6e-a02a-57dfac4b0fe6,对话附件/image (15).png,conv_225bd23012eb
b37ceae7-21e7-4f6e-a02a-57dfac4b0fe6,对话附件/image (16).png,conv_225bd23012eb
b37ceae7-21e7-4f6e-a02a-57dfac4b0fe6,对话附件/image (17).png,conv_225bd23012eb
b37ceae7-21e7-4f6e-a02a-57dfac4b0fe6,对话附件/image (18).png,conv_225bd23012eb
b37ceae7-21e7-4f6e-a02a-57dfac4b0fe6,对话附件/image (19).png,conv_e6c931407960
b37ceae7-21e7-4f6e-a02a-57dfac4b0fe6,对话附件/image (20).png,conv_cb1a14b48745
b37ceae7-21e7-4f6e-a02a-57dfac4b0fe6,对话附件/image (21).png,conv_cb1a14b48745
b37ceae7-21e7-4f6e-a02a-57dfac4b0fe6,对话附件/image (22).png,conv_cb1a14b48745
b37ceae7-21e7-4f6e-a02a-57dfac4b0fe6,对话附件/image (23).png,conv_4b79f3a7eed1
b37ceae7-21e7-4f6e-a02a-57dfac4b0fe6,对话附件/image (24).png,conv_4b79f3a7eed1
b37ceae7-21e7-4f6e-a02a-57dfac4b0fe6,对话附件/image (25).png,conv_6478b612e4a5
b37ceae7-21e7-4f6e-a02a-57dfac4b0fe6,对话附件/image (26).png,conv_712bf7f9bb82
b37ceae7-21e7-4f6e-a02a-57dfac4b0fe6,对话附件/image (27).png,conv_712bf7f9bb82
b37ceae7-21e7-4f6e-a02a-57dfac4b0fe6,对话附件/image (28).png,conv_712bf7f9bb82
b37ceae7-21e7-4f6e-a02a-57dfac4b0fe6,对话附件/image (29).png,conv_3373780ca687
b37ceae7-21e7-4f6e-a02a-57dfac4b0fe6,对话附件/image (30).png,conv_80ad3cd8347e
b37ceae7-21e7-4f6e-a02a-57dfac4b0fe6,对话附件/image (31).png,conv_80ad3cd8347e
b37ceae7-21e7-4f6e-a02a-57dfac4b0fe6,对话附件/image (32).png,conv_80ad3cd8347e
b37ceae7-21e7-4f6e-a02a-57dfac4b0fe6,对话附件/image (33).png,conv_80ad3cd8347e
b37ceae7-21e7-4f6e-a02a-57dfac4b0fe6,对话附件/image (34).png,conv_80ad3cd8347e
b37ceae7-21e7-4f6e-a02a-57dfac4b0fe6,对话附件/image (35).png,conv_80ad3cd8347e
b37ceae7-21e7-4f6e-a02a-57dfac4b0fe6,对话附件/image (36).png,conv_80ad3cd8347e
b37ceae7-21e7-4f6e-a02a-57dfac4b0fe6,对话附件/image (37).png,conv_80ad3cd8347e
b37ceae7-21e7-4f6e-a02a-57dfac4b0fe6,对话附件/image (38).png,conv_80ad3cd8347e
b37ceae7-21e7-4f6e-a02a-57dfac4b0fe6,对话附件/image (39).png,conv_80ad3cd8347e
b37ceae7-21e7-4f6e-a02a-57dfac4b0fe6,对话附件/image (40).png,conv_80ad3cd8347e
b37ceae7-21e7-4f6e-a02a-57dfac4b0fe6,对话附件/image (41).png,conv_80ad3cd8347e
b37ceae7-21e7-4f6e-a02a-57dfac4b0fe6,对话附件/image (42).png,conv_80ad3cd8347e
b37ceae7-21e7-4f6e-a02a-57dfac4b0fe6,对话附件/image (43).png,conv_80ad3cd8347e
b37ceae7-21e7-4f6e-a02a-57dfac4b0fe6,对话附件/image (44).png,conv_80ad3cd8347e
b37ceae7-21e7-4f6e-a02a-57dfac4b0fe6,对话附件/image (45).png,conv_80ad3cd8347e
b37ceae7-21e7-4f6e-a02a-57dfac4b0fe6,对话附件/image (46).png,conv_80ad3cd8347e
b37ceae7-21e7-4f6e-a02a-57dfac4b0fe6,对话附件/image (5).png,conv_a8721290b989
b37ceae7-21e7-4f6e-a02a-57dfac4b0fe6,对话附件/image (6).png,conv_3dd6155f18fc
b37ceae7-21e7-4f6e-a02a-57dfac4b0fe6,对话附件/image (7).png,conv_ec2e122cb01d
b37ceae7-21e7-4f6e-a02a-57dfac4b0fe6,对话附件/image (8).png,conv_4e2a5f3f6545
b37ceae7-21e7-4f6e-a02a-57dfac4b0fe6,对话附件/image (9).png,conv_4e2a5f3f6545
b37ceae7-21e7-4f6e-a02a-57dfac4b0fe6,对话附件/mmexport***CARD*** (2).jpg,conv_c69533844fd2
b37ceae7-21e7-4f6e-a02a-57dfac4b0fe6,对话附件/mmexport***CARD***.jpg,conv_4c5077f34395|conv_f7228441fff3
b37ceae7-21e7-4f6e-a02a-57dfac4b0fe6,对话附件/muon_catalyzed_fusion_industry_report_2026_cn.pdf,conv_6318c0ad05d5
b37ceae7-21e7-4f6e-a02a-57dfac4b0fe6,对话附件/【产品经理（AI智能体）_上海 8-13K】岑高晨 26年应届生.pdf,conv_4dff386a54ac
b37ceae7-21e7-4f6e-a02a-57dfac4b0fe6,对话附件/【产品经理（AI智能体）_上海 8-13K】潘善瑜 1年.pdf,conv_4dff386a54ac
b37ceae7-21e7-4f6e-a02a-57dfac4b0fe6,对话附件/【产品经理（AI智能体）_上海 8-13K】辛佳怡 1年.pdf,conv_4dff386a54ac
b37ceae7-21e7-4f6e-a02a-57dfac4b0fe6,对话附件/【商务经理（BD）_上海 10-13K】张宇峰 10年.pdf,conv_e497d1970d81
b37ceae7-21e7-4f6e-a02a-57dfac4b0fe6,对话附件/【商务经理（BD）_上海 10-13K】文瑾 5年.pdf,conv_e497d1970d81
b37ceae7-21e7-4f6e-a02a-57dfac4b0fe6,对话附件/【商务经理（BD）_上海 10-13K】杨佳晨 2年.pdf,conv_e497d1970d81
b37ceae7-21e7-4f6e-a02a-57dfac4b0fe6,对话附件/上海交通大学技术转移硕士MTT学生手册-2026级 (2).pdf,conv_fb9c30fa9f46
b37ceae7-21e7-4f6e-a02a-57dfac4b0fe6,对话附件/上海交通大学技术转移硕士MTT学生手册-2026级.pdf,conv_052e24c34b9d
b37ceae7-21e7-4f6e-a02a-57dfac4b0fe6,对话附件/个人履历_嵇轶伦_2024.docx,conv_6fb29f5be5cb
b37ceae7-21e7-4f6e-a02a-57dfac4b0fe6,对话附件/优复博-核电焊接机器人PreA融资Teaser v1.8(1).pdf,conv_19680ac4434e
b37ceae7-21e7-4f6e-a02a-57dfac4b0fe6,对话附件/优复博_yofoAIROS_V5.3-t(1).pdf,conv_19680ac4434e
b37ceae7-21e7-4f6e-a02a-57dfac4b0fe6,对话附件/低能耗智能电脉冲除冰系统-技术简介.docx,conv_3267a1dd85aa
b37ceae7-21e7-4f6e-a02a-57dfac4b0fe6,对话附件/保密协议（标准集团--西部数控） (2).docx,conv_622d3811c315
b37ceae7-21e7-4f6e-a02a-57dfac4b0fe6,对话附件/保密协议（标准集团--西部数控）.docx,conv_2cd68de4c686
b37ceae7-21e7-4f6e-a02a-57dfac4b0fe6,对话附件/保密协议（标准集团--西部数控）_TC.docx,conv_feb705f39f56
b37ceae7-21e7-4f6e-a02a-57dfac4b0fe6,对话附件/保密协议（标准集团--西部数控）修改版.docx,conv_feb705f39f56
b37ceae7-21e7-4f6e-a02a-57dfac4b0fe6,对话附件/关于2026年贵州省人工智能创业大赛决赛参赛的通知.pdf,conv_ce98bb35ce1e
b37ceae7-21e7-4f6e-a02a-57dfac4b0fe6,对话附件/北疆追秋自驾路书（9.26-10.4 合肥出发）.docx,conv_322d1e6346d3
b37ceae7-21e7-4f6e-a02a-57dfac4b0fe6,对话附件/咨询服务协议.docx,conv_88ba9a7ae1cf
b37ceae7-21e7-4f6e-a02a-57dfac4b0fe6,对话附件/小组角色立场卡-第二组政府引导基金国资平台.docx,conv_23a20aafef51
b37ceae7-21e7-4f6e-a02a-57dfac4b0fe6,对话附件/康总创业简介.pdf,conv_5e827f73061e
b37ceae7-21e7-4f6e-a02a-57dfac4b0fe6,对话附件/成果库.xlsx,conv_ee979d0d59fb
b37ceae7-21e7-4f6e-a02a-57dfac4b0fe6,对话附件/成果登记表头(2).xlsx,conv_ee979d0d59fb
b37ceae7-21e7-4f6e-a02a-57dfac4b0fe6,对话附件/扫描全能王 2026-08-22 13.46.pdf,conv_bcf6044319f6
b37ceae7-21e7-4f6e-a02a-57dfac4b0fe6,对话附件/技术转移管理_沙盘推演材料.pdf,conv_23a20aafef51
b37ceae7-21e7-4f6e-a02a-57dfac4b0fe6,对话附件/斯坦福大学HAI研究院 人工智能指数报告AI Index Report.pdf,conv_23a20aafef51
b37ceae7-21e7-4f6e-a02a-57dfac4b0fe6,对话附件/生产副总（孙吉祥）.pdf,conv_5e827f73061e
b37ceae7-21e7-4f6e-a02a-57dfac4b0fe6,对话附件/生数EvoMind介绍0821-V2.pdf,conv_57d9f1d61b01
b37ceae7-21e7-4f6e-a02a-57dfac4b0fe6,对话附件/生数EvoMind公司介绍0601.pdf,conv_126d0b31d3fa
b37ceae7-21e7-4f6e-a02a-57dfac4b0fe6,对话附件/生树.EvoMind-产品介绍2.0(1).pdf,conv_42d00de6119b
b37ceae7-21e7-4f6e-a02a-57dfac4b0fe6,对话附件/用造工业缝纫机的制造体系做BMT系列动力刀座（对标标准股份，西部动力落地版）.docx,conv_5257d244a423
b37ceae7-21e7-4f6e-a02a-57dfac4b0fe6,对话附件/用造工业缝纫机的制造体系做动力刀塔（对标标准股份，西部动力落地版） (2).docx,conv_5257d244a423
b37ceae7-21e7-4f6e-a02a-57dfac4b0fe6,对话附件/用造工业缝纫机的制造体系做动力刀塔（对标标准股份，西部动力落地版）.docx,conv_5257d244a423
b37ceae7-21e7-4f6e-a02a-57dfac4b0fe6,对话附件/用造工业缝纫机的制造体系做电主轴（对标标准股份，西部动力落地版） (2).docx,conv_5257d244a423
b37ceae7-21e7-4f6e-a02a-57dfac4b0fe6,对话附件/用造工业缝纫机的制造体系做电主轴（对标标准股份，西部动力落地版）.docx,conv_5257d244a423
b37ceae7-21e7-4f6e-a02a-57dfac4b0fe6,对话附件/电脑端预览.pdf,conv_4380f019d4cf
b37ceae7-21e7-4f6e-a02a-57dfac4b0fe6,对话附件/科技产业智能匹配系统_电脑端.pdf,conv_4380f019d4cf
b37ceae7-21e7-4f6e-a02a-57dfac4b0fe6,对话附件/科研成果转化评估系统-电脑端预览.pdf,conv_4380f019d4cf
b37ceae7-21e7-4f6e-a02a-57dfac4b0fe6,对话附件/美国大学PoCC协同创新组织模式与借鉴——以“李比希中心”为例_武学超.pdf,conv_cb1a14b48745
b37ceae7-21e7-4f6e-a02a-57dfac4b0fe6,对话附件/西部动力-世界高端工业母机核心功能部件供应商.pptx,conv_bfae3d1116da
b37ceae7-21e7-4f6e-a02a-57dfac4b0fe6,对话附件/西部动力×西安标准股份合资公司商业计划书.docx,conv_5257d244a423
b37ceae7-21e7-4f6e-a02a-57dfac4b0fe6,对话附件/西部部件-车铣电主轴.pdf,conv_bfae3d1116da
b37ceae7-21e7-4f6e-a02a-57dfac4b0fe6,对话附件/赶着用的BP (2).pdf,conv_f832299bfc09
b37ceae7-21e7-4f6e-a02a-57dfac4b0fe6,对话附件/赶着用的BP.pdf,conv_fc3a1077aad5
b37ceae7-21e7-4f6e-a02a-57dfac4b0fe6,对话附件/赶着用的BP.pptx,conv_f832299bfc09
b37ceae7-21e7-4f6e-a02a-57dfac4b0fe6,对话附件/郭二运 简历(1).pdf,conv_5e827f73061e
b37ceae7-21e7-4f6e-a02a-57dfac4b0fe6,对话附件/附件1 华东师范大学大零号湾未来产业合伙人专项资助计划项目申请表.docx,conv_f832299bfc09
b37ceae7-21e7-4f6e-a02a-57dfac4b0fe6,对话附件/附件2从火种到火炬-让全球知识创造共享价值-马余刚校长7分钟讲话稿V2 (2).docx,conv_965cf7b2c858
b37ceae7-21e7-4f6e-a02a-57dfac4b0fe6,对话附件/附件2从火种到火炬-让全球知识创造共享价值-马余刚校长7分钟讲话稿V2.docx,conv_c121589a4853
b37ceae7-21e7-4f6e-a02a-57dfac4b0fe6,对话附件/马余刚校长赴港参会7分钟讲话内容研究报告-全球创新网络视角修订版V2 (2).docx,conv_965cf7b2c858
b37ceae7-21e7-4f6e-a02a-57dfac4b0fe6,对话附件/马余刚校长赴港参会7分钟讲话内容研究报告-全球创新网络视角修订版V2.docx,conv_c121589a4853
b37ceae7-21e7-4f6e-a02a-57dfac4b0fe6,"对话附件/高盛研报 Generative AI Too much spend, too little benefit.pdf",conv_23a20aafef51
b6863522-7f76-4d72-95c8-af80f23974a1,AI 工作区/成果文件/请根据上下文输出合适的图片，生成检测生物-conv_0932fbcb8569/生物分子检测实验_001.png,conv_0932fbcb8569
b6863522-7f76-4d72-95c8-af80f23974a1,对话附件/image.png,conv_59024c2ff574
b7cf8bab-99fd-472a-977c-a37c7f833148,AI 工作区/成果文件/帮我按照张大胆的风格撰写这边，配图参考我-conv_0e5f49df8fb6/AHD论文解读-公众号排版.html,conv_0e5f49df8fb6
b7cf8bab-99fd-472a-977c-a37c7f833148,AI 工作区/成果文件/帮我按照张大胆的风格撰写这边，配图参考我-conv_0e5f49df8fb6/MAFIA论文解读-你的AI记得一切但记忆可能是别人编的.md,conv_0e5f49df8fb6
b7cf8bab-99fd-472a-977c-a37c7f833148,AI 工作区/成果文件/帮我按照张大胆的风格撰写这边，配图参考我-conv_0e5f49df8fb6/视频号口播脚本-第1期-MAFIA假记忆.md,conv_0e5f49df8fb6
b7cf8bab-99fd-472a-977c-a37c7f833148,AI 工作区/成果文件/帮我根据我上传的图片设计一套动作图像 请-conv_c08aefce64c5/动作图像/09_heart_pouty.png,conv_c08aefce64c5
b7cf8bab-99fd-472a-977c-a37c7f833148,AI 工作区/成果文件/这是我们讨论的活动，我要做个方案，开启下-conv_58cbbc1e3d0a/images/2026-08-29_FBO活动主logo.png,conv_58cbbc1e3d0a
b7cf8bab-99fd-472a-977c-a37c7f833148,Xin-10组/陈子曦0819.docx,conv_bdc2eba9ff39
b7cf8bab-99fd-472a-977c-a37c7f833148,xin 生智造ppt(2).pptx,conv_aac2202c868c
b7cf8bab-99fd-472a-977c-a37c7f833148,个人知识库/***HEX***.png,conv_aac2202c868c
b7cf8bab-99fd-472a-977c-a37c7f833148,个人知识库/26年毕业论文/0315_张嘉睿_初稿.pdf,conv_3e2b7b34534f
b7cf8bab-99fd-472a-977c-a37c7f833148,个人知识库/AI+Pathology-Research-Report.docx,conv_3a4f18d72252
b7cf8bab-99fd-472a-977c-a37c7f833148,个人知识库/AI数字素养活动/AI赋能青少年数字素养提升赛事项目合作讨论-2026年08月10日-来自【得到大脑】.md,conv_58cbbc1e3d0a
b7cf8bab-99fd-472a-977c-a37c7f833148,个人知识库/个人公众号/EvoMind_种子用户_AI投研一等奖案例.pdf,conv_2c6000fce9b3
b7cf8bab-99fd-472a-977c-a37c7f833148,个人知识库/合作项目/科委/科委概念验证专项管理平台_0904 (1).docx,conv_420fd0fd1158
b7cf8bab-99fd-472a-977c-a37c7f833148,个人知识库/合作项目/空间研究院/热电池智能设计与验证平台任务书-20260619-jifan.docx,conv_3f2f18da4d3f
b7cf8bab-99fd-472a-977c-a37c7f833148,个人知识库/合作项目/空间研究院/热电池智能设计与验证平台技术协议-20260619-1(1).docx,conv_3f2f18da4d3f
b7cf8bab-99fd-472a-977c-a37c7f833148,个人知识库/合作项目/空间研究院/项目任务书和合同/“EvoMind- KM”软件技术服务合同0610(1).docx,conv_749baacff5ca
b7cf8bab-99fd-472a-977c-a37c7f833148,个人知识库/合作项目/空间研究院/项目任务书和合同/热电池智能设计与验证平台技术协议-0619.docx,conv_749baacff5ca
b7cf8bab-99fd-472a-977c-a37c7f833148,个人知识库/教师比赛-联通杯/直通联合国 _ 首届“联通杯”上海市人工智能开源教育创新大赛策划方案 v0.4.docx,conv_e234f0e0fcf7
b7cf8bab-99fd-472a-977c-a37c7f833148,个人知识库/直通联合国 _ 首届“联通杯”上海市人工智能开源教育创新大赛策划方案 v0.3(3).pdf,conv_58cbbc1e3d0a
b7cf8bab-99fd-472a-977c-a37c7f833148,个人知识库/设计思维课程/设计思维-拔尖班-分组.xlsx,conv_257e11139b3f
b7cf8bab-99fd-472a-977c-a37c7f833148,个人知识库/质量强国/2_商业科技质量中心.pdf,conv_db5275779f09
b7cf8bab-99fd-472a-977c-a37c7f833148,个人知识库/质量强国/全国商业质量监测服务平台 公信力赋能与品牌强国建设项目简介5.11.docx,conv_db5275779f09
b7cf8bab-99fd-472a-977c-a37c7f833148,个人知识库/质量强国/关于联合共建“质量强国”系列项目的合作方案（杭州超诚）.pdf,conv_db5275779f09
b7cf8bab-99fd-472a-977c-a37c7f833148,个人知识库/项目相关/数据学院硕士研究生指标分配方案（2026）(3).pdf,conv_491ff62e803b
b7cf8bab-99fd-472a-977c-a37c7f833148,对话附件/***HEX***.png,conv_aac2202c868c
b7cf8bab-99fd-472a-977c-a37c7f833148,对话附件/1.培训班的参训名单（发老师）.xlsx,conv_8e2e43b43eb2
b7cf8bab-99fd-472a-977c-a37c7f833148,对话附件/IMG_20260824_114753.jpg,conv_2c6000fce9b3
b7cf8bab-99fd-472a-977c-a37c7f833148,对话附件/TA_ZHANGYANBIN_Letter_of_Recommendation.pdf,conv_4ceaacdfd316
b7cf8bab-99fd-472a-977c-a37c7f833148,对话附件/TTFA 项目评审内测反馈跟进报告（0916）.docx,conv_e5aae71aa4d6
b7cf8bab-99fd-472a-977c-a37c7f833148,对话附件/image (2).png,conv_58cbbc1e3d0a|conv_c08aefce64c5
b7cf8bab-99fd-472a-977c-a37c7f833148,对话附件/image (23).png,conv_2c6000fce9b3
b7cf8bab-99fd-472a-977c-a37c7f833148,对话附件/image (24).png,conv_2c6000fce9b3
b7cf8bab-99fd-472a-977c-a37c7f833148,对话附件/image (25).png,conv_dea08980348e
b7cf8bab-99fd-472a-977c-a37c7f833148,对话附件/image (27).png,conv_0e5f49df8fb6
b7cf8bab-99fd-472a-977c-a37c7f833148,对话附件/image (28).png,conv_0e5f49df8fb6
b7cf8bab-99fd-472a-977c-a37c7f833148,对话附件/image (3).png,conv_58cbbc1e3d0a|conv_c08aefce64c5
b7cf8bab-99fd-472a-977c-a37c7f833148,对话附件/image (33).png,conv_0e5f49df8fb6
b7cf8bab-99fd-472a-977c-a37c7f833148,对话附件/image (34).png,conv_129e16e6d449
b7cf8bab-99fd-472a-977c-a37c7f833148,对话附件/image (35).png,conv_01c834d89914
b7cf8bab-99fd-472a-977c-a37c7f833148,对话附件/image (4).png,conv_58cbbc1e3d0a
b7cf8bab-99fd-472a-977c-a37c7f833148,对话附件/image (5).png,conv_58cbbc1e3d0a|conv_aac2202c868c
b7cf8bab-99fd-472a-977c-a37c7f833148,对话附件/image (6).png,conv_8e2e43b43eb2|conv_aac2202c868c
b7cf8bab-99fd-472a-977c-a37c7f833148,对话附件/image.png,conv_58cbbc1e3d0a|conv_60fd9245d56a
b7cf8bab-99fd-472a-977c-a37c7f833148,对话附件/云计算系统课程教学大纲-初稿V1.0.docx,conv_ae3a1cb9b65f
b7cf8bab-99fd-472a-977c-a37c7f833148,对话附件/关于申请张豈明留校从事工程技术工作的情况说明及承诺(1).docx,conv_27abfa260f9c
b7cf8bab-99fd-472a-977c-a37c7f833148,对话附件/基地自评估报告.docx,conv_8c0bfd90a38e
b8712a9a-d0a1-4893-a63b-0036e4d194af,对话附件/***HEX***.png,conv_8534359166ed
b8712a9a-d0a1-4893-a63b-0036e4d194af,对话附件/seedance-2.0.zip,conv_fc7e55401376
b8712a9a-d0a1-4893-a63b-0036e4d194af,对话附件/美神归位 第三版 (2).docx,conv_fc7e55401376
baa7820b-c46b-4e15-97b0-c20bd7f6022c,对话附件/***HEX*** (2).jpg,conv_ae3627d8a84b
baa7820b-c46b-4e15-97b0-c20bd7f6022c,对话附件/***HEX***.jpg,conv_ae3627d8a84b
baa7820b-c46b-4e15-97b0-c20bd7f6022c,对话附件/5、AI+财务.docx,conv_ae3627d8a84b
baa7820b-c46b-4e15-97b0-c20bd7f6022c,对话附件/image.png,conv_5d441d270818
baa7820b-c46b-4e15-97b0-c20bd7f6022c,对话附件/关于社保基数调整.docx,conv_15221652e821
baa7820b-c46b-4e15-97b0-c20bd7f6022c,对话附件/（博士科技上海-壹十八信息科技）-260825(2).doc,conv_508d1907b033
bb195a6d-9280-479c-be5c-eac7b2abba5f,对话附件/***HEX***.jpg,conv_39f277ef5502|conv_b17e628f68dc
bb195a6d-9280-479c-be5c-eac7b2abba5f,对话附件/2025年合生纪康财务报表.xls,conv_9b78a49bd169
bb195a6d-9280-479c-be5c-eac7b2abba5f,对话附件/2026年截至6月底合生纪康财务报表.xls,conv_9b78a49bd169
bb195a6d-9280-479c-be5c-eac7b2abba5f,对话附件/2026年财务报表.pdf,conv_b8e9e6e38770
bb195a6d-9280-479c-be5c-eac7b2abba5f,对话附件/[P25418270EP] - 思斐格 - 欧洲专利局申请24809955.8 - 账单.pdf,conv_23adf8fd855f
bb195a6d-9280-479c-be5c-eac7b2abba5f,对话附件/交易明细8月.csv,conv_6fbc715f4b2d
bb195a6d-9280-479c-be5c-eac7b2abba5f,对话附件/公司财务报表模板.xlsx,conv_9b78a49bd169
bb195a6d-9280-479c-be5c-eac7b2abba5f,对话附件/合生纪2025年年度现金流汇总.xlsx,conv_52dfe7748f87
bb195a6d-9280-479c-be5c-eac7b2abba5f,对话附件/合生纪2家 (2).xlsx,conv_52dfe7748f87
bb195a6d-9280-479c-be5c-eac7b2abba5f,对话附件/合生纪2家.xlsx,conv_52dfe7748f87
bb195a6d-9280-479c-be5c-eac7b2abba5f,对话附件/合生纪康2025年年度现金流汇总.xlsx,conv_52dfe7748f87
bb195a6d-9280-479c-be5c-eac7b2abba5f,对话附件/合生纪康银行日记账.xlsx,conv_52dfe7748f87
bb195a6d-9280-479c-be5c-eac7b2abba5f,对话附件/合生纪银行日记账.xlsx,conv_52dfe7748f87
bb195a6d-9280-479c-be5c-eac7b2abba5f,对话附件/回单8月.pdf,conv_6fbc715f4b2d
bb195a6d-9280-479c-be5c-eac7b2abba5f,对话附件/对账单8月.csv,conv_6fbc715f4b2d
bb195a6d-9280-479c-be5c-eac7b2abba5f,对话附件/橙粟-清霜-紫衫自然人合伙人信息 (2).xlsx,conv_fcee61c6481d
bb195a6d-9280-479c-be5c-eac7b2abba5f,对话附件/清霜银行日记账.xlsx,conv_a52e0748557e
bb195a6d-9280-479c-be5c-eac7b2abba5f,对话附件/紫衫、橙粟、清霜股权比例调整表【+清霜】 (2).xlsx,conv_a52e0748557e
bb195a6d-9280-479c-be5c-eac7b2abba5f,对话附件/财务部工作-2026.xlsx,conv_fcee61c6481d
ccaf25a4-a2c0-4fa6-9127-d4e7f505efea,个人知识库/2.2_信号肽数据库.xlsx,conv_add7e6b70a20
ccaf25a4-a2c0-4fa6-9127-d4e7f505efea,个人知识库/前端工程师招聘流程.md,conv_ea9b88b23b98
d5959bdd-0172-4c33-952b-ef6c4d0a5f69,AI 工作区/成果文件/load-test-image-2026-conv_0966271ea5c9/outputs/slides/slide_001.png,conv_d67773c0cac8
d5959bdd-0172-4c33-952b-ef6c4d0a5f69,AI 工作区/成果文件/load-test-image-2026-conv_b1c31894d276/slides/slide_002.png,conv_b1c31894d276
d5959bdd-0172-4c33-952b-ef6c4d0a5f69,AI 工作区/成果文件/load-test-image-2026-conv_b1c31894d276/slides/slide_005.png,conv_b1c31894d276
d5959bdd-0172-4c33-952b-ef6c4d0a5f69,summer_vacation_001.png,conv_b1c31894d276
d5959bdd-0172-4c33-952b-ef6c4d0a5f69,个人知识库/EvoMind云服务版使用说明书.docx,conv_6731cc9aa7a0|conv_9b10d0f86224|conv_bb3f86d4bbce
d5959bdd-0172-4c33-952b-ef6c4d0a5f69,个人知识库/dai1/s41558-026-02559-3.pdf,conv_c19f3434fa4f
d5959bdd-0172-4c33-952b-ef6c4d0a5f69,对话附件/image.png,conv_618342b677cf
d5959bdd-0172-4c33-952b-ef6c4d0a5f69,对话附件/skill-emergence-ppt-outline (2).md,conv_40f57f44f612
d5959bdd-0172-4c33-952b-ef6c4d0a5f69,对话附件/token-saving-ppt-outline.md,conv_40f57f44f612
e33fb68b-08fd-467a-a470-dd85496896e6,AI 工作区/成果文件/翻译英文-conv_9f52e89fe262/美鲸灵2026半年度股东会议程_正式稿.docx,conv_9f52e89fe262
e33fb68b-08fd-467a-a470-dd85496896e6,个人知识库/美鲸灵/冰美肌 欧利华宣传册01.pdf,conv_9f52e89fe262
e33fb68b-08fd-467a-a470-dd85496896e6,个人知识库/美鲸灵/美鲸灵MJ6反商业贿赂及销售佣金提成管理制度0804_补充代理合同发票版.docx,conv_39ee73dad7d3
e33fb68b-08fd-467a-a470-dd85496896e6,对话附件/3、LL中科芯飞部门职能与岗位说明书汇编v2.pdf,conv_9f52e89fe262
e33fb68b-08fd-467a-a470-dd85496896e6,对话附件/LL中科芯飞薪酬管理及激励制度202607.pdf,conv_9f52e89fe262
e33fb68b-08fd-467a-a470-dd85496896e6,对话附件/MJ6外部渠道商销售代理服务合同及佣金结算管理套件（修改稿）0812 (2).docx,conv_39ee73dad7d3
e33fb68b-08fd-467a-a470-dd85496896e6,对话附件/MJ6外部渠道商销售代理服务合同及佣金结算管理套件（修改稿）0812 (3).docx,conv_39ee73dad7d3
e33fb68b-08fd-467a-a470-dd85496896e6,对话附件/MJ6外部渠道商销售代理服务合同及佣金结算管理套件（修改稿）0812.docx,conv_39ee73dad7d3
e33fb68b-08fd-467a-a470-dd85496896e6,对话附件/MJ6外部渠道商销售代理服务合同及佣金结算管理套件（修改稿）clean 0812.docx,conv_39ee73dad7d3
e33fb68b-08fd-467a-a470-dd85496896e6,对话附件/【完善版】中科芯飞项目激励奖金申请与评估表.docx,conv_9f52e89fe262
e33fb68b-08fd-467a-a470-dd85496896e6,对话附件/上海美鲸灵医疗科技有限公司-国产能量抗衰器械9.20.pdf,conv_9f52e89fe262
e33fb68b-08fd-467a-a470-dd85496896e6,对话附件/中青年工程师创新创业大赛-国产化能量源抗衰器械的逆势新路-王亮.pptx,conv_9f52e89fe262
e33fb68b-08fd-467a-a470-dd85496896e6,对话附件/合并报表-中科芯飞.xlsx,conv_39ee73dad7d3
e33fb68b-08fd-467a-a470-dd85496896e6,对话附件/国产化能量源抗衰器械路演答辩演讲稿_15分钟.docx (2).html,conv_9f52e89fe262
e33fb68b-08fd-467a-a470-dd85496896e6,对话附件/国产能量抗衰器械路演演讲稿_10分钟.docx.html,conv_9f52e89fe262
e33fb68b-08fd-467a-a470-dd85496896e6,对话附件/欧利华画册.pdf,conv_39ee73dad7d3
e33fb68b-08fd-467a-a470-dd85496896e6,对话附件/芯飞合并报表202606.xlsx,conv_39ee73dad7d3
e33fb68b-08fd-467a-a470-dd85496896e6,对话附件/资金流与收支预测表9.15-v3.xlsx,conv_9f52e89fe262
e33fb68b-08fd-467a-a470-dd85496896e6,对话附件/资金流与收支预测表9.15-v4.xlsx,conv_9f52e89fe262
e33fb68b-08fd-467a-a470-dd85496896e6,对话附件/资金流与收支预测表9.15v6.xlsx,conv_9f52e89fe262
e33fb68b-08fd-467a-a470-dd85496896e6,对话附件/资金流与收支预测表9.15最新v8.xlsx,conv_9f52e89fe262
e33fb68b-08fd-467a-a470-dd85496896e6,对话附件/资金流与收支预测表9.15最新版.xlsx,conv_9f52e89fe262
e33fb68b-08fd-467a-a470-dd85496896e6,对话附件/资金流与收支预测表9.15最新版v5.xlsx,conv_9f52e89fe262
e33fb68b-08fd-467a-a470-dd85496896e6,对话附件/资金流与收支预测表9.15最新版v7.xlsx,conv_9f52e89fe262
e552f341-9fa1-4dbc-ab2b-307d0eb86c3d,对话附件/保密协议_上海微宇智远_美迪西_公司信息已填(1).docx,conv_c66817e26410
e552f341-9fa1-4dbc-ab2b-307d0eb86c3d,对话附件/爻生生物商业计划书2026.08(3)的副本.pptx,conv_c66817e26410
edb0fc49-01e2-417f-9d6b-d5115d220cb3,AI 工作区/成果文件/请从“合生纪”知识库中调取“专利转让”文-conv_38cf4e290f26/2026-09-15_合生纪康_中科创星尽调问题回复函（核心IP归属）.docx,conv_38cf4e290f26
edb0fc49-01e2-417f-9d6b-d5115d220cb3,个人知识库/合生纪/专利转让/华师大知识产权转让协议.pdf,conv_ed0d158f38e3
edb0fc49-01e2-417f-9d6b-d5115d220cb3,个人知识库/合生纪/政策申报/终稿-“大零号湾”科技创新策源功能区专项发展资金项目申请书.docx,conv_5ca3f6271b31
edb0fc49-01e2-417f-9d6b-d5115d220cb3,个人知识库/合生纪康/【邀请函】全球医疗健康创新大会（GHIS）暨丹纳赫中国投资人俱乐部年度峰会.pdf,conv_feb7c0fed490
edb0fc49-01e2-417f-9d6b-d5115d220cb3,个人知识库/合生纪康/保健协会食安委/研制报告写作说明(2)(1).doc,conv_3a5014f38553
edb0fc49-01e2-417f-9d6b-d5115d220cb3,个人知识库/合生纪康/保健协会食安委/科技 成果创新资料及申请表.doc,conv_3a5014f38553
edb0fc49-01e2-417f-9d6b-d5115d220cb3,个人知识库/合生纪康/保密协议/HSJK-保密协议模板.docx,conv_579e557ec04f
edb0fc49-01e2-417f-9d6b-d5115d220cb3,个人知识库/合生纪康/保密协议/保密协议-TEMPLATE_NDA (Generic).docx,conv_579e557ec04f
edb0fc49-01e2-417f-9d6b-d5115d220cb3,个人知识库/合生纪康/保密协议/保密协议-中科创星 2026.docx,conv_579e557ec04f
edb0fc49-01e2-417f-9d6b-d5115d220cb3,个人知识库/合生纪康/保密协议/保密协议-远毅资本.docx,conv_579e557ec04f
edb0fc49-01e2-417f-9d6b-d5115d220cb3,个人知识库/合生纪康/保密协议/保密协议-金斯瑞产业基金部.docx,conv_579e557ec04f
edb0fc49-01e2-417f-9d6b-d5115d220cb3,个人知识库/合生纪康/保密协议/养生堂研究所_《保密合同》模版.docx,conv_579e557ec04f
edb0fc49-01e2-417f-9d6b-d5115d220cb3,个人知识库/合生纪康/保密协议/厚雪资本保密协议pdf.pdf,conv_579e557ec04f
edb0fc49-01e2-417f-9d6b-d5115d220cb3,个人知识库/合生纪康/保密协议/复旦科创-保密协议.docx,conv_579e557ec04f
edb0fc49-01e2-417f-9d6b-d5115d220cb3,个人知识库/合生纪康/保密协议/法改-远大-合生纪康 保密协议-2026.8.20.doc,conv_579e557ec04f
edb0fc49-01e2-417f-9d6b-d5115d220cb3,个人知识库/合生纪康/保密协议/薄荷基金-合生纪康保密协议.doc,conv_579e557ec04f
edb0fc49-01e2-417f-9d6b-d5115d220cb3,个人知识库/合生纪康/保密协议/远大 保密协议-2026.8.19.docx,conv_579e557ec04f
edb0fc49-01e2-417f-9d6b-d5115d220cb3,个人知识库/合生纪康/招聘JD/合生纪康_工程菌助理研发工程师JD.docx,conv_7ba0e0439045
edb0fc49-01e2-417f-9d6b-d5115d220cb3,个人知识库/合生纪康/招聘JD/合生纪康_运营总监(CGT创新药方向)_JD.docx,conv_842792a28ee8
edb0fc49-01e2-417f-9d6b-d5115d220cb3,个人知识库/合生纪康/葉田强降尿酸益生菌/均瑶代工生产/2026.07.03产品规格书.pdf,conv_feb7c0fed490
edb0fc49-01e2-417f-9d6b-d5115d220cb3,个人知识库/合生纪康/葉田强降尿酸益生菌/有赞小程序产品设计/葉田强产品素材/主图带字.png,conv_e785906dc669
edb0fc49-01e2-417f-9d6b-d5115d220cb3,个人知识库/合生纪康/葉田强降尿酸益生菌/有赞小程序产品设计/葉田强产品素材/主图带字（3：4）.png,conv_e785906dc669
edb0fc49-01e2-417f-9d6b-d5115d220cb3,个人知识库/合生纪康/葉田强降尿酸益生菌/有赞小程序产品设计/葉田强产品素材/微信图片_***CARD***_1797_1043.png,conv_e785906dc669
edb0fc49-01e2-417f-9d6b-d5115d220cb3,个人知识库/合生纪康/葉田强降尿酸益生菌/有赞小程序产品设计/葉田强产品素材/葉田強包装盒设计方案_03.jpg,conv_e785906dc669
edb0fc49-01e2-417f-9d6b-d5115d220cb3,个人知识库/合生纪康/葉田强降尿酸益生菌/有赞小程序产品设计/麦角硫因产品资料/麦角硫因产品1.jpeg,conv_e785906dc669
edb0fc49-01e2-417f-9d6b-d5115d220cb3,个人知识库/合生纪康/赛事活动/展会海报设计/技转大会展板.png,conv_7ba0e0439045
edb0fc49-01e2-417f-9d6b-d5115d220cb3,个人知识库/技术合作开发合同-华东师范.docx,conv_ac19206253a9
edb0fc49-01e2-417f-9d6b-d5115d220cb3,个人知识库/科技成果评价2025.pdf,conv_3a5014f38553
edb0fc49-01e2-417f-9d6b-d5115d220cb3,对话附件/HSJK-保密协议模板_20260921.docx,conv_579e557ec04f
edb0fc49-01e2-417f-9d6b-d5115d220cb3,对话附件/改LR中科创星-补充问题.docx,conv_38cf4e290f26
