session_id,user_id,role,group_id,message_id,source_line,file_name,file_path,mime_type,size_bytes,source,required_status
conv_c67149c8b898,5a34da8c-be28-42b8-9bc7-102700124dac,user,u_91ff2252d72142fa5d,5cf54d1f-e2fb-4f15-86eb-46a410321431,405,绘画_一年级_上册_第一单元：龙的传人 第1课 我的名字.docx,个人知识库/cjh的知识库-knowledge1.svg/绘画_一年级_上册_第一单元：龙的传人 第1课 我的名字.docx,application/vnd.openxmlformats-officedocument.wordprocessingml.document,47250,workspace,REQUEST_BYTES_OR_EXPLICIT_NOT_FOUND
conv_c67149c8b898,5a34da8c-be28-42b8-9bc7-102700124dac,user,u_dc285f06cabc6df3d8,939da607-c45b-4848-a340-36b0932e4a21,407,绘画_一年级_上册_第一单元：龙的传人 第1课 我的名字.docx,个人知识库/cjh的知识库-knowledge1.svg/绘画_一年级_上册_第一单元：龙的传人 第1课 我的名字.docx,application/vnd.openxmlformats-officedocument.wordprocessingml.document,47250,workspace,REQUEST_BYTES_OR_EXPLICIT_NOT_FOUND
conv_c67149c8b898,5a34da8c-be28-42b8-9bc7-102700124dac,user,u_77fbd1bf5e79df1e5e,af95ff7d-ab66-4a12-836f-f1bf39f857fc,409,绘画_一年级_上册_第一单元：龙的传人 第1课 我的名字.docx,个人知识库/cjh的知识库-knowledge1.svg/绘画_一年级_上册_第一单元：龙的传人 第1课 我的名字.docx,application/vnd.openxmlformats-officedocument.wordprocessingml.document,47250,workspace,REQUEST_BYTES_OR_EXPLICIT_NOT_FOUND
conv_c67149c8b898,5a34da8c-be28-42b8-9bc7-102700124dac,user,u_77fbd1bf5e79df1e5e,b19838cb-64f4-44d5-9a3b-9c3dfcd7e1e7,411,绘画_一年级_上册_第一单元：龙的传人 第1课 我的名字.docx,个人知识库/cjh的知识库-knowledge1.svg/绘画_一年级_上册_第一单元：龙的传人 第1课 我的名字.docx,application/vnd.openxmlformats-officedocument.wordprocessingml.document,47250,workspace,REQUEST_BYTES_OR_EXPLICIT_NOT_FOUND
conv_ffce143443d1,76d362d5-0552-4b79-8d05-ce0bbb885d9c,user,u_9fa33605f09c8c0a73,63fa30d0-136e-47a8-8e9d-15a614ed9740,1111,3年级语文_清明.md,AI 创作中心/生成小学三年级语文的清明的教案-conv_567a2331adcf/3年级语文_清明.md,text/markdown,17508,workspace,REQUEST_BYTES_OR_EXPLICIT_NOT_FOUND
conv_8a33cb4b071c,86b4712b-d230-45a7-9959-2124a30c37fd,user,u_e63bcb80d4f23be20b,0c6ab09f-7989-48ed-b4a1-a6a1170a65a7,1641,【AI应用开发工程师（后端）_上海 10-15K】江银鹤 1年.pdf,个人知识库/jd/【AI应用开发工程师（后端）_上海 10-15K】江银鹤 1年.pdf,application/pdf,214230,workspace,REQUEST_BYTES_OR_EXPLICIT_NOT_FOUND
conv_646d3f4ded2c,76d362d5-0552-4b79-8d05-ce0bbb885d9c,user,u_df4873b639d5c330dd,conv_646d3f4ded2c:af4d66af,2137,英特尔协议.pdf,英特尔协议.pdf,application/pdf,359233,shared-workspace,REQUEST_BYTES_OR_EXPLICIT_NOT_FOUND
conv_7ba0e0439045,edb0fc49-01e2-417f-9d6b-d5115d220cb3,user,u_94a955c902b86a11a7,conv_7ba0e0439045:a644a244,33833,技转大会展板.png,个人知识库/合生纪康/赛事活动/展会海报设计/技转大会展板.png,image/png,182352,workspace,REQUEST_BYTES_OR_EXPLICIT_NOT_FOUND
conv_7ba0e0439045,edb0fc49-01e2-417f-9d6b-d5115d220cb3,user,u_1d5a9e20295689ad5d,conv_7ba0e0439045:2f3e7b89,36974,合生纪康_工程菌助理研发工程师JD.docx,个人知识库/合生纪康/招聘JD/合生纪康_工程菌助理研发工程师JD.docx,application/vnd.openxmlformats-officedocument.wordprocessingml.document,44752,workspace,REQUEST_BYTES_OR_EXPLICIT_NOT_FOUND
conv_7ba0e0439045,edb0fc49-01e2-417f-9d6b-d5115d220cb3,user,u_d443af918092a57f36,conv_7ba0e0439045:270fcc9f,37002,合生纪康_工程菌助理研发工程师JD.docx,个人知识库/合生纪康/招聘JD/合生纪康_工程菌助理研发工程师JD.docx,application/vnd.openxmlformats-officedocument.wordprocessingml.document,44752,workspace,REQUEST_BYTES_OR_EXPLICIT_NOT_FOUND
conv_0503838df11d,76d362d5-0552-4b79-8d05-ce0bbb885d9c,user,u_4f2ae2acec0bc82972,3aad7fb6-1725-4619-bd8e-5c20bf08ec7b,2473,【AI应用开发工程师（后端）_上海 10-15K】黄静雯 26年应届生.pdf,个人知识库/【AI应用开发工程师（后端）_上海 10-15K】黄静雯 26年应届生.pdf,application/pdf,409806,workspace,REQUEST_BYTES_OR_EXPLICIT_NOT_FOUND
conv_ee979d0d59fb,b37ceae7-21e7-4f6e-a02a-57dfac4b0fe6,user,u_280b16f9a810641338,501d8ccf-e00f-4fc8-b818-98ccd4d679b5,2563,成果登记表头(2).xlsx,对话附件/成果登记表头(2).xlsx,application/vnd.openxmlformats-officedocument.spreadsheetml.sheet,37587,,REQUEST_BYTES_OR_EXPLICIT_NOT_FOUND
conv_ee979d0d59fb,b37ceae7-21e7-4f6e-a02a-57dfac4b0fe6,user,u_280b16f9a810641338,501d8ccf-e00f-4fc8-b818-98ccd4d679b5,2563,成果库.xlsx,对话附件/成果库.xlsx,application/vnd.openxmlformats-officedocument.spreadsheetml.sheet,57492,,REQUEST_BYTES_OR_EXPLICIT_NOT_FOUND
conv_45f703ea1ccc,5ee08357-1de0-4489-8ee8-6898763c64fa,user,u_0816467f4a9490b3b8,f771c56c-52e0-41b5-bda1-94db0ba58b84,2564,【AI应用开发工程师（后端）_上海 12-16K】陈翔 3年.pdf,个人知识库/待筛选简历/【AI应用开发工程师（后端）_上海 12-16K】陈翔 3年.pdf,application/pdf,108992,workspace,REQUEST_BYTES_OR_EXPLICIT_NOT_FOUND
conv_45f703ea1ccc,5ee08357-1de0-4489-8ee8-6898763c64fa,user,u_0816467f4a9490b3b8,f771c56c-52e0-41b5-bda1-94db0ba58b84,2564,【AI应用开发工程师（后端）_上海 12-16K】王浩 4年.pdf,个人知识库/待筛选简历/【AI应用开发工程师（后端）_上海 12-16K】王浩 4年.pdf,application/pdf,196762,workspace,REQUEST_BYTES_OR_EXPLICIT_NOT_FOUND
conv_45f703ea1ccc,5ee08357-1de0-4489-8ee8-6898763c64fa,user,u_0816467f4a9490b3b8,f771c56c-52e0-41b5-bda1-94db0ba58b84,2564,【AI应用开发工程师（后端）_上海 12-16K】李世博 4年.pdf,个人知识库/待筛选简历/【AI应用开发工程师（后端）_上海 12-16K】李世博 4年.pdf,application/pdf,193506,workspace,REQUEST_BYTES_OR_EXPLICIT_NOT_FOUND
conv_45f703ea1ccc,5ee08357-1de0-4489-8ee8-6898763c64fa,user,u_b24a1b719bcae214a5,51519023-7512-455b-9ad5-2626a2598cae,2566,【AI应用开发工程师（后端）_上海 12-16K】唐普健 2年.pdf,个人知识库/待筛选简历/【AI应用开发工程师（后端）_上海 12-16K】唐普健 2年.pdf,application/pdf,474651,workspace,REQUEST_BYTES_OR_EXPLICIT_NOT_FOUND
conv_45f703ea1ccc,5ee08357-1de0-4489-8ee8-6898763c64fa,user,u_b24a1b719bcae214a5,51519023-7512-455b-9ad5-2626a2598cae,2566,【AI应用开发工程师（后端）_上海 12-16K】张冶 2年.pdf,个人知识库/待筛选简历/【AI应用开发工程师（后端）_上海 12-16K】张冶 2年.pdf,application/pdf,396453,workspace,REQUEST_BYTES_OR_EXPLICIT_NOT_FOUND
conv_cba364c8feae,76d362d5-0552-4b79-8d05-ce0bbb885d9c,user,u_ac388c864b6ca9b7b6,conv_cba364c8feae:a19b1cc9,3048,【有源医疗器械临床经理（医疗美容设备方向）_上海 20-25K】武建宇 9年.pdf,个人知识库/【有源医疗器械临床经理（医疗美容设备方向）_上海 20-25K】武建宇 9年.pdf,application/pdf,313024,workspace,REQUEST_BYTES_OR_EXPLICIT_NOT_FOUND
conv_e31e2cb7678b,5ee08357-1de0-4489-8ee8-6898763c64fa,user,u_4c1751e307a3ef45c8,01d9018c-f2d1-4a58-b4c7-d21de6d7c7d2,3085,【AI应用开发工程师（后端）_上海 12-16K】曹帅琪 4年.pdf,个人知识库/待筛选简历/0602简历/【AI应用开发工程师（后端）_上海 12-16K】曹帅琪 4年.pdf,application/pdf,242115,workspace,REQUEST_BYTES_OR_EXPLICIT_NOT_FOUND
conv_e31e2cb7678b,5ee08357-1de0-4489-8ee8-6898763c64fa,user,u_4c1751e307a3ef45c8,01d9018c-f2d1-4a58-b4c7-d21de6d7c7d2,3085,【AI应用开发工程师（后端）_上海 12-16K】耿庆 4年.pdf,个人知识库/待筛选简历/0602简历/【AI应用开发工程师（后端）_上海 12-16K】耿庆 4年.pdf,application/pdf,199670,workspace,REQUEST_BYTES_OR_EXPLICIT_NOT_FOUND
conv_e31e2cb7678b,5ee08357-1de0-4489-8ee8-6898763c64fa,user,u_4c1751e307a3ef45c8,01d9018c-f2d1-4a58-b4c7-d21de6d7c7d2,3085,【AI应用开发工程师（后端）_上海 12-16K】贾灿灿 4年.pdf,个人知识库/待筛选简历/0602简历/【AI应用开发工程师（后端）_上海 12-16K】贾灿灿 4年.pdf,application/pdf,229798,workspace,REQUEST_BYTES_OR_EXPLICIT_NOT_FOUND
conv_e31e2cb7678b,5ee08357-1de0-4489-8ee8-6898763c64fa,user,u_565b6d35333f8ad927,c375d848-bc4d-4beb-a6e0-089cfa289b16,3087,【AI应用开发工程师（后端）_上海 12-16K】王胜利 3年.pdf,个人知识库/待筛选简历/0602简历/【AI应用开发工程师（后端）_上海 12-16K】王胜利 3年.pdf,application/pdf,181475,workspace,REQUEST_BYTES_OR_EXPLICIT_NOT_FOUND
conv_e31e2cb7678b,5ee08357-1de0-4489-8ee8-6898763c64fa,user,u_565b6d35333f8ad927,c375d848-bc4d-4beb-a6e0-089cfa289b16,3087,【AI应用开发工程师（后端）_上海 12-16K】耿庆 4年.pdf,个人知识库/待筛选简历/0602简历/【AI应用开发工程师（后端）_上海 12-16K】耿庆 4年.pdf,application/pdf,199670,workspace,REQUEST_BYTES_OR_EXPLICIT_NOT_FOUND
conv_e31e2cb7678b,5ee08357-1de0-4489-8ee8-6898763c64fa,user,u_565b6d35333f8ad927,c375d848-bc4d-4beb-a6e0-089cfa289b16,3087,【AI应用开发工程师（后端）_上海 12-16K】贾灿灿 4年.pdf,个人知识库/待筛选简历/0602简历/【AI应用开发工程师（后端）_上海 12-16K】贾灿灿 4年.pdf,application/pdf,229798,workspace,REQUEST_BYTES_OR_EXPLICIT_NOT_FOUND
conv_15e56f4ac60b,5ee08357-1de0-4489-8ee8-6898763c64fa,user,u_2b66379155eca3f358,0aca83fe-ed26-404d-9c41-aeda307aa545,3123,【研发工程师 （工程化益生菌项目）_上海 9-12K】求职者 1年.pdf,个人知识库/待筛选简历/0602简历/【研发工程师 （工程化益生菌项目）_上海 9-12K】求职者 1年.pdf,application/pdf,359498,workspace,REQUEST_BYTES_OR_EXPLICIT_NOT_FOUND
conv_15e56f4ac60b,5ee08357-1de0-4489-8ee8-6898763c64fa,user,u_2b66379155eca3f358,0aca83fe-ed26-404d-9c41-aeda307aa545,3123,【研发工程师 （工程化益生菌项目）_上海 9-12K】王亚楠 25年应届生.pdf,个人知识库/待筛选简历/0602简历/【研发工程师 （工程化益生菌项目）_上海 9-12K】王亚楠 25年应届生.pdf,application/pdf,356490,workspace,REQUEST_BYTES_OR_EXPLICIT_NOT_FOUND
conv_15e56f4ac60b,5ee08357-1de0-4489-8ee8-6898763c64fa,user,u_2b66379155eca3f358,0aca83fe-ed26-404d-9c41-aeda307aa545,3123,【研发工程师 （工程化益生菌项目）_上海 9-12K】王美青 4年.pdf,个人知识库/待筛选简历/0602简历/【研发工程师 （工程化益生菌项目）_上海 9-12K】王美青 4年.pdf,application/pdf,333230,workspace,REQUEST_BYTES_OR_EXPLICIT_NOT_FOUND
conv_15e56f4ac60b,5ee08357-1de0-4489-8ee8-6898763c64fa,user,u_489ff13ccf05a7e2ce,a51ecf31-12b5-4d7c-ace5-144a8b075167,3125,【研发工程师 （工程化益生菌项目）_上海 9-12K】谢文凤 1年.pdf,个人知识库/待筛选简历/0602简历/【研发工程师 （工程化益生菌项目）_上海 9-12K】谢文凤 1年.pdf,application/pdf,284695,workspace,REQUEST_BYTES_OR_EXPLICIT_NOT_FOUND
conv_15e56f4ac60b,5ee08357-1de0-4489-8ee8-6898763c64fa,user,u_489ff13ccf05a7e2ce,a51ecf31-12b5-4d7c-ace5-144a8b075167,3125,【研发工程师 （工程化益生菌项目）_上海 9-12K】贾会领 1年.pdf,个人知识库/待筛选简历/0602简历/【研发工程师 （工程化益生菌项目）_上海 9-12K】贾会领 1年.pdf,application/pdf,378659,workspace,REQUEST_BYTES_OR_EXPLICIT_NOT_FOUND
conv_15e56f4ac60b,5ee08357-1de0-4489-8ee8-6898763c64fa,user,u_489ff13ccf05a7e2ce,a51ecf31-12b5-4d7c-ace5-144a8b075167,3125,【研发工程师 （工程化益生菌项目）_上海 9-12K】郝琪 1年.pdf,个人知识库/待筛选简历/0602简历/【研发工程师 （工程化益生菌项目）_上海 9-12K】郝琪 1年.pdf,application/pdf,632551,workspace,REQUEST_BYTES_OR_EXPLICIT_NOT_FOUND
conv_15e56f4ac60b,5ee08357-1de0-4489-8ee8-6898763c64fa,user,u_e6d08afee8e01ec469,70cdfb28-4485-4e94-a357-a0b2af1799ec,3127,【研发工程师 （工程化益生菌项目）_上海 9-12K】贾会领 1年.pdf,个人知识库/待筛选简历/0602简历/【研发工程师 （工程化益生菌项目）_上海 9-12K】贾会领 1年.pdf,application/pdf,378659,workspace,REQUEST_BYTES_OR_EXPLICIT_NOT_FOUND
conv_15e56f4ac60b,5ee08357-1de0-4489-8ee8-6898763c64fa,user,u_e6d08afee8e01ec469,70cdfb28-4485-4e94-a357-a0b2af1799ec,3127,【研发工程师 （工程化益生菌项目）_上海 9-12K】郝琪 1年.pdf,个人知识库/待筛选简历/0602简历/【研发工程师 （工程化益生菌项目）_上海 9-12K】郝琪 1年.pdf,application/pdf,632551,workspace,REQUEST_BYTES_OR_EXPLICIT_NOT_FOUND
conv_15e56f4ac60b,5ee08357-1de0-4489-8ee8-6898763c64fa,user,u_e6d08afee8e01ec469,70cdfb28-4485-4e94-a357-a0b2af1799ec,3127,【研发工程师 （工程化益生菌项目）_上海 9-12K】魏星帆 26年应届生.pdf,个人知识库/待筛选简历/0602简历/【研发工程师 （工程化益生菌项目）_上海 9-12K】魏星帆 26年应届生.pdf,application/pdf,875688,workspace,REQUEST_BYTES_OR_EXPLICIT_NOT_FOUND
conv_15e56f4ac60b,5ee08357-1de0-4489-8ee8-6898763c64fa,user,u_897620807d2a226b0c,a3a22944-c475-4201-84fe-eb7227d71849,3129,【研发工程师 （工程化益生菌项目）_上海 9-12K】贾会领 1年.pdf,个人知识库/待筛选简历/0602简历/【研发工程师 （工程化益生菌项目）_上海 9-12K】贾会领 1年.pdf,application/pdf,378659,workspace,REQUEST_BYTES_OR_EXPLICIT_NOT_FOUND
conv_15e56f4ac60b,5ee08357-1de0-4489-8ee8-6898763c64fa,user,u_897620807d2a226b0c,a3a22944-c475-4201-84fe-eb7227d71849,3129,【研发工程师 （工程化益生菌项目）_上海 9-12K】郝琪 1年.pdf,个人知识库/待筛选简历/0602简历/【研发工程师 （工程化益生菌项目）_上海 9-12K】郝琪 1年.pdf,application/pdf,632551,workspace,REQUEST_BYTES_OR_EXPLICIT_NOT_FOUND
conv_15e56f4ac60b,5ee08357-1de0-4489-8ee8-6898763c64fa,user,u_897620807d2a226b0c,a3a22944-c475-4201-84fe-eb7227d71849,3129,【研发工程师 （工程化益生菌项目）_上海 9-12K】魏星帆 26年应届生.pdf,个人知识库/待筛选简历/0602简历/【研发工程师 （工程化益生菌项目）_上海 9-12K】魏星帆 26年应届生.pdf,application/pdf,875688,workspace,REQUEST_BYTES_OR_EXPLICIT_NOT_FOUND
conv_470d66397a7d,b37ceae7-21e7-4f6e-a02a-57dfac4b0fe6,user,u_cf08ea8b0e8f41eb6a,4b165403-9c39-4395-9c08-e608892e2342,3378,HISINGY星奇世界_公司BP2510.pdf,个人知识库/项目管理/在孵企业/星奇世界/商业计划书/HISINGY星奇世界_公司BP2510.pdf,application/pdf,16689371,workspace,REQUEST_BYTES_OR_EXPLICIT_NOT_FOUND
conv_8339875f170d,b37ceae7-21e7-4f6e-a02a-57dfac4b0fe6,user,u_6b275860d6bad6a65e,cfead63d-7c6c-431c-8eb4-2ad9d10f5596,3418,EvoMind_产品介介绍1.31 (2).pdf,对话附件/EvoMind_产品介介绍1.31 (2).pdf,application/pdf,4535694,,REQUEST_BYTES_OR_EXPLICIT_NOT_FOUND
conv_2b9e9c0c5202,b37ceae7-21e7-4f6e-a02a-57dfac4b0fe6,user,u_638bdf30f9bd059eb3,49dff742-80f1-46bb-8c77-9c260277af0b,3442,EvoMind_产品介介绍1.31 (3).pdf,对话附件/EvoMind_产品介介绍1.31 (3).pdf,application/pdf,4535694,,REQUEST_BYTES_OR_EXPLICIT_NOT_FOUND
conv_88a0774cb062,b37ceae7-21e7-4f6e-a02a-57dfac4b0fe6,user,u_aa537ca23ef569a25c,d36164d5-b656-446e-b356-49c84491610d,3450,EvoMind_产品介介绍1.31 (4).pdf,对话附件/EvoMind_产品介介绍1.31 (4).pdf,application/pdf,4535694,,REQUEST_BYTES_OR_EXPLICIT_NOT_FOUND
conv_f69cc62066f1,b37ceae7-21e7-4f6e-a02a-57dfac4b0fe6,user,u_4da752ddedd685638e,8d153aec-15e6-4c57-b984-adce1023f44b,3458,EvoMind_产品介介绍1.31 (5).pdf,对话附件/EvoMind_产品介介绍1.31 (5).pdf,application/pdf,4535694,,REQUEST_BYTES_OR_EXPLICIT_NOT_FOUND
conv_f01a04f4059d,86b4712b-d230-45a7-9959-2124a30c37fd,user,u_9746db6094ab8109a6,1c11595d-fabe-4d48-b5a4-980b63f948ab,4729,【AI应用开发工程师（后端）_上海 10-15K】石浩良 4年.pdf,个人知识库/胆大求索-后端/【AI应用开发工程师（后端）_上海 10-15K】石浩良 4年.pdf,application/pdf,214033,workspace,REQUEST_BYTES_OR_EXPLICIT_NOT_FOUND
conv_f01a04f4059d,86b4712b-d230-45a7-9959-2124a30c37fd,user,u_9746db6094ab8109a6,1c11595d-fabe-4d48-b5a4-980b63f948ab,4729,【AI应用开发工程师（后端）_上海 10-15K】郑承志 2年.pdf,个人知识库/胆大求索-后端/【AI应用开发工程师（后端）_上海 10-15K】郑承志 2年.pdf,application/pdf,283235,workspace,REQUEST_BYTES_OR_EXPLICIT_NOT_FOUND
conv_f01a04f4059d,86b4712b-d230-45a7-9959-2124a30c37fd,user,u_9746db6094ab8109a6,1c11595d-fabe-4d48-b5a4-980b63f948ab,4729,【AI应用开发工程师（后端）_上海 10-15K】吴栋鑫 1年.pdf,个人知识库/胆大求索-后端/【AI应用开发工程师（后端）_上海 10-15K】吴栋鑫 1年.pdf,application/pdf,438293,workspace,REQUEST_BYTES_OR_EXPLICIT_NOT_FOUND
conv_a9ed333e7694,5ee08357-1de0-4489-8ee8-6898763c64fa,user,u_f80c6448cf4d9190a6,9082202d-f66d-4ac6-98e9-e6084a741833,3553,【有源医疗器械临床经理（医疗美容设备方向）_上海 20-25K】谢丽 9年.pdf,个人知识库/美鲸灵/【有源医疗器械临床经理（医疗美容设备方向）_上海 20-25K】谢丽 9年.pdf,application/pdf,104736,workspace,REQUEST_BYTES_OR_EXPLICIT_NOT_FOUND
conv_a9ed333e7694,5ee08357-1de0-4489-8ee8-6898763c64fa,user,u_f80c6448cf4d9190a6,9082202d-f66d-4ac6-98e9-e6084a741833,3553,【有源医疗器械临床经理（医疗美容设备方向）_上海 20-25K】阚文艺 6年.pdf,个人知识库/美鲸灵/【有源医疗器械临床经理（医疗美容设备方向）_上海 20-25K】阚文艺 6年.pdf,application/pdf,1235063,workspace,REQUEST_BYTES_OR_EXPLICIT_NOT_FOUND
conv_d8448984d033,b37ceae7-21e7-4f6e-a02a-57dfac4b0fe6,user,u_5a2cbf1a6ec5b81bfd,9f05ec25-3f78-4b06-90de-283206bc96c2,4156,41558_2026_2559_MOESM10_ESM_fig4.xlsb,个人知识库/论文/dai1/41558_2026_2559_MOESM10_ESM_fig4.xlsb,text/plain,24725534,workspace,REQUEST_BYTES_OR_EXPLICIT_NOT_FOUND
conv_d8448984d033,b37ceae7-21e7-4f6e-a02a-57dfac4b0fe6,user,u_5a2cbf1a6ec5b81bfd,9f05ec25-3f78-4b06-90de-283206bc96c2,4156,41558_2026_2559_MOESM2_ESM_fig1.xlsx,个人知识库/论文/dai1/41558_2026_2559_MOESM2_ESM_fig1.xlsx,application/vnd.openxmlformats-officedocument.spreadsheetml.sheet,16884254,workspace,REQUEST_BYTES_OR_EXPLICIT_NOT_FOUND
conv_d8448984d033,b37ceae7-21e7-4f6e-a02a-57dfac4b0fe6,user,u_5a2cbf1a6ec5b81bfd,9f05ec25-3f78-4b06-90de-283206bc96c2,4156,41558_2026_2559_MOESM3_ESM_fig2.xlsx,个人知识库/论文/dai1/41558_2026_2559_MOESM3_ESM_fig2.xlsx,application/vnd.openxmlformats-officedocument.spreadsheetml.sheet,16590949,workspace,REQUEST_BYTES_OR_EXPLICIT_NOT_FOUND
conv_d8448984d033,b37ceae7-21e7-4f6e-a02a-57dfac4b0fe6,user,u_5a2cbf1a6ec5b81bfd,9f05ec25-3f78-4b06-90de-283206bc96c2,4156,41558_2026_2559_MOESM6_ESM_fig6.xlsx,个人知识库/论文/dai1/41558_2026_2559_MOESM6_ESM_fig6.xlsx,application/vnd.openxmlformats-officedocument.spreadsheetml.sheet,7878998,workspace,REQUEST_BYTES_OR_EXPLICIT_NOT_FOUND
conv_d8448984d033,b37ceae7-21e7-4f6e-a02a-57dfac4b0fe6,user,u_5a2cbf1a6ec5b81bfd,9f05ec25-3f78-4b06-90de-283206bc96c2,4156,s41558-026-02559-3.pdf,个人知识库/论文/dai1/s41558-026-02559-3.pdf,application/pdf,4944781,workspace,REQUEST_BYTES_OR_EXPLICIT_NOT_FOUND
conv_5f36dde87ab8,b37ceae7-21e7-4f6e-a02a-57dfac4b0fe6,user,u_fc8970f4b4059412ed,eaaa3040-f176-4b89-8e25-4cc3dd6f1d02,4164,41558_2026_2559_MOESM10_ESM_fig4.xlsb,个人知识库/论文/dai1/41558_2026_2559_MOESM10_ESM_fig4.xlsb,text/plain,24725534,workspace,REQUEST_BYTES_OR_EXPLICIT_NOT_FOUND
conv_5f36dde87ab8,b37ceae7-21e7-4f6e-a02a-57dfac4b0fe6,user,u_fc8970f4b4059412ed,eaaa3040-f176-4b89-8e25-4cc3dd6f1d02,4164,41558_2026_2559_MOESM2_ESM_fig1.xlsx,个人知识库/论文/dai1/41558_2026_2559_MOESM2_ESM_fig1.xlsx,application/vnd.openxmlformats-officedocument.spreadsheetml.sheet,16884254,workspace,REQUEST_BYTES_OR_EXPLICIT_NOT_FOUND
conv_5f36dde87ab8,b37ceae7-21e7-4f6e-a02a-57dfac4b0fe6,user,u_fc8970f4b4059412ed,eaaa3040-f176-4b89-8e25-4cc3dd6f1d02,4164,41558_2026_2559_MOESM3_ESM_fig2.xlsx,个人知识库/论文/dai1/41558_2026_2559_MOESM3_ESM_fig2.xlsx,application/vnd.openxmlformats-officedocument.spreadsheetml.sheet,16590949,workspace,REQUEST_BYTES_OR_EXPLICIT_NOT_FOUND
conv_5f36dde87ab8,b37ceae7-21e7-4f6e-a02a-57dfac4b0fe6,user,u_fc8970f4b4059412ed,eaaa3040-f176-4b89-8e25-4cc3dd6f1d02,4164,41558_2026_2559_MOESM6_ESM_fig6.xlsx,个人知识库/论文/dai1/41558_2026_2559_MOESM6_ESM_fig6.xlsx,application/vnd.openxmlformats-officedocument.spreadsheetml.sheet,7878998,workspace,REQUEST_BYTES_OR_EXPLICIT_NOT_FOUND
conv_5f36dde87ab8,b37ceae7-21e7-4f6e-a02a-57dfac4b0fe6,user,u_fc8970f4b4059412ed,eaaa3040-f176-4b89-8e25-4cc3dd6f1d02,4164,s41558-026-02559-3.pdf,个人知识库/论文/dai1/s41558-026-02559-3.pdf,application/pdf,4944781,workspace,REQUEST_BYTES_OR_EXPLICIT_NOT_FOUND
conv_b8618dade74b,b37ceae7-21e7-4f6e-a02a-57dfac4b0fe6,user,u_fc8970f4b4059412ed,8554d421-5488-4c80-aaef-a205bb39c502,4185,41558_2026_2559_MOESM10_ESM_fig4.xlsb,个人知识库/论文/dai1/41558_2026_2559_MOESM10_ESM_fig4.xlsb,text/plain,24725534,workspace,REQUEST_BYTES_OR_EXPLICIT_NOT_FOUND
conv_b8618dade74b,b37ceae7-21e7-4f6e-a02a-57dfac4b0fe6,user,u_fc8970f4b4059412ed,8554d421-5488-4c80-aaef-a205bb39c502,4185,41558_2026_2559_MOESM2_ESM_fig1.xlsx,个人知识库/论文/dai1/41558_2026_2559_MOESM2_ESM_fig1.xlsx,application/vnd.openxmlformats-officedocument.spreadsheetml.sheet,16884254,workspace,REQUEST_BYTES_OR_EXPLICIT_NOT_FOUND
conv_b8618dade74b,b37ceae7-21e7-4f6e-a02a-57dfac4b0fe6,user,u_fc8970f4b4059412ed,8554d421-5488-4c80-aaef-a205bb39c502,4185,41558_2026_2559_MOESM3_ESM_fig2.xlsx,个人知识库/论文/dai1/41558_2026_2559_MOESM3_ESM_fig2.xlsx,application/vnd.openxmlformats-officedocument.spreadsheetml.sheet,16590949,workspace,REQUEST_BYTES_OR_EXPLICIT_NOT_FOUND
conv_b8618dade74b,b37ceae7-21e7-4f6e-a02a-57dfac4b0fe6,user,u_fc8970f4b4059412ed,8554d421-5488-4c80-aaef-a205bb39c502,4185,41558_2026_2559_MOESM6_ESM_fig6.xlsx,个人知识库/论文/dai1/41558_2026_2559_MOESM6_ESM_fig6.xlsx,application/vnd.openxmlformats-officedocument.spreadsheetml.sheet,7878998,workspace,REQUEST_BYTES_OR_EXPLICIT_NOT_FOUND
conv_b8618dade74b,b37ceae7-21e7-4f6e-a02a-57dfac4b0fe6,user,u_fc8970f4b4059412ed,8554d421-5488-4c80-aaef-a205bb39c502,4185,s41558-026-02559-3.pdf,个人知识库/论文/dai1/s41558-026-02559-3.pdf,application/pdf,4944781,workspace,REQUEST_BYTES_OR_EXPLICIT_NOT_FOUND
conv_62b59deb8bd3,76d362d5-0552-4b79-8d05-ce0bbb885d9c,user,u_0fa13c0e8525c50842,d6587e76-8ef9-48a2-8477-993d1ef0e564,4224,s43018-025-00932-3.pdf,个人知识库/ye-Engineered bacteria/s43018-025-00932-3.pdf,application/pdf,16223691,workspace,REQUEST_BYTES_OR_EXPLICIT_NOT_FOUND
conv_c19f3434fa4f,d5959bdd-0172-4c33-952b-ef6c4d0a5f69,user,u_cc599886616536724f,98e8a048-c7d5-4db8-89a0-84be0d5431e0,4227,s41558-026-02559-3.pdf,个人知识库/dai1/s41558-026-02559-3.pdf,application/pdf,4944781,workspace,REQUEST_BYTES_OR_EXPLICIT_NOT_FOUND
conv_8748935e7377,76d362d5-0552-4b79-8d05-ce0bbb885d9c,user,u_540f937b29a6149398,ba81be6a-1083-46be-b5ac-ab3732e1c550,4229,云知师AI产品介绍_202508_v3.0_09.pdf,个人知识库/云知师AI产品介绍_202508_v3.0_09.pdf,application/pdf,4650322,workspace,REQUEST_BYTES_OR_EXPLICIT_NOT_FOUND
conv_639563c765e9,76d362d5-0552-4b79-8d05-ce0bbb885d9c,user,u_883f9e910ce80ee1aa,078531e7-ec3c-4383-b444-c91317576afd,4240,s41558-026-02559-3.pdf,个人知识库/dai1/s41558-026-02559-3.pdf,application/pdf,4944781,workspace,REQUEST_BYTES_OR_EXPLICIT_NOT_FOUND
conv_9af1f51c4560,76d362d5-0552-4b79-8d05-ce0bbb885d9c,user,u_35a77f0310d175e357,e25e1300-4051-49d2-9cab-09305f2155e5,4280,云知师AI产品介绍_202508_v3.0_09.pdf,个人知识库/云知师AI产品介绍_202508_v3.0_09.pdf,application/pdf,4650322,workspace,REQUEST_BYTES_OR_EXPLICIT_NOT_FOUND
conv_76e4be35112f,76d362d5-0552-4b79-8d05-ce0bbb885d9c,user,u_2d172404d6ecc3ce3d,f0379217-4b21-496c-9ca6-44f0ea221b6f,4339,s41558-026-02559-3.pdf,个人知识库/s41558-026-02559-3.pdf,application/pdf,4944781,workspace,REQUEST_BYTES_OR_EXPLICIT_NOT_FOUND
conv_3e2b7b34534f,b7cf8bab-99fd-472a-977c-a37c7f833148,user,u_d41d54cbb9bc575dac,3852df9e-7b30-46b8-bacf-d295bd58feeb,4300,0315_张嘉睿_初稿.pdf,个人知识库/26年毕业论文/0315_张嘉睿_初稿.pdf,application/pdf,5264974,workspace,REQUEST_BYTES_OR_EXPLICIT_NOT_FOUND
conv_3e2b7b34534f,b7cf8bab-99fd-472a-977c-a37c7f833148,user,u_d41d54cbb9bc575dac,1909e7c7-ec69-45e8-b4a0-189ce891110c,4326,0315_张嘉睿_初稿.pdf,个人知识库/26年毕业论文/0315_张嘉睿_初稿.pdf,application/pdf,5264974,workspace,REQUEST_BYTES_OR_EXPLICIT_NOT_FOUND
conv_3e2b7b34534f,b7cf8bab-99fd-472a-977c-a37c7f833148,user,u_33f27ce64a6176093a,97eb8073-73ac-4e4f-a0ea-8a0065563bf7,4321,0315_张嘉睿_初稿.pdf,个人知识库/26年毕业论文/0315_张嘉睿_初稿.pdf,application/pdf,5264974,workspace,REQUEST_BYTES_OR_EXPLICIT_NOT_FOUND
conv_491ff62e803b,b7cf8bab-99fd-472a-977c-a37c7f833148,user,u_1d7f1672e42849acef,be242943-90aa-408a-85e2-ad3da8a977a5,4602,数据学院硕士研究生指标分配方案（2026）(3).pdf,个人知识库/项目相关/数据学院硕士研究生指标分配方案（2026）(3).pdf,application/pdf,97213,workspace,REQUEST_BYTES_OR_EXPLICIT_NOT_FOUND
conv_5e32c5929830,76d362d5-0552-4b79-8d05-ce0bbb885d9c,user,u_a85932b30785f325aa,d3d26fcf-3be7-4f4c-813e-143e0745719f,4726,s41558-026-02559-3.pdf,个人知识库/dai1/s41558-026-02559-3.pdf,application/pdf,4944781,workspace,REQUEST_BYTES_OR_EXPLICIT_NOT_FOUND
conv_add7e6b70a20,ccaf25a4-a2c0-4fa6-9127-d4e7f505efea,user,u_d39ed0f5c547f9dd03,8b539357-5ef9-4d36-8d0b-0a1560e13ab6,5149,2.2_信号肽数据库.xlsx,个人知识库/2.2_信号肽数据库.xlsx,application/vnd.openxmlformats-officedocument.spreadsheetml.sheet,15724,workspace,REQUEST_BYTES_OR_EXPLICIT_NOT_FOUND
conv_ea9b88b23b98,ccaf25a4-a2c0-4fa6-9127-d4e7f505efea,user,u_3a4a52a7c63969bb48,09363d10-ad94-4c93-a575-310a16810061,5157,前端工程师招聘流程.md,个人知识库/前端工程师招聘流程.md,text/markdown,4097,workspace,REQUEST_BYTES_OR_EXPLICIT_NOT_FOUND
conv_83ece9c50c5b,b37ceae7-21e7-4f6e-a02a-57dfac4b0fe6,user,u_01be5d5fb622a5d3f7,db0e0ef8-8265-4e85-a0ff-98fb2f5260a8,5444,EvoMind_内部审查报告.pdf,对话附件/EvoMind_内部审查报告.pdf,application/pdf,296566,,REQUEST_BYTES_OR_EXPLICIT_NOT_FOUND
conv_3267a1dd85aa,b37ceae7-21e7-4f6e-a02a-57dfac4b0fe6,user,u_a51d59d421854f3654,1d1413f6-c80d-4659-a830-7ecc53d9cd9e,5968,低能耗智能电脉冲除冰系统-技术简介.docx,对话附件/低能耗智能电脉冲除冰系统-技术简介.docx,application/vnd.openxmlformats-officedocument.wordprocessingml.document,17136,,REQUEST_BYTES_OR_EXPLICIT_NOT_FOUND
conv_98d45aba0065,76d362d5-0552-4b79-8d05-ce0bbb885d9c,user,u_ea6f23b1d6da96fe7d,conv_98d45aba0065:msg_74,6028,attachment-2.png,,image/png,904575,,REQUEST_BYTES_OR_EXPLICIT_NOT_FOUND
conv_98d45aba0065,76d362d5-0552-4b79-8d05-ce0bbb885d9c,user,u_ea6f23b1d6da96fe7d,conv_98d45aba0065:a9d5374d,18568,attachment-2.png,,image/png,904575,,REQUEST_BYTES_OR_EXPLICIT_NOT_FOUND
conv_98d45aba0065,76d362d5-0552-4b79-8d05-ce0bbb885d9c,user,u_223d31616a1316ec27,conv_98d45aba0065:msg_76,6031,attachment-2.png,,image/png,904575,,REQUEST_BYTES_OR_EXPLICIT_NOT_FOUND
conv_98d45aba0065,76d362d5-0552-4b79-8d05-ce0bbb885d9c,user,u_223d31616a1316ec27,conv_98d45aba0065:46cc47a1,18570,attachment-2.png,,image/png,904575,,REQUEST_BYTES_OR_EXPLICIT_NOT_FOUND
conv_98d45aba0065,76d362d5-0552-4b79-8d05-ce0bbb885d9c,user,u_aee73c077a266fdd77,conv_98d45aba0065:msg_80,6037,attachment-2.png,,image/png,904575,,REQUEST_BYTES_OR_EXPLICIT_NOT_FOUND
conv_98d45aba0065,76d362d5-0552-4b79-8d05-ce0bbb885d9c,user,u_aee73c077a266fdd77,conv_98d45aba0065:912cb6f7,18577,attachment-2.png,,image/png,904575,,REQUEST_BYTES_OR_EXPLICIT_NOT_FOUND
conv_98d45aba0065,76d362d5-0552-4b79-8d05-ce0bbb885d9c,user,u_461f5b60d6e5e465d6,conv_98d45aba0065:msg_82,6039,英特尔 AI Edge 应用合作伙伴简报 信息汇编.png,对话附件/英特尔 AI Edge 应用合作伙伴简报 信息汇编.png,image/png,1366920,,REQUEST_BYTES_OR_EXPLICIT_NOT_FOUND
conv_98d45aba0065,76d362d5-0552-4b79-8d05-ce0bbb885d9c,user,u_461f5b60d6e5e465d6,conv_98d45aba0065:msg_82,6039,PRD-云知师AI课堂分析MVP一期.md,AI 工作区/成果文件/结合上传的图片，生成图片型PPT-conv_98d45aba0065/PRD-云知师AI课堂分析MVP一期.md,text/markdown,24971,,REQUEST_BYTES_OR_EXPLICIT_NOT_FOUND
conv_98d45aba0065,76d362d5-0552-4b79-8d05-ce0bbb885d9c,user,u_461f5b60d6e5e465d6,conv_98d45aba0065:7c63f699,29325,英特尔 AI Edge 应用合作伙伴简报 信息汇编.png,对话附件/英特尔 AI Edge 应用合作伙伴简报 信息汇编.png,image/png,1366920,,REQUEST_BYTES_OR_EXPLICIT_NOT_FOUND
conv_98d45aba0065,76d362d5-0552-4b79-8d05-ce0bbb885d9c,user,u_461f5b60d6e5e465d6,conv_98d45aba0065:7c63f699,29325,PRD-云知师AI课堂分析MVP一期.md,AI 工作区/成果文件/结合上传的图片，生成图片型PPT-conv_98d45aba0065/PRD-云知师AI课堂分析MVP一期.md,text/markdown,24971,,REQUEST_BYTES_OR_EXPLICIT_NOT_FOUND
conv_98d45aba0065,76d362d5-0552-4b79-8d05-ce0bbb885d9c,user,u_bbe6fccdb2adfbe4cb,conv_98d45aba0065:msg_91,6049,01_系统架构图.png,AI 工作区/成果文件/结合上传的图片，生成图片型PPT-conv_98d45aba0065/images/01_系统架构图.png,image/png,904575,,REQUEST_BYTES_OR_EXPLICIT_NOT_FOUND
conv_98d45aba0065,76d362d5-0552-4b79-8d05-ce0bbb885d9c,user,u_bbe6fccdb2adfbe4cb,conv_98d45aba0065:1d6e1f3f,30360,01_系统架构图.png,AI 工作区/成果文件/结合上传的图片，生成图片型PPT-conv_98d45aba0065/images/01_系统架构图.png,image/png,904575,,REQUEST_BYTES_OR_EXPLICIT_NOT_FOUND
conv_98d45aba0065,76d362d5-0552-4b79-8d05-ce0bbb885d9c,user,u_e0649913d732faece4,conv_98d45aba0065:msg_96,6054,场景二_直接上传架构图.png,AI 工作区/成果文件/结合上传的图片，生成图片型PPT-conv_98d45aba0065/images/场景二_直接上传架构图.png,image/png,1075554,,REQUEST_BYTES_OR_EXPLICIT_NOT_FOUND
conv_98d45aba0065,76d362d5-0552-4b79-8d05-ce0bbb885d9c,user,u_e0649913d732faece4,conv_98d45aba0065:d5481587,30366,场景二_直接上传架构图.png,AI 工作区/成果文件/结合上传的图片，生成图片型PPT-conv_98d45aba0065/images/场景二_直接上传架构图.png,image/png,1075554,,REQUEST_BYTES_OR_EXPLICIT_NOT_FOUND
conv_98d45aba0065,76d362d5-0552-4b79-8d05-ce0bbb885d9c,user,u_112858e356426be46d,conv_98d45aba0065:msg_109,6066,场景一_带边缘节点架构图_v2.png,AI 工作区/成果文件/结合上传的图片，生成图片型PPT-conv_98d45aba0065/images/场景一_带边缘节点架构图_v2.png,image/png,1033453,,REQUEST_BYTES_OR_EXPLICIT_NOT_FOUND
conv_98d45aba0065,76d362d5-0552-4b79-8d05-ce0bbb885d9c,user,u_112858e356426be46d,conv_98d45aba0065:58672cca,30374,场景一_带边缘节点架构图_v2.png,AI 工作区/成果文件/结合上传的图片，生成图片型PPT-conv_98d45aba0065/images/场景一_带边缘节点架构图_v2.png,image/png,1033453,,REQUEST_BYTES_OR_EXPLICIT_NOT_FOUND
conv_98d45aba0065,76d362d5-0552-4b79-8d05-ce0bbb885d9c,user,u_d9b7e29c898e0cf77d,conv_98d45aba0065:msg_117,6071,场景二_直接上传架构图_v2.png,AI 工作区/成果文件/结合上传的图片，生成图片型PPT-conv_98d45aba0065/images/场景二_直接上传架构图_v2.png,image/png,1068086,,REQUEST_BYTES_OR_EXPLICIT_NOT_FOUND
conv_98d45aba0065,76d362d5-0552-4b79-8d05-ce0bbb885d9c,user,u_d9b7e29c898e0cf77d,conv_98d45aba0065:msg_117,6071,场景一_带边缘节点架构图_v3.png,AI 工作区/成果文件/结合上传的图片，生成图片型PPT-conv_98d45aba0065/images/场景一_带边缘节点架构图_v3.png,image/png,986704,,REQUEST_BYTES_OR_EXPLICIT_NOT_FOUND
conv_98d45aba0065,76d362d5-0552-4b79-8d05-ce0bbb885d9c,user,u_d9b7e29c898e0cf77d,conv_98d45aba0065:7a196ac3,30379,场景二_直接上传架构图_v2.png,AI 工作区/成果文件/结合上传的图片，生成图片型PPT-conv_98d45aba0065/images/场景二_直接上传架构图_v2.png,image/png,1068086,,REQUEST_BYTES_OR_EXPLICIT_NOT_FOUND
conv_98d45aba0065,76d362d5-0552-4b79-8d05-ce0bbb885d9c,user,u_d9b7e29c898e0cf77d,conv_98d45aba0065:7a196ac3,30379,场景一_带边缘节点架构图_v3.png,AI 工作区/成果文件/结合上传的图片，生成图片型PPT-conv_98d45aba0065/images/场景一_带边缘节点架构图_v3.png,image/png,986704,,REQUEST_BYTES_OR_EXPLICIT_NOT_FOUND
conv_98d45aba0065,76d362d5-0552-4b79-8d05-ce0bbb885d9c,user,u_5000b29e2d608fc89a,conv_98d45aba0065:msg_121,6074,场景二_直接上传架构图_v3.png,AI 工作区/成果文件/结合上传的图片，生成图片型PPT-conv_98d45aba0065/images/场景二_直接上传架构图_v3.png,image/png,1066718,,REQUEST_BYTES_OR_EXPLICIT_NOT_FOUND
conv_98d45aba0065,76d362d5-0552-4b79-8d05-ce0bbb885d9c,user,u_5000b29e2d608fc89a,conv_98d45aba0065:msg_121,6074,场景一_带边缘节点架构图_v3.png,AI 工作区/成果文件/结合上传的图片，生成图片型PPT-conv_98d45aba0065/images/场景一_带边缘节点架构图_v3.png,image/png,986704,,REQUEST_BYTES_OR_EXPLICIT_NOT_FOUND
conv_98d45aba0065,76d362d5-0552-4b79-8d05-ce0bbb885d9c,user,u_5000b29e2d608fc89a,conv_98d45aba0065:msg_121,6074,20260824-181133.png,对话附件/20260824-181133.png,image/png,1989089,,REQUEST_BYTES_OR_EXPLICIT_NOT_FOUND
conv_98d45aba0065,76d362d5-0552-4b79-8d05-ce0bbb885d9c,user,u_5000b29e2d608fc89a,conv_98d45aba0065:msg_121,6074,微信图片_***CARD***_825_15.png,对话附件/微信图片_***CARD***_825_15.png,image/png,1632274,,REQUEST_BYTES_OR_EXPLICIT_NOT_FOUND
conv_98d45aba0065,76d362d5-0552-4b79-8d05-ce0bbb885d9c,user,u_5000b29e2d608fc89a,conv_98d45aba0065:fb5a58a1,30382,场景二_直接上传架构图_v3.png,AI 工作区/成果文件/结合上传的图片，生成图片型PPT-conv_98d45aba0065/images/场景二_直接上传架构图_v3.png,image/png,1066718,,REQUEST_BYTES_OR_EXPLICIT_NOT_FOUND
conv_98d45aba0065,76d362d5-0552-4b79-8d05-ce0bbb885d9c,user,u_5000b29e2d608fc89a,conv_98d45aba0065:fb5a58a1,30382,场景一_带边缘节点架构图_v3.png,AI 工作区/成果文件/结合上传的图片，生成图片型PPT-conv_98d45aba0065/images/场景一_带边缘节点架构图_v3.png,image/png,986704,,REQUEST_BYTES_OR_EXPLICIT_NOT_FOUND
conv_98d45aba0065,76d362d5-0552-4b79-8d05-ce0bbb885d9c,user,u_5000b29e2d608fc89a,conv_98d45aba0065:fb5a58a1,30382,20260824-181133.png,对话附件/20260824-181133.png,image/png,1989089,,REQUEST_BYTES_OR_EXPLICIT_NOT_FOUND
conv_98d45aba0065,76d362d5-0552-4b79-8d05-ce0bbb885d9c,user,u_5000b29e2d608fc89a,conv_98d45aba0065:fb5a58a1,30382,微信图片_***CARD***_825_15.png,对话附件/微信图片_***CARD***_825_15.png,image/png,1632274,,REQUEST_BYTES_OR_EXPLICIT_NOT_FOUND
conv_98d45aba0065,76d362d5-0552-4b79-8d05-ce0bbb885d9c,user,u_9d35a4a00dbeee0a1b,conv_98d45aba0065:msg_156,6110,attachment-2.png,,image/png,904575,,REQUEST_BYTES_OR_EXPLICIT_NOT_FOUND
conv_98d45aba0065,76d362d5-0552-4b79-8d05-ce0bbb885d9c,user,u_9d35a4a00dbeee0a1b,conv_98d45aba0065:f5e370da,30397,attachment-2.png,,image/png,904575,,REQUEST_BYTES_OR_EXPLICIT_NOT_FOUND
conv_98d45aba0065,76d362d5-0552-4b79-8d05-ce0bbb885d9c,user,u_8084a109b5fa818cb0,conv_98d45aba0065:msg_176,13116,20260824-181133 (2).png,对话附件/20260824-181133 (2).png,image/png,1989089,,REQUEST_BYTES_OR_EXPLICIT_NOT_FOUND
conv_98d45aba0065,76d362d5-0552-4b79-8d05-ce0bbb885d9c,user,u_8084a109b5fa818cb0,conv_98d45aba0065:887ec976,30408,20260824-181133 (2).png,对话附件/20260824-181133 (2).png,image/png,1989089,,REQUEST_BYTES_OR_EXPLICIT_NOT_FOUND
conv_98d45aba0065,76d362d5-0552-4b79-8d05-ce0bbb885d9c,user,u_c4d688f3a4473d749a,conv_98d45aba0065:1faf6b2e,14650,attachment-2.png,,image/png,570546,,REQUEST_BYTES_OR_EXPLICIT_NOT_FOUND
conv_98d45aba0065,76d362d5-0552-4b79-8d05-ce0bbb885d9c,user,u_2b02818cb9f99fcc37,conv_98d45aba0065:4be0d840,14652,attachment-2.png,,image/png,570546,,REQUEST_BYTES_OR_EXPLICIT_NOT_FOUND
conv_98d45aba0065,76d362d5-0552-4b79-8d05-ce0bbb885d9c,user,u_1fdc8718cf99072c8b,conv_98d45aba0065:369c7f27,14654,attachment-2.png,,image/png,570546,,REQUEST_BYTES_OR_EXPLICIT_NOT_FOUND
conv_98d45aba0065,76d362d5-0552-4b79-8d05-ce0bbb885d9c,user,u_7f105cf7200a6c468d,conv_98d45aba0065:36d66682,14656,attachment-2.png,,image/png,570546,,REQUEST_BYTES_OR_EXPLICIT_NOT_FOUND
conv_98d45aba0065,76d362d5-0552-4b79-8d05-ce0bbb885d9c,user,u_de60c3914a69f30dea,conv_98d45aba0065:183b3644,18575,attachment-2.png,,image/png,904575,,REQUEST_BYTES_OR_EXPLICIT_NOT_FOUND
conv_98d45aba0065,76d362d5-0552-4b79-8d05-ce0bbb885d9c,user,u_499950c251c114695c,conv_98d45aba0065:aa2aba72,33800,Video Quotation Template.docx,对话附件/Video Quotation Template.docx,application/vnd.openxmlformats-officedocument.wordprocessingml.document,14958,,REQUEST_BYTES_OR_EXPLICIT_NOT_FOUND
conv_98d45aba0065,76d362d5-0552-4b79-8d05-ce0bbb885d9c,user,u_6443916541b9e95e7f,conv_98d45aba0065:d77e4db1,33949,报价单_云知师AI宣传视频制作_中文.docx,对话附件/报价单_云知师AI宣传视频制作_中文.docx,application/vnd.openxmlformats-officedocument.wordprocessingml.document,43921,,REQUEST_BYTES_OR_EXPLICIT_NOT_FOUND
conv_98d45aba0065,76d362d5-0552-4b79-8d05-ce0bbb885d9c,user,u_faea52feb41ada3751,f0c86980-0dbb-411f-b3a6-0c213d70b725,33954,报价单_云知师AI宣传视频制作_中文 (2).docx,对话附件/报价单_云知师AI宣传视频制作_中文 (2).docx,application/vnd.openxmlformats-officedocument.wordprocessingml.document,43926,,REQUEST_BYTES_OR_EXPLICIT_NOT_FOUND
conv_98d45aba0065,76d362d5-0552-4b79-8d05-ce0bbb885d9c,user,u_610f80a137f8d5d683,db02c971-4648-49db-9c1b-d90af789783b,39038,02_用户旅程图.png,AI 工作区/成果文件/结合上传的图片，生成图片型PPT-conv_98d45aba0065/images/02_用户旅程图.png,image/png,558606,workspace,REQUEST_BYTES_OR_EXPLICIT_NOT_FOUND
conv_98d45aba0065,76d362d5-0552-4b79-8d05-ce0bbb885d9c,user,u_610f80a137f8d5d683,db02c971-4648-49db-9c1b-d90af789783b,39038,1aa74cf4-298b-43ed-9219-60f0e269aca5.webp,对话附件/1aa74cf4-298b-43ed-9219-60f0e269aca5.webp,image/webp,13066,,REQUEST_BYTES_OR_EXPLICIT_NOT_FOUND
conv_98d45aba0065,76d362d5-0552-4b79-8d05-ce0bbb885d9c,user,u_1d9cfa50eab787ba1e,6e1d7059-ae7d-4492-b6fc-60971721387a,39057,1aa74cf4-298b-43ed-9219-60f0e269aca5 (2).webp,对话附件/1aa74cf4-298b-43ed-9219-60f0e269aca5 (2).webp,image/webp,13066,,REQUEST_BYTES_OR_EXPLICIT_NOT_FOUND
conv_98d45aba0065,76d362d5-0552-4b79-8d05-ce0bbb885d9c,user,u_f99d69f306fe3e1ed3,1118d15e-9d41-4b84-b994-bfbeeb61d938,39059,image (5).png,对话附件/image (5).png,image/png,88777,,REQUEST_BYTES_OR_EXPLICIT_NOT_FOUND
conv_98d45aba0065,76d362d5-0552-4b79-8d05-ce0bbb885d9c,user,u_0511f6c104e4f74b2d,conv_98d45aba0065:9e2939bd,39075,image (6).png,对话附件/image (6).png,image/png,1300534,,REQUEST_BYTES_OR_EXPLICIT_NOT_FOUND
conv_98d45aba0065,76d362d5-0552-4b79-8d05-ce0bbb885d9c,user,u_a5e8e4d2e2b59d02ff,conv_98d45aba0065:8df4a819,39154,image (8).png,对话附件/image (8).png,image/png,2003142,,REQUEST_BYTES_OR_EXPLICIT_NOT_FOUND
conv_98d45aba0065,76d362d5-0552-4b79-8d05-ce0bbb885d9c,user,u_746f7f3a663b91ec99,conv_98d45aba0065:be745f9d,45757,英特尔AI边缘应用合作伙伴简报_信息填写_中文.docx,对话附件/英特尔AI边缘应用合作伙伴简报_信息填写_中文.docx,application/vnd.openxmlformats-officedocument.wordprocessingml.document,85143,,REQUEST_BYTES_OR_EXPLICIT_NOT_FOUND
conv_98d45aba0065,76d362d5-0552-4b79-8d05-ce0bbb885d9c,user,u_d47d6eaeb3a5c59b7b,conv_98d45aba0065:c9798a04,45775,image (10).png,对话附件/image (10).png,image/png,91705,,REQUEST_BYTES_OR_EXPLICIT_NOT_FOUND
conv_98d45aba0065,76d362d5-0552-4b79-8d05-ce0bbb885d9c,user,u_373c9fb67a80b32397,conv_98d45aba0065:8b26ef03,46213,架构图_国内大模型_v4.png,AI 工作区/成果文件/结合上传的图片，生成图片型PPT-conv_98d45aba0065/images/架构图_国内大模型_v4.png,image/png,515322,workspace,REQUEST_BYTES_OR_EXPLICIT_NOT_FOUND
conv_98d45aba0065,76d362d5-0552-4b79-8d05-ce0bbb885d9c,assistant,a_e9e83b05930df30090,conv_98d45aba0065:msg_32,5994,attachment-2.png,,image/png,570546,,REQUEST_BYTES_OR_EXPLICIT_NOT_FOUND
conv_98d45aba0065,76d362d5-0552-4b79-8d05-ce0bbb885d9c,assistant,a_34d125fdfe5772bc8a,conv_98d45aba0065:msg_184,13123,attachment-2.png,,image/png,904575,,REQUEST_BYTES_OR_EXPLICIT_NOT_FOUND
conv_98d45aba0065,76d362d5-0552-4b79-8d05-ce0bbb885d9c,assistant,a_dd4dc9357e127e9a1e,conv_98d45aba0065:msg_192,13129,英特尔 AI Edge 应用合作伙伴简报 信息汇编.png,对话附件/英特尔 AI Edge 应用合作伙伴简报 信息汇编.png,image/png,1366920,,REQUEST_BYTES_OR_EXPLICIT_NOT_FOUND
conv_98d45aba0065,76d362d5-0552-4b79-8d05-ce0bbb885d9c,assistant,a_dd4dc9357e127e9a1e,conv_98d45aba0065:msg_192,13129,PRD-云知师AI课堂分析MVP一期.md,AI 工作区/成果文件/结合上传的图片，生成图片型PPT-conv_98d45aba0065/PRD-云知师AI课堂分析MVP一期.md,text/markdown,24971,,REQUEST_BYTES_OR_EXPLICIT_NOT_FOUND
conv_98d45aba0065,76d362d5-0552-4b79-8d05-ce0bbb885d9c,assistant,a_152edf211ec805c575,conv_98d45aba0065:msg_196,13135,01_系统架构图.png,AI 工作区/成果文件/结合上传的图片，生成图片型PPT-conv_98d45aba0065/images/01_系统架构图.png,image/png,904575,,REQUEST_BYTES_OR_EXPLICIT_NOT_FOUND
conv_98d45aba0065,76d362d5-0552-4b79-8d05-ce0bbb885d9c,assistant,a_9b42dfc50a62b5fb97,conv_98d45aba0065:msg_171,13108,01_系统架构图.png,AI 工作区/成果文件/结合上传的图片，生成图片型PPT-conv_98d45aba0065/images/01_系统架构图.png,image/png,904575,,REQUEST_BYTES_OR_EXPLICIT_NOT_FOUND
conv_98d45aba0065,76d362d5-0552-4b79-8d05-ce0bbb885d9c,assistant,a_96eee84abb954d28a4,conv_98d45aba0065:msg_175,13114,01_系统架构图.png,AI 工作区/成果文件/结合上传的图片，生成图片型PPT-conv_98d45aba0065/images/01_系统架构图.png,image/png,904575,,REQUEST_BYTES_OR_EXPLICIT_NOT_FOUND
conv_98d45aba0065,76d362d5-0552-4b79-8d05-ce0bbb885d9c,assistant,a_748586f729960af2be,conv_98d45aba0065:msg_179,13119,attachment-2.png,,image/png,904575,,REQUEST_BYTES_OR_EXPLICIT_NOT_FOUND
conv_98d45aba0065,76d362d5-0552-4b79-8d05-ce0bbb885d9c,assistant,a_e442bae0c99f4e8b61,conv_98d45aba0065:msg_190,13127,attachment-2.png,,image/png,904575,,REQUEST_BYTES_OR_EXPLICIT_NOT_FOUND
conv_749baacff5ca,b7cf8bab-99fd-472a-977c-a37c7f833148,user,u_3fb754707c4bf6d9e5,b180e2a0-52f1-48e8-8b99-7946e09d745f,6155,“EvoMind- KM”软件技术服务合同0610(1).docx,个人知识库/合作项目/空间研究院/项目任务书和合同/“EvoMind- KM”软件技术服务合同0610(1).docx,application/vnd.openxmlformats-officedocument.wordprocessingml.document,317862,workspace,REQUEST_BYTES_OR_EXPLICIT_NOT_FOUND
conv_749baacff5ca,b7cf8bab-99fd-472a-977c-a37c7f833148,user,u_27a7a417c53e7f1325,38041cce-b6c0-4cbe-a283-035841152c82,6157,热电池智能设计与验证平台技术协议-0619.docx,个人知识库/合作项目/空间研究院/项目任务书和合同/热电池智能设计与验证平台技术协议-0619.docx,application/vnd.openxmlformats-officedocument.wordprocessingml.document,44390,workspace,REQUEST_BYTES_OR_EXPLICIT_NOT_FOUND
conv_3a4f18d72252,b7cf8bab-99fd-472a-977c-a37c7f833148,user,u_363497c2213ba08adb,f97eb4b1-b5ea-428d-9f3d-6f3f68353459,6221,AI+Pathology-Research-Report.docx,个人知识库/AI+Pathology-Research-Report.docx,application/vnd.openxmlformats-officedocument.wordprocessingml.document,19873,workspace,REQUEST_BYTES_OR_EXPLICIT_NOT_FOUND
conv_3f2f18da4d3f,b7cf8bab-99fd-472a-977c-a37c7f833148,user,u_b6692d40de2c495c08,6eb3f283-7cff-44db-bec9-0eb6ff51d088,6254,热电池智能设计与验证平台任务书-20260619-jifan.docx,个人知识库/合作项目/空间研究院/热电池智能设计与验证平台任务书-20260619-jifan.docx,application/vnd.openxmlformats-officedocument.wordprocessingml.document,3869305,workspace,REQUEST_BYTES_OR_EXPLICIT_NOT_FOUND
conv_3f2f18da4d3f,b7cf8bab-99fd-472a-977c-a37c7f833148,user,u_20d0c78323be38e5e4,6d89baee-16a7-4495-921d-41b88b16f6b9,6293,热电池智能设计与验证平台技术协议-20260619-1(1).docx,个人知识库/合作项目/空间研究院/热电池智能设计与验证平台技术协议-20260619-1(1).docx,application/vnd.openxmlformats-officedocument.wordprocessingml.document,45415,workspace,REQUEST_BYTES_OR_EXPLICIT_NOT_FOUND
conv_7485225ea7e3,5eb1a1c6-d647-47fe-8036-9dc731aa0b5c,user,u_38bec2345ee0b974b3,3ffa724e-526c-43b4-af13-e0bb35cd86f2,6297,显微精准磁刺激智能闭环治疗系统-成果转化案例.pptx,南京20号项目/显微精准磁刺激智能闭环治疗系统-成果转化案例.pptx,text/plain,9630185,shared-workspace,REQUEST_BYTES_OR_EXPLICIT_NOT_FOUND
conv_7485225ea7e3,5eb1a1c6-d647-47fe-8036-9dc731aa0b5c,user,u_81c28ed991db509a2e,aea50a77-8764-4a2e-acc5-9dad7b6d8d2f,6299,V3.6-南京酷灵商业计划书20260520.pptx,南京20号项目/V3.6-南京酷灵商业计划书20260520.pptx,text/plain,48776809,shared-workspace,REQUEST_BYTES_OR_EXPLICIT_NOT_FOUND
conv_7485225ea7e3,5eb1a1c6-d647-47fe-8036-9dc731aa0b5c,user,u_16029e0162465373ad,bd47a8f9-8891-43c4-b8c2-9b5c56373266,6301,江苏旭一科技项目20260620.pptx,南京20号项目/江苏旭一科技项目20260620.pptx,text/plain,25735351,shared-workspace,REQUEST_BYTES_OR_EXPLICIT_NOT_FOUND
conv_7485225ea7e3,5eb1a1c6-d647-47fe-8036-9dc731aa0b5c,user,u_56d1a272925ade92f6,197bad62-d6b5-4e5d-acdd-809cfa16a583,6303,纳米机器人创新药物平台技术产业化项目商业计划书 -20260620-南京师范大学 毛春.pptx,南京20号项目/纳米机器人创新药物平台技术产业化项目商业计划书 -20260620-南京师范大学 毛春.pptx,text/plain,10153404,shared-workspace,REQUEST_BYTES_OR_EXPLICIT_NOT_FOUND
conv_7485225ea7e3,5eb1a1c6-d647-47fe-8036-9dc731aa0b5c,user,u_b720c18b9748da33bc,48512e38-9080-4412-b817-75d9c4480d8a,6305,南京深眸智算科技有限公司简介.pptx,南京20号项目/南京深眸智算科技有限公司简介.pptx,text/plain,94041053,shared-workspace,REQUEST_BYTES_OR_EXPLICIT_NOT_FOUND
conv_770819efaa18,b37ceae7-21e7-4f6e-a02a-57dfac4b0fe6,user,u_e8d38201068b8ec052,8ded1a4b-aef1-4887-807b-8d5b88dec8da,6349,41467_2025_57137_MOESM1_ESM.pdf,对话附件/41467_2025_57137_MOESM1_ESM.pdf,application/pdf,4006589,,REQUEST_BYTES_OR_EXPLICIT_NOT_FOUND
conv_27abfa260f9c,b7cf8bab-99fd-472a-977c-a37c7f833148,user,u_3cde31ae9849364266,6dd3e773-a14c-4972-8f6f-d77b41b2c373,6365,关于申请张豈明留校从事工程技术工作的情况说明及承诺(1).docx,对话附件/关于申请张豈明留校从事工程技术工作的情况说明及承诺(1).docx,application/vnd.openxmlformats-officedocument.wordprocessingml.document,362070,,REQUEST_BYTES_OR_EXPLICIT_NOT_FOUND
conv_257e11139b3f,b7cf8bab-99fd-472a-977c-a37c7f833148,user,u_2302e2c841cc7d5496,3deab673-ae97-4c64-bcbe-210d4c01ecad,7076,设计思维-拔尖班-分组.xlsx,个人知识库/设计思维课程/设计思维-拔尖班-分组.xlsx,application/vnd.openxmlformats-officedocument.spreadsheetml.sheet,7103,workspace,REQUEST_BYTES_OR_EXPLICIT_NOT_FOUND
conv_6731cc9aa7a0,d5959bdd-0172-4c33-952b-ef6c4d0a5f69,user,u_164f6843fdd62811dd,f8f525e0-14b5-4ced-9c1a-7e3a62c75b53,7903,EvoMind云服务版使用说明书.docx,个人知识库/EvoMind云服务版使用说明书.docx,application/vnd.openxmlformats-officedocument.wordprocessingml.document,11029318,workspace,REQUEST_BYTES_OR_EXPLICIT_NOT_FOUND
conv_6731cc9aa7a0,d5959bdd-0172-4c33-952b-ef6c4d0a5f69,user,u_eada4d64cdbed947cd,8c7ec366-1eeb-40e8-9301-66b17b73a393,7909,EvoMind云服务版使用说明书.docx,个人知识库/EvoMind云服务版使用说明书.docx,application/vnd.openxmlformats-officedocument.wordprocessingml.document,11029318,workspace,REQUEST_BYTES_OR_EXPLICIT_NOT_FOUND
conv_9b10d0f86224,d5959bdd-0172-4c33-952b-ef6c4d0a5f69,user,u_29c038d40240d11ab4,5b52685d-fa69-4da3-abf4-d5929321956a,7901,EvoMind云服务版使用说明书.docx,个人知识库/EvoMind云服务版使用说明书.docx,application/vnd.openxmlformats-officedocument.wordprocessingml.document,11029318,workspace,REQUEST_BYTES_OR_EXPLICIT_NOT_FOUND
conv_bb3f86d4bbce,d5959bdd-0172-4c33-952b-ef6c4d0a5f69,user,u_d9eff7226d8926f148,c90accc3-5dff-40b2-b810-76aab8fe4e91,7911,EvoMind云服务版使用说明书.docx,个人知识库/EvoMind云服务版使用说明书.docx,application/vnd.openxmlformats-officedocument.wordprocessingml.document,11029318,workspace,REQUEST_BYTES_OR_EXPLICIT_NOT_FOUND
conv_d67773c0cac8,d5959bdd-0172-4c33-952b-ef6c4d0a5f69,user,u_f26c70b75b841aaf01,fbb731d4-bc13-4ab7-9dfe-a2f1c96e8cb9,9315,slide_001.png,AI 工作区/成果文件/load-test-image-2026-conv_0966271ea5c9/outputs/slides/slide_001.png,image/png,2386994,workspace,REQUEST_BYTES_OR_EXPLICIT_NOT_FOUND
conv_b1c31894d276,d5959bdd-0172-4c33-952b-ef6c4d0a5f69,user,u_5c0f31f3b8465f6dcf,e1a23586-2e8c-46ae-b2b6-ca598411f997,9727,summer_vacation_001.png,summer_vacation_001.png,image/png,1994736,shared-workspace,REQUEST_BYTES_OR_EXPLICIT_NOT_FOUND
conv_b1c31894d276,d5959bdd-0172-4c33-952b-ef6c4d0a5f69,user,u_f743bd74ac9b8b6e43,25019ab3-3354-42ad-8cf3-b53c205aaa67,9729,slide_005.png,AI 工作区/成果文件/load-test-image-2026-conv_b1c31894d276/slides/slide_005.png,image/png,2259446,workspace,REQUEST_BYTES_OR_EXPLICIT_NOT_FOUND
conv_b1c31894d276,d5959bdd-0172-4c33-952b-ef6c4d0a5f69,user,u_143ae72abefb8a51fd,e5a193f9-7cb3-42e8-90ad-ddc4b32b8c44,9731,slide_002.png,AI 工作区/成果文件/load-test-image-2026-conv_b1c31894d276/slides/slide_002.png,image/png,2037496,workspace,REQUEST_BYTES_OR_EXPLICIT_NOT_FOUND
conv_ec3c504c57ab,5ee08357-1de0-4489-8ee8-6898763c64fa,user,u_b2e5db8545fc00d098,84e661a2-28f7-416f-9341-dcdcbd5f06d9,10744,【【三类有源医美设备】采购经理_上海 16-26K】张坤 10年以上.pdf,对话附件/【【三类有源医美设备】采购经理_上海 16-26K】张坤 10年以上.pdf,application/pdf,136654,,REQUEST_BYTES_OR_EXPLICIT_NOT_FOUND
conv_589e599dc77a,5a34da8c-be28-42b8-9bc7-102700124dac,user,u_d9520f1234dc2aeb6c,conv_589e599dc77a:msg_197,11473,IMG_6257.jpeg,对话附件/IMG_6257.jpeg,image/jpeg,3717242,,REQUEST_BYTES_OR_EXPLICIT_NOT_FOUND
conv_589e599dc77a,5a34da8c-be28-42b8-9bc7-102700124dac,user,u_eeedcafe73cc56846a,conv_589e599dc77a:1c011917,30149,IMG_6257.jpeg,对话附件/IMG_6257.jpeg,image/jpeg,3717242,,REQUEST_BYTES_OR_EXPLICIT_NOT_FOUND
conv_071f0f0277ac,5ee08357-1de0-4489-8ee8-6898763c64fa,user,u_fa681e8cff469a92d3,1a2bef4d-fca7-4114-b11a-5712bf242016,12374,【AI应用开发工程师（后端）_上海 12-16K】魏禹豪 3年 (2).pdf,对话附件/【AI应用开发工程师（后端）_上海 12-16K】魏禹豪 3年 (2).pdf,application/pdf,133154,,REQUEST_BYTES_OR_EXPLICIT_NOT_FOUND
conv_071f0f0277ac,5ee08357-1de0-4489-8ee8-6898763c64fa,user,u_fa681e8cff469a92d3,1a2bef4d-fca7-4114-b11a-5712bf242016,12374,【AI应用开发工程师（后端）_上海 12-16K】王旭东 3年 (2).pdf,对话附件/【AI应用开发工程师（后端）_上海 12-16K】王旭东 3年 (2).pdf,application/pdf,313771,,REQUEST_BYTES_OR_EXPLICIT_NOT_FOUND
conv_071f0f0277ac,5ee08357-1de0-4489-8ee8-6898763c64fa,user,u_fa681e8cff469a92d3,1a2bef4d-fca7-4114-b11a-5712bf242016,12374,【AI应用开发工程师（后端）_上海 12-16K】傅儒沣 1年 (2).pdf,对话附件/【AI应用开发工程师（后端）_上海 12-16K】傅儒沣 1年 (2).pdf,application/pdf,582496,,REQUEST_BYTES_OR_EXPLICIT_NOT_FOUND
conv_071f0f0277ac,5ee08357-1de0-4489-8ee8-6898763c64fa,user,u_fa681e8cff469a92d3,1a2bef4d-fca7-4114-b11a-5712bf242016,12374,【AI应用开发工程师（后端）_上海 12-16K】曹恩 3年 (2).pdf,对话附件/【AI应用开发工程师（后端）_上海 12-16K】曹恩 3年 (2).pdf,application/pdf,415681,,REQUEST_BYTES_OR_EXPLICIT_NOT_FOUND
conv_071f0f0277ac,5ee08357-1de0-4489-8ee8-6898763c64fa,user,u_fa681e8cff469a92d3,1a2bef4d-fca7-4114-b11a-5712bf242016,12374,【AI应用开发工程师（后端）_上海 12-16K】周晟奕 1年 (2).pdf,对话附件/【AI应用开发工程师（后端）_上海 12-16K】周晟奕 1年 (2).pdf,application/pdf,337013,,REQUEST_BYTES_OR_EXPLICIT_NOT_FOUND
conv_071f0f0277ac,5ee08357-1de0-4489-8ee8-6898763c64fa,user,u_fa681e8cff469a92d3,1a2bef4d-fca7-4114-b11a-5712bf242016,12374,【AI应用开发工程师（后端）_上海 12-16K】龚健威 25年应届生 (2).pdf,对话附件/【AI应用开发工程师（后端）_上海 12-16K】龚健威 25年应届生 (2).pdf,application/pdf,150663,,REQUEST_BYTES_OR_EXPLICIT_NOT_FOUND
conv_071f0f0277ac,5ee08357-1de0-4489-8ee8-6898763c64fa,user,u_fa681e8cff469a92d3,1a2bef4d-fca7-4114-b11a-5712bf242016,12374,【AI应用开发工程师（后端）_上海 12-16K】冯闯 5年 (2).pdf,对话附件/【AI应用开发工程师（后端）_上海 12-16K】冯闯 5年 (2).pdf,application/pdf,151570,,REQUEST_BYTES_OR_EXPLICIT_NOT_FOUND
conv_071f0f0277ac,5ee08357-1de0-4489-8ee8-6898763c64fa,user,u_fa681e8cff469a92d3,1a2bef4d-fca7-4114-b11a-5712bf242016,12374,【AI应用开发工程师（后端）_上海 12-16K】牛广宇 2年 (2).pdf,对话附件/【AI应用开发工程师（后端）_上海 12-16K】牛广宇 2年 (2).pdf,application/pdf,150955,,REQUEST_BYTES_OR_EXPLICIT_NOT_FOUND
conv_071f0f0277ac,5ee08357-1de0-4489-8ee8-6898763c64fa,user,u_fa681e8cff469a92d3,1a2bef4d-fca7-4114-b11a-5712bf242016,12374,【AI应用开发工程师（后端）_上海 12-16K】汪炎 2年 (2).pdf,对话附件/【AI应用开发工程师（后端）_上海 12-16K】汪炎 2年 (2).pdf,application/pdf,200514,,REQUEST_BYTES_OR_EXPLICIT_NOT_FOUND
conv_7a890f3ac3c9,5ee08357-1de0-4489-8ee8-6898763c64fa,user,u_38591bea40aec75f25,09d840e4-dd27-41f0-b7dd-3fbbb5262c1a,12859,travel-itinerary-planner.tar.gz,个人知识库/travel-itinerary-planner.tar.gz,text/plain,5537,workspace,REQUEST_BYTES_OR_EXPLICIT_NOT_FOUND
conv_a52e0748557e,bb195a6d-9280-479c-be5c-eac7b2abba5f,user,u_a14dbc1e3e82238d54,c126be78-42ec-4fea-9854-692b3e2ae396,14437,紫衫、橙粟、清霜股权比例调整表【+清霜】 (2).xlsx,对话附件/紫衫、橙粟、清霜股权比例调整表【+清霜】 (2).xlsx,application/vnd.openxmlformats-officedocument.spreadsheetml.sheet,34726,,REQUEST_BYTES_OR_EXPLICIT_NOT_FOUND
conv_a52e0748557e,bb195a6d-9280-479c-be5c-eac7b2abba5f,user,u_a14dbc1e3e82238d54,c126be78-42ec-4fea-9854-692b3e2ae396,14437,清霜银行日记账.xlsx,对话附件/清霜银行日记账.xlsx,application/vnd.openxmlformats-officedocument.spreadsheetml.sheet,19745,,REQUEST_BYTES_OR_EXPLICIT_NOT_FOUND
conv_6318c0ad05d5,b37ceae7-21e7-4f6e-a02a-57dfac4b0fe6,user,u_77b9e35edf03b42914,conv_6318c0ad05d5:b62beeeb,14160,muon_catalyzed_fusion_industry_report_2026_cn.pdf,对话附件/muon_catalyzed_fusion_industry_report_2026_cn.pdf,application/pdf,4804915,,REQUEST_BYTES_OR_EXPLICIT_NOT_FOUND
conv_6318c0ad05d5,b37ceae7-21e7-4f6e-a02a-57dfac4b0fe6,assistant,a_a4a7411bcafcb348e7,conv_6318c0ad05d5:msg_65,14161,muon_catalyzed_fusion_industry_report_2026_cn.pdf,对话附件/muon_catalyzed_fusion_industry_report_2026_cn.pdf,application/pdf,4804915,,REQUEST_BYTES_OR_EXPLICIT_NOT_FOUND
conv_6f9964f1a35e,5ee08357-1de0-4489-8ee8-6898763c64fa,user,u_659e5679fe4962a19e,8a46607b-fb09-447b-a81b-7091c7dc2e10,14210,【AI应用开发工程师（后端）_上海 12-16K】郭猛飞 4年.pdf,对话附件/【AI应用开发工程师（后端）_上海 12-16K】郭猛飞 4年.pdf,application/pdf,195141,,REQUEST_BYTES_OR_EXPLICIT_NOT_FOUND
conv_6f9964f1a35e,5ee08357-1de0-4489-8ee8-6898763c64fa,user,u_659e5679fe4962a19e,8a46607b-fb09-447b-a81b-7091c7dc2e10,14210,【AI应用开发工程师（后端）_上海 12-16K】王赫扬 4年.pdf,对话附件/【AI应用开发工程师（后端）_上海 12-16K】王赫扬 4年.pdf,application/pdf,199064,,REQUEST_BYTES_OR_EXPLICIT_NOT_FOUND
conv_6f9964f1a35e,5ee08357-1de0-4489-8ee8-6898763c64fa,user,u_659e5679fe4962a19e,8a46607b-fb09-447b-a81b-7091c7dc2e10,14210,【AI应用开发工程师（后端）_上海 12-16K】万俊男 2年.pdf,对话附件/【AI应用开发工程师（后端）_上海 12-16K】万俊男 2年.pdf,application/pdf,777048,,REQUEST_BYTES_OR_EXPLICIT_NOT_FOUND
conv_6f9964f1a35e,5ee08357-1de0-4489-8ee8-6898763c64fa,user,u_659e5679fe4962a19e,8a46607b-fb09-447b-a81b-7091c7dc2e10,14210,【AI应用开发工程师（后端）_上海 12-16K】豆康舒 3年.pdf,对话附件/【AI应用开发工程师（后端）_上海 12-16K】豆康舒 3年.pdf,application/pdf,427281,,REQUEST_BYTES_OR_EXPLICIT_NOT_FOUND
conv_6f9964f1a35e,5ee08357-1de0-4489-8ee8-6898763c64fa,user,u_659e5679fe4962a19e,8a46607b-fb09-447b-a81b-7091c7dc2e10,14210,【AI应用开发工程师（后端）_上海 12-16K】陈祥涛 4年.pdf,对话附件/【AI应用开发工程师（后端）_上海 12-16K】陈祥涛 4年.pdf,application/pdf,208905,,REQUEST_BYTES_OR_EXPLICIT_NOT_FOUND
conv_6f9964f1a35e,5ee08357-1de0-4489-8ee8-6898763c64fa,user,u_659e5679fe4962a19e,8a46607b-fb09-447b-a81b-7091c7dc2e10,14210,【AI应用开发工程师（后端）_上海 12-16K】徐先生 3年.pdf,对话附件/【AI应用开发工程师（后端）_上海 12-16K】徐先生 3年.pdf,application/pdf,1304071,,REQUEST_BYTES_OR_EXPLICIT_NOT_FOUND
conv_6f9964f1a35e,5ee08357-1de0-4489-8ee8-6898763c64fa,user,u_659e5679fe4962a19e,8a46607b-fb09-447b-a81b-7091c7dc2e10,14210,【AI应用开发工程师（后端）_上海 12-16K】傅伟业 6年.pdf,对话附件/【AI应用开发工程师（后端）_上海 12-16K】傅伟业 6年.pdf,application/pdf,850539,,REQUEST_BYTES_OR_EXPLICIT_NOT_FOUND
conv_6f9964f1a35e,5ee08357-1de0-4489-8ee8-6898763c64fa,user,u_659e5679fe4962a19e,8a46607b-fb09-447b-a81b-7091c7dc2e10,14210,【AI应用开发工程师（后端）_上海 12-16K】张鑫 2年.pdf,对话附件/【AI应用开发工程师（后端）_上海 12-16K】张鑫 2年.pdf,application/pdf,192398,,REQUEST_BYTES_OR_EXPLICIT_NOT_FOUND
conv_4dff386a54ac,b37ceae7-21e7-4f6e-a02a-57dfac4b0fe6,user,u_d12f969f0a5a6146f3,conv_4dff386a54ac:msg_195,16966,【产品经理（AI智能体）_上海 8-13K】辛佳怡 1年.pdf,对话附件/【产品经理（AI智能体）_上海 8-13K】辛佳怡 1年.pdf,application/pdf,367259,,REQUEST_BYTES_OR_EXPLICIT_NOT_FOUND
conv_4dff386a54ac,b37ceae7-21e7-4f6e-a02a-57dfac4b0fe6,user,u_d12f969f0a5a6146f3,conv_4dff386a54ac:msg_195,16966,【产品经理（AI智能体）_上海 8-13K】潘善瑜 1年.pdf,对话附件/【产品经理（AI智能体）_上海 8-13K】潘善瑜 1年.pdf,application/pdf,168470,,REQUEST_BYTES_OR_EXPLICIT_NOT_FOUND
conv_4dff386a54ac,b37ceae7-21e7-4f6e-a02a-57dfac4b0fe6,user,u_d12f969f0a5a6146f3,conv_4dff386a54ac:msg_195,16966,【产品经理（AI智能体）_上海 8-13K】岑高晨 26年应届生.pdf,对话附件/【产品经理（AI智能体）_上海 8-13K】岑高晨 26年应届生.pdf,application/pdf,321806,,REQUEST_BYTES_OR_EXPLICIT_NOT_FOUND
conv_7f7ed36bdd37,5ee08357-1de0-4489-8ee8-6898763c64fa,user,u_2741821ba098122d9e,afde16d1-3487-439e-85a9-e998784d02c4,15775,静雨实业（上海）股份有限公司中英文版本.pdf,对话附件/静雨实业（上海）股份有限公司中英文版本.pdf,application/pdf,20003681,,REQUEST_BYTES_OR_EXPLICIT_NOT_FOUND
conv_8aceda2d9422,5eb1a1c6-d647-47fe-8036-9dc731aa0b5c,user,u_d11940a02ae08448ea,conv_8aceda2d9422:msg_50,27857,徐征-视比特董秘-福睿思特20260818.pdf,对话附件/徐征-视比特董秘-福睿思特20260818.pdf,application/pdf,234692,,REQUEST_BYTES_OR_EXPLICIT_NOT_FOUND
conv_0932fbcb8569,b6863522-7f76-4d72-95c8-af80f23974a1,user,u_94e37c3b5939d04cd4,af99e3dd-3e9f-46ae-9673-aaab0d437b83,17332,生物分子检测实验_001.png,AI 工作区/成果文件/请根据上下文输出合适的图片，生成检测生物-conv_0932fbcb8569/生物分子检测实验_001.png,image/png,1718381,workspace,REQUEST_BYTES_OR_EXPLICIT_NOT_FOUND
conv_59024c2ff574,b6863522-7f76-4d72-95c8-af80f23974a1,user,u_c2a81e2b6a5cb3116d,c442902d-fb19-4d82-bd0e-e79d957c26fc,17616,image.png,对话附件/image.png,image/png,445847,,REQUEST_BYTES_OR_EXPLICIT_NOT_FOUND
conv_e785906dc669,edb0fc49-01e2-417f-9d6b-d5115d220cb3,user,u_f4adeb6864cbe511e3,conv_e785906dc669:9ff24b01,31105,主图带字（3：4）.png,个人知识库/合生纪康/葉田强降尿酸益生菌/有赞小程序产品设计/葉田强产品素材/主图带字（3：4）.png,image/png,1629050,workspace,REQUEST_BYTES_OR_EXPLICIT_NOT_FOUND
conv_e785906dc669,edb0fc49-01e2-417f-9d6b-d5115d220cb3,user,u_f4adeb6864cbe511e3,conv_e785906dc669:9ff24b01,31105,葉田強包装盒设计方案_03.jpg,个人知识库/合生纪康/葉田强降尿酸益生菌/有赞小程序产品设计/葉田强产品素材/葉田強包装盒设计方案_03.jpg,image/jpeg,648757,workspace,REQUEST_BYTES_OR_EXPLICIT_NOT_FOUND
conv_e785906dc669,edb0fc49-01e2-417f-9d6b-d5115d220cb3,user,u_b4603338391682632b,conv_e785906dc669:4c930a85,37857,微信图片_***CARD***_1797_1043.png,个人知识库/合生纪康/葉田强降尿酸益生菌/有赞小程序产品设计/葉田强产品素材/微信图片_***CARD***_1797_1043.png,image/png,1414691,workspace,REQUEST_BYTES_OR_EXPLICIT_NOT_FOUND
conv_e785906dc669,edb0fc49-01e2-417f-9d6b-d5115d220cb3,user,u_300c50c0786935ed9e,conv_e785906dc669:dce2aca5,37899,麦角硫因产品1.jpeg,个人知识库/合生纪康/葉田强降尿酸益生菌/有赞小程序产品设计/麦角硫因产品资料/麦角硫因产品1.jpeg,image/jpeg,254392,workspace,REQUEST_BYTES_OR_EXPLICIT_NOT_FOUND
conv_e785906dc669,edb0fc49-01e2-417f-9d6b-d5115d220cb3,user,u_9b0e13195885beae21,conv_e785906dc669:f12d2c61,39513,主图带字.png,个人知识库/合生纪康/葉田强降尿酸益生菌/有赞小程序产品设计/葉田强产品素材/主图带字.png,image/png,1755722,workspace,REQUEST_BYTES_OR_EXPLICIT_NOT_FOUND
conv_e785906dc669,edb0fc49-01e2-417f-9d6b-d5115d220cb3,user,u_5d2ba27d504a45e0fb,conv_e785906dc669:6caec89d,39541,葉田強包装盒设计方案_03.jpg,个人知识库/合生纪康/葉田强降尿酸益生菌/有赞小程序产品设计/葉田强产品素材/葉田強包装盒设计方案_03.jpg,image/jpeg,648757,workspace,REQUEST_BYTES_OR_EXPLICIT_NOT_FOUND
conv_7df2a2fe5a12,76d362d5-0552-4b79-8d05-ce0bbb885d9c,user,u_e7075255d62420ddbf,conv_7df2a2fe5a12:msg_39,27015,ai_news_2026-07-28.png,AI 工作区/成果文件/ai新闻热点今天的-conv_7df2a2fe5a12/ai_news_2026-07-28.png,image/png,2761830,,REQUEST_BYTES_OR_EXPLICIT_NOT_FOUND
conv_7df2a2fe5a12,76d362d5-0552-4b79-8d05-ce0bbb885d9c,user,u_7fdfd917e85fecf4c4,conv_7df2a2fe5a12:msg_47,27018,ai_news_2026-07-29.png,AI 工作区/成果文件/ai新闻热点今天的-conv_7df2a2fe5a12/ai_news_2026-07-29.png,image/png,2819859,,REQUEST_BYTES_OR_EXPLICIT_NOT_FOUND
conv_052e24c34b9d,b37ceae7-21e7-4f6e-a02a-57dfac4b0fe6,user,u_d34f5aec615ff03d82,conv_052e24c34b9d:msg_1,18986,上海交通大学技术转移硕士MTT学生手册-2026级.pdf,对话附件/上海交通大学技术转移硕士MTT学生手册-2026级.pdf,application/pdf,739935,,REQUEST_BYTES_OR_EXPLICIT_NOT_FOUND
conv_2d755771f0da,76d362d5-0552-4b79-8d05-ce0bbb885d9c,user,u_ada89307d66a854ff9,conv_2d755771f0da:msg_144,20210,论文审查平台报价单.xlsx,对话附件/论文审查平台报价单.xlsx,application/vnd.openxmlformats-officedocument.spreadsheetml.sheet,13395,,REQUEST_BYTES_OR_EXPLICIT_NOT_FOUND
conv_2d755771f0da,76d362d5-0552-4b79-8d05-ce0bbb885d9c,user,u_ada89307d66a854ff9,conv_2d755771f0da:msg_144,20210,image.png,对话附件/image.png,image/png,1424908,,REQUEST_BYTES_OR_EXPLICIT_NOT_FOUND
conv_2d755771f0da,76d362d5-0552-4b79-8d05-ce0bbb885d9c,user,u_ada89307d66a854ff9,conv_2d755771f0da:msg_144,20210,image (2).png,对话附件/image (2).png,image/png,1344715,,REQUEST_BYTES_OR_EXPLICIT_NOT_FOUND
conv_2d755771f0da,76d362d5-0552-4b79-8d05-ce0bbb885d9c,user,u_7ac19676346fdda562,conv_2d755771f0da:msg_181,20242,asc toB报价_20250722_1.xlsx,对话附件/asc toB报价_20250722_1.xlsx,application/vnd.openxmlformats-officedocument.spreadsheetml.sheet,35050,,REQUEST_BYTES_OR_EXPLICIT_NOT_FOUND
conv_4084bdf37c76,b37ceae7-21e7-4f6e-a02a-57dfac4b0fe6,user,u_660394c3a6fe92aca4,d7020d17-5392-4054-9f56-ac7d67508306,19750,Kadele_Lunar_Base_STEAM_Report_CN_V2.docx,对话附件/Kadele_Lunar_Base_STEAM_Report_CN_V2.docx,application/vnd.openxmlformats-officedocument.wordprocessingml.document,69572,,REQUEST_BYTES_OR_EXPLICIT_NOT_FOUND
conv_9c7276cba6b3,76d362d5-0552-4b79-8d05-ce0bbb885d9c,user,u_d2e10c8b3ca05a1e97,conv_9c7276cba6b3:7bff0a72,23295,科委概念验证专项管理平台_0808.pptx,对话附件/科委概念验证专项管理平台_0808.pptx,application/vnd.openxmlformats-officedocument.presentationml.presentation,12504293,,REQUEST_BYTES_OR_EXPLICIT_NOT_FOUND
conv_9c7276cba6b3,76d362d5-0552-4b79-8d05-ce0bbb885d9c,user,u_69a3565135c72a5ec8,conv_9c7276cba6b3:msg_3,23296,科委概念验证专项管理平台_0808.pptx,对话附件/科委概念验证专项管理平台_0808.pptx,application/vnd.openxmlformats-officedocument.presentationml.presentation,12504293,,REQUEST_BYTES_OR_EXPLICIT_NOT_FOUND
conv_9c7276cba6b3,76d362d5-0552-4b79-8d05-ce0bbb885d9c,user,u_2221928a0efba0c558,conv_9c7276cba6b3:789aa86c,23700,image.png,对话附件/image.png,image/png,263272,,REQUEST_BYTES_OR_EXPLICIT_NOT_FOUND
conv_9c7276cba6b3,76d362d5-0552-4b79-8d05-ce0bbb885d9c,user,u_4960085e3aa5e57d21,conv_9c7276cba6b3:msg_35,23701,image.png,对话附件/image.png,image/png,263272,,REQUEST_BYTES_OR_EXPLICIT_NOT_FOUND
conv_9c7276cba6b3,76d362d5-0552-4b79-8d05-ce0bbb885d9c,user,u_29cd0c7ebd82ae46d4,conv_9c7276cba6b3:260640e5,23730,image (2).png,对话附件/image (2).png,image/png,114932,,REQUEST_BYTES_OR_EXPLICIT_NOT_FOUND
conv_9c7276cba6b3,76d362d5-0552-4b79-8d05-ce0bbb885d9c,user,u_ce88c5082e4500b63b,conv_9c7276cba6b3:msg_65,23731,image (2).png,对话附件/image (2).png,image/png,114932,,REQUEST_BYTES_OR_EXPLICIT_NOT_FOUND
conv_9c7276cba6b3,76d362d5-0552-4b79-8d05-ce0bbb885d9c,user,u_8465ce3a65979d1aa7,conv_9c7276cba6b3:2d8ab907,23800,image (4).png,对话附件/image (4).png,image/png,171145,,REQUEST_BYTES_OR_EXPLICIT_NOT_FOUND
conv_9c7276cba6b3,76d362d5-0552-4b79-8d05-ce0bbb885d9c,user,u_789eec0e7882bf6558,conv_9c7276cba6b3:msg_83,23801,image (4).png,对话附件/image (4).png,image/png,171145,,REQUEST_BYTES_OR_EXPLICIT_NOT_FOUND
conv_9c7276cba6b3,76d362d5-0552-4b79-8d05-ce0bbb885d9c,user,u_539561777c4157af39,conv_9c7276cba6b3:e9499bb7,23834,2026-08-10_项目详情页_商务蓝风.png,AI 工作区/成果文件/请从现在开始按以下人格与我协作： 人格名-conv_9c7276cba6b3/2026-08-10_项目详情页_商务蓝风.png,image/png,605302,,REQUEST_BYTES_OR_EXPLICIT_NOT_FOUND
conv_9c7276cba6b3,76d362d5-0552-4b79-8d05-ce0bbb885d9c,user,u_a60dd1473688c76e83,conv_9c7276cba6b3:msg_97,23835,2026-08-10_项目详情页_商务蓝风.png,AI 工作区/成果文件/请从现在开始按以下人格与我协作： 人格名-conv_9c7276cba6b3/2026-08-10_项目详情页_商务蓝风.png,image/png,605302,,REQUEST_BYTES_OR_EXPLICIT_NOT_FOUND
conv_9c7276cba6b3,76d362d5-0552-4b79-8d05-ce0bbb885d9c,user,u_c74eaa7ee659bcf952,conv_9c7276cba6b3:158ad2d0,23846,image (5).png,对话附件/image (5).png,image/png,114932,,REQUEST_BYTES_OR_EXPLICIT_NOT_FOUND
conv_9c7276cba6b3,76d362d5-0552-4b79-8d05-ce0bbb885d9c,user,u_0a043250e69d8dbc32,conv_9c7276cba6b3:msg_107,23847,image (5).png,对话附件/image (5).png,image/png,114932,,REQUEST_BYTES_OR_EXPLICIT_NOT_FOUND
conv_9c7276cba6b3,76d362d5-0552-4b79-8d05-ce0bbb885d9c,user,u_6b8162c7f09dc518e0,conv_9c7276cba6b3:msg_115,26675,ScreenShot_2026-08-14_001613_593.png,对话附件/ScreenShot_2026-08-14_001613_593.png,image/png,131756,,REQUEST_BYTES_OR_EXPLICIT_NOT_FOUND
conv_9c7276cba6b3,76d362d5-0552-4b79-8d05-ce0bbb885d9c,assistant,a_3d4b39277a2894f75b,conv_9c7276cba6b3:177eb5fc,23724,image (2).png,对话附件/image (2).png,image/png,114932,,REQUEST_BYTES_OR_EXPLICIT_NOT_FOUND
conv_52dfe7748f87,bb195a6d-9280-479c-be5c-eac7b2abba5f,user,u_5eea3747ded89069ab,34f65bbc-0d8e-470f-be6a-a3b474273e26,20375,合生纪银行日记账.xlsx,对话附件/合生纪银行日记账.xlsx,application/vnd.openxmlformats-officedocument.spreadsheetml.sheet,15273,,REQUEST_BYTES_OR_EXPLICIT_NOT_FOUND
conv_52dfe7748f87,bb195a6d-9280-479c-be5c-eac7b2abba5f,user,u_5eea3747ded89069ab,34f65bbc-0d8e-470f-be6a-a3b474273e26,20375,合生纪2025年年度现金流汇总.xlsx,对话附件/合生纪2025年年度现金流汇总.xlsx,application/vnd.openxmlformats-officedocument.spreadsheetml.sheet,12008,,REQUEST_BYTES_OR_EXPLICIT_NOT_FOUND
conv_52dfe7748f87,bb195a6d-9280-479c-be5c-eac7b2abba5f,user,u_b5ff470fc014cffbe3,8b551ac2-8e05-4b6a-a232-06b789ba3683,20433,合生纪康银行日记账.xlsx,对话附件/合生纪康银行日记账.xlsx,application/vnd.openxmlformats-officedocument.spreadsheetml.sheet,15494,,REQUEST_BYTES_OR_EXPLICIT_NOT_FOUND
conv_52dfe7748f87,bb195a6d-9280-479c-be5c-eac7b2abba5f,user,u_b5ff470fc014cffbe3,8b551ac2-8e05-4b6a-a232-06b789ba3683,20433,合生纪康2025年年度现金流汇总.xlsx,对话附件/合生纪康2025年年度现金流汇总.xlsx,application/vnd.openxmlformats-officedocument.spreadsheetml.sheet,12042,,REQUEST_BYTES_OR_EXPLICIT_NOT_FOUND
conv_52dfe7748f87,bb195a6d-9280-479c-be5c-eac7b2abba5f,user,u_47d5583dca29f89815,88cb91b3-7852-4167-81e5-4a1e9897f163,20470,合生纪2家.xlsx,对话附件/合生纪2家.xlsx,application/vnd.openxmlformats-officedocument.spreadsheetml.sheet,28926,,REQUEST_BYTES_OR_EXPLICIT_NOT_FOUND
conv_52dfe7748f87,bb195a6d-9280-479c-be5c-eac7b2abba5f,user,u_95503af2840aa058ba,83c0d91e-0f76-4ed6-97c1-df9837ea6a57,20472,合生纪2家 (2).xlsx,对话附件/合生纪2家 (2).xlsx,application/vnd.openxmlformats-officedocument.spreadsheetml.sheet,28926,,REQUEST_BYTES_OR_EXPLICIT_NOT_FOUND
conv_2c6000fce9b3,b7cf8bab-99fd-472a-977c-a37c7f833148,user,u_a3440aba8d2556e824,conv_2c6000fce9b3:msg_32,21177,EvoMind_种子用户_AI投研一等奖案例.pdf,个人知识库/个人公众号/EvoMind_种子用户_AI投研一等奖案例.pdf,application/pdf,9679695,,REQUEST_BYTES_OR_EXPLICIT_NOT_FOUND
conv_2c6000fce9b3,b7cf8bab-99fd-472a-977c-a37c7f833148,user,u_3eb6f151d7e7016f12,conv_2c6000fce9b3:msg_69,26259,image (23).png,对话附件/image (23).png,image/png,1681485,,REQUEST_BYTES_OR_EXPLICIT_NOT_FOUND
conv_2c6000fce9b3,b7cf8bab-99fd-472a-977c-a37c7f833148,user,u_f4f3b594bf527a64a6,conv_2c6000fce9b3:msg_181,26444,IMG_20260824_114753.jpg,对话附件/IMG_20260824_114753.jpg,image/jpeg,4678196,,REQUEST_BYTES_OR_EXPLICIT_NOT_FOUND
conv_2c6000fce9b3,b7cf8bab-99fd-472a-977c-a37c7f833148,user,u_2b01f011382f60e8e2,conv_2c6000fce9b3:msg_149,26679,image (24).png,对话附件/image (24).png,image/png,1411376,,REQUEST_BYTES_OR_EXPLICIT_NOT_FOUND
conv_2c6000fce9b3,b7cf8bab-99fd-472a-977c-a37c7f833148,user,u_2f131d96be15971523,conv_2c6000fce9b3:cf44eb38,29756,image (24).png,对话附件/image (24).png,image/png,1411376,,REQUEST_BYTES_OR_EXPLICIT_NOT_FOUND
conv_2c6000fce9b3,b7cf8bab-99fd-472a-977c-a37c7f833148,user,u_ab282c8f99da4989ac,conv_2c6000fce9b3:7e21ebe5,30136,IMG_20260824_114753.jpg,对话附件/IMG_20260824_114753.jpg,image/jpeg,4678196,,REQUEST_BYTES_OR_EXPLICIT_NOT_FOUND
conv_2c6000fce9b3,b7cf8bab-99fd-472a-977c-a37c7f833148,assistant,a_756ae5d96a21687a3f,conv_2c6000fce9b3:msg_11,20485,image (23).png,对话附件/image (23).png,image/png,1681485,,REQUEST_BYTES_OR_EXPLICIT_NOT_FOUND
conv_2c6000fce9b3,b7cf8bab-99fd-472a-977c-a37c7f833148,assistant,a_cb3666ffb1fb2a4c36,conv_2c6000fce9b3:msg_13,20486,image (23).png,对话附件/image (23).png,image/png,1681485,,REQUEST_BYTES_OR_EXPLICIT_NOT_FOUND
conv_2c6000fce9b3,b7cf8bab-99fd-472a-977c-a37c7f833148,assistant,a_ec4da7c027fef19aeb,conv_2c6000fce9b3:msg_15,20489,image (23).png,对话附件/image (23).png,image/png,1681485,,REQUEST_BYTES_OR_EXPLICIT_NOT_FOUND
conv_2c6000fce9b3,b7cf8bab-99fd-472a-977c-a37c7f833148,assistant,a_31ad6b7b230c8544e3,conv_2c6000fce9b3:msg_19,20493,image (23).png,对话附件/image (23).png,image/png,1681485,,REQUEST_BYTES_OR_EXPLICIT_NOT_FOUND
conv_2c6000fce9b3,b7cf8bab-99fd-472a-977c-a37c7f833148,assistant,a_f31e71018ade258716,conv_2c6000fce9b3:msg_21,20496,image (23).png,对话附件/image (23).png,image/png,1681485,,REQUEST_BYTES_OR_EXPLICIT_NOT_FOUND
conv_2c6000fce9b3,b7cf8bab-99fd-472a-977c-a37c7f833148,assistant,a_474ec4ebef7299a74e,conv_2c6000fce9b3:msg_52,26247,EvoMind_种子用户_AI投研一等奖案例.pdf,个人知识库/个人公众号/EvoMind_种子用户_AI投研一等奖案例.pdf,application/pdf,9679695,,REQUEST_BYTES_OR_EXPLICIT_NOT_FOUND
conv_2c6000fce9b3,b7cf8bab-99fd-472a-977c-a37c7f833148,assistant,a_ec7dab1f63380bdaa7,conv_2c6000fce9b3:msg_89,26273,image (23).png,对话附件/image (23).png,image/png,1681485,,REQUEST_BYTES_OR_EXPLICIT_NOT_FOUND
conv_39ee73dad7d3,e33fb68b-08fd-467a-a470-dd85496896e6,user,u_e6856e6ad010b5e696,conv_39ee73dad7d3:msg_30,24822,美鲸灵MJ6反商业贿赂及销售佣金提成管理制度0804_补充代理合同发票版.docx,个人知识库/美鲸灵/美鲸灵MJ6反商业贿赂及销售佣金提成管理制度0804_补充代理合同发票版.docx,application/vnd.openxmlformats-officedocument.wordprocessingml.document,277740,,REQUEST_BYTES_OR_EXPLICIT_NOT_FOUND
conv_39ee73dad7d3,e33fb68b-08fd-467a-a470-dd85496896e6,user,u_71ad56c1123a828982,conv_39ee73dad7d3:msg_44,25099,合并报表-中科芯飞.xlsx,对话附件/合并报表-中科芯飞.xlsx,application/vnd.openxmlformats-officedocument.spreadsheetml.sheet,60472,,REQUEST_BYTES_OR_EXPLICIT_NOT_FOUND
conv_39ee73dad7d3,e33fb68b-08fd-467a-a470-dd85496896e6,user,u_7aa62cd0cc63ea670b,conv_39ee73dad7d3:msg_69,25409,MJ6外部渠道商销售代理服务合同及佣金结算管理套件（修改稿）0812.docx,对话附件/MJ6外部渠道商销售代理服务合同及佣金结算管理套件（修改稿）0812.docx,application/vnd.openxmlformats-officedocument.wordprocessingml.document,270185,,REQUEST_BYTES_OR_EXPLICIT_NOT_FOUND
conv_39ee73dad7d3,e33fb68b-08fd-467a-a470-dd85496896e6,user,u_4470c609a5cce6531b,conv_39ee73dad7d3:msg_73,25412,MJ6外部渠道商销售代理服务合同及佣金结算管理套件（修改稿）0812 (2).docx,对话附件/MJ6外部渠道商销售代理服务合同及佣金结算管理套件（修改稿）0812 (2).docx,application/vnd.openxmlformats-officedocument.wordprocessingml.document,270185,,REQUEST_BYTES_OR_EXPLICIT_NOT_FOUND
conv_39ee73dad7d3,e33fb68b-08fd-467a-a470-dd85496896e6,user,u_c06c6768d5bd36e624,32e5945c-1bd0-4535-87db-3f169d3110e3,25415,MJ6外部渠道商销售代理服务合同及佣金结算管理套件（修改稿）0812 (3).docx,对话附件/MJ6外部渠道商销售代理服务合同及佣金结算管理套件（修改稿）0812 (3).docx,application/vnd.openxmlformats-officedocument.wordprocessingml.document,270185,,REQUEST_BYTES_OR_EXPLICIT_NOT_FOUND
conv_39ee73dad7d3,e33fb68b-08fd-467a-a470-dd85496896e6,user,u_9cd6ddf54eee8ff502,3a57b96f-1b96-4902-9546-0557509fcee7,25419,MJ6外部渠道商销售代理服务合同及佣金结算管理套件（修改稿）clean 0812.docx,对话附件/MJ6外部渠道商销售代理服务合同及佣金结算管理套件（修改稿）clean 0812.docx,application/vnd.openxmlformats-officedocument.wordprocessingml.document,263527,,REQUEST_BYTES_OR_EXPLICIT_NOT_FOUND
conv_39ee73dad7d3,e33fb68b-08fd-467a-a470-dd85496896e6,user,u_311062729fa4059fb3,conv_39ee73dad7d3:msg_91,25604,欧利华画册.pdf,对话附件/欧利华画册.pdf,application/pdf,4586333,,REQUEST_BYTES_OR_EXPLICIT_NOT_FOUND
conv_39ee73dad7d3,e33fb68b-08fd-467a-a470-dd85496896e6,user,u_1e885c691cdc488b20,conv_39ee73dad7d3:msg_99,32593,芯飞合并报表202606.xlsx,对话附件/芯飞合并报表202606.xlsx,application/vnd.openxmlformats-officedocument.spreadsheetml.sheet,15020,,REQUEST_BYTES_OR_EXPLICIT_NOT_FOUND
conv_fcee61c6481d,bb195a6d-9280-479c-be5c-eac7b2abba5f,user,u_21e06791a1bbd4e80f,conv_fcee61c6481d:msg_100,21333,财务部工作-2026.xlsx,对话附件/财务部工作-2026.xlsx,application/vnd.openxmlformats-officedocument.spreadsheetml.sheet,18195,,REQUEST_BYTES_OR_EXPLICIT_NOT_FOUND
conv_fcee61c6481d,bb195a6d-9280-479c-be5c-eac7b2abba5f,user,u_6a7055ff6424a884c3,conv_fcee61c6481d:msg_141,21932,橙粟-清霜-紫衫自然人合伙人信息 (2).xlsx,对话附件/橙粟-清霜-紫衫自然人合伙人信息 (2).xlsx,application/vnd.openxmlformats-officedocument.spreadsheetml.sheet,12164353,,REQUEST_BYTES_OR_EXPLICIT_NOT_FOUND
conv_fcee61c6481d,bb195a6d-9280-479c-be5c-eac7b2abba5f,user,u_c66f0cbc4eac874490,conv_fcee61c6481d:90b1d312,22392,财务部工作-2026.xlsx,对话附件/财务部工作-2026.xlsx,application/vnd.openxmlformats-officedocument.spreadsheetml.sheet,18195,,REQUEST_BYTES_OR_EXPLICIT_NOT_FOUND
conv_9dcf4da08633,9ec46491-a41d-4dd1-bddd-15b39cf60a14,user,u_a2c285088f0cee53b5,conv_9dcf4da08633:msg_75,26812,2026-08-16_氨甲醇甲酸燃料电池调研报告.docx,AI 工作区/成果文件/西安戴维新材是做聚酰亚胺和光刻胶单体的创-conv_9dcf4da08633/2026-08-16_氨甲醇甲酸燃料电池调研报告.docx,application/vnd.openxmlformats-officedocument.wordprocessingml.document,29416,,REQUEST_BYTES_OR_EXPLICIT_NOT_FOUND
conv_9dcf4da08633,9ec46491-a41d-4dd1-bddd-15b39cf60a14,user,u_14cee2b469456901f0,20498caa-2da1-41c3-a526-9ed7b072c45c,26816,得瑞新能介绍和落地方案（正式版）.pptx,对话附件/得瑞新能介绍和落地方案（正式版）.pptx,application/vnd.openxmlformats-officedocument.presentationml.presentation,9147169,,REQUEST_BYTES_OR_EXPLICIT_NOT_FOUND
conv_9dcf4da08633,9ec46491-a41d-4dd1-bddd-15b39cf60a14,user,u_04943feca41669685a,aff4bb0b-8885-4076-8765-4eba4aa38a0c,26818,陕西赛能瑞科硅碳负极项目商业计划书（2026年7月5日）.pdf,对话附件/陕西赛能瑞科硅碳负极项目商业计划书（2026年7月5日）.pdf,application/pdf,14163757,,REQUEST_BYTES_OR_EXPLICIT_NOT_FOUND
conv_9dcf4da08633,9ec46491-a41d-4dd1-bddd-15b39cf60a14,user,u_5a272abddd76c3c351,e911bb09-a932-4708-b9aa-21e23ce67e30,26822,陕西赛能瑞科硅碳负极项目商业计划书（2026年7月5日） (2).pdf,对话附件/陕西赛能瑞科硅碳负极项目商业计划书（2026年7月5日） (2).pdf,application/pdf,14163757,,REQUEST_BYTES_OR_EXPLICIT_NOT_FOUND
conv_8e704f119abe,a079fadb-6643-4071-8520-50f6c904777f,user,u_3e58b79880226669a9,conv_8e704f119abe:07beb85b,35792,image.png,对话附件/image.png,image/png,275244,,REQUEST_BYTES_OR_EXPLICIT_NOT_FOUND
conv_8e704f119abe,a079fadb-6643-4071-8520-50f6c904777f,user,u_ace66419186e5921bf,1518d758-51c4-4591-92a9-8b6f565f225f,35900,image (2).png,对话附件/image (2).png,image/png,548602,,REQUEST_BYTES_OR_EXPLICIT_NOT_FOUND
conv_8e704f119abe,a079fadb-6643-4071-8520-50f6c904777f,user,u_6ff50d89b8f394798b,conv_8e704f119abe:52665665,39464,image (3).png,对话附件/image (3).png,image/png,402152,,REQUEST_BYTES_OR_EXPLICIT_NOT_FOUND
conv_dfdb61deda75,b239b771-e5b5-4181-8735-fed76b495f19,user,u_c4b4027567fd16cd83,conv_dfdb61deda75:e44b1a64,21543,微信图片_***CARD***_23388_1829.jpg,对话附件/微信图片_***CARD***_23388_1829.jpg,image/jpeg,77692,,REQUEST_BYTES_OR_EXPLICIT_NOT_FOUND
conv_dfdb61deda75,b239b771-e5b5-4181-8735-fed76b495f19,user,u_54d1fdb896bab64f35,conv_dfdb61deda75:msg_1,21544,微信图片_***CARD***_23388_1829.jpg,对话附件/微信图片_***CARD***_23388_1829.jpg,image/jpeg,77692,,REQUEST_BYTES_OR_EXPLICIT_NOT_FOUND
conv_20d5b2c4f5aa,b37ceae7-21e7-4f6e-a02a-57dfac4b0fe6,user,u_188d98f9d2e09647a2,045ad83f-413f-405c-8fdd-251002b5ee4b,21665,***HEX***.png,对话附件/***HEX***.png,image/png,274735,,REQUEST_BYTES_OR_EXPLICIT_NOT_FOUND
conv_579e557ec04f,edb0fc49-01e2-417f-9d6b-d5115d220cb3,user,u_8a71531278d8a8240d,conv_579e557ec04f:ff513c6e,27948,薄荷基金-合生纪康保密协议.doc,个人知识库/合生纪康/保密协议/薄荷基金-合生纪康保密协议.doc,application/msword,37937,,REQUEST_BYTES_OR_EXPLICIT_NOT_FOUND
conv_579e557ec04f,edb0fc49-01e2-417f-9d6b-d5115d220cb3,user,u_9615b213fec892b3da,conv_579e557ec04f:msg_38,27949,薄荷基金-合生纪康保密协议.doc,个人知识库/合生纪康/保密协议/薄荷基金-合生纪康保密协议.doc,application/msword,37937,,REQUEST_BYTES_OR_EXPLICIT_NOT_FOUND
conv_579e557ec04f,edb0fc49-01e2-417f-9d6b-d5115d220cb3,user,u_ebb872389c80923587,conv_579e557ec04f:48659bc1,28073,远大 保密协议-2026.8.19.docx,个人知识库/合生纪康/保密协议/远大 保密协议-2026.8.19.docx,application/vnd.openxmlformats-officedocument.wordprocessingml.document,16944,,REQUEST_BYTES_OR_EXPLICIT_NOT_FOUND
conv_579e557ec04f,edb0fc49-01e2-417f-9d6b-d5115d220cb3,user,u_ebb872389c80923587,conv_579e557ec04f:msg_50,28074,远大 保密协议-2026.8.19.docx,个人知识库/合生纪康/保密协议/远大 保密协议-2026.8.19.docx,application/vnd.openxmlformats-officedocument.wordprocessingml.document,16944,,REQUEST_BYTES_OR_EXPLICIT_NOT_FOUND
conv_579e557ec04f,edb0fc49-01e2-417f-9d6b-d5115d220cb3,user,u_01c2a751375538786f,conv_579e557ec04f:bc40d0ac,29972,复旦科创-保密协议.docx,个人知识库/合生纪康/保密协议/复旦科创-保密协议.docx,application/vnd.openxmlformats-officedocument.wordprocessingml.document,20473,,REQUEST_BYTES_OR_EXPLICIT_NOT_FOUND
conv_579e557ec04f,edb0fc49-01e2-417f-9d6b-d5115d220cb3,user,u_01c2a751375538786f,conv_579e557ec04f:msg_80,29973,复旦科创-保密协议.docx,个人知识库/合生纪康/保密协议/复旦科创-保密协议.docx,application/vnd.openxmlformats-officedocument.wordprocessingml.document,20473,,REQUEST_BYTES_OR_EXPLICIT_NOT_FOUND
conv_579e557ec04f,edb0fc49-01e2-417f-9d6b-d5115d220cb3,user,u_bef096096c98dc2454,conv_579e557ec04f:3cc467f1,30087,厚雪资本保密协议pdf.pdf,个人知识库/合生纪康/保密协议/厚雪资本保密协议pdf.pdf,application/pdf,4699037,,REQUEST_BYTES_OR_EXPLICIT_NOT_FOUND
conv_579e557ec04f,edb0fc49-01e2-417f-9d6b-d5115d220cb3,user,u_d2a2ec2673a11ec960,conv_579e557ec04f:msg_144,30088,厚雪资本保密协议pdf.pdf,个人知识库/合生纪康/保密协议/厚雪资本保密协议pdf.pdf,application/pdf,4699037,,REQUEST_BYTES_OR_EXPLICIT_NOT_FOUND
conv_579e557ec04f,edb0fc49-01e2-417f-9d6b-d5115d220cb3,user,u_8431fa4cac4ac3bd47,conv_579e557ec04f:2ab932b6,31798,保密协议-中科创星 2026.docx,个人知识库/合生纪康/保密协议/保密协议-中科创星 2026.docx,application/vnd.openxmlformats-officedocument.wordprocessingml.document,47952,,REQUEST_BYTES_OR_EXPLICIT_NOT_FOUND
conv_579e557ec04f,edb0fc49-01e2-417f-9d6b-d5115d220cb3,user,u_8431fa4cac4ac3bd47,conv_579e557ec04f:msg_164,31799,保密协议-中科创星 2026.docx,个人知识库/合生纪康/保密协议/保密协议-中科创星 2026.docx,application/vnd.openxmlformats-officedocument.wordprocessingml.document,47952,,REQUEST_BYTES_OR_EXPLICIT_NOT_FOUND
conv_579e557ec04f,edb0fc49-01e2-417f-9d6b-d5115d220cb3,user,u_9a6990e9970ac69222,conv_579e557ec04f:bac3c27a,33747,法改-远大-合生纪康 保密协议-2026.8.20.doc,个人知识库/合生纪康/保密协议/法改-远大-合生纪康 保密协议-2026.8.20.doc,application/msword,21504,,REQUEST_BYTES_OR_EXPLICIT_NOT_FOUND
conv_579e557ec04f,edb0fc49-01e2-417f-9d6b-d5115d220cb3,user,u_3b184682f3dd341a8a,conv_579e557ec04f:812a50e0,38582,保密协议-TEMPLATE_NDA (Generic).docx,个人知识库/合生纪康/保密协议/保密协议-TEMPLATE_NDA (Generic).docx,application/vnd.openxmlformats-officedocument.wordprocessingml.document,53216,workspace,REQUEST_BYTES_OR_EXPLICIT_NOT_FOUND
conv_579e557ec04f,edb0fc49-01e2-417f-9d6b-d5115d220cb3,user,u_a5f9dada2659d60ce2,conv_579e557ec04f:0386b873,40423,养生堂研究所_《保密合同》模版.docx,个人知识库/合生纪康/保密协议/养生堂研究所_《保密合同》模版.docx,application/vnd.openxmlformats-officedocument.wordprocessingml.document,31931,workspace,REQUEST_BYTES_OR_EXPLICIT_NOT_FOUND
conv_579e557ec04f,edb0fc49-01e2-417f-9d6b-d5115d220cb3,user,u_5f5af9084c109190e9,conv_579e557ec04f:b94b3f88,40495,养生堂研究所_《保密合同》模版.docx,个人知识库/合生纪康/保密协议/养生堂研究所_《保密合同》模版.docx,application/vnd.openxmlformats-officedocument.wordprocessingml.document,31931,workspace,REQUEST_BYTES_OR_EXPLICIT_NOT_FOUND
conv_579e557ec04f,edb0fc49-01e2-417f-9d6b-d5115d220cb3,user,u_fb35439480dd91b6d4,conv_579e557ec04f:387adde5,41584,保密协议-金斯瑞产业基金部.docx,个人知识库/合生纪康/保密协议/保密协议-金斯瑞产业基金部.docx,application/vnd.openxmlformats-officedocument.wordprocessingml.document,22693,workspace,REQUEST_BYTES_OR_EXPLICIT_NOT_FOUND
conv_579e557ec04f,edb0fc49-01e2-417f-9d6b-d5115d220cb3,user,u_85dabbb6cc21aa39b8,conv_579e557ec04f:6e8f4aa1,41748,保密协议-远毅资本.docx,个人知识库/合生纪康/保密协议/保密协议-远毅资本.docx,application/vnd.openxmlformats-officedocument.wordprocessingml.document,41067,workspace,REQUEST_BYTES_OR_EXPLICIT_NOT_FOUND
conv_579e557ec04f,edb0fc49-01e2-417f-9d6b-d5115d220cb3,user,u_2ef80c4b77014340a0,conv_579e557ec04f:1f563875,44907,HSJK-保密协议模板.docx,个人知识库/合生纪康/保密协议/HSJK-保密协议模板.docx,application/vnd.openxmlformats-officedocument.wordprocessingml.document,26398,workspace,REQUEST_BYTES_OR_EXPLICIT_NOT_FOUND
conv_579e557ec04f,edb0fc49-01e2-417f-9d6b-d5115d220cb3,user,u_e3fe42d09559f95c3e,2fa83dc5-b865-4fe8-9a88-abd87da8588e,45131,HSJK-保密协议模板_20260921.docx,对话附件/HSJK-保密协议模板_20260921.docx,application/vnd.openxmlformats-officedocument.wordprocessingml.document,27882,,REQUEST_BYTES_OR_EXPLICIT_NOT_FOUND
conv_6f4fad2b911f,1ba50d4d-fc24-448e-bf7e-32e8d41a58ec,user,u_d3dffd44cb9d3ed456,conv_6f4fad2b911f:msg_1,21843,新建 Microsoft Word 文档.docx,对话附件/新建 Microsoft Word 文档.docx,application/vnd.openxmlformats-officedocument.wordprocessingml.document,19094,,REQUEST_BYTES_OR_EXPLICIT_NOT_FOUND
conv_6f4fad2b911f,1ba50d4d-fc24-448e-bf7e-32e8d41a58ec,user,u_d3dffd44cb9d3ed456,conv_6f4fad2b911f:msg_20,22402,新建 Microsoft Word 文档.docx,对话附件/新建 Microsoft Word 文档.docx,application/vnd.openxmlformats-officedocument.wordprocessingml.document,19094,,REQUEST_BYTES_OR_EXPLICIT_NOT_FOUND
conv_6f4fad2b911f,1ba50d4d-fc24-448e-bf7e-32e8d41a58ec,user,u_9b33c85251cae00140,conv_6f4fad2b911f:msg_15,22400,新建 Microsoft Word 文档.docx,对话附件/新建 Microsoft Word 文档.docx,application/vnd.openxmlformats-officedocument.wordprocessingml.document,19094,,REQUEST_BYTES_OR_EXPLICIT_NOT_FOUND
conv_6f4fad2b911f,1ba50d4d-fc24-448e-bf7e-32e8d41a58ec,user,u_9b33c85251cae00140,conv_6f4fad2b911f:msg_34,22439,新建 Microsoft Word 文档.docx,对话附件/新建 Microsoft Word 文档.docx,application/vnd.openxmlformats-officedocument.wordprocessingml.document,19094,,REQUEST_BYTES_OR_EXPLICIT_NOT_FOUND
conv_6f4fad2b911f,1ba50d4d-fc24-448e-bf7e-32e8d41a58ec,user,u_54043761fa2337e792,conv_6f4fad2b911f:msg_23,22404,新建 Microsoft Word 文档.docx,对话附件/新建 Microsoft Word 文档.docx,application/vnd.openxmlformats-officedocument.wordprocessingml.document,19094,,REQUEST_BYTES_OR_EXPLICIT_NOT_FOUND
conv_6f4fad2b911f,1ba50d4d-fc24-448e-bf7e-32e8d41a58ec,user,u_54043761fa2337e792,conv_6f4fad2b911f:006bb34d,24733,新建 Microsoft Word 文档.docx,对话附件/新建 Microsoft Word 文档.docx,application/vnd.openxmlformats-officedocument.wordprocessingml.document,19094,,REQUEST_BYTES_OR_EXPLICIT_NOT_FOUND
conv_6f4fad2b911f,1ba50d4d-fc24-448e-bf7e-32e8d41a58ec,user,u_1e8cfe7f6ced1639a7,conv_6f4fad2b911f:d3a3fd98,39837,科技成果人才队伍建设机制咨询服务合同--55000.docx,对话附件/科技成果人才队伍建设机制咨询服务合同--55000.docx,application/vnd.openxmlformats-officedocument.wordprocessingml.document,20212,,REQUEST_BYTES_OR_EXPLICIT_NOT_FOUND
conv_6f4fad2b911f,1ba50d4d-fc24-448e-bf7e-32e8d41a58ec,assistant,a_3fffd56f9f1fb06ec9,conv_6f4fad2b911f:msg_2,21845,新建 Microsoft Word 文档.docx,对话附件/新建 Microsoft Word 文档.docx,application/vnd.openxmlformats-officedocument.wordprocessingml.document,19094,,REQUEST_BYTES_OR_EXPLICIT_NOT_FOUND
conv_6f4fad2b911f,1ba50d4d-fc24-448e-bf7e-32e8d41a58ec,assistant,a_f37376d8298cda60ae,conv_6f4fad2b911f:msg_16,22401,新建 Microsoft Word 文档.docx,对话附件/新建 Microsoft Word 文档.docx,application/vnd.openxmlformats-officedocument.wordprocessingml.document,19094,,REQUEST_BYTES_OR_EXPLICIT_NOT_FOUND
conv_6f4fad2b911f,1ba50d4d-fc24-448e-bf7e-32e8d41a58ec,assistant,a_0b826fcaed54016a85,conv_6f4fad2b911f:msg_28,22423,新建 Microsoft Word 文档.docx,对话附件/新建 Microsoft Word 文档.docx,application/vnd.openxmlformats-officedocument.wordprocessingml.document,19094,,REQUEST_BYTES_OR_EXPLICIT_NOT_FOUND
conv_6f4fad2b911f,1ba50d4d-fc24-448e-bf7e-32e8d41a58ec,assistant,a_11d1b629f4cc2d090a,conv_6f4fad2b911f:msg_40,22470,新建 Microsoft Word 文档.docx,对话附件/新建 Microsoft Word 文档.docx,application/vnd.openxmlformats-officedocument.wordprocessingml.document,19094,,REQUEST_BYTES_OR_EXPLICIT_NOT_FOUND
conv_6f4fad2b911f,1ba50d4d-fc24-448e-bf7e-32e8d41a58ec,assistant,a_59ec0a61777ade815c,conv_6f4fad2b911f:msg_42,22629,新建 Microsoft Word 文档.docx,对话附件/新建 Microsoft Word 文档.docx,application/vnd.openxmlformats-officedocument.wordprocessingml.document,19094,,REQUEST_BYTES_OR_EXPLICIT_NOT_FOUND
conv_ae3627d8a84b,baa7820b-c46b-4e15-97b0-c20bd7f6022c,user,u_e2cabfd040cf11b1c2,conv_ae3627d8a84b:msg_53,22435,5、AI+财务.docx,对话附件/5、AI+财务.docx,application/vnd.openxmlformats-officedocument.wordprocessingml.document,24384,,REQUEST_BYTES_OR_EXPLICIT_NOT_FOUND
conv_ae3627d8a84b,baa7820b-c46b-4e15-97b0-c20bd7f6022c,user,u_b53a1785c54604d1c8,conv_ae3627d8a84b:msg_162,24084,***HEX***.jpg,对话附件/***HEX***.jpg,image/jpeg,201044,,REQUEST_BYTES_OR_EXPLICIT_NOT_FOUND
conv_ae3627d8a84b,baa7820b-c46b-4e15-97b0-c20bd7f6022c,user,u_4b0fb890c4e7c0fbfe,conv_ae3627d8a84b:msg_184,24713,***HEX*** (2).jpg,对话附件/***HEX*** (2).jpg,image/jpeg,201044,,REQUEST_BYTES_OR_EXPLICIT_NOT_FOUND
conv_ae3627d8a84b,baa7820b-c46b-4e15-97b0-c20bd7f6022c,assistant,a_386cc1cfa646ce6903,conv_ae3627d8a84b:msg_75,22492,5、AI+财务.docx,对话附件/5、AI+财务.docx,application/vnd.openxmlformats-officedocument.wordprocessingml.document,24384,,REQUEST_BYTES_OR_EXPLICIT_NOT_FOUND
conv_b69071f509d3,76d362d5-0552-4b79-8d05-ce0bbb885d9c,user,u_15d232df8ffd134602,conv_b69071f509d3:dbf30f97,22228,2026-08-07_国内AI新闻热点速览.md,AI 工作区/成果文件/ai新闻热点国内的-conv_b69071f509d3/2026-08-07_国内AI新闻热点速览.md,text/markdown,7450,,REQUEST_BYTES_OR_EXPLICIT_NOT_FOUND
conv_b69071f509d3,76d362d5-0552-4b79-8d05-ce0bbb885d9c,user,u_66f975c01cd8c79034,conv_b69071f509d3:msg_20,22229,2026-08-07_国内AI新闻热点速览.md,AI 工作区/成果文件/ai新闻热点国内的-conv_b69071f509d3/2026-08-07_国内AI新闻热点速览.md,text/markdown,7450,,REQUEST_BYTES_OR_EXPLICIT_NOT_FOUND
conv_b69071f509d3,76d362d5-0552-4b79-8d05-ce0bbb885d9c,user,u_827049e72575fdacd9,conv_b69071f509d3:cb307f24,22232,2026-08-07_国内AI新闻热点速览.md,AI 工作区/成果文件/ai新闻热点国内的-conv_b69071f509d3/2026-08-07_国内AI新闻热点速览.md,text/markdown,7450,,REQUEST_BYTES_OR_EXPLICIT_NOT_FOUND
conv_b69071f509d3,76d362d5-0552-4b79-8d05-ce0bbb885d9c,user,u_ea2e3468c5074c0dca,conv_b69071f509d3:msg_22,22233,2026-08-07_国内AI新闻热点速览.md,AI 工作区/成果文件/ai新闻热点国内的-conv_b69071f509d3/2026-08-07_国内AI新闻热点速览.md,text/markdown,7450,,REQUEST_BYTES_OR_EXPLICIT_NOT_FOUND
conv_b69071f509d3,76d362d5-0552-4b79-8d05-ce0bbb885d9c,user,u_8e5a3ed2a4b9521111,conv_b69071f509d3:84102c37,26639,ScreenShot_2026-08-14_001559_896.png,对话附件/ScreenShot_2026-08-14_001559_896.png,image/png,162781,,REQUEST_BYTES_OR_EXPLICIT_NOT_FOUND
conv_b69071f509d3,76d362d5-0552-4b79-8d05-ce0bbb885d9c,user,u_d1643267dfbd862b32,conv_b69071f509d3:msg_54,26640,ScreenShot_2026-08-14_001559_896.png,对话附件/ScreenShot_2026-08-14_001559_896.png,image/png,162781,,REQUEST_BYTES_OR_EXPLICIT_NOT_FOUND
conv_b69071f509d3,76d362d5-0552-4b79-8d05-ce0bbb885d9c,user,u_3fb8ccf184708101e6,conv_b69071f509d3:d989e5a5,26653,ScreenShot_2026-08-14_001624_126.png,对话附件/ScreenShot_2026-08-14_001624_126.png,image/png,85318,,REQUEST_BYTES_OR_EXPLICIT_NOT_FOUND
conv_b69071f509d3,76d362d5-0552-4b79-8d05-ce0bbb885d9c,user,u_ae678774a138e9e1a4,conv_b69071f509d3:msg_64,26654,ScreenShot_2026-08-14_001624_126.png,对话附件/ScreenShot_2026-08-14_001624_126.png,image/png,85318,,REQUEST_BYTES_OR_EXPLICIT_NOT_FOUND
conv_b69071f509d3,76d362d5-0552-4b79-8d05-ce0bbb885d9c,user,u_3343354866d16a4797,conv_b69071f509d3:msg_74,26665,2026-08-07_国内AI新闻热点速览.md,AI 工作区/成果文件/ai新闻热点国内的-conv_b69071f509d3/2026-08-07_国内AI新闻热点速览.md,text/markdown,7437,,REQUEST_BYTES_OR_EXPLICIT_NOT_FOUND
conv_ce98bb35ce1e,b37ceae7-21e7-4f6e-a02a-57dfac4b0fe6,user,u_ed6b8a35742d8d29af,conv_ce98bb35ce1e:82396b3a,22260,关于2026年贵州省人工智能创业大赛决赛参赛的通知.pdf,对话附件/关于2026年贵州省人工智能创业大赛决赛参赛的通知.pdf,application/pdf,751222,,REQUEST_BYTES_OR_EXPLICIT_NOT_FOUND
conv_ce98bb35ce1e,b37ceae7-21e7-4f6e-a02a-57dfac4b0fe6,user,u_ed6b8a35742d8d29af,conv_ce98bb35ce1e:82396b3a,22260,22+20260611+云知师 AI——端云协同教育智能体生态平台+行业应用赛道(1).pdf,对话附件/22+20260611+云知师 AI——端云协同教育智能体生态平台+行业应用赛道(1).pdf,application/pdf,18520170,,REQUEST_BYTES_OR_EXPLICIT_NOT_FOUND
conv_ce98bb35ce1e,b37ceae7-21e7-4f6e-a02a-57dfac4b0fe6,user,u_5bdaba7f8478071d4f,conv_ce98bb35ce1e:msg_1,22261,关于2026年贵州省人工智能创业大赛决赛参赛的通知.pdf,对话附件/关于2026年贵州省人工智能创业大赛决赛参赛的通知.pdf,application/pdf,751222,,REQUEST_BYTES_OR_EXPLICIT_NOT_FOUND
conv_ce98bb35ce1e,b37ceae7-21e7-4f6e-a02a-57dfac4b0fe6,user,u_5bdaba7f8478071d4f,conv_ce98bb35ce1e:msg_1,22261,22+20260611+云知师 AI——端云协同教育智能体生态平台+行业应用赛道(1).pdf,对话附件/22+20260611+云知师 AI——端云协同教育智能体生态平台+行业应用赛道(1).pdf,application/pdf,18520170,,REQUEST_BYTES_OR_EXPLICIT_NOT_FOUND
conv_a8721290b989,b37ceae7-21e7-4f6e-a02a-57dfac4b0fe6,user,u_367df9e43242688934,conv_a8721290b989:80f38722,22532,1-NFPP钠电正极项目概念验证分析报告.pdf,对话附件/1-NFPP钠电正极项目概念验证分析报告.pdf,application/pdf,773378,,REQUEST_BYTES_OR_EXPLICIT_NOT_FOUND
conv_a8721290b989,b37ceae7-21e7-4f6e-a02a-57dfac4b0fe6,user,u_be62366d942b7cbc20,conv_a8721290b989:msg_1,22533,1-NFPP钠电正极项目概念验证分析报告.pdf,对话附件/1-NFPP钠电正极项目概念验证分析报告.pdf,application/pdf,773378,,REQUEST_BYTES_OR_EXPLICIT_NOT_FOUND
conv_a8721290b989,b37ceae7-21e7-4f6e-a02a-57dfac4b0fe6,user,u_892e8972367c0b53f4,conv_a8721290b989:7234ddfa,22600,image (5).png,对话附件/image (5).png,image/png,37003,,REQUEST_BYTES_OR_EXPLICIT_NOT_FOUND
conv_a8721290b989,b37ceae7-21e7-4f6e-a02a-57dfac4b0fe6,user,u_b7b16c239ff4688751,conv_a8721290b989:msg_103,22601,image (5).png,对话附件/image (5).png,image/png,37003,,REQUEST_BYTES_OR_EXPLICIT_NOT_FOUND
conv_05a1114102cf,76d362d5-0552-4b79-8d05-ce0bbb885d9c,user,u_46424c6495ccd2f3c1,conv_05a1114102cf:cbbd4f2d,22689,PRD-科委概念验证专项管理平台.md,个人知识库/PRD-科委概念验证专项管理平台.md,text/markdown,14187,,REQUEST_BYTES_OR_EXPLICIT_NOT_FOUND
conv_05a1114102cf,76d362d5-0552-4b79-8d05-ce0bbb885d9c,user,u_5b29e758ba0341ec7c,conv_05a1114102cf:b1409177,22700,2026-08-07_技术PRD-科委概念验证专项管理平台.md,AI 工作区/成果文件/请结合用户提供的各种文档，产出技术PRD-conv_05a1114102cf/2026-08-07_技术PRD-科委概念验证专项管理平台.md,text/markdown,35271,,REQUEST_BYTES_OR_EXPLICIT_NOT_FOUND
conv_05a1114102cf,76d362d5-0552-4b79-8d05-ce0bbb885d9c,user,u_07de6d901532e25d34,conv_05a1114102cf:msg_12,22703,2026-08-07_科委概念验证专项管理平台_汇报PPT_精简版_v2.pptx,AI 工作区/成果文件/请结合用户提供的各种文档，产出技术PRD-conv_05a1114102cf/2026-08-07_科委概念验证专项管理平台_汇报PPT_精简版_v2.pptx,text/plain,15599214,,REQUEST_BYTES_OR_EXPLICIT_NOT_FOUND
conv_05a1114102cf,76d362d5-0552-4b79-8d05-ce0bbb885d9c,user,u_07de6d901532e25d34,conv_05a1114102cf:msg_12,22703,批量导入 (2).png,对话附件/批量导入 (2).png,image/png,1039426,,REQUEST_BYTES_OR_EXPLICIT_NOT_FOUND
conv_05a1114102cf,76d362d5-0552-4b79-8d05-ce0bbb885d9c,user,u_07de6d901532e25d34,conv_05a1114102cf:71e7168c,23218,2026-08-07_科委概念验证专项管理平台_汇报PPT_精简版_v2.pptx,AI 工作区/成果文件/请结合用户提供的各种文档，产出技术PRD-conv_05a1114102cf/2026-08-07_科委概念验证专项管理平台_汇报PPT_精简版_v2.pptx,text/plain,15599214,,REQUEST_BYTES_OR_EXPLICIT_NOT_FOUND
conv_05a1114102cf,76d362d5-0552-4b79-8d05-ce0bbb885d9c,user,u_07de6d901532e25d34,conv_05a1114102cf:71e7168c,23218,批量导入 (2).png,对话附件/批量导入 (2).png,image/png,1039426,,REQUEST_BYTES_OR_EXPLICIT_NOT_FOUND
conv_05a1114102cf,76d362d5-0552-4b79-8d05-ce0bbb885d9c,user,u_92d67f92d6fb52efa7,conv_05a1114102cf:msg_24,22713,评审进度 (3).png,对话附件/评审进度 (3).png,image/png,552291,,REQUEST_BYTES_OR_EXPLICIT_NOT_FOUND
conv_05a1114102cf,76d362d5-0552-4b79-8d05-ce0bbb885d9c,user,u_92d67f92d6fb52efa7,conv_05a1114102cf:msg_24,22713,2026-08-07_科委概念验证专项管理平台_汇报PPT_精简版_v2.pptx,AI 工作区/成果文件/请结合用户提供的各种文档，产出技术PRD-conv_05a1114102cf/2026-08-07_科委概念验证专项管理平台_汇报PPT_精简版_v2.pptx,text/plain,13630879,,REQUEST_BYTES_OR_EXPLICIT_NOT_FOUND
conv_05a1114102cf,76d362d5-0552-4b79-8d05-ce0bbb885d9c,user,u_92d67f92d6fb52efa7,conv_05a1114102cf:5184b073,23225,评审进度 (3).png,对话附件/评审进度 (3).png,image/png,552291,,REQUEST_BYTES_OR_EXPLICIT_NOT_FOUND
conv_05a1114102cf,76d362d5-0552-4b79-8d05-ce0bbb885d9c,user,u_92d67f92d6fb52efa7,conv_05a1114102cf:5184b073,23225,2026-08-07_科委概念验证专项管理平台_汇报PPT_精简版_v2.pptx,AI 工作区/成果文件/请结合用户提供的各种文档，产出技术PRD-conv_05a1114102cf/2026-08-07_科委概念验证专项管理平台_汇报PPT_精简版_v2.pptx,text/plain,13630879,,REQUEST_BYTES_OR_EXPLICIT_NOT_FOUND
conv_05a1114102cf,76d362d5-0552-4b79-8d05-ce0bbb885d9c,user,u_e91ba8db7e259354fa,conv_05a1114102cf:msg_36,22727,2026-08-07_科委概念验证专项管理平台_汇报PPT_精简版_v2.pptx,AI 工作区/成果文件/请结合用户提供的各种文档，产出技术PRD-conv_05a1114102cf/2026-08-07_科委概念验证专项管理平台_汇报PPT_精简版_v2.pptx,text/plain,13663989,,REQUEST_BYTES_OR_EXPLICIT_NOT_FOUND
conv_05a1114102cf,76d362d5-0552-4b79-8d05-ce0bbb885d9c,user,u_e91ba8db7e259354fa,conv_05a1114102cf:msg_58,22753,2026-08-07_科委概念验证专项管理平台_汇报PPT_精简版_v2.pptx,AI 工作区/成果文件/请结合用户提供的各种文档，产出技术PRD-conv_05a1114102cf/2026-08-07_科委概念验证专项管理平台_汇报PPT_精简版_v2.pptx,text/plain,13663989,,REQUEST_BYTES_OR_EXPLICIT_NOT_FOUND
conv_05a1114102cf,76d362d5-0552-4b79-8d05-ce0bbb885d9c,user,u_e91ba8db7e259354fa,conv_05a1114102cf:7ee07c75,23232,2026-08-07_科委概念验证专项管理平台_汇报PPT_精简版_v2.pptx,AI 工作区/成果文件/请结合用户提供的各种文档，产出技术PRD-conv_05a1114102cf/2026-08-07_科委概念验证专项管理平台_汇报PPT_精简版_v2.pptx,text/plain,13663989,,REQUEST_BYTES_OR_EXPLICIT_NOT_FOUND
conv_05a1114102cf,76d362d5-0552-4b79-8d05-ce0bbb885d9c,user,u_2be6101a2d4ce657eb,conv_05a1114102cf:msg_49,22744,2026-08-07_科委概念验证专项管理平台_汇报PPT_精简版_v2.pptx,AI 工作区/成果文件/请结合用户提供的各种文档，产出技术PRD-conv_05a1114102cf/2026-08-07_科委概念验证专项管理平台_汇报PPT_精简版_v2.pptx,text/plain,15599214,,REQUEST_BYTES_OR_EXPLICIT_NOT_FOUND
conv_05a1114102cf,76d362d5-0552-4b79-8d05-ce0bbb885d9c,user,u_2be6101a2d4ce657eb,conv_05a1114102cf:msg_49,22744,批量导入.png,对话附件/批量导入.png,image/png,1039426,,REQUEST_BYTES_OR_EXPLICIT_NOT_FOUND
conv_05a1114102cf,76d362d5-0552-4b79-8d05-ce0bbb885d9c,user,u_2be6101a2d4ce657eb,conv_05a1114102cf:fc74f36d,23240,2026-08-07_科委概念验证专项管理平台_汇报PPT_精简版_v2.pptx,AI 工作区/成果文件/请结合用户提供的各种文档，产出技术PRD-conv_05a1114102cf/2026-08-07_科委概念验证专项管理平台_汇报PPT_精简版_v2.pptx,text/plain,15599214,,REQUEST_BYTES_OR_EXPLICIT_NOT_FOUND
conv_05a1114102cf,76d362d5-0552-4b79-8d05-ce0bbb885d9c,user,u_2be6101a2d4ce657eb,conv_05a1114102cf:fc74f36d,23240,批量导入.png,对话附件/批量导入.png,image/png,1039426,,REQUEST_BYTES_OR_EXPLICIT_NOT_FOUND
conv_05a1114102cf,76d362d5-0552-4b79-8d05-ce0bbb885d9c,user,u_7c6874a6dcb5c483c4,conv_05a1114102cf:msg_57,22752,885408b2-22fc-41a7-82e3-41201c169977.png,对话附件/885408b2-22fc-41a7-82e3-41201c169977.png,image/png,1196268,,REQUEST_BYTES_OR_EXPLICIT_NOT_FOUND
conv_05a1114102cf,76d362d5-0552-4b79-8d05-ce0bbb885d9c,user,u_7c6874a6dcb5c483c4,conv_05a1114102cf:a3f375cc,23245,885408b2-22fc-41a7-82e3-41201c169977.png,对话附件/885408b2-22fc-41a7-82e3-41201c169977.png,image/png,1196268,,REQUEST_BYTES_OR_EXPLICIT_NOT_FOUND
conv_05a1114102cf,76d362d5-0552-4b79-8d05-ce0bbb885d9c,user,u_86328f6496d8673b99,conv_05a1114102cf:msg_69,22774,image (3).png,对话附件/image (3).png,image/png,433160,,REQUEST_BYTES_OR_EXPLICIT_NOT_FOUND
conv_05a1114102cf,76d362d5-0552-4b79-8d05-ce0bbb885d9c,user,u_86328f6496d8673b99,conv_05a1114102cf:msg_69,22774,2026-08-07_科委概念验证专项管理平台_汇报PPT_精简版_v2.pptx,AI 工作区/成果文件/请结合用户提供的各种文档，产出技术PRD-conv_05a1114102cf/2026-08-07_科委概念验证专项管理平台_汇报PPT_精简版_v2.pptx,text/plain,12853509,,REQUEST_BYTES_OR_EXPLICIT_NOT_FOUND
conv_05a1114102cf,76d362d5-0552-4b79-8d05-ce0bbb885d9c,user,u_86328f6496d8673b99,conv_05a1114102cf:ebf918a1,23252,image (3).png,对话附件/image (3).png,image/png,433160,,REQUEST_BYTES_OR_EXPLICIT_NOT_FOUND
conv_05a1114102cf,76d362d5-0552-4b79-8d05-ce0bbb885d9c,user,u_86328f6496d8673b99,conv_05a1114102cf:ebf918a1,23252,2026-08-07_科委概念验证专项管理平台_汇报PPT_精简版_v2.pptx,AI 工作区/成果文件/请结合用户提供的各种文档，产出技术PRD-conv_05a1114102cf/2026-08-07_科委概念验证专项管理平台_汇报PPT_精简版_v2.pptx,text/plain,12853509,,REQUEST_BYTES_OR_EXPLICIT_NOT_FOUND
conv_05a1114102cf,76d362d5-0552-4b79-8d05-ce0bbb885d9c,user,u_77c9eb6f6ea7f2abfc,conv_05a1114102cf:msg_77,22781,2026-08-07_科委概念验证专项管理平台_汇报PPT_精简版_v2.pptx,AI 工作区/成果文件/请结合用户提供的各种文档，产出技术PRD-conv_05a1114102cf/2026-08-07_科委概念验证专项管理平台_汇报PPT_精简版_v2.pptx,text/plain,12744272,,REQUEST_BYTES_OR_EXPLICIT_NOT_FOUND
conv_05a1114102cf,76d362d5-0552-4b79-8d05-ce0bbb885d9c,user,u_77c9eb6f6ea7f2abfc,conv_05a1114102cf:db9875ef,23277,2026-08-07_科委概念验证专项管理平台_汇报PPT_精简版_v2.pptx,AI 工作区/成果文件/请结合用户提供的各种文档，产出技术PRD-conv_05a1114102cf/2026-08-07_科委概念验证专项管理平台_汇报PPT_精简版_v2.pptx,text/plain,12744272,,REQUEST_BYTES_OR_EXPLICIT_NOT_FOUND
conv_05a1114102cf,76d362d5-0552-4b79-8d05-ce0bbb885d9c,user,u_3caaf2079c362417af,conv_05a1114102cf:msg_89,22790,2026-08-07_科委概念验证专项管理平台_汇报PPT_精简版_v2.pptx,AI 工作区/成果文件/请结合用户提供的各种文档，产出技术PRD-conv_05a1114102cf/2026-08-07_科委概念验证专项管理平台_汇报PPT_精简版_v2.pptx,text/plain,12613604,,REQUEST_BYTES_OR_EXPLICIT_NOT_FOUND
conv_05a1114102cf,76d362d5-0552-4b79-8d05-ce0bbb885d9c,user,u_3caaf2079c362417af,conv_05a1114102cf:cc5f18d6,23284,2026-08-07_科委概念验证专项管理平台_汇报PPT_精简版_v2.pptx,AI 工作区/成果文件/请结合用户提供的各种文档，产出技术PRD-conv_05a1114102cf/2026-08-07_科委概念验证专项管理平台_汇报PPT_精简版_v2.pptx,text/plain,12613604,,REQUEST_BYTES_OR_EXPLICIT_NOT_FOUND
conv_05a1114102cf,76d362d5-0552-4b79-8d05-ce0bbb885d9c,user,u_0d86ae00d5d81f0d3c,conv_05a1114102cf:msg_99,22799,2026-08-07_科委概念验证专项管理平台_汇报PPT_精简版_v2.pptx,AI 工作区/成果文件/请结合用户提供的各种文档，产出技术PRD-conv_05a1114102cf/2026-08-07_科委概念验证专项管理平台_汇报PPT_精简版_v2.pptx,text/plain,12488669,,REQUEST_BYTES_OR_EXPLICIT_NOT_FOUND
conv_05a1114102cf,76d362d5-0552-4b79-8d05-ce0bbb885d9c,user,u_0d86ae00d5d81f0d3c,conv_05a1114102cf:23ae297f,23290,2026-08-07_科委概念验证专项管理平台_汇报PPT_精简版_v2.pptx,AI 工作区/成果文件/请结合用户提供的各种文档，产出技术PRD-conv_05a1114102cf/2026-08-07_科委概念验证专项管理平台_汇报PPT_精简版_v2.pptx,text/plain,12488669,,REQUEST_BYTES_OR_EXPLICIT_NOT_FOUND
conv_05a1114102cf,76d362d5-0552-4b79-8d05-ce0bbb885d9c,user,u_70e1f0d41914598c07,conv_05a1114102cf:msg_107,22807,评审流程.png,对话附件/评审流程.png,image/png,473382,,REQUEST_BYTES_OR_EXPLICIT_NOT_FOUND
conv_05a1114102cf,76d362d5-0552-4b79-8d05-ce0bbb885d9c,user,u_70e1f0d41914598c07,conv_05a1114102cf:15682ff8,23323,评审流程.png,对话附件/评审流程.png,image/png,473382,,REQUEST_BYTES_OR_EXPLICIT_NOT_FOUND
conv_05a1114102cf,76d362d5-0552-4b79-8d05-ce0bbb885d9c,user,u_9c3be1b77746967b78,conv_05a1114102cf:msg_117,22819,评审流程.png,对话附件/评审流程.png,image/png,473382,,REQUEST_BYTES_OR_EXPLICIT_NOT_FOUND
conv_05a1114102cf,76d362d5-0552-4b79-8d05-ce0bbb885d9c,user,u_9c3be1b77746967b78,conv_05a1114102cf:3aecc7d9,23329,评审流程.png,对话附件/评审流程.png,image/png,473382,,REQUEST_BYTES_OR_EXPLICIT_NOT_FOUND
conv_05a1114102cf,76d362d5-0552-4b79-8d05-ce0bbb885d9c,user,u_23b33c9113fa4d8ec9,conv_05a1114102cf:msg_121,22823,2026-08-07_科委概念验证专项管理平台_汇报PPT_精简版_v2.pptx,AI 工作区/成果文件/请结合用户提供的各种文档，产出技术PRD-conv_05a1114102cf/2026-08-07_科委概念验证专项管理平台_汇报PPT_精简版_v2.pptx,text/plain,12744272,,REQUEST_BYTES_OR_EXPLICIT_NOT_FOUND
conv_05a1114102cf,76d362d5-0552-4b79-8d05-ce0bbb885d9c,user,u_23b33c9113fa4d8ec9,conv_05a1114102cf:44f5c51f,23332,2026-08-07_科委概念验证专项管理平台_汇报PPT_精简版_v2.pptx,AI 工作区/成果文件/请结合用户提供的各种文档，产出技术PRD-conv_05a1114102cf/2026-08-07_科委概念验证专项管理平台_汇报PPT_精简版_v2.pptx,text/plain,12744272,,REQUEST_BYTES_OR_EXPLICIT_NOT_FOUND
conv_05a1114102cf,76d362d5-0552-4b79-8d05-ce0bbb885d9c,user,u_59b39930c7d978b8be,conv_05a1114102cf:msg_123,22826,2026-08-07_科委概念验证专项管理平台_汇报PPT_精简版_v2.pptx,AI 工作区/成果文件/请结合用户提供的各种文档，产出技术PRD-conv_05a1114102cf/2026-08-07_科委概念验证专项管理平台_汇报PPT_精简版_v2.pptx,text/plain,12504293,,REQUEST_BYTES_OR_EXPLICIT_NOT_FOUND
conv_05a1114102cf,76d362d5-0552-4b79-8d05-ce0bbb885d9c,user,u_59b39930c7d978b8be,conv_05a1114102cf:839ea8e2,23336,2026-08-07_科委概念验证专项管理平台_汇报PPT_精简版_v2.pptx,AI 工作区/成果文件/请结合用户提供的各种文档，产出技术PRD-conv_05a1114102cf/2026-08-07_科委概念验证专项管理平台_汇报PPT_精简版_v2.pptx,text/plain,12504293,,REQUEST_BYTES_OR_EXPLICIT_NOT_FOUND
conv_05a1114102cf,76d362d5-0552-4b79-8d05-ce0bbb885d9c,user,u_9307c8fbfcf16652d1,conv_05a1114102cf:msg_179,23036,批量导入 (3).png,对话附件/批量导入 (3).png,image/png,498878,,REQUEST_BYTES_OR_EXPLICIT_NOT_FOUND
conv_05a1114102cf,76d362d5-0552-4b79-8d05-ce0bbb885d9c,user,u_9307c8fbfcf16652d1,conv_05a1114102cf:dcaa9952,23368,批量导入 (3).png,对话附件/批量导入 (3).png,image/png,498878,,REQUEST_BYTES_OR_EXPLICIT_NOT_FOUND
conv_05a1114102cf,76d362d5-0552-4b79-8d05-ce0bbb885d9c,user,u_4a9e6744aec1eb2856,conv_05a1114102cf:msg_195,23048,批量导入 (4).png,对话附件/批量导入 (4).png,image/png,498878,,REQUEST_BYTES_OR_EXPLICIT_NOT_FOUND
conv_05a1114102cf,76d362d5-0552-4b79-8d05-ce0bbb885d9c,user,u_4a9e6744aec1eb2856,conv_05a1114102cf:a54134fa,23377,批量导入 (4).png,对话附件/批量导入 (4).png,image/png,498878,,REQUEST_BYTES_OR_EXPLICIT_NOT_FOUND
conv_05a1114102cf,76d362d5-0552-4b79-8d05-ce0bbb885d9c,user,u_66b20b86b31c643078,conv_05a1114102cf:msg_171,23135,2026-08-07_科委概念验证专项管理平台_汇报PPT_精简版_v2.pptx,AI 工作区/成果文件/请结合用户提供的各种文档，产出技术PRD-conv_05a1114102cf/2026-08-07_科委概念验证专项管理平台_汇报PPT_精简版_v2.pptx,text/plain,11995194,,REQUEST_BYTES_OR_EXPLICIT_NOT_FOUND
conv_05a1114102cf,76d362d5-0552-4b79-8d05-ce0bbb885d9c,user,u_66b20b86b31c643078,conv_05a1114102cf:95bf579f,23363,2026-08-07_科委概念验证专项管理平台_汇报PPT_精简版_v2.pptx,AI 工作区/成果文件/请结合用户提供的各种文档，产出技术PRD-conv_05a1114102cf/2026-08-07_科委概念验证专项管理平台_汇报PPT_精简版_v2.pptx,text/plain,11995194,,REQUEST_BYTES_OR_EXPLICIT_NOT_FOUND
conv_05a1114102cf,76d362d5-0552-4b79-8d05-ce0bbb885d9c,user,u_13fccb49320dba2ca8,conv_05a1114102cf:d464ad51,23176,49f23462-2b13-4bae-81f2-c6daa9746e57.png,对话附件/49f23462-2b13-4bae-81f2-c6daa9746e57.png,image/png,476274,,REQUEST_BYTES_OR_EXPLICIT_NOT_FOUND
conv_05a1114102cf,76d362d5-0552-4b79-8d05-ce0bbb885d9c,user,u_f34d1e1d09d4b6bb7a,conv_05a1114102cf:2f355d37,23187,项目管理.png,对话附件/项目管理.png,image/png,113546,,REQUEST_BYTES_OR_EXPLICIT_NOT_FOUND
conv_05a1114102cf,76d362d5-0552-4b79-8d05-ce0bbb885d9c,user,u_ce13bc18a0cf2d0b45,conv_05a1114102cf:d5f413a7,23194,2026-08-07_科委概念验证专项管理平台_汇报PPT_精简版_v2.pptx,AI 工作区/成果文件/请结合用户提供的各种文档，产出技术PRD-conv_05a1114102cf/2026-08-07_科委概念验证专项管理平台_汇报PPT_精简版_v2.pptx,text/plain,16234621,,REQUEST_BYTES_OR_EXPLICIT_NOT_FOUND
conv_05a1114102cf,76d362d5-0552-4b79-8d05-ce0bbb885d9c,user,u_ce13bc18a0cf2d0b45,conv_05a1114102cf:d5f413a7,23194,image (2).png,对话附件/image (2).png,image/png,69397,,REQUEST_BYTES_OR_EXPLICIT_NOT_FOUND
conv_05a1114102cf,76d362d5-0552-4b79-8d05-ce0bbb885d9c,user,u_153c24555f4c4a606d,conv_05a1114102cf:0f4a248d,23205,2026-08-07_科委概念验证专项管理平台_汇报PPT_精简版_v2.pptx,AI 工作区/成果文件/请结合用户提供的各种文档，产出技术PRD-conv_05a1114102cf/2026-08-07_科委概念验证专项管理平台_汇报PPT_精简版_v2.pptx,text/plain,15485897,,REQUEST_BYTES_OR_EXPLICIT_NOT_FOUND
conv_05a1114102cf,76d362d5-0552-4b79-8d05-ce0bbb885d9c,user,u_55dfc8c3a8845b8b99,conv_05a1114102cf:54d014fe,23211,2026-08-07_科委概念验证专项管理平台_汇报PPT_精简版_v2.pptx,AI 工作区/成果文件/请结合用户提供的各种文档，产出技术PRD-conv_05a1114102cf/2026-08-07_科委概念验证专项管理平台_汇报PPT_精简版_v2.pptx,text/plain,15599214,,REQUEST_BYTES_OR_EXPLICIT_NOT_FOUND
conv_05a1114102cf,76d362d5-0552-4b79-8d05-ce0bbb885d9c,user,u_55dfc8c3a8845b8b99,conv_05a1114102cf:54d014fe,23211,批量导入.png,对话附件/批量导入.png,image/png,1039426,,REQUEST_BYTES_OR_EXPLICIT_NOT_FOUND
conv_05a1114102cf,76d362d5-0552-4b79-8d05-ce0bbb885d9c,user,u_9f6e72aafedaf49c74,7b2ff062-5176-43bc-8cea-cffd868f2793,23322,评审流程.png,对话附件/评审流程.png,image/png,473382,,REQUEST_BYTES_OR_EXPLICIT_NOT_FOUND
conv_05a1114102cf,76d362d5-0552-4b79-8d05-ce0bbb885d9c,user,u_db23edc6ffd9239d38,78a33950-1a28-471a-a43b-c3307b24104d,23334,2026-08-07_科委概念验证专项管理平台_汇报PPT_精简版_v2.pptx,AI 工作区/成果文件/请结合用户提供的各种文档，产出技术PRD-conv_05a1114102cf/2026-08-07_科委概念验证专项管理平台_汇报PPT_精简版_v2.pptx,text/plain,12504293,,REQUEST_BYTES_OR_EXPLICIT_NOT_FOUND
conv_05a1114102cf,76d362d5-0552-4b79-8d05-ce0bbb885d9c,user,u_e06c97229c945d434b,28e34abb-31e4-4c79-977d-075d1ae98dae,23335,2026-08-07_科委概念验证专项管理平台_汇报PPT_精简版_v2.pptx,AI 工作区/成果文件/请结合用户提供的各种文档，产出技术PRD-conv_05a1114102cf/2026-08-07_科委概念验证专项管理平台_汇报PPT_精简版_v2.pptx,text/plain,12504293,,REQUEST_BYTES_OR_EXPLICIT_NOT_FOUND
conv_05a1114102cf,76d362d5-0552-4b79-8d05-ce0bbb885d9c,user,u_80dbb6a456e7c4beaf,conv_05a1114102cf:1767881d,23343,评审流程.png,对话附件/评审流程.png,image/png,473382,,REQUEST_BYTES_OR_EXPLICIT_NOT_FOUND
conv_05a1114102cf,76d362d5-0552-4b79-8d05-ce0bbb885d9c,user,u_73b83d2281b65ff6b9,conv_05a1114102cf:8cd8ccb8,23357,评审流程.png,对话附件/评审流程.png,image/png,473382,,REQUEST_BYTES_OR_EXPLICIT_NOT_FOUND
conv_05a1114102cf,76d362d5-0552-4b79-8d05-ce0bbb885d9c,assistant,a_de47df8980dc8cc61c,conv_05a1114102cf:msg_1,22690,PRD-科委概念验证专项管理平台.md,个人知识库/PRD-科委概念验证专项管理平台.md,text/markdown,14187,,REQUEST_BYTES_OR_EXPLICIT_NOT_FOUND
conv_05a1114102cf,76d362d5-0552-4b79-8d05-ce0bbb885d9c,assistant,a_19c9c26ef12f3cd13b,conv_05a1114102cf:msg_31,22722,49f23462-2b13-4bae-81f2-c6daa9746e57.png,对话附件/49f23462-2b13-4bae-81f2-c6daa9746e57.png,image/png,476274,,REQUEST_BYTES_OR_EXPLICIT_NOT_FOUND
conv_05a1114102cf,76d362d5-0552-4b79-8d05-ce0bbb885d9c,assistant,a_8e443a479268f524b9,conv_05a1114102cf:msg_25,22715,49f23462-2b13-4bae-81f2-c6daa9746e57.png,对话附件/49f23462-2b13-4bae-81f2-c6daa9746e57.png,image/png,476274,,REQUEST_BYTES_OR_EXPLICIT_NOT_FOUND
conv_05a1114102cf,76d362d5-0552-4b79-8d05-ce0bbb885d9c,assistant,a_1c431db479695a0030,conv_05a1114102cf:msg_27,22717,49f23462-2b13-4bae-81f2-c6daa9746e57.png,对话附件/49f23462-2b13-4bae-81f2-c6daa9746e57.png,image/png,476274,,REQUEST_BYTES_OR_EXPLICIT_NOT_FOUND
conv_05a1114102cf,76d362d5-0552-4b79-8d05-ce0bbb885d9c,assistant,a_a0950b103f2d65fe59,conv_05a1114102cf:msg_37,22729,49f23462-2b13-4bae-81f2-c6daa9746e57.png,对话附件/49f23462-2b13-4bae-81f2-c6daa9746e57.png,image/png,476274,,REQUEST_BYTES_OR_EXPLICIT_NOT_FOUND
conv_05a1114102cf,76d362d5-0552-4b79-8d05-ce0bbb885d9c,assistant,a_a0950b103f2d65fe59,conv_05a1114102cf:msg_43,22736,项目管理.png,对话附件/项目管理.png,image/png,113546,,REQUEST_BYTES_OR_EXPLICIT_NOT_FOUND
conv_05a1114102cf,76d362d5-0552-4b79-8d05-ce0bbb885d9c,assistant,a_7da3c0ed8709ac2bf8,conv_05a1114102cf:msg_41,22734,49f23462-2b13-4bae-81f2-c6daa9746e57.png,对话附件/49f23462-2b13-4bae-81f2-c6daa9746e57.png,image/png,476274,,REQUEST_BYTES_OR_EXPLICIT_NOT_FOUND
conv_05a1114102cf,76d362d5-0552-4b79-8d05-ce0bbb885d9c,assistant,a_e0de42421adac7bac3,conv_05a1114102cf:msg_47,22740,项目管理.png,对话附件/项目管理.png,image/png,113546,,REQUEST_BYTES_OR_EXPLICIT_NOT_FOUND
conv_05a1114102cf,76d362d5-0552-4b79-8d05-ce0bbb885d9c,assistant,a_2dfbce22d4466e83e3,conv_05a1114102cf:msg_96,22797,2026-08-07_科委概念验证专项管理平台_汇报PPT_精简版_v2.pptx,AI 工作区/成果文件/请结合用户提供的各种文档，产出技术PRD-conv_05a1114102cf/2026-08-07_科委概念验证专项管理平台_汇报PPT_精简版_v2.pptx,text/plain,15599214,,REQUEST_BYTES_OR_EXPLICIT_NOT_FOUND
conv_05a1114102cf,76d362d5-0552-4b79-8d05-ce0bbb885d9c,assistant,a_2dfbce22d4466e83e3,conv_05a1114102cf:msg_96,22797,批量导入 (2).png,对话附件/批量导入 (2).png,image/png,1039426,,REQUEST_BYTES_OR_EXPLICIT_NOT_FOUND
conv_05a1114102cf,76d362d5-0552-4b79-8d05-ce0bbb885d9c,assistant,a_97a74387eb75f639b0,conv_05a1114102cf:msg_68,22772,2026-08-07_科委概念验证专项管理平台_汇报PPT_精简版_v2.pptx,AI 工作区/成果文件/请结合用户提供的各种文档，产出技术PRD-conv_05a1114102cf/2026-08-07_科委概念验证专项管理平台_汇报PPT_精简版_v2.pptx,text/plain,15485897,,REQUEST_BYTES_OR_EXPLICIT_NOT_FOUND
conv_05a1114102cf,76d362d5-0552-4b79-8d05-ce0bbb885d9c,assistant,a_97a74387eb75f639b0,conv_05a1114102cf:msg_74,22808,2026-08-07_科委概念验证专项管理平台_汇报PPT_精简版_v2.pptx,AI 工作区/成果文件/请结合用户提供的各种文档，产出技术PRD-conv_05a1114102cf/2026-08-07_科委概念验证专项管理平台_汇报PPT_精简版_v2.pptx,text/plain,15485897,,REQUEST_BYTES_OR_EXPLICIT_NOT_FOUND
conv_05a1114102cf,76d362d5-0552-4b79-8d05-ce0bbb885d9c,assistant,a_c51b05e07d1102a1eb,conv_05a1114102cf:msg_70,22776,2026-08-07_科委概念验证专项管理平台_汇报PPT_精简版_v2.pptx,AI 工作区/成果文件/请结合用户提供的各种文档，产出技术PRD-conv_05a1114102cf/2026-08-07_科委概念验证专项管理平台_汇报PPT_精简版_v2.pptx,text/plain,15485897,,REQUEST_BYTES_OR_EXPLICIT_NOT_FOUND
conv_05a1114102cf,76d362d5-0552-4b79-8d05-ce0bbb885d9c,assistant,a_769b7291d66c24c098,conv_05a1114102cf:msg_76,22780,2026-08-07_科委概念验证专项管理平台_汇报PPT_精简版_v2.pptx,AI 工作区/成果文件/请结合用户提供的各种文档，产出技术PRD-conv_05a1114102cf/2026-08-07_科委概念验证专项管理平台_汇报PPT_精简版_v2.pptx,text/plain,13663989,,REQUEST_BYTES_OR_EXPLICIT_NOT_FOUND
conv_05a1114102cf,76d362d5-0552-4b79-8d05-ce0bbb885d9c,assistant,a_769b7291d66c24c098,conv_05a1114102cf:msg_82,22816,项目管理.png,对话附件/项目管理.png,image/png,113546,,REQUEST_BYTES_OR_EXPLICIT_NOT_FOUND
conv_05a1114102cf,76d362d5-0552-4b79-8d05-ce0bbb885d9c,assistant,a_769b7291d66c24c098,conv_05a1114102cf:msg_154,22950,image (3).png,对话附件/image (3).png,image/png,433160,,REQUEST_BYTES_OR_EXPLICIT_NOT_FOUND
conv_05a1114102cf,76d362d5-0552-4b79-8d05-ce0bbb885d9c,assistant,a_769b7291d66c24c098,conv_05a1114102cf:msg_154,22950,2026-08-07_科委概念验证专项管理平台_汇报PPT_精简版_v2.pptx,AI 工作区/成果文件/请结合用户提供的各种文档，产出技术PRD-conv_05a1114102cf/2026-08-07_科委概念验证专项管理平台_汇报PPT_精简版_v2.pptx,text/plain,12853509,,REQUEST_BYTES_OR_EXPLICIT_NOT_FOUND
conv_05a1114102cf,76d362d5-0552-4b79-8d05-ce0bbb885d9c,assistant,a_6d3214d31be3e23630,conv_05a1114102cf:msg_84,22786,2026-08-07_科委概念验证专项管理平台_汇报PPT_精简版_v2.pptx,AI 工作区/成果文件/请结合用户提供的各种文档，产出技术PRD-conv_05a1114102cf/2026-08-07_科委概念验证专项管理平台_汇报PPT_精简版_v2.pptx,text/plain,15599214,,REQUEST_BYTES_OR_EXPLICIT_NOT_FOUND
conv_05a1114102cf,76d362d5-0552-4b79-8d05-ce0bbb885d9c,assistant,a_6d3214d31be3e23630,conv_05a1114102cf:msg_84,22786,批量导入.png,对话附件/批量导入.png,image/png,1039426,,REQUEST_BYTES_OR_EXPLICIT_NOT_FOUND
conv_05a1114102cf,76d362d5-0552-4b79-8d05-ce0bbb885d9c,assistant,a_6d3214d31be3e23630,conv_05a1114102cf:msg_90,22792,2026-08-07_科委概念验证专项管理平台_汇报PPT_精简版_v2.pptx,AI 工作区/成果文件/请结合用户提供的各种文档，产出技术PRD-conv_05a1114102cf/2026-08-07_科委概念验证专项管理平台_汇报PPT_精简版_v2.pptx,text/plain,15599214,,REQUEST_BYTES_OR_EXPLICIT_NOT_FOUND
conv_05a1114102cf,76d362d5-0552-4b79-8d05-ce0bbb885d9c,assistant,a_6d3214d31be3e23630,conv_05a1114102cf:msg_90,22792,批量导入 (2).png,对话附件/批量导入 (2).png,image/png,1039426,,REQUEST_BYTES_OR_EXPLICIT_NOT_FOUND
conv_05a1114102cf,76d362d5-0552-4b79-8d05-ce0bbb885d9c,assistant,a_6d3214d31be3e23630,conv_05a1114102cf:msg_114,22847,2026-08-07_科委概念验证专项管理平台_汇报PPT_精简版_v2.pptx,AI 工作区/成果文件/请结合用户提供的各种文档，产出技术PRD-conv_05a1114102cf/2026-08-07_科委概念验证专项管理平台_汇报PPT_精简版_v2.pptx,text/plain,13663989,,REQUEST_BYTES_OR_EXPLICIT_NOT_FOUND
conv_05a1114102cf,76d362d5-0552-4b79-8d05-ce0bbb885d9c,assistant,a_863c46133795a48080,conv_05a1114102cf:msg_108,22810,评审进度 (3).png,对话附件/评审进度 (3).png,image/png,552291,,REQUEST_BYTES_OR_EXPLICIT_NOT_FOUND
conv_05a1114102cf,76d362d5-0552-4b79-8d05-ce0bbb885d9c,assistant,a_863c46133795a48080,conv_05a1114102cf:msg_108,22810,2026-08-07_科委概念验证专项管理平台_汇报PPT_精简版_v2.pptx,AI 工作区/成果文件/请结合用户提供的各种文档，产出技术PRD-conv_05a1114102cf/2026-08-07_科委概念验证专项管理平台_汇报PPT_精简版_v2.pptx,text/plain,13630879,,REQUEST_BYTES_OR_EXPLICIT_NOT_FOUND
conv_05a1114102cf,76d362d5-0552-4b79-8d05-ce0bbb885d9c,assistant,a_863c46133795a48080,conv_05a1114102cf:msg_92,22829,2026-08-07_科委概念验证专项管理平台_汇报PPT_精简版_v2.pptx,AI 工作区/成果文件/请结合用户提供的各种文档，产出技术PRD-conv_05a1114102cf/2026-08-07_科委概念验证专项管理平台_汇报PPT_精简版_v2.pptx,text/plain,15599214,,REQUEST_BYTES_OR_EXPLICIT_NOT_FOUND
conv_05a1114102cf,76d362d5-0552-4b79-8d05-ce0bbb885d9c,assistant,a_863c46133795a48080,conv_05a1114102cf:msg_92,22829,批量导入 (2).png,对话附件/批量导入 (2).png,image/png,1039426,,REQUEST_BYTES_OR_EXPLICIT_NOT_FOUND
conv_05a1114102cf,76d362d5-0552-4b79-8d05-ce0bbb885d9c,assistant,a_3b8f06788d6f9f8993,conv_05a1114102cf:msg_102,22838,评审进度 (3).png,对话附件/评审进度 (3).png,image/png,552291,,REQUEST_BYTES_OR_EXPLICIT_NOT_FOUND
conv_05a1114102cf,76d362d5-0552-4b79-8d05-ce0bbb885d9c,assistant,a_3b8f06788d6f9f8993,conv_05a1114102cf:msg_102,22838,2026-08-07_科委概念验证专项管理平台_汇报PPT_精简版_v2.pptx,AI 工作区/成果文件/请结合用户提供的各种文档，产出技术PRD-conv_05a1114102cf/2026-08-07_科委概念验证专项管理平台_汇报PPT_精简版_v2.pptx,text/plain,13630879,,REQUEST_BYTES_OR_EXPLICIT_NOT_FOUND
conv_05a1114102cf,76d362d5-0552-4b79-8d05-ce0bbb885d9c,assistant,a_33a31c9e7a08180b19,conv_05a1114102cf:msg_78,22812,2026-08-07_科委概念验证专项管理平台_汇报PPT_精简版_v2.pptx,AI 工作区/成果文件/请结合用户提供的各种文档，产出技术PRD-conv_05a1114102cf/2026-08-07_科委概念验证专项管理平台_汇报PPT_精简版_v2.pptx,text/plain,15599214,,REQUEST_BYTES_OR_EXPLICIT_NOT_FOUND
conv_05a1114102cf,76d362d5-0552-4b79-8d05-ce0bbb885d9c,assistant,a_33a31c9e7a08180b19,conv_05a1114102cf:msg_78,22812,批量导入.png,对话附件/批量导入.png,image/png,1039426,,REQUEST_BYTES_OR_EXPLICIT_NOT_FOUND
conv_05a1114102cf,76d362d5-0552-4b79-8d05-ce0bbb885d9c,assistant,a_ac6dcec5dbd83e5804,conv_05a1114102cf:msg_104,22805,评审进度 (3).png,对话附件/评审进度 (3).png,image/png,552291,,REQUEST_BYTES_OR_EXPLICIT_NOT_FOUND
conv_05a1114102cf,76d362d5-0552-4b79-8d05-ce0bbb885d9c,assistant,a_ac6dcec5dbd83e5804,conv_05a1114102cf:msg_104,22805,2026-08-07_科委概念验证专项管理平台_汇报PPT_精简版_v2.pptx,AI 工作区/成果文件/请结合用户提供的各种文档，产出技术PRD-conv_05a1114102cf/2026-08-07_科委概念验证专项管理平台_汇报PPT_精简版_v2.pptx,text/plain,13630879,,REQUEST_BYTES_OR_EXPLICIT_NOT_FOUND
conv_05a1114102cf,76d362d5-0552-4b79-8d05-ce0bbb885d9c,assistant,a_1d79124215dd483274,conv_05a1114102cf:msg_116,22818,2026-08-07_科委概念验证专项管理平台_汇报PPT_精简版_v2.pptx,AI 工作区/成果文件/请结合用户提供的各种文档，产出技术PRD-conv_05a1114102cf/2026-08-07_科委概念验证专项管理平台_汇报PPT_精简版_v2.pptx,text/plain,13663989,,REQUEST_BYTES_OR_EXPLICIT_NOT_FOUND
conv_05a1114102cf,76d362d5-0552-4b79-8d05-ce0bbb885d9c,assistant,a_11275e9b6a7ab11166,conv_05a1114102cf:msg_120,22822,2026-08-07_科委概念验证专项管理平台_汇报PPT_精简版_v2.pptx,AI 工作区/成果文件/请结合用户提供的各种文档，产出技术PRD-conv_05a1114102cf/2026-08-07_科委概念验证专项管理平台_汇报PPT_精简版_v2.pptx,text/plain,13663989,,REQUEST_BYTES_OR_EXPLICIT_NOT_FOUND
conv_05a1114102cf,76d362d5-0552-4b79-8d05-ce0bbb885d9c,assistant,a_11275e9b6a7ab11166,conv_05a1114102cf:msg_126,22856,2026-08-07_科委概念验证专项管理平台_汇报PPT_精简版_v2.pptx,AI 工作区/成果文件/请结合用户提供的各种文档，产出技术PRD-conv_05a1114102cf/2026-08-07_科委概念验证专项管理平台_汇报PPT_精简版_v2.pptx,text/plain,13663989,,REQUEST_BYTES_OR_EXPLICIT_NOT_FOUND
conv_05a1114102cf,76d362d5-0552-4b79-8d05-ce0bbb885d9c,assistant,a_11275e9b6a7ab11166,conv_05a1114102cf:msg_142,22938,885408b2-22fc-41a7-82e3-41201c169977.png,对话附件/885408b2-22fc-41a7-82e3-41201c169977.png,image/png,1196268,,REQUEST_BYTES_OR_EXPLICIT_NOT_FOUND
conv_05a1114102cf,76d362d5-0552-4b79-8d05-ce0bbb885d9c,assistant,a_11275e9b6a7ab11166,conv_05a1114102cf:msg_198,22994,2026-08-07_科委概念验证专项管理平台_汇报PPT_精简版_v2.pptx,AI 工作区/成果文件/请结合用户提供的各种文档，产出技术PRD-conv_05a1114102cf/2026-08-07_科委概念验证专项管理平台_汇报PPT_精简版_v2.pptx,text/plain,15599214,,REQUEST_BYTES_OR_EXPLICIT_NOT_FOUND
conv_05a1114102cf,76d362d5-0552-4b79-8d05-ce0bbb885d9c,assistant,a_11275e9b6a7ab11166,conv_05a1114102cf:msg_198,22994,批量导入.png,对话附件/批量导入.png,image/png,1039426,,REQUEST_BYTES_OR_EXPLICIT_NOT_FOUND
conv_05a1114102cf,76d362d5-0552-4b79-8d05-ce0bbb885d9c,assistant,a_8b65c570ebb9ac8793,conv_05a1114102cf:msg_94,22831,2026-08-07_科委概念验证专项管理平台_汇报PPT_精简版_v2.pptx,AI 工作区/成果文件/请结合用户提供的各种文档，产出技术PRD-conv_05a1114102cf/2026-08-07_科委概念验证专项管理平台_汇报PPT_精简版_v2.pptx,text/plain,15599214,,REQUEST_BYTES_OR_EXPLICIT_NOT_FOUND
conv_05a1114102cf,76d362d5-0552-4b79-8d05-ce0bbb885d9c,assistant,a_8b65c570ebb9ac8793,conv_05a1114102cf:msg_94,22831,批量导入.png,对话附件/批量导入.png,image/png,1039426,,REQUEST_BYTES_OR_EXPLICIT_NOT_FOUND
conv_05a1114102cf,76d362d5-0552-4b79-8d05-ce0bbb885d9c,assistant,a_8b65c570ebb9ac8793,conv_05a1114102cf:msg_168,22964,2026-08-07_科委概念验证专项管理平台_汇报PPT_精简版_v2.pptx,AI 工作区/成果文件/请结合用户提供的各种文档，产出技术PRD-conv_05a1114102cf/2026-08-07_科委概念验证专项管理平台_汇报PPT_精简版_v2.pptx,text/plain,16234621,,REQUEST_BYTES_OR_EXPLICIT_NOT_FOUND
conv_05a1114102cf,76d362d5-0552-4b79-8d05-ce0bbb885d9c,assistant,a_8b65c570ebb9ac8793,conv_05a1114102cf:msg_168,22964,image (2).png,对话附件/image (2).png,image/png,69397,,REQUEST_BYTES_OR_EXPLICIT_NOT_FOUND
conv_05a1114102cf,76d362d5-0552-4b79-8d05-ce0bbb885d9c,assistant,a_0643b91986853cc988,conv_05a1114102cf:msg_124,22828,2026-08-07_科委概念验证专项管理平台_汇报PPT_精简版_v2.pptx,AI 工作区/成果文件/请结合用户提供的各种文档，产出技术PRD-conv_05a1114102cf/2026-08-07_科委概念验证专项管理平台_汇报PPT_精简版_v2.pptx,text/plain,15599214,,REQUEST_BYTES_OR_EXPLICIT_NOT_FOUND
conv_05a1114102cf,76d362d5-0552-4b79-8d05-ce0bbb885d9c,assistant,a_0643b91986853cc988,conv_05a1114102cf:msg_124,22828,批量导入.png,对话附件/批量导入.png,image/png,1039426,,REQUEST_BYTES_OR_EXPLICIT_NOT_FOUND
conv_05a1114102cf,76d362d5-0552-4b79-8d05-ce0bbb885d9c,assistant,a_0643b91986853cc988,conv_05a1114102cf:msg_118,22850,评审进度 (3).png,对话附件/评审进度 (3).png,image/png,552291,,REQUEST_BYTES_OR_EXPLICIT_NOT_FOUND
conv_05a1114102cf,76d362d5-0552-4b79-8d05-ce0bbb885d9c,assistant,a_0643b91986853cc988,conv_05a1114102cf:msg_118,22850,2026-08-07_科委概念验证专项管理平台_汇报PPT_精简版_v2.pptx,AI 工作区/成果文件/请结合用户提供的各种文档，产出技术PRD-conv_05a1114102cf/2026-08-07_科委概念验证专项管理平台_汇报PPT_精简版_v2.pptx,text/plain,13630879,,REQUEST_BYTES_OR_EXPLICIT_NOT_FOUND
conv_05a1114102cf,76d362d5-0552-4b79-8d05-ce0bbb885d9c,assistant,a_0643b91986853cc988,conv_05a1114102cf:msg_148,22944,评审进度 (3).png,对话附件/评审进度 (3).png,image/png,552291,,REQUEST_BYTES_OR_EXPLICIT_NOT_FOUND
conv_05a1114102cf,76d362d5-0552-4b79-8d05-ce0bbb885d9c,assistant,a_0643b91986853cc988,conv_05a1114102cf:msg_148,22944,2026-08-07_科委概念验证专项管理平台_汇报PPT_精简版_v2.pptx,AI 工作区/成果文件/请结合用户提供的各种文档，产出技术PRD-conv_05a1114102cf/2026-08-07_科委概念验证专项管理平台_汇报PPT_精简版_v2.pptx,text/plain,13630879,,REQUEST_BYTES_OR_EXPLICIT_NOT_FOUND
conv_05a1114102cf,76d362d5-0552-4b79-8d05-ce0bbb885d9c,assistant,a_0643b91986853cc988,conv_05a1114102cf:msg_158,22954,image (3).png,对话附件/image (3).png,image/png,433160,,REQUEST_BYTES_OR_EXPLICIT_NOT_FOUND
conv_05a1114102cf,76d362d5-0552-4b79-8d05-ce0bbb885d9c,assistant,a_0643b91986853cc988,conv_05a1114102cf:msg_158,22954,2026-08-07_科委概念验证专项管理平台_汇报PPT_精简版_v2.pptx,AI 工作区/成果文件/请结合用户提供的各种文档，产出技术PRD-conv_05a1114102cf/2026-08-07_科委概念验证专项管理平台_汇报PPT_精简版_v2.pptx,text/plain,12853509,,REQUEST_BYTES_OR_EXPLICIT_NOT_FOUND
conv_05a1114102cf,76d362d5-0552-4b79-8d05-ce0bbb885d9c,assistant,a_045b8f5328a86ee229,conv_05a1114102cf:msg_106,22841,2026-08-07_科委概念验证专项管理平台_汇报PPT_精简版_v2.pptx,AI 工作区/成果文件/请结合用户提供的各种文档，产出技术PRD-conv_05a1114102cf/2026-08-07_科委概念验证专项管理平台_汇报PPT_精简版_v2.pptx,text/plain,15599214,,REQUEST_BYTES_OR_EXPLICIT_NOT_FOUND
conv_05a1114102cf,76d362d5-0552-4b79-8d05-ce0bbb885d9c,assistant,a_045b8f5328a86ee229,conv_05a1114102cf:msg_106,22841,批量导入 (2).png,对话附件/批量导入 (2).png,image/png,1039426,,REQUEST_BYTES_OR_EXPLICIT_NOT_FOUND
conv_05a1114102cf,76d362d5-0552-4b79-8d05-ce0bbb885d9c,assistant,a_045b8f5328a86ee229,conv_05a1114102cf:msg_136,22864,2026-08-07_科委概念验证专项管理平台_汇报PPT_精简版_v2.pptx,AI 工作区/成果文件/请结合用户提供的各种文档，产出技术PRD-conv_05a1114102cf/2026-08-07_科委概念验证专项管理平台_汇报PPT_精简版_v2.pptx,text/plain,15599214,,REQUEST_BYTES_OR_EXPLICIT_NOT_FOUND
conv_05a1114102cf,76d362d5-0552-4b79-8d05-ce0bbb885d9c,assistant,a_045b8f5328a86ee229,conv_05a1114102cf:msg_136,22864,批量导入 (2).png,对话附件/批量导入 (2).png,image/png,1039426,,REQUEST_BYTES_OR_EXPLICIT_NOT_FOUND
conv_05a1114102cf,76d362d5-0552-4b79-8d05-ce0bbb885d9c,assistant,a_011ebdf89c53513c71,conv_05a1114102cf:msg_146,22942,885408b2-22fc-41a7-82e3-41201c169977.png,对话附件/885408b2-22fc-41a7-82e3-41201c169977.png,image/png,1196268,,REQUEST_BYTES_OR_EXPLICIT_NOT_FOUND
conv_05a1114102cf,76d362d5-0552-4b79-8d05-ce0bbb885d9c,assistant,a_ddd55db5246ef82725,conv_05a1114102cf:msg_174,22970,2026-08-07_科委概念验证专项管理平台_汇报PPT_精简版_v2.pptx,AI 工作区/成果文件/请结合用户提供的各种文档，产出技术PRD-conv_05a1114102cf/2026-08-07_科委概念验证专项管理平台_汇报PPT_精简版_v2.pptx,text/plain,12613604,,REQUEST_BYTES_OR_EXPLICIT_NOT_FOUND
conv_05a1114102cf,76d362d5-0552-4b79-8d05-ce0bbb885d9c,assistant,a_b54eb8c4a5955b9bc0,conv_05a1114102cf:msg_156,22952,项目管理.png,对话附件/项目管理.png,image/png,113546,,REQUEST_BYTES_OR_EXPLICIT_NOT_FOUND
conv_05a1114102cf,76d362d5-0552-4b79-8d05-ce0bbb885d9c,assistant,a_b54eb8c4a5955b9bc0,conv_05a1114102cf:msg_162,22958,2026-08-07_科委概念验证专项管理平台_汇报PPT_精简版_v2.pptx,AI 工作区/成果文件/请结合用户提供的各种文档，产出技术PRD-conv_05a1114102cf/2026-08-07_科委概念验证专项管理平台_汇报PPT_精简版_v2.pptx,text/plain,12744272,,REQUEST_BYTES_OR_EXPLICIT_NOT_FOUND
conv_05a1114102cf,76d362d5-0552-4b79-8d05-ce0bbb885d9c,assistant,a_b54eb8c4a5955b9bc0,conv_05a1114102cf:msg_196,22992,评审流程.png,对话附件/评审流程.png,image/png,473382,,REQUEST_BYTES_OR_EXPLICIT_NOT_FOUND
conv_05a1114102cf,76d362d5-0552-4b79-8d05-ce0bbb885d9c,assistant,a_e606cfeeaa27b0d101,conv_05a1114102cf:msg_160,22956,2026-08-07_科委概念验证专项管理平台_汇报PPT_精简版_v2.pptx,AI 工作区/成果文件/请结合用户提供的各种文档，产出技术PRD-conv_05a1114102cf/2026-08-07_科委概念验证专项管理平台_汇报PPT_精简版_v2.pptx,text/plain,13663989,,REQUEST_BYTES_OR_EXPLICIT_NOT_FOUND
conv_05a1114102cf,76d362d5-0552-4b79-8d05-ce0bbb885d9c,assistant,a_e606cfeeaa27b0d101,conv_05a1114102cf:msg_166,22962,2026-08-07_科委概念验证专项管理平台_汇报PPT_精简版_v2.pptx,AI 工作区/成果文件/请结合用户提供的各种文档，产出技术PRD-conv_05a1114102cf/2026-08-07_科委概念验证专项管理平台_汇报PPT_精简版_v2.pptx,text/plain,12744272,,REQUEST_BYTES_OR_EXPLICIT_NOT_FOUND
conv_05a1114102cf,76d362d5-0552-4b79-8d05-ce0bbb885d9c,assistant,a_f23df7c1c773d758d1,conv_05a1114102cf:msg_192,22988,评审流程.png,对话附件/评审流程.png,image/png,473382,,REQUEST_BYTES_OR_EXPLICIT_NOT_FOUND
conv_05a1114102cf,76d362d5-0552-4b79-8d05-ce0bbb885d9c,assistant,a_3543e85b7cdb2f8431,conv_05a1114102cf:msg_178,22974,2026-08-07_科委概念验证专项管理平台_汇报PPT_精简版_v2.pptx,AI 工作区/成果文件/请结合用户提供的各种文档，产出技术PRD-conv_05a1114102cf/2026-08-07_科委概念验证专项管理平台_汇报PPT_精简版_v2.pptx,text/plain,12613604,,REQUEST_BYTES_OR_EXPLICIT_NOT_FOUND
conv_05a1114102cf,76d362d5-0552-4b79-8d05-ce0bbb885d9c,assistant,a_3543e85b7cdb2f8431,conv_05a1114102cf:msg_184,22980,2026-08-07_科委概念验证专项管理平台_汇报PPT_精简版_v2.pptx,AI 工作区/成果文件/请结合用户提供的各种文档，产出技术PRD-conv_05a1114102cf/2026-08-07_科委概念验证专项管理平台_汇报PPT_精简版_v2.pptx,text/plain,12488669,,REQUEST_BYTES_OR_EXPLICIT_NOT_FOUND
conv_05a1114102cf,76d362d5-0552-4b79-8d05-ce0bbb885d9c,assistant,a_e72b149b80a5eab8f0,conv_05a1114102cf:msg_188,22984,2026-08-07_科委概念验证专项管理平台_汇报PPT_精简版_v2.pptx,AI 工作区/成果文件/请结合用户提供的各种文档，产出技术PRD-conv_05a1114102cf/2026-08-07_科委概念验证专项管理平台_汇报PPT_精简版_v2.pptx,text/plain,12488669,,REQUEST_BYTES_OR_EXPLICIT_NOT_FOUND
conv_1c5e6b392159,5ee08357-1de0-4489-8ee8-6898763c64fa,user,u_f07efbffdcfec38d05,conv_1c5e6b392159:9ae9c926,22870,【快应用开发工程师（前端）_上海 10-15K】刘肖宇 3年.pdf,对话附件/【快应用开发工程师（前端）_上海 10-15K】刘肖宇 3年.pdf,application/pdf,115977,,REQUEST_BYTES_OR_EXPLICIT_NOT_FOUND
conv_1c5e6b392159,5ee08357-1de0-4489-8ee8-6898763c64fa,user,u_f07efbffdcfec38d05,conv_1c5e6b392159:9ae9c926,22870,【快应用开发工程师（前端）_上海 10-15K】刘晓茜 3年.pdf,对话附件/【快应用开发工程师（前端）_上海 10-15K】刘晓茜 3年.pdf,application/pdf,215928,,REQUEST_BYTES_OR_EXPLICIT_NOT_FOUND
conv_1c5e6b392159,5ee08357-1de0-4489-8ee8-6898763c64fa,user,u_f07efbffdcfec38d05,conv_1c5e6b392159:9ae9c926,22870,【快应用开发工程师（前端）_上海 10-15K】姚秀海 3年.pdf,对话附件/【快应用开发工程师（前端）_上海 10-15K】姚秀海 3年.pdf,application/pdf,407221,,REQUEST_BYTES_OR_EXPLICIT_NOT_FOUND
conv_1c5e6b392159,5ee08357-1de0-4489-8ee8-6898763c64fa,user,u_f07efbffdcfec38d05,conv_1c5e6b392159:9ae9c926,22870,【快应用开发工程师（前端）_上海 10-15K】张先生 4年.pdf,对话附件/【快应用开发工程师（前端）_上海 10-15K】张先生 4年.pdf,application/pdf,130114,,REQUEST_BYTES_OR_EXPLICIT_NOT_FOUND
conv_1c5e6b392159,5ee08357-1de0-4489-8ee8-6898763c64fa,user,u_f07efbffdcfec38d05,conv_1c5e6b392159:9ae9c926,22870,【快应用开发工程师（前端）_上海 10-15K】刘女士 3年.pdf,对话附件/【快应用开发工程师（前端）_上海 10-15K】刘女士 3年.pdf,application/pdf,426759,,REQUEST_BYTES_OR_EXPLICIT_NOT_FOUND
conv_1c5e6b392159,5ee08357-1de0-4489-8ee8-6898763c64fa,user,u_f07efbffdcfec38d05,conv_1c5e6b392159:9ae9c926,22870,【快应用开发工程师（前端）_上海 10-15K】林冰冰 2年.pdf,对话附件/【快应用开发工程师（前端）_上海 10-15K】林冰冰 2年.pdf,application/pdf,191327,,REQUEST_BYTES_OR_EXPLICIT_NOT_FOUND
conv_1c5e6b392159,5ee08357-1de0-4489-8ee8-6898763c64fa,user,u_f07efbffdcfec38d05,conv_1c5e6b392159:9ae9c926,22870,【快应用开发工程师（前端）_上海 10-15K】于宏越 4年.pdf,对话附件/【快应用开发工程师（前端）_上海 10-15K】于宏越 4年.pdf,application/pdf,458071,,REQUEST_BYTES_OR_EXPLICIT_NOT_FOUND
conv_1c5e6b392159,5ee08357-1de0-4489-8ee8-6898763c64fa,user,u_f07efbffdcfec38d05,conv_1c5e6b392159:9ae9c926,22870,【快应用开发工程师（前端）_上海 10-15K】杨浩辰 3年.pdf,对话附件/【快应用开发工程师（前端）_上海 10-15K】杨浩辰 3年.pdf,application/pdf,267778,,REQUEST_BYTES_OR_EXPLICIT_NOT_FOUND
conv_1c5e6b392159,5ee08357-1de0-4489-8ee8-6898763c64fa,user,u_f07efbffdcfec38d05,conv_1c5e6b392159:9ae9c926,22870,【快应用开发工程师（前端）_上海 10-15K】程应明 2年.pdf,对话附件/【快应用开发工程师（前端）_上海 10-15K】程应明 2年.pdf,application/pdf,387537,,REQUEST_BYTES_OR_EXPLICIT_NOT_FOUND
conv_1c5e6b392159,5ee08357-1de0-4489-8ee8-6898763c64fa,user,u_f07efbffdcfec38d05,conv_1c5e6b392159:9ae9c926,22870,【快应用开发工程师（前端）_上海 10-15K】皮昊 2年.pdf,对话附件/【快应用开发工程师（前端）_上海 10-15K】皮昊 2年.pdf,application/pdf,437775,,REQUEST_BYTES_OR_EXPLICIT_NOT_FOUND
conv_1c5e6b392159,5ee08357-1de0-4489-8ee8-6898763c64fa,user,u_f46731c73725625c2b,conv_1c5e6b392159:msg_1,22871,【快应用开发工程师（前端）_上海 10-15K】刘肖宇 3年.pdf,对话附件/【快应用开发工程师（前端）_上海 10-15K】刘肖宇 3年.pdf,application/pdf,115977,,REQUEST_BYTES_OR_EXPLICIT_NOT_FOUND
conv_1c5e6b392159,5ee08357-1de0-4489-8ee8-6898763c64fa,user,u_f46731c73725625c2b,conv_1c5e6b392159:msg_1,22871,【快应用开发工程师（前端）_上海 10-15K】刘晓茜 3年.pdf,对话附件/【快应用开发工程师（前端）_上海 10-15K】刘晓茜 3年.pdf,application/pdf,215928,,REQUEST_BYTES_OR_EXPLICIT_NOT_FOUND
conv_1c5e6b392159,5ee08357-1de0-4489-8ee8-6898763c64fa,user,u_f46731c73725625c2b,conv_1c5e6b392159:msg_1,22871,【快应用开发工程师（前端）_上海 10-15K】姚秀海 3年.pdf,对话附件/【快应用开发工程师（前端）_上海 10-15K】姚秀海 3年.pdf,application/pdf,407221,,REQUEST_BYTES_OR_EXPLICIT_NOT_FOUND
conv_1c5e6b392159,5ee08357-1de0-4489-8ee8-6898763c64fa,user,u_f46731c73725625c2b,conv_1c5e6b392159:msg_1,22871,【快应用开发工程师（前端）_上海 10-15K】张先生 4年.pdf,对话附件/【快应用开发工程师（前端）_上海 10-15K】张先生 4年.pdf,application/pdf,130114,,REQUEST_BYTES_OR_EXPLICIT_NOT_FOUND
conv_1c5e6b392159,5ee08357-1de0-4489-8ee8-6898763c64fa,user,u_f46731c73725625c2b,conv_1c5e6b392159:msg_1,22871,【快应用开发工程师（前端）_上海 10-15K】刘女士 3年.pdf,对话附件/【快应用开发工程师（前端）_上海 10-15K】刘女士 3年.pdf,application/pdf,426759,,REQUEST_BYTES_OR_EXPLICIT_NOT_FOUND
conv_1c5e6b392159,5ee08357-1de0-4489-8ee8-6898763c64fa,user,u_f46731c73725625c2b,conv_1c5e6b392159:msg_1,22871,【快应用开发工程师（前端）_上海 10-15K】林冰冰 2年.pdf,对话附件/【快应用开发工程师（前端）_上海 10-15K】林冰冰 2年.pdf,application/pdf,191327,,REQUEST_BYTES_OR_EXPLICIT_NOT_FOUND
conv_1c5e6b392159,5ee08357-1de0-4489-8ee8-6898763c64fa,user,u_f46731c73725625c2b,conv_1c5e6b392159:msg_1,22871,【快应用开发工程师（前端）_上海 10-15K】于宏越 4年.pdf,对话附件/【快应用开发工程师（前端）_上海 10-15K】于宏越 4年.pdf,application/pdf,458071,,REQUEST_BYTES_OR_EXPLICIT_NOT_FOUND
conv_1c5e6b392159,5ee08357-1de0-4489-8ee8-6898763c64fa,user,u_f46731c73725625c2b,conv_1c5e6b392159:msg_1,22871,【快应用开发工程师（前端）_上海 10-15K】杨浩辰 3年.pdf,对话附件/【快应用开发工程师（前端）_上海 10-15K】杨浩辰 3年.pdf,application/pdf,267778,,REQUEST_BYTES_OR_EXPLICIT_NOT_FOUND
conv_1c5e6b392159,5ee08357-1de0-4489-8ee8-6898763c64fa,user,u_f46731c73725625c2b,conv_1c5e6b392159:msg_1,22871,【快应用开发工程师（前端）_上海 10-15K】程应明 2年.pdf,对话附件/【快应用开发工程师（前端）_上海 10-15K】程应明 2年.pdf,application/pdf,387537,,REQUEST_BYTES_OR_EXPLICIT_NOT_FOUND
conv_1c5e6b392159,5ee08357-1de0-4489-8ee8-6898763c64fa,user,u_f46731c73725625c2b,conv_1c5e6b392159:msg_1,22871,【快应用开发工程师（前端）_上海 10-15K】皮昊 2年.pdf,对话附件/【快应用开发工程师（前端）_上海 10-15K】皮昊 2年.pdf,application/pdf,437775,,REQUEST_BYTES_OR_EXPLICIT_NOT_FOUND
conv_1c5e6b392159,5ee08357-1de0-4489-8ee8-6898763c64fa,user,u_e841f905c413153a6b,conv_1c5e6b392159:c8b8c283,22899,【快应用开发工程师（前端）_上海 10-15K】陈一昕 5年.pdf,对话附件/【快应用开发工程师（前端）_上海 10-15K】陈一昕 5年.pdf,application/pdf,313295,,REQUEST_BYTES_OR_EXPLICIT_NOT_FOUND
conv_1c5e6b392159,5ee08357-1de0-4489-8ee8-6898763c64fa,user,u_e841f905c413153a6b,conv_1c5e6b392159:c8b8c283,22899,【快应用开发工程师（前端）_上海 10-15K】西西 3年.pdf,对话附件/【快应用开发工程师（前端）_上海 10-15K】西西 3年.pdf,application/pdf,213307,,REQUEST_BYTES_OR_EXPLICIT_NOT_FOUND
conv_1c5e6b392159,5ee08357-1de0-4489-8ee8-6898763c64fa,user,u_e841f905c413153a6b,conv_1c5e6b392159:c8b8c283,22899,【快应用开发工程师（前端）_上海 10-15K】阿凯 5年.pdf,对话附件/【快应用开发工程师（前端）_上海 10-15K】阿凯 5年.pdf,application/pdf,609039,,REQUEST_BYTES_OR_EXPLICIT_NOT_FOUND
conv_1c5e6b392159,5ee08357-1de0-4489-8ee8-6898763c64fa,user,u_e841f905c413153a6b,conv_1c5e6b392159:c8b8c283,22899,【快应用开发工程师（前端）_上海 10-15K】王诗雨 4年.pdf,对话附件/【快应用开发工程师（前端）_上海 10-15K】王诗雨 4年.pdf,application/pdf,110866,,REQUEST_BYTES_OR_EXPLICIT_NOT_FOUND
conv_1c5e6b392159,5ee08357-1de0-4489-8ee8-6898763c64fa,user,u_e841f905c413153a6b,conv_1c5e6b392159:c8b8c283,22899,【快应用开发工程师（前端）_上海 10-15K】王杰 5年.pdf,对话附件/【快应用开发工程师（前端）_上海 10-15K】王杰 5年.pdf,application/pdf,753914,,REQUEST_BYTES_OR_EXPLICIT_NOT_FOUND
conv_1c5e6b392159,5ee08357-1de0-4489-8ee8-6898763c64fa,user,u_e841f905c413153a6b,conv_1c5e6b392159:c8b8c283,22899,【快应用开发工程师（前端）_上海 10-15K】曹立宝 3年.pdf,对话附件/【快应用开发工程师（前端）_上海 10-15K】曹立宝 3年.pdf,application/pdf,432509,,REQUEST_BYTES_OR_EXPLICIT_NOT_FOUND
conv_1c5e6b392159,5ee08357-1de0-4489-8ee8-6898763c64fa,user,u_e841f905c413153a6b,conv_1c5e6b392159:c8b8c283,22899,【快应用开发工程师（前端）_上海 10-15K】张先生 4年 (2).pdf,对话附件/【快应用开发工程师（前端）_上海 10-15K】张先生 4年 (2).pdf,application/pdf,130114,,REQUEST_BYTES_OR_EXPLICIT_NOT_FOUND
conv_1c5e6b392159,5ee08357-1de0-4489-8ee8-6898763c64fa,user,u_e841f905c413153a6b,conv_1c5e6b392159:c8b8c283,22899,【快应用开发工程师（前端）_上海 10-15K】尹富强 4年.pdf,对话附件/【快应用开发工程师（前端）_上海 10-15K】尹富强 4年.pdf,application/pdf,161438,,REQUEST_BYTES_OR_EXPLICIT_NOT_FOUND
conv_1c5e6b392159,5ee08357-1de0-4489-8ee8-6898763c64fa,user,u_abaee4088cb0b446b0,conv_1c5e6b392159:msg_43,22900,【快应用开发工程师（前端）_上海 10-15K】陈一昕 5年.pdf,对话附件/【快应用开发工程师（前端）_上海 10-15K】陈一昕 5年.pdf,application/pdf,313295,,REQUEST_BYTES_OR_EXPLICIT_NOT_FOUND
conv_1c5e6b392159,5ee08357-1de0-4489-8ee8-6898763c64fa,user,u_abaee4088cb0b446b0,conv_1c5e6b392159:msg_43,22900,【快应用开发工程师（前端）_上海 10-15K】西西 3年.pdf,对话附件/【快应用开发工程师（前端）_上海 10-15K】西西 3年.pdf,application/pdf,213307,,REQUEST_BYTES_OR_EXPLICIT_NOT_FOUND
conv_1c5e6b392159,5ee08357-1de0-4489-8ee8-6898763c64fa,user,u_abaee4088cb0b446b0,conv_1c5e6b392159:msg_43,22900,【快应用开发工程师（前端）_上海 10-15K】阿凯 5年.pdf,对话附件/【快应用开发工程师（前端）_上海 10-15K】阿凯 5年.pdf,application/pdf,609039,,REQUEST_BYTES_OR_EXPLICIT_NOT_FOUND
conv_1c5e6b392159,5ee08357-1de0-4489-8ee8-6898763c64fa,user,u_abaee4088cb0b446b0,conv_1c5e6b392159:msg_43,22900,【快应用开发工程师（前端）_上海 10-15K】王诗雨 4年.pdf,对话附件/【快应用开发工程师（前端）_上海 10-15K】王诗雨 4年.pdf,application/pdf,110866,,REQUEST_BYTES_OR_EXPLICIT_NOT_FOUND
conv_1c5e6b392159,5ee08357-1de0-4489-8ee8-6898763c64fa,user,u_abaee4088cb0b446b0,conv_1c5e6b392159:msg_43,22900,【快应用开发工程师（前端）_上海 10-15K】王杰 5年.pdf,对话附件/【快应用开发工程师（前端）_上海 10-15K】王杰 5年.pdf,application/pdf,753914,,REQUEST_BYTES_OR_EXPLICIT_NOT_FOUND
conv_1c5e6b392159,5ee08357-1de0-4489-8ee8-6898763c64fa,user,u_abaee4088cb0b446b0,conv_1c5e6b392159:msg_43,22900,【快应用开发工程师（前端）_上海 10-15K】曹立宝 3年.pdf,对话附件/【快应用开发工程师（前端）_上海 10-15K】曹立宝 3年.pdf,application/pdf,432509,,REQUEST_BYTES_OR_EXPLICIT_NOT_FOUND
conv_1c5e6b392159,5ee08357-1de0-4489-8ee8-6898763c64fa,user,u_abaee4088cb0b446b0,conv_1c5e6b392159:msg_43,22900,【快应用开发工程师（前端）_上海 10-15K】张先生 4年 (2).pdf,对话附件/【快应用开发工程师（前端）_上海 10-15K】张先生 4年 (2).pdf,application/pdf,130114,,REQUEST_BYTES_OR_EXPLICIT_NOT_FOUND
conv_1c5e6b392159,5ee08357-1de0-4489-8ee8-6898763c64fa,user,u_abaee4088cb0b446b0,conv_1c5e6b392159:msg_43,22900,【快应用开发工程师（前端）_上海 10-15K】尹富强 4年.pdf,对话附件/【快应用开发工程师（前端）_上海 10-15K】尹富强 4年.pdf,application/pdf,161438,,REQUEST_BYTES_OR_EXPLICIT_NOT_FOUND
conv_1c5e6b392159,5ee08357-1de0-4489-8ee8-6898763c64fa,user,u_5c02cd157f53116c14,conv_1c5e6b392159:a2bd99a3,23031,【快应用开发工程师（前端）_上海 10-15K】刘雅坤 6年.pdf,对话附件/【快应用开发工程师（前端）_上海 10-15K】刘雅坤 6年.pdf,application/pdf,246692,,REQUEST_BYTES_OR_EXPLICIT_NOT_FOUND
conv_1c5e6b392159,5ee08357-1de0-4489-8ee8-6898763c64fa,user,u_5c02cd157f53116c14,conv_1c5e6b392159:a2bd99a3,23031,【快应用开发工程师（前端）_上海 10-15K】郭泽楷 5年.pdf,对话附件/【快应用开发工程师（前端）_上海 10-15K】郭泽楷 5年.pdf,application/pdf,467424,,REQUEST_BYTES_OR_EXPLICIT_NOT_FOUND
conv_1c5e6b392159,5ee08357-1de0-4489-8ee8-6898763c64fa,user,u_5c02cd157f53116c14,conv_1c5e6b392159:a2bd99a3,23031,【快应用开发工程师（前端）_上海 10-15K】卢亮亮 5年.pdf,对话附件/【快应用开发工程师（前端）_上海 10-15K】卢亮亮 5年.pdf,application/pdf,256153,,REQUEST_BYTES_OR_EXPLICIT_NOT_FOUND
conv_1c5e6b392159,5ee08357-1de0-4489-8ee8-6898763c64fa,user,u_5c02cd157f53116c14,conv_1c5e6b392159:a2bd99a3,23031,【快应用开发工程师（前端）_上海 10-15K】李玉琴 5年.pdf,对话附件/【快应用开发工程师（前端）_上海 10-15K】李玉琴 5年.pdf,application/pdf,144386,,REQUEST_BYTES_OR_EXPLICIT_NOT_FOUND
conv_1c5e6b392159,5ee08357-1de0-4489-8ee8-6898763c64fa,user,u_5c02cd157f53116c14,conv_1c5e6b392159:a2bd99a3,23031,【快应用开发工程师（前端）_上海 10-15K】周子轩 6年.pdf,对话附件/【快应用开发工程师（前端）_上海 10-15K】周子轩 6年.pdf,application/pdf,508489,,REQUEST_BYTES_OR_EXPLICIT_NOT_FOUND
conv_1c5e6b392159,5ee08357-1de0-4489-8ee8-6898763c64fa,user,u_5c02cd157f53116c14,conv_1c5e6b392159:a2bd99a3,23031,【快应用开发工程师（前端）_上海 10-15K】王晶晶 5年.pdf,对话附件/【快应用开发工程师（前端）_上海 10-15K】王晶晶 5年.pdf,application/pdf,166515,,REQUEST_BYTES_OR_EXPLICIT_NOT_FOUND
conv_1c5e6b392159,5ee08357-1de0-4489-8ee8-6898763c64fa,user,u_5c02cd157f53116c14,conv_1c5e6b392159:a2bd99a3,23031,【快应用开发工程师（前端）_上海 10-15K】罗群 6年.pdf,对话附件/【快应用开发工程师（前端）_上海 10-15K】罗群 6年.pdf,application/pdf,310843,,REQUEST_BYTES_OR_EXPLICIT_NOT_FOUND
conv_1c5e6b392159,5ee08357-1de0-4489-8ee8-6898763c64fa,user,u_5c02cd157f53116c14,conv_1c5e6b392159:a2bd99a3,23031,【快应用开发工程师（前端）_上海 10-15K】戴志文 6年.pdf,对话附件/【快应用开发工程师（前端）_上海 10-15K】戴志文 6年.pdf,application/pdf,778745,,REQUEST_BYTES_OR_EXPLICIT_NOT_FOUND
conv_1c5e6b392159,5ee08357-1de0-4489-8ee8-6898763c64fa,user,u_275ca2d95d5fff5a56,conv_1c5e6b392159:msg_104,23032,【快应用开发工程师（前端）_上海 10-15K】刘雅坤 6年.pdf,对话附件/【快应用开发工程师（前端）_上海 10-15K】刘雅坤 6年.pdf,application/pdf,246692,,REQUEST_BYTES_OR_EXPLICIT_NOT_FOUND
conv_1c5e6b392159,5ee08357-1de0-4489-8ee8-6898763c64fa,user,u_275ca2d95d5fff5a56,conv_1c5e6b392159:msg_104,23032,【快应用开发工程师（前端）_上海 10-15K】郭泽楷 5年.pdf,对话附件/【快应用开发工程师（前端）_上海 10-15K】郭泽楷 5年.pdf,application/pdf,467424,,REQUEST_BYTES_OR_EXPLICIT_NOT_FOUND
conv_1c5e6b392159,5ee08357-1de0-4489-8ee8-6898763c64fa,user,u_275ca2d95d5fff5a56,conv_1c5e6b392159:msg_104,23032,【快应用开发工程师（前端）_上海 10-15K】卢亮亮 5年.pdf,对话附件/【快应用开发工程师（前端）_上海 10-15K】卢亮亮 5年.pdf,application/pdf,256153,,REQUEST_BYTES_OR_EXPLICIT_NOT_FOUND
conv_1c5e6b392159,5ee08357-1de0-4489-8ee8-6898763c64fa,user,u_275ca2d95d5fff5a56,conv_1c5e6b392159:msg_104,23032,【快应用开发工程师（前端）_上海 10-15K】李玉琴 5年.pdf,对话附件/【快应用开发工程师（前端）_上海 10-15K】李玉琴 5年.pdf,application/pdf,144386,,REQUEST_BYTES_OR_EXPLICIT_NOT_FOUND
conv_1c5e6b392159,5ee08357-1de0-4489-8ee8-6898763c64fa,user,u_275ca2d95d5fff5a56,conv_1c5e6b392159:msg_104,23032,【快应用开发工程师（前端）_上海 10-15K】周子轩 6年.pdf,对话附件/【快应用开发工程师（前端）_上海 10-15K】周子轩 6年.pdf,application/pdf,508489,,REQUEST_BYTES_OR_EXPLICIT_NOT_FOUND
conv_1c5e6b392159,5ee08357-1de0-4489-8ee8-6898763c64fa,user,u_275ca2d95d5fff5a56,conv_1c5e6b392159:msg_104,23032,【快应用开发工程师（前端）_上海 10-15K】王晶晶 5年.pdf,对话附件/【快应用开发工程师（前端）_上海 10-15K】王晶晶 5年.pdf,application/pdf,166515,,REQUEST_BYTES_OR_EXPLICIT_NOT_FOUND
conv_1c5e6b392159,5ee08357-1de0-4489-8ee8-6898763c64fa,user,u_275ca2d95d5fff5a56,conv_1c5e6b392159:msg_104,23032,【快应用开发工程师（前端）_上海 10-15K】罗群 6年.pdf,对话附件/【快应用开发工程师（前端）_上海 10-15K】罗群 6年.pdf,application/pdf,310843,,REQUEST_BYTES_OR_EXPLICIT_NOT_FOUND
conv_1c5e6b392159,5ee08357-1de0-4489-8ee8-6898763c64fa,user,u_275ca2d95d5fff5a56,conv_1c5e6b392159:msg_104,23032,【快应用开发工程师（前端）_上海 10-15K】戴志文 6年.pdf,对话附件/【快应用开发工程师（前端）_上海 10-15K】戴志文 6年.pdf,application/pdf,778745,,REQUEST_BYTES_OR_EXPLICIT_NOT_FOUND
conv_9a4530fee647,5ee08357-1de0-4489-8ee8-6898763c64fa,user,u_8473b759f1978a13ca,conv_9a4530fee647:a8bd2049,22997,【光电医美设备产品经理（产品+市场）_上海 14-22K】黎湘兰 6年.pdf,对话附件/【光电医美设备产品经理（产品+市场）_上海 14-22K】黎湘兰 6年.pdf,application/pdf,759650,,REQUEST_BYTES_OR_EXPLICIT_NOT_FOUND
conv_9a4530fee647,5ee08357-1de0-4489-8ee8-6898763c64fa,user,u_8473b759f1978a13ca,conv_9a4530fee647:a8bd2049,22997,【光电医美设备产品经理（产品+市场）_上海 14-22K】张先生 8年.pdf,对话附件/【光电医美设备产品经理（产品+市场）_上海 14-22K】张先生 8年.pdf,application/pdf,229520,,REQUEST_BYTES_OR_EXPLICIT_NOT_FOUND
conv_9a4530fee647,5ee08357-1de0-4489-8ee8-6898763c64fa,user,u_1be4933ed4dd13e697,conv_9a4530fee647:msg_1,22998,【光电医美设备产品经理（产品+市场）_上海 14-22K】黎湘兰 6年.pdf,对话附件/【光电医美设备产品经理（产品+市场）_上海 14-22K】黎湘兰 6年.pdf,application/pdf,759650,,REQUEST_BYTES_OR_EXPLICIT_NOT_FOUND
conv_9a4530fee647,5ee08357-1de0-4489-8ee8-6898763c64fa,user,u_1be4933ed4dd13e697,conv_9a4530fee647:msg_1,22998,【光电医美设备产品经理（产品+市场）_上海 14-22K】张先生 8年.pdf,对话附件/【光电医美设备产品经理（产品+市场）_上海 14-22K】张先生 8年.pdf,application/pdf,229520,,REQUEST_BYTES_OR_EXPLICIT_NOT_FOUND
conv_f9a02361c038,86b4712b-d230-45a7-9959-2124a30c37fd,user,u_462405983348d00d69,conv_f9a02361c038:msg_1,23060,南京深眸智算科技有限公司简介(1).pptx,个人知识库/南京深眸智算科技有限公司简介(1).pptx,text/plain,94041053,,REQUEST_BYTES_OR_EXPLICIT_NOT_FOUND
conv_f9a02361c038,86b4712b-d230-45a7-9959-2124a30c37fd,user,u_5c64a67cc0d71d4b5a,conv_f9a02361c038:f9994c84,23084,显微精准磁刺激智能闭环治疗系统-成果转化案例.pptx,个人知识库/显微精准磁刺激智能闭环治疗系统-成果转化案例.pptx,text/plain,9630185,,REQUEST_BYTES_OR_EXPLICIT_NOT_FOUND
conv_f9a02361c038,86b4712b-d230-45a7-9959-2124a30c37fd,user,u_2098f115f6cf763862,conv_f9a02361c038:msg_27,23085,显微精准磁刺激智能闭环治疗系统-成果转化案例.pptx,个人知识库/显微精准磁刺激智能闭环治疗系统-成果转化案例.pptx,text/plain,9630185,,REQUEST_BYTES_OR_EXPLICIT_NOT_FOUND
conv_f9a02361c038,86b4712b-d230-45a7-9959-2124a30c37fd,user,u_47cf6f42b2e10c480e,1526f011-80dc-48fd-89c3-e297e19b2569,23151,江苏旭一科技项目20260620.pptx,个人知识库/江苏旭一科技项目20260620.pptx,text/plain,25735351,,REQUEST_BYTES_OR_EXPLICIT_NOT_FOUND
conv_f9a02361c038,86b4712b-d230-45a7-9959-2124a30c37fd,user,u_93d179fecb9b8eb577,9b7d4c74-ed53-4dec-bb15-60565ebe2958,23156,纳米机器人创新药物平台技术产业化项目商业计划书 -20260620-南京师范大学 毛春.pptx,个人知识库/纳米机器人创新药物平台技术产业化项目商业计划书 -20260620-南京师范大学 毛春.pptx,text/plain,10153404,,REQUEST_BYTES_OR_EXPLICIT_NOT_FOUND
conv_f9a02361c038,86b4712b-d230-45a7-9959-2124a30c37fd,user,u_0a6bb310ce61595b98,f0744b9f-002c-4ac5-a2d1-624c77558d6f,23169,5.南师大王兆寅.pptx,个人知识库/5.南师大王兆寅.pptx,text/plain,259278,,REQUEST_BYTES_OR_EXPLICIT_NOT_FOUND
conv_3dd6155f18fc,b37ceae7-21e7-4f6e-a02a-57dfac4b0fe6,user,u_7e7901eb014302959e,conv_3dd6155f18fc:6a2d8016,23381,8fccb981-273a-4123-908c-41514e5241f3.png,对话附件/8fccb981-273a-4123-908c-41514e5241f3.png,image/png,12659,,REQUEST_BYTES_OR_EXPLICIT_NOT_FOUND
conv_3dd6155f18fc,b37ceae7-21e7-4f6e-a02a-57dfac4b0fe6,user,u_7e7901eb014302959e,conv_3dd6155f18fc:6a2d8016,23381,e91c055c-84c5-4c54-8812-6ff4be859782.png,对话附件/e91c055c-84c5-4c54-8812-6ff4be859782.png,image/png,13222,,REQUEST_BYTES_OR_EXPLICIT_NOT_FOUND
conv_3dd6155f18fc,b37ceae7-21e7-4f6e-a02a-57dfac4b0fe6,user,u_7e7901eb014302959e,conv_3dd6155f18fc:6a2d8016,23381,f8dba456-5bc1-4770-9b6c-46582c1236eb.png,对话附件/f8dba456-5bc1-4770-9b6c-46582c1236eb.png,image/png,64544,,REQUEST_BYTES_OR_EXPLICIT_NOT_FOUND
conv_3dd6155f18fc,b37ceae7-21e7-4f6e-a02a-57dfac4b0fe6,user,u_7e7901eb014302959e,conv_3dd6155f18fc:6a2d8016,23381,52173cf2-0bca-46a1-be81-c32fda8ae00b.png,对话附件/52173cf2-0bca-46a1-be81-c32fda8ae00b.png,image/png,78656,,REQUEST_BYTES_OR_EXPLICIT_NOT_FOUND
conv_3dd6155f18fc,b37ceae7-21e7-4f6e-a02a-57dfac4b0fe6,user,u_3f4ead0351190b0e24,conv_3dd6155f18fc:msg_107,23498,***HEX***.png,对话附件/***HEX***.png,image/png,76222,,REQUEST_BYTES_OR_EXPLICIT_NOT_FOUND
conv_3dd6155f18fc,b37ceae7-21e7-4f6e-a02a-57dfac4b0fe6,user,u_3f4ead0351190b0e24,conv_3dd6155f18fc:283d36f1,23542,***HEX***.png,对话附件/***HEX***.png,image/png,76222,,REQUEST_BYTES_OR_EXPLICIT_NOT_FOUND
conv_3dd6155f18fc,b37ceae7-21e7-4f6e-a02a-57dfac4b0fe6,user,u_3f4ead0351190b0e24,conv_3dd6155f18fc:msg_74,23544,***HEX***.png,对话附件/***HEX***.png,image/png,76222,,REQUEST_BYTES_OR_EXPLICIT_NOT_FOUND
conv_3dd6155f18fc,b37ceae7-21e7-4f6e-a02a-57dfac4b0fe6,user,u_de6cf2e5da9b079314,conv_3dd6155f18fc:msg_111,23502,dd74f68f-6412-4fdc-8c63-947b46b939d0.png,对话附件/dd74f68f-6412-4fdc-8c63-947b46b939d0.png,image/png,12338,,REQUEST_BYTES_OR_EXPLICIT_NOT_FOUND
conv_3dd6155f18fc,b37ceae7-21e7-4f6e-a02a-57dfac4b0fe6,user,u_de6cf2e5da9b079314,conv_3dd6155f18fc:msg_111,23502,661fe988-38c3-4706-9b74-3ca0144009ff.png,对话附件/661fe988-38c3-4706-9b74-3ca0144009ff.png,image/png,13962,,REQUEST_BYTES_OR_EXPLICIT_NOT_FOUND
conv_3dd6155f18fc,b37ceae7-21e7-4f6e-a02a-57dfac4b0fe6,user,u_de6cf2e5da9b079314,conv_3dd6155f18fc:msg_111,23502,a4dfee86-ff83-41e1-824a-cc2ae22c695b.png,对话附件/a4dfee86-ff83-41e1-824a-cc2ae22c695b.png,image/png,40280,,REQUEST_BYTES_OR_EXPLICIT_NOT_FOUND
conv_3dd6155f18fc,b37ceae7-21e7-4f6e-a02a-57dfac4b0fe6,user,u_de6cf2e5da9b079314,conv_3dd6155f18fc:msg_111,23502,1e5cf899-193c-44d5-b434-08bc23a27470.png,对话附件/1e5cf899-193c-44d5-b434-08bc23a27470.png,image/png,90748,,REQUEST_BYTES_OR_EXPLICIT_NOT_FOUND
conv_3dd6155f18fc,b37ceae7-21e7-4f6e-a02a-57dfac4b0fe6,user,u_de6cf2e5da9b079314,conv_3dd6155f18fc:b49348a1,26145,dd74f68f-6412-4fdc-8c63-947b46b939d0.png,对话附件/dd74f68f-6412-4fdc-8c63-947b46b939d0.png,image/png,12338,,REQUEST_BYTES_OR_EXPLICIT_NOT_FOUND
conv_3dd6155f18fc,b37ceae7-21e7-4f6e-a02a-57dfac4b0fe6,user,u_de6cf2e5da9b079314,conv_3dd6155f18fc:b49348a1,26145,661fe988-38c3-4706-9b74-3ca0144009ff.png,对话附件/661fe988-38c3-4706-9b74-3ca0144009ff.png,image/png,13962,,REQUEST_BYTES_OR_EXPLICIT_NOT_FOUND
conv_3dd6155f18fc,b37ceae7-21e7-4f6e-a02a-57dfac4b0fe6,user,u_de6cf2e5da9b079314,conv_3dd6155f18fc:b49348a1,26145,a4dfee86-ff83-41e1-824a-cc2ae22c695b.png,对话附件/a4dfee86-ff83-41e1-824a-cc2ae22c695b.png,image/png,40280,,REQUEST_BYTES_OR_EXPLICIT_NOT_FOUND
conv_3dd6155f18fc,b37ceae7-21e7-4f6e-a02a-57dfac4b0fe6,user,u_de6cf2e5da9b079314,conv_3dd6155f18fc:b49348a1,26145,1e5cf899-193c-44d5-b434-08bc23a27470.png,对话附件/1e5cf899-193c-44d5-b434-08bc23a27470.png,image/png,90748,,REQUEST_BYTES_OR_EXPLICIT_NOT_FOUND
conv_3dd6155f18fc,b37ceae7-21e7-4f6e-a02a-57dfac4b0fe6,user,u_86901d49b82178441f,conv_3dd6155f18fc:msg_129,23514,***HEX*** (2).png,对话附件/***HEX*** (2).png,image/png,76222,,REQUEST_BYTES_OR_EXPLICIT_NOT_FOUND
conv_3dd6155f18fc,b37ceae7-21e7-4f6e-a02a-57dfac4b0fe6,user,u_86901d49b82178441f,conv_3dd6155f18fc:42aeb740,23567,***HEX*** (2).png,对话附件/***HEX*** (2).png,image/png,76222,,REQUEST_BYTES_OR_EXPLICIT_NOT_FOUND
conv_3dd6155f18fc,b37ceae7-21e7-4f6e-a02a-57dfac4b0fe6,user,u_86901d49b82178441f,conv_3dd6155f18fc:msg_96,23569,***HEX*** (2).png,对话附件/***HEX*** (2).png,image/png,76222,,REQUEST_BYTES_OR_EXPLICIT_NOT_FOUND
conv_3dd6155f18fc,b37ceae7-21e7-4f6e-a02a-57dfac4b0fe6,user,u_190e61f783c8154221,conv_3dd6155f18fc:msg_146,23529,dd74f68f-6412-4fdc-8c63-947b46b939d0.png,对话附件/dd74f68f-6412-4fdc-8c63-947b46b939d0.png,image/png,12338,,REQUEST_BYTES_OR_EXPLICIT_NOT_FOUND
conv_3dd6155f18fc,b37ceae7-21e7-4f6e-a02a-57dfac4b0fe6,user,u_190e61f783c8154221,conv_3dd6155f18fc:msg_146,23529,661fe988-38c3-4706-9b74-3ca0144009ff.png,对话附件/661fe988-38c3-4706-9b74-3ca0144009ff.png,image/png,13962,,REQUEST_BYTES_OR_EXPLICIT_NOT_FOUND
conv_3dd6155f18fc,b37ceae7-21e7-4f6e-a02a-57dfac4b0fe6,user,u_190e61f783c8154221,conv_3dd6155f18fc:msg_146,23529,a4dfee86-ff83-41e1-824a-cc2ae22c695b.png,对话附件/a4dfee86-ff83-41e1-824a-cc2ae22c695b.png,image/png,40280,,REQUEST_BYTES_OR_EXPLICIT_NOT_FOUND
conv_3dd6155f18fc,b37ceae7-21e7-4f6e-a02a-57dfac4b0fe6,user,u_190e61f783c8154221,conv_3dd6155f18fc:msg_146,23529,1e5cf899-193c-44d5-b434-08bc23a27470.png,对话附件/1e5cf899-193c-44d5-b434-08bc23a27470.png,image/png,90748,,REQUEST_BYTES_OR_EXPLICIT_NOT_FOUND
conv_3dd6155f18fc,b37ceae7-21e7-4f6e-a02a-57dfac4b0fe6,user,u_190e61f783c8154221,conv_3dd6155f18fc:be89f926,26164,dd74f68f-6412-4fdc-8c63-947b46b939d0.png,对话附件/dd74f68f-6412-4fdc-8c63-947b46b939d0.png,image/png,12338,,REQUEST_BYTES_OR_EXPLICIT_NOT_FOUND
conv_3dd6155f18fc,b37ceae7-21e7-4f6e-a02a-57dfac4b0fe6,user,u_190e61f783c8154221,conv_3dd6155f18fc:be89f926,26164,661fe988-38c3-4706-9b74-3ca0144009ff.png,对话附件/661fe988-38c3-4706-9b74-3ca0144009ff.png,image/png,13962,,REQUEST_BYTES_OR_EXPLICIT_NOT_FOUND
conv_3dd6155f18fc,b37ceae7-21e7-4f6e-a02a-57dfac4b0fe6,user,u_190e61f783c8154221,conv_3dd6155f18fc:be89f926,26164,a4dfee86-ff83-41e1-824a-cc2ae22c695b.png,对话附件/a4dfee86-ff83-41e1-824a-cc2ae22c695b.png,image/png,40280,,REQUEST_BYTES_OR_EXPLICIT_NOT_FOUND
conv_3dd6155f18fc,b37ceae7-21e7-4f6e-a02a-57dfac4b0fe6,user,u_190e61f783c8154221,conv_3dd6155f18fc:be89f926,26164,1e5cf899-193c-44d5-b434-08bc23a27470.png,对话附件/1e5cf899-193c-44d5-b434-08bc23a27470.png,image/png,90748,,REQUEST_BYTES_OR_EXPLICIT_NOT_FOUND
conv_3dd6155f18fc,b37ceae7-21e7-4f6e-a02a-57dfac4b0fe6,user,u_82cd8b1068cb4345d9,conv_3dd6155f18fc:msg_168,23551,2e60fa6d-93b4-43a4-aab2-2702754c7ab2.png,对话附件/2e60fa6d-93b4-43a4-aab2-2702754c7ab2.png,image/png,7720,,REQUEST_BYTES_OR_EXPLICIT_NOT_FOUND
conv_3dd6155f18fc,b37ceae7-21e7-4f6e-a02a-57dfac4b0fe6,user,u_82cd8b1068cb4345d9,conv_3dd6155f18fc:msg_168,23551,97a99750-07ae-48f6-a958-570fbb057f4d.png,对话附件/97a99750-07ae-48f6-a958-570fbb057f4d.png,image/png,15425,,REQUEST_BYTES_OR_EXPLICIT_NOT_FOUND
conv_3dd6155f18fc,b37ceae7-21e7-4f6e-a02a-57dfac4b0fe6,user,u_82cd8b1068cb4345d9,conv_3dd6155f18fc:msg_168,23551,2ad04413-4664-4e7c-8c32-fc0a77075c65.png,对话附件/2ad04413-4664-4e7c-8c32-fc0a77075c65.png,image/png,8323,,REQUEST_BYTES_OR_EXPLICIT_NOT_FOUND
conv_3dd6155f18fc,b37ceae7-21e7-4f6e-a02a-57dfac4b0fe6,user,u_82cd8b1068cb4345d9,conv_3dd6155f18fc:msg_168,23551,7a78ddff-666d-4a18-8ff0-4d6b3bb50821.png,对话附件/7a78ddff-666d-4a18-8ff0-4d6b3bb50821.png,image/png,54999,,REQUEST_BYTES_OR_EXPLICIT_NOT_FOUND
conv_3dd6155f18fc,b37ceae7-21e7-4f6e-a02a-57dfac4b0fe6,user,u_82cd8b1068cb4345d9,conv_3dd6155f18fc:3d5b9d84,29193,2e60fa6d-93b4-43a4-aab2-2702754c7ab2.png,对话附件/2e60fa6d-93b4-43a4-aab2-2702754c7ab2.png,image/png,7720,,REQUEST_BYTES_OR_EXPLICIT_NOT_FOUND
conv_3dd6155f18fc,b37ceae7-21e7-4f6e-a02a-57dfac4b0fe6,user,u_82cd8b1068cb4345d9,conv_3dd6155f18fc:3d5b9d84,29193,97a99750-07ae-48f6-a958-570fbb057f4d.png,对话附件/97a99750-07ae-48f6-a958-570fbb057f4d.png,image/png,15425,,REQUEST_BYTES_OR_EXPLICIT_NOT_FOUND
conv_3dd6155f18fc,b37ceae7-21e7-4f6e-a02a-57dfac4b0fe6,user,u_82cd8b1068cb4345d9,conv_3dd6155f18fc:3d5b9d84,29193,2ad04413-4664-4e7c-8c32-fc0a77075c65.png,对话附件/2ad04413-4664-4e7c-8c32-fc0a77075c65.png,image/png,8323,,REQUEST_BYTES_OR_EXPLICIT_NOT_FOUND
conv_3dd6155f18fc,b37ceae7-21e7-4f6e-a02a-57dfac4b0fe6,user,u_82cd8b1068cb4345d9,conv_3dd6155f18fc:3d5b9d84,29193,7a78ddff-666d-4a18-8ff0-4d6b3bb50821.png,对话附件/7a78ddff-666d-4a18-8ff0-4d6b3bb50821.png,image/png,54999,,REQUEST_BYTES_OR_EXPLICIT_NOT_FOUND
conv_3dd6155f18fc,b37ceae7-21e7-4f6e-a02a-57dfac4b0fe6,user,u_bfb8e860b68e15b32c,conv_3dd6155f18fc:msg_187,23568,***HEX***.png,对话附件/***HEX***.png,image/png,47415,,REQUEST_BYTES_OR_EXPLICIT_NOT_FOUND
conv_3dd6155f18fc,b37ceae7-21e7-4f6e-a02a-57dfac4b0fe6,user,u_bfb8e860b68e15b32c,conv_3dd6155f18fc:66c0ed70,29206,***HEX***.png,对话附件/***HEX***.png,image/png,47415,,REQUEST_BYTES_OR_EXPLICIT_NOT_FOUND
conv_3dd6155f18fc,b37ceae7-21e7-4f6e-a02a-57dfac4b0fe6,user,u_0ef04253188ea985b9,conv_3dd6155f18fc:msg_148,26147,image (6).png,对话附件/image (6).png,image/png,66530,,REQUEST_BYTES_OR_EXPLICIT_NOT_FOUND
conv_3dd6155f18fc,b37ceae7-21e7-4f6e-a02a-57dfac4b0fe6,user,u_0ef04253188ea985b9,conv_3dd6155f18fc:be10859c,26167,image (6).png,对话附件/image (6).png,image/png,66530,,REQUEST_BYTES_OR_EXPLICIT_NOT_FOUND
conv_3dd6155f18fc,b37ceae7-21e7-4f6e-a02a-57dfac4b0fe6,user,u_240160fe9df7f21c76,conv_3dd6155f18fc:8274c729,29196,2e60fa6d-93b4-43a4-aab2-2702754c7ab2 (2).png,对话附件/2e60fa6d-93b4-43a4-aab2-2702754c7ab2 (2).png,image/png,7720,,REQUEST_BYTES_OR_EXPLICIT_NOT_FOUND
conv_3dd6155f18fc,b37ceae7-21e7-4f6e-a02a-57dfac4b0fe6,user,u_240160fe9df7f21c76,conv_3dd6155f18fc:8274c729,29196,97a99750-07ae-48f6-a958-570fbb057f4d (2).png,对话附件/97a99750-07ae-48f6-a958-570fbb057f4d (2).png,image/png,15425,,REQUEST_BYTES_OR_EXPLICIT_NOT_FOUND
conv_3dd6155f18fc,b37ceae7-21e7-4f6e-a02a-57dfac4b0fe6,user,u_240160fe9df7f21c76,conv_3dd6155f18fc:8274c729,29196,2ad04413-4664-4e7c-8c32-fc0a77075c65 (2).png,对话附件/2ad04413-4664-4e7c-8c32-fc0a77075c65 (2).png,image/png,8323,,REQUEST_BYTES_OR_EXPLICIT_NOT_FOUND
conv_3dd6155f18fc,b37ceae7-21e7-4f6e-a02a-57dfac4b0fe6,user,u_240160fe9df7f21c76,conv_3dd6155f18fc:8274c729,29196,7a78ddff-666d-4a18-8ff0-4d6b3bb50821 (2).png,对话附件/7a78ddff-666d-4a18-8ff0-4d6b3bb50821 (2).png,image/png,54999,,REQUEST_BYTES_OR_EXPLICIT_NOT_FOUND
conv_3dd6155f18fc,b37ceae7-21e7-4f6e-a02a-57dfac4b0fe6,user,u_240160fe9df7f21c76,conv_3dd6155f18fc:msg_170,29197,2e60fa6d-93b4-43a4-aab2-2702754c7ab2 (2).png,对话附件/2e60fa6d-93b4-43a4-aab2-2702754c7ab2 (2).png,image/png,7720,,REQUEST_BYTES_OR_EXPLICIT_NOT_FOUND
conv_3dd6155f18fc,b37ceae7-21e7-4f6e-a02a-57dfac4b0fe6,user,u_240160fe9df7f21c76,conv_3dd6155f18fc:msg_170,29197,97a99750-07ae-48f6-a958-570fbb057f4d (2).png,对话附件/97a99750-07ae-48f6-a958-570fbb057f4d (2).png,image/png,15425,,REQUEST_BYTES_OR_EXPLICIT_NOT_FOUND
conv_3dd6155f18fc,b37ceae7-21e7-4f6e-a02a-57dfac4b0fe6,user,u_240160fe9df7f21c76,conv_3dd6155f18fc:msg_170,29197,2ad04413-4664-4e7c-8c32-fc0a77075c65 (2).png,对话附件/2ad04413-4664-4e7c-8c32-fc0a77075c65 (2).png,image/png,8323,,REQUEST_BYTES_OR_EXPLICIT_NOT_FOUND
conv_3dd6155f18fc,b37ceae7-21e7-4f6e-a02a-57dfac4b0fe6,user,u_240160fe9df7f21c76,conv_3dd6155f18fc:msg_170,29197,7a78ddff-666d-4a18-8ff0-4d6b3bb50821 (2).png,对话附件/7a78ddff-666d-4a18-8ff0-4d6b3bb50821 (2).png,image/png,54999,,REQUEST_BYTES_OR_EXPLICIT_NOT_FOUND
conv_3dd6155f18fc,b37ceae7-21e7-4f6e-a02a-57dfac4b0fe6,user,u_6bd428cd3051984758,conv_3dd6155f18fc:7794715f,37232,5e1fe24c-04cf-46d7-82eb-36dd79352463.png,对话附件/5e1fe24c-04cf-46d7-82eb-36dd79352463.png,image/png,7771,,REQUEST_BYTES_OR_EXPLICIT_NOT_FOUND
conv_3dd6155f18fc,b37ceae7-21e7-4f6e-a02a-57dfac4b0fe6,user,u_6bd428cd3051984758,conv_3dd6155f18fc:7794715f,37232,0be89252-e3ab-4167-b2bf-35ae43b15f40.png,对话附件/0be89252-e3ab-4167-b2bf-35ae43b15f40.png,image/png,23839,,REQUEST_BYTES_OR_EXPLICIT_NOT_FOUND
conv_3dd6155f18fc,b37ceae7-21e7-4f6e-a02a-57dfac4b0fe6,user,u_6bd428cd3051984758,conv_3dd6155f18fc:7794715f,37232,beb68d2c-4788-46a3-8a29-2538f3f4d65e.png,对话附件/beb68d2c-4788-46a3-8a29-2538f3f4d65e.png,image/png,70458,,REQUEST_BYTES_OR_EXPLICIT_NOT_FOUND
conv_3dd6155f18fc,b37ceae7-21e7-4f6e-a02a-57dfac4b0fe6,user,u_9c7555b9e6cdb29b4d,conv_3dd6155f18fc:4c41e8e3,40813,3959cd15-f215-4f34-949b-d63ca054261b.png,对话附件/3959cd15-f215-4f34-949b-d63ca054261b.png,image/png,7566,,REQUEST_BYTES_OR_EXPLICIT_NOT_FOUND
conv_3dd6155f18fc,b37ceae7-21e7-4f6e-a02a-57dfac4b0fe6,user,u_9c7555b9e6cdb29b4d,conv_3dd6155f18fc:4c41e8e3,40813,20400131-ae84-4032-81c8-848808224fc7.png,对话附件/20400131-ae84-4032-81c8-848808224fc7.png,image/png,22778,,REQUEST_BYTES_OR_EXPLICIT_NOT_FOUND
conv_3dd6155f18fc,b37ceae7-21e7-4f6e-a02a-57dfac4b0fe6,user,u_9c7555b9e6cdb29b4d,conv_3dd6155f18fc:4c41e8e3,40813,40ec6eb3-1405-4475-b0da-256e38c1900c.png,对话附件/40ec6eb3-1405-4475-b0da-256e38c1900c.png,image/png,54554,,REQUEST_BYTES_OR_EXPLICIT_NOT_FOUND
conv_3dd6155f18fc,b37ceae7-21e7-4f6e-a02a-57dfac4b0fe6,user,u_3276b9f7479b3a3122,conv_3dd6155f18fc:04fb97f1,40828,d8c35e48-6a7b-4c56-b3b0-98fc935c218f.png,对话附件/d8c35e48-6a7b-4c56-b3b0-98fc935c218f.png,image/png,156016,,REQUEST_BYTES_OR_EXPLICIT_NOT_FOUND
conv_3dd6155f18fc,b37ceae7-21e7-4f6e-a02a-57dfac4b0fe6,user,u_3276b9f7479b3a3122,conv_3dd6155f18fc:04fb97f1,40828,5ce84478-bb9f-4267-9d6e-75ce3f3d41a1.png,对话附件/5ce84478-bb9f-4267-9d6e-75ce3f3d41a1.png,image/png,61749,,REQUEST_BYTES_OR_EXPLICIT_NOT_FOUND
conv_3dd6155f18fc,b37ceae7-21e7-4f6e-a02a-57dfac4b0fe6,assistant,a_bad2e5b1ea62ba75f8,conv_3dd6155f18fc:msg_1,23382,8fccb981-273a-4123-908c-41514e5241f3.png,对话附件/8fccb981-273a-4123-908c-41514e5241f3.png,image/png,12659,,REQUEST_BYTES_OR_EXPLICIT_NOT_FOUND
conv_3dd6155f18fc,b37ceae7-21e7-4f6e-a02a-57dfac4b0fe6,assistant,a_bad2e5b1ea62ba75f8,conv_3dd6155f18fc:msg_1,23382,e91c055c-84c5-4c54-8812-6ff4be859782.png,对话附件/e91c055c-84c5-4c54-8812-6ff4be859782.png,image/png,13222,,REQUEST_BYTES_OR_EXPLICIT_NOT_FOUND
conv_3dd6155f18fc,b37ceae7-21e7-4f6e-a02a-57dfac4b0fe6,assistant,a_bad2e5b1ea62ba75f8,conv_3dd6155f18fc:msg_1,23382,f8dba456-5bc1-4770-9b6c-46582c1236eb.png,对话附件/f8dba456-5bc1-4770-9b6c-46582c1236eb.png,image/png,64544,,REQUEST_BYTES_OR_EXPLICIT_NOT_FOUND
conv_3dd6155f18fc,b37ceae7-21e7-4f6e-a02a-57dfac4b0fe6,assistant,a_bad2e5b1ea62ba75f8,conv_3dd6155f18fc:msg_1,23382,52173cf2-0bca-46a1-be81-c32fda8ae00b.png,对话附件/52173cf2-0bca-46a1-be81-c32fda8ae00b.png,image/png,78656,,REQUEST_BYTES_OR_EXPLICIT_NOT_FOUND
conv_3dd6155f18fc,b37ceae7-21e7-4f6e-a02a-57dfac4b0fe6,assistant,a_9bbe9684860d6ac0a9,conv_3dd6155f18fc:msg_109,23500,***HEX***.png,对话附件/***HEX***.png,image/png,76222,,REQUEST_BYTES_OR_EXPLICIT_NOT_FOUND
conv_3dd6155f18fc,b37ceae7-21e7-4f6e-a02a-57dfac4b0fe6,assistant,a_25d859b9dbe4ea9586,conv_3dd6155f18fc:msg_165,23543,***HEX***.png,对话附件/***HEX***.png,image/png,76222,,REQUEST_BYTES_OR_EXPLICIT_NOT_FOUND
conv_aac2202c868c,b7cf8bab-99fd-472a-977c-a37c7f833148,user,u_a3cf8091d579dee378,conv_aac2202c868c:msg_5,23585,image (5).png,对话附件/image (5).png,image/png,205532,,REQUEST_BYTES_OR_EXPLICIT_NOT_FOUND
conv_aac2202c868c,b7cf8bab-99fd-472a-977c-a37c7f833148,user,u_a3cf8091d579dee378,conv_aac2202c868c:9292f5c2,28688,image (5).png,对话附件/image (5).png,image/png,205532,,REQUEST_BYTES_OR_EXPLICIT_NOT_FOUND
conv_aac2202c868c,b7cf8bab-99fd-472a-977c-a37c7f833148,user,u_79a3251c94aaf10f2a,conv_aac2202c868c:msg_7,23588,image (5).png,对话附件/image (5).png,image/png,205532,,REQUEST_BYTES_OR_EXPLICIT_NOT_FOUND
conv_aac2202c868c,b7cf8bab-99fd-472a-977c-a37c7f833148,user,u_79a3251c94aaf10f2a,conv_aac2202c868c:1897db39,28690,image (5).png,对话附件/image (5).png,image/png,205532,,REQUEST_BYTES_OR_EXPLICIT_NOT_FOUND
conv_aac2202c868c,b7cf8bab-99fd-472a-977c-a37c7f833148,user,u_4893bdb0beb82c05a8,conv_aac2202c868c:msg_23,28137,***HEX***.png,个人知识库/***HEX***.png,image/png,66355833,,REQUEST_BYTES_OR_EXPLICIT_NOT_FOUND
conv_aac2202c868c,b7cf8bab-99fd-472a-977c-a37c7f833148,user,u_4893bdb0beb82c05a8,conv_aac2202c868c:abfe2391,28723,***HEX***.png,个人知识库/***HEX***.png,image/png,66355833,,REQUEST_BYTES_OR_EXPLICIT_NOT_FOUND
conv_aac2202c868c,b7cf8bab-99fd-472a-977c-a37c7f833148,user,u_b99d2d48ee9a4d7e8b,conv_aac2202c868c:msg_29,28519,***HEX***.png,个人知识库/***HEX***.png,image/png,66355833,,REQUEST_BYTES_OR_EXPLICIT_NOT_FOUND
conv_aac2202c868c,b7cf8bab-99fd-472a-977c-a37c7f833148,user,u_b99d2d48ee9a4d7e8b,conv_aac2202c868c:3ac6f1f1,28750,***HEX***.png,个人知识库/***HEX***.png,image/png,66355833,,REQUEST_BYTES_OR_EXPLICIT_NOT_FOUND
conv_aac2202c868c,b7cf8bab-99fd-472a-977c-a37c7f833148,user,u_5f609d39de784b630d,conv_aac2202c868c:msg_35,28521,***HEX***.png,个人知识库/***HEX***.png,image/png,66355833,,REQUEST_BYTES_OR_EXPLICIT_NOT_FOUND
conv_aac2202c868c,b7cf8bab-99fd-472a-977c-a37c7f833148,user,u_5f609d39de784b630d,conv_aac2202c868c:msg_35,28521,***HEX***.png,对话附件/***HEX***.png,image/png,196400,,REQUEST_BYTES_OR_EXPLICIT_NOT_FOUND
conv_aac2202c868c,b7cf8bab-99fd-472a-977c-a37c7f833148,user,u_5f609d39de784b630d,conv_aac2202c868c:b16fa4d6,28770,***HEX***.png,个人知识库/***HEX***.png,image/png,66355833,,REQUEST_BYTES_OR_EXPLICIT_NOT_FOUND
conv_aac2202c868c,b7cf8bab-99fd-472a-977c-a37c7f833148,user,u_5f609d39de784b630d,conv_aac2202c868c:b16fa4d6,28770,***HEX***.png,对话附件/***HEX***.png,image/png,196400,,REQUEST_BYTES_OR_EXPLICIT_NOT_FOUND
conv_aac2202c868c,b7cf8bab-99fd-472a-977c-a37c7f833148,user,u_4bed6b350672cdfcd9,conv_aac2202c868c:msg_37,28522,***HEX***.png,个人知识库/***HEX***.png,image/png,66355833,,REQUEST_BYTES_OR_EXPLICIT_NOT_FOUND
conv_aac2202c868c,b7cf8bab-99fd-472a-977c-a37c7f833148,user,u_4bed6b350672cdfcd9,conv_aac2202c868c:msg_37,28522,***HEX***.png,对话附件/***HEX***.png,image/png,196400,,REQUEST_BYTES_OR_EXPLICIT_NOT_FOUND
conv_aac2202c868c,b7cf8bab-99fd-472a-977c-a37c7f833148,user,u_4bed6b350672cdfcd9,conv_aac2202c868c:06e25f36,28772,***HEX***.png,个人知识库/***HEX***.png,image/png,66355833,,REQUEST_BYTES_OR_EXPLICIT_NOT_FOUND
conv_aac2202c868c,b7cf8bab-99fd-472a-977c-a37c7f833148,user,u_4bed6b350672cdfcd9,conv_aac2202c868c:06e25f36,28772,***HEX***.png,对话附件/***HEX***.png,image/png,196400,,REQUEST_BYTES_OR_EXPLICIT_NOT_FOUND
conv_aac2202c868c,b7cf8bab-99fd-472a-977c-a37c7f833148,user,u_f9e013b9483242303d,conv_aac2202c868c:msg_39,28523,***HEX***.png,个人知识库/***HEX***.png,image/png,66355833,,REQUEST_BYTES_OR_EXPLICIT_NOT_FOUND
conv_aac2202c868c,b7cf8bab-99fd-472a-977c-a37c7f833148,user,u_f9e013b9483242303d,conv_aac2202c868c:msg_39,28523,***HEX***.png,对话附件/***HEX***.png,image/png,196400,,REQUEST_BYTES_OR_EXPLICIT_NOT_FOUND
conv_aac2202c868c,b7cf8bab-99fd-472a-977c-a37c7f833148,user,u_f9e013b9483242303d,conv_aac2202c868c:0d6a98a5,28774,***HEX***.png,个人知识库/***HEX***.png,image/png,66355833,,REQUEST_BYTES_OR_EXPLICIT_NOT_FOUND
conv_aac2202c868c,b7cf8bab-99fd-472a-977c-a37c7f833148,user,u_f9e013b9483242303d,conv_aac2202c868c:0d6a98a5,28774,***HEX***.png,对话附件/***HEX***.png,image/png,196400,,REQUEST_BYTES_OR_EXPLICIT_NOT_FOUND
conv_aac2202c868c,b7cf8bab-99fd-472a-977c-a37c7f833148,user,u_ab7292fce46d1d30c9,conv_aac2202c868c:msg_41,28524,***HEX***.png,个人知识库/***HEX***.png,image/png,66355833,,REQUEST_BYTES_OR_EXPLICIT_NOT_FOUND
conv_aac2202c868c,b7cf8bab-99fd-472a-977c-a37c7f833148,user,u_ab7292fce46d1d30c9,conv_aac2202c868c:9c83b518,28776,***HEX***.png,个人知识库/***HEX***.png,image/png,66355833,,REQUEST_BYTES_OR_EXPLICIT_NOT_FOUND
conv_aac2202c868c,b7cf8bab-99fd-472a-977c-a37c7f833148,user,u_5a1b64a1368ce18644,conv_aac2202c868c:msg_43,28525,***HEX***.png,个人知识库/***HEX***.png,image/png,66355833,,REQUEST_BYTES_OR_EXPLICIT_NOT_FOUND
conv_aac2202c868c,b7cf8bab-99fd-472a-977c-a37c7f833148,user,u_5a1b64a1368ce18644,conv_aac2202c868c:msg_43,28525,***HEX***.png,对话附件/***HEX***.png,image/png,196400,,REQUEST_BYTES_OR_EXPLICIT_NOT_FOUND
conv_aac2202c868c,b7cf8bab-99fd-472a-977c-a37c7f833148,user,u_5a1b64a1368ce18644,conv_aac2202c868c:80d24184,28778,***HEX***.png,个人知识库/***HEX***.png,image/png,66355833,,REQUEST_BYTES_OR_EXPLICIT_NOT_FOUND
conv_aac2202c868c,b7cf8bab-99fd-472a-977c-a37c7f833148,user,u_5a1b64a1368ce18644,conv_aac2202c868c:80d24184,28778,***HEX***.png,对话附件/***HEX***.png,image/png,196400,,REQUEST_BYTES_OR_EXPLICIT_NOT_FOUND
conv_aac2202c868c,b7cf8bab-99fd-472a-977c-a37c7f833148,user,u_cd4c1781537086a302,conv_aac2202c868c:msg_45,28527,***HEX***.png,个人知识库/***HEX***.png,image/png,66355833,,REQUEST_BYTES_OR_EXPLICIT_NOT_FOUND
conv_aac2202c868c,b7cf8bab-99fd-472a-977c-a37c7f833148,user,u_cd4c1781537086a302,conv_aac2202c868c:msg_45,28527,***HEX***.png,对话附件/***HEX***.png,image/png,196400,,REQUEST_BYTES_OR_EXPLICIT_NOT_FOUND
conv_aac2202c868c,b7cf8bab-99fd-472a-977c-a37c7f833148,user,u_cd4c1781537086a302,conv_aac2202c868c:926a950b,28780,***HEX***.png,个人知识库/***HEX***.png,image/png,66355833,,REQUEST_BYTES_OR_EXPLICIT_NOT_FOUND
conv_aac2202c868c,b7cf8bab-99fd-472a-977c-a37c7f833148,user,u_cd4c1781537086a302,conv_aac2202c868c:926a950b,28780,***HEX***.png,对话附件/***HEX***.png,image/png,196400,,REQUEST_BYTES_OR_EXPLICIT_NOT_FOUND
conv_aac2202c868c,b7cf8bab-99fd-472a-977c-a37c7f833148,user,u_7e37e231db23e89963,conv_aac2202c868c:msg_47,28528,image (5).png,对话附件/image (5).png,image/png,205532,,REQUEST_BYTES_OR_EXPLICIT_NOT_FOUND
conv_aac2202c868c,b7cf8bab-99fd-472a-977c-a37c7f833148,user,u_7e37e231db23e89963,conv_aac2202c868c:64b6823c,28782,image (5).png,对话附件/image (5).png,image/png,205532,,REQUEST_BYTES_OR_EXPLICIT_NOT_FOUND
conv_aac2202c868c,b7cf8bab-99fd-472a-977c-a37c7f833148,user,u_1018bec41a3378f310,conv_aac2202c868c:msg_55,28530,***HEX***.png,对话附件/***HEX***.png,image/png,6185391,,REQUEST_BYTES_OR_EXPLICIT_NOT_FOUND
conv_aac2202c868c,b7cf8bab-99fd-472a-977c-a37c7f833148,user,u_1018bec41a3378f310,conv_aac2202c868c:msg_55,28530,***HEX***.png,个人知识库/***HEX***.png,image/png,66355833,,REQUEST_BYTES_OR_EXPLICIT_NOT_FOUND
conv_aac2202c868c,b7cf8bab-99fd-472a-977c-a37c7f833148,user,u_1018bec41a3378f310,conv_aac2202c868c:c3f993db,28787,***HEX***.png,对话附件/***HEX***.png,image/png,6185391,,REQUEST_BYTES_OR_EXPLICIT_NOT_FOUND
conv_aac2202c868c,b7cf8bab-99fd-472a-977c-a37c7f833148,user,u_1018bec41a3378f310,conv_aac2202c868c:c3f993db,28787,***HEX***.png,个人知识库/***HEX***.png,image/png,66355833,,REQUEST_BYTES_OR_EXPLICIT_NOT_FOUND
conv_aac2202c868c,b7cf8bab-99fd-472a-977c-a37c7f833148,user,u_2c897613f70b4ee9ed,conv_aac2202c868c:msg_81,28545,***HEX***.png,个人知识库/***HEX***.png,image/png,66355833,,REQUEST_BYTES_OR_EXPLICIT_NOT_FOUND
conv_aac2202c868c,b7cf8bab-99fd-472a-977c-a37c7f833148,user,u_2c897613f70b4ee9ed,conv_aac2202c868c:msg_81,28545,***HEX***.png,对话附件/***HEX***.png,image/png,196400,,REQUEST_BYTES_OR_EXPLICIT_NOT_FOUND
conv_aac2202c868c,b7cf8bab-99fd-472a-977c-a37c7f833148,user,u_2c897613f70b4ee9ed,conv_aac2202c868c:a0aad974,28942,***HEX***.png,个人知识库/***HEX***.png,image/png,66355833,,REQUEST_BYTES_OR_EXPLICIT_NOT_FOUND
conv_aac2202c868c,b7cf8bab-99fd-472a-977c-a37c7f833148,user,u_2c897613f70b4ee9ed,conv_aac2202c868c:a0aad974,28942,***HEX***.png,对话附件/***HEX***.png,image/png,196400,,REQUEST_BYTES_OR_EXPLICIT_NOT_FOUND
conv_aac2202c868c,b7cf8bab-99fd-472a-977c-a37c7f833148,user,u_b2eeda96d629883030,conv_aac2202c868c:msg_91,28551,image (5).png,对话附件/image (5).png,image/png,205532,,REQUEST_BYTES_OR_EXPLICIT_NOT_FOUND
conv_aac2202c868c,b7cf8bab-99fd-472a-977c-a37c7f833148,user,u_b2eeda96d629883030,conv_aac2202c868c:386d2910,28946,image (5).png,对话附件/image (5).png,image/png,205532,,REQUEST_BYTES_OR_EXPLICIT_NOT_FOUND
conv_aac2202c868c,b7cf8bab-99fd-472a-977c-a37c7f833148,user,u_51b08b2542313f51d4,318f1c69-f889-4212-9448-e07da45bbbcd,28552,xin 生智造ppt(2).pptx,xin 生智造ppt(2).pptx,text/plain,7628513,,REQUEST_BYTES_OR_EXPLICIT_NOT_FOUND
conv_aac2202c868c,b7cf8bab-99fd-472a-977c-a37c7f833148,user,u_5c8a414de575344a28,746da572-cdda-4750-b677-b0d3994f2216,28554,xin 生智造ppt(2).pptx,xin 生智造ppt(2).pptx,text/plain,7628513,,REQUEST_BYTES_OR_EXPLICIT_NOT_FOUND
conv_aac2202c868c,b7cf8bab-99fd-472a-977c-a37c7f833148,user,u_fae960dedce075e985,conv_aac2202c868c:msg_125,28580,image (5).png,对话附件/image (5).png,image/png,205532,,REQUEST_BYTES_OR_EXPLICIT_NOT_FOUND
conv_aac2202c868c,b7cf8bab-99fd-472a-977c-a37c7f833148,user,u_fae960dedce075e985,conv_aac2202c868c:938be335,29005,image (5).png,对话附件/image (5).png,image/png,205532,,REQUEST_BYTES_OR_EXPLICIT_NOT_FOUND
conv_aac2202c868c,b7cf8bab-99fd-472a-977c-a37c7f833148,user,u_12d196ceabb8bfa307,conv_aac2202c868c:msg_139,28588,image (5).png,对话附件/image (5).png,image/png,205532,,REQUEST_BYTES_OR_EXPLICIT_NOT_FOUND
conv_aac2202c868c,b7cf8bab-99fd-472a-977c-a37c7f833148,user,u_12d196ceabb8bfa307,conv_aac2202c868c:2cae5944,29009,image (5).png,对话附件/image (5).png,image/png,205532,,REQUEST_BYTES_OR_EXPLICIT_NOT_FOUND
conv_aac2202c868c,b7cf8bab-99fd-472a-977c-a37c7f833148,user,u_5366a34dd57c143fbc,conv_aac2202c868c:msg_143,28590,image (5).png,对话附件/image (5).png,image/png,205532,,REQUEST_BYTES_OR_EXPLICIT_NOT_FOUND
conv_aac2202c868c,b7cf8bab-99fd-472a-977c-a37c7f833148,user,u_5366a34dd57c143fbc,conv_aac2202c868c:cb7b2f98,29013,image (5).png,对话附件/image (5).png,image/png,205532,,REQUEST_BYTES_OR_EXPLICIT_NOT_FOUND
conv_aac2202c868c,b7cf8bab-99fd-472a-977c-a37c7f833148,user,u_7306906139a989d34f,conv_aac2202c868c:msg_155,28600,***HEX***.png,个人知识库/***HEX***.png,image/png,66355833,,REQUEST_BYTES_OR_EXPLICIT_NOT_FOUND
conv_aac2202c868c,b7cf8bab-99fd-472a-977c-a37c7f833148,user,u_7306906139a989d34f,conv_aac2202c868c:msg_155,28600,***HEX***.png,对话附件/***HEX***.png,image/png,196400,,REQUEST_BYTES_OR_EXPLICIT_NOT_FOUND
conv_aac2202c868c,b7cf8bab-99fd-472a-977c-a37c7f833148,user,u_7306906139a989d34f,conv_aac2202c868c:520dae83,29713,***HEX***.png,个人知识库/***HEX***.png,image/png,66355833,,REQUEST_BYTES_OR_EXPLICIT_NOT_FOUND
conv_aac2202c868c,b7cf8bab-99fd-472a-977c-a37c7f833148,user,u_7306906139a989d34f,conv_aac2202c868c:520dae83,29713,***HEX***.png,对话附件/***HEX***.png,image/png,196400,,REQUEST_BYTES_OR_EXPLICIT_NOT_FOUND
conv_aac2202c868c,b7cf8bab-99fd-472a-977c-a37c7f833148,user,u_d4a3bc1e4a6657d469,conv_aac2202c868c:msg_167,28612,image (5).png,对话附件/image (5).png,image/png,205532,,REQUEST_BYTES_OR_EXPLICIT_NOT_FOUND
conv_aac2202c868c,b7cf8bab-99fd-472a-977c-a37c7f833148,user,u_d4a3bc1e4a6657d469,conv_aac2202c868c:a8a2c235,29719,image (5).png,对话附件/image (5).png,image/png,205532,,REQUEST_BYTES_OR_EXPLICIT_NOT_FOUND
conv_aac2202c868c,b7cf8bab-99fd-472a-977c-a37c7f833148,user,u_f12a1fdb1521ece509,conv_aac2202c868c:msg_179,28623,image (6).png,对话附件/image (6).png,image/png,1323252,,REQUEST_BYTES_OR_EXPLICIT_NOT_FOUND
conv_aac2202c868c,b7cf8bab-99fd-472a-977c-a37c7f833148,user,u_f12a1fdb1521ece509,conv_aac2202c868c:bac4a07f,29723,image (6).png,对话附件/image (6).png,image/png,1323252,,REQUEST_BYTES_OR_EXPLICIT_NOT_FOUND
conv_aac2202c868c,b7cf8bab-99fd-472a-977c-a37c7f833148,assistant,a_a8dc0982179d163af3,conv_aac2202c868c:msg_19,28121,image (5).png,对话附件/image (5).png,image/png,205532,,REQUEST_BYTES_OR_EXPLICIT_NOT_FOUND
conv_58cbbc1e3d0a,b7cf8bab-99fd-472a-977c-a37c7f833148,user,u_7fb605081c17ab7c38,conv_58cbbc1e3d0a:cf1e18e8,23625,AI赋能青少年数字素养提升赛事项目合作讨论-2026年08月10日-来自【得到大脑】.md,个人知识库/AI数字素养活动/AI赋能青少年数字素养提升赛事项目合作讨论-2026年08月10日-来自【得到大脑】.md,text/markdown,218065,,REQUEST_BYTES_OR_EXPLICIT_NOT_FOUND
conv_58cbbc1e3d0a,b7cf8bab-99fd-472a-977c-a37c7f833148,user,u_7fb605081c17ab7c38,conv_58cbbc1e3d0a:msg_1,23626,AI赋能青少年数字素养提升赛事项目合作讨论-2026年08月10日-来自【得到大脑】.md,个人知识库/AI数字素养活动/AI赋能青少年数字素养提升赛事项目合作讨论-2026年08月10日-来自【得到大脑】.md,text/markdown,218065,,REQUEST_BYTES_OR_EXPLICIT_NOT_FOUND
conv_58cbbc1e3d0a,b7cf8bab-99fd-472a-977c-a37c7f833148,user,u_99b77df436473783a2,conv_58cbbc1e3d0a:2f8617cb,25381,直通联合国 _ 首届“联通杯”上海市人工智能开源教育创新大赛策划方案 v0.3(3).pdf,个人知识库/直通联合国 _ 首届“联通杯”上海市人工智能开源教育创新大赛策划方案 v0.3(3).pdf,application/pdf,4199109,,REQUEST_BYTES_OR_EXPLICIT_NOT_FOUND
conv_58cbbc1e3d0a,b7cf8bab-99fd-472a-977c-a37c7f833148,user,u_99b77df436473783a2,conv_58cbbc1e3d0a:msg_43,25382,直通联合国 _ 首届“联通杯”上海市人工智能开源教育创新大赛策划方案 v0.3(3).pdf,个人知识库/直通联合国 _ 首届“联通杯”上海市人工智能开源教育创新大赛策划方案 v0.3(3).pdf,application/pdf,4199109,,REQUEST_BYTES_OR_EXPLICIT_NOT_FOUND
conv_58cbbc1e3d0a,b7cf8bab-99fd-472a-977c-a37c7f833148,user,u_a7463d59e5a991765a,conv_58cbbc1e3d0a:f115b22c,33378,image.png,对话附件/image.png,image/png,2003032,,REQUEST_BYTES_OR_EXPLICIT_NOT_FOUND
conv_58cbbc1e3d0a,b7cf8bab-99fd-472a-977c-a37c7f833148,user,u_b115c78ca13172b018,conv_58cbbc1e3d0a:d67e13ba,33437,2026-08-29_FBO活动主logo.png,AI 工作区/成果文件/这是我们讨论的活动，我要做个方案，开启下-conv_58cbbc1e3d0a/images/2026-08-29_FBO活动主logo.png,image/png,652181,,REQUEST_BYTES_OR_EXPLICIT_NOT_FOUND
conv_58cbbc1e3d0a,b7cf8bab-99fd-472a-977c-a37c7f833148,user,u_9219928039f2a8befa,conv_58cbbc1e3d0a:342e4e51,33452,image (2).png,对话附件/image (2).png,image/png,1442216,,REQUEST_BYTES_OR_EXPLICIT_NOT_FOUND
conv_58cbbc1e3d0a,b7cf8bab-99fd-472a-977c-a37c7f833148,user,u_0fc9830e78ce6d318e,conv_58cbbc1e3d0a:da70c859,33455,image (3).png,对话附件/image (3).png,image/png,1442216,,REQUEST_BYTES_OR_EXPLICIT_NOT_FOUND
conv_58cbbc1e3d0a,b7cf8bab-99fd-472a-977c-a37c7f833148,user,u_0885197f900e09f476,conv_58cbbc1e3d0a:04f93eac,33469,image (4).png,对话附件/image (4).png,image/png,646707,,REQUEST_BYTES_OR_EXPLICIT_NOT_FOUND
conv_58cbbc1e3d0a,b7cf8bab-99fd-472a-977c-a37c7f833148,user,u_17c680c64ac5b59862,conv_58cbbc1e3d0a:d4cc730d,33480,image (5).png,对话附件/image (5).png,image/png,649435,,REQUEST_BYTES_OR_EXPLICIT_NOT_FOUND
conv_a196d952691c,aa72ca11-7a16-4638-b5e2-2ad8492e0e7e,user,u_ee0ce9d9de3d23c38a,conv_a196d952691c:d4370675,23746,***HEX***.png,对话附件/***HEX***.png,image/png,1391867,,REQUEST_BYTES_OR_EXPLICIT_NOT_FOUND
conv_c90bb002011a,8414db33-feee-4461-a402-8ab03b6ecba4,user,u_faf85294edfb9a853c,conv_c90bb002011a:d5641717,23859,【TC18】股权激励方案-2026.8.10(1).docx,对话附件/【TC18】股权激励方案-2026.8.10(1).docx,application/vnd.openxmlformats-officedocument.wordprocessingml.document,19616,,REQUEST_BYTES_OR_EXPLICIT_NOT_FOUND
conv_c90bb002011a,8414db33-feee-4461-a402-8ab03b6ecba4,user,u_faf85294edfb9a853c,conv_c90bb002011a:d5641717,23859,（20260809）生合万物TS .docx,对话附件/（20260809）生合万物TS .docx,application/vnd.openxmlformats-officedocument.wordprocessingml.document,50516,,REQUEST_BYTES_OR_EXPLICIT_NOT_FOUND
conv_c90bb002011a,8414db33-feee-4461-a402-8ab03b6ecba4,user,u_dbacde6d6405b39b17,conv_c90bb002011a:msg_1,23860,【TC18】股权激励方案-2026.8.10(1).docx,对话附件/【TC18】股权激励方案-2026.8.10(1).docx,application/vnd.openxmlformats-officedocument.wordprocessingml.document,19616,,REQUEST_BYTES_OR_EXPLICIT_NOT_FOUND
conv_c90bb002011a,8414db33-feee-4461-a402-8ab03b6ecba4,user,u_dbacde6d6405b39b17,conv_c90bb002011a:msg_1,23860,（20260809）生合万物TS .docx,对话附件/（20260809）生合万物TS .docx,application/vnd.openxmlformats-officedocument.wordprocessingml.document,50516,,REQUEST_BYTES_OR_EXPLICIT_NOT_FOUND
conv_62c16b4032bf,8414db33-feee-4461-a402-8ab03b6ecba4,user,u_a1e623b30069ba4cd1,conv_62c16b4032bf:83552673,23911,MJ6外部合作方代理服务合同及佣金结算管理套件.docx,对话附件/MJ6外部合作方代理服务合同及佣金结算管理套件.docx,application/vnd.openxmlformats-officedocument.wordprocessingml.document,257208,,REQUEST_BYTES_OR_EXPLICIT_NOT_FOUND
conv_62c16b4032bf,8414db33-feee-4461-a402-8ab03b6ecba4,user,u_e5c5f9776b049a1e94,conv_62c16b4032bf:msg_167,24174,MJ6外部渠道商销售代理服务合同及佣金结算管理套件20260811.docx,对话附件/MJ6外部渠道商销售代理服务合同及佣金结算管理套件20260811.docx,application/vnd.openxmlformats-officedocument.wordprocessingml.document,57618,,REQUEST_BYTES_OR_EXPLICIT_NOT_FOUND
conv_62c16b4032bf,8414db33-feee-4461-a402-8ab03b6ecba4,user,u_c38e218b66bd3ec1e0,conv_62c16b4032bf:msg_181,24188,MJ6外部合作方代理服务合同及佣金结算管理套件 (2).docx,对话附件/MJ6外部合作方代理服务合同及佣金结算管理套件 (2).docx,application/vnd.openxmlformats-officedocument.wordprocessingml.document,257208,,REQUEST_BYTES_OR_EXPLICIT_NOT_FOUND
conv_62c16b4032bf,8414db33-feee-4461-a402-8ab03b6ecba4,user,u_e4ba4a4ab6517f7597,conv_62c16b4032bf:460dc3fe,24280,MJ6外部渠道商销售代理服务合同及佣金结算管理套件20260811.docx,对话附件/MJ6外部渠道商销售代理服务合同及佣金结算管理套件20260811.docx,application/vnd.openxmlformats-officedocument.wordprocessingml.document,57618,,REQUEST_BYTES_OR_EXPLICIT_NOT_FOUND
conv_62c16b4032bf,8414db33-feee-4461-a402-8ab03b6ecba4,assistant,a_d810d36cb37787d82e,conv_62c16b4032bf:msg_1,23912,MJ6外部合作方代理服务合同及佣金结算管理套件.docx,对话附件/MJ6外部合作方代理服务合同及佣金结算管理套件.docx,application/vnd.openxmlformats-officedocument.wordprocessingml.document,257208,,REQUEST_BYTES_OR_EXPLICIT_NOT_FOUND
conv_4380f019d4cf,b37ceae7-21e7-4f6e-a02a-57dfac4b0fe6,user,u_2aa82125b0f5517c86,conv_4380f019d4cf:984ae0cf,23998,TTFA智能科研与产业服务平台_电脑版.pdf,对话附件/TTFA智能科研与产业服务平台_电脑版.pdf,application/pdf,4310215,,REQUEST_BYTES_OR_EXPLICIT_NOT_FOUND
conv_4380f019d4cf,b37ceae7-21e7-4f6e-a02a-57dfac4b0fe6,user,u_2aa82125b0f5517c86,conv_4380f019d4cf:984ae0cf,23998,TTFA智能政策匹配系统demo_电脑端.pdf,对话附件/TTFA智能政策匹配系统demo_电脑端.pdf,application/pdf,3111243,,REQUEST_BYTES_OR_EXPLICIT_NOT_FOUND
conv_4380f019d4cf,b37ceae7-21e7-4f6e-a02a-57dfac4b0fe6,user,u_2aa82125b0f5517c86,conv_4380f019d4cf:984ae0cf,23998,科技产业智能匹配系统_电脑端.pdf,对话附件/科技产业智能匹配系统_电脑端.pdf,application/pdf,1088578,,REQUEST_BYTES_OR_EXPLICIT_NOT_FOUND
conv_4380f019d4cf,b37ceae7-21e7-4f6e-a02a-57dfac4b0fe6,user,u_2aa82125b0f5517c86,conv_4380f019d4cf:984ae0cf,23998,科研成果转化评估系统-电脑端预览.pdf,对话附件/科研成果转化评估系统-电脑端预览.pdf,application/pdf,7298091,,REQUEST_BYTES_OR_EXPLICIT_NOT_FOUND
conv_4380f019d4cf,b37ceae7-21e7-4f6e-a02a-57dfac4b0fe6,user,u_2aa82125b0f5517c86,conv_4380f019d4cf:984ae0cf,23998,demo-电脑端.pdf,对话附件/demo-电脑端.pdf,application/pdf,5963618,,REQUEST_BYTES_OR_EXPLICIT_NOT_FOUND
conv_4380f019d4cf,b37ceae7-21e7-4f6e-a02a-57dfac4b0fe6,user,u_2aa82125b0f5517c86,conv_4380f019d4cf:984ae0cf,23998,电脑端预览.pdf,对话附件/电脑端预览.pdf,application/pdf,4183364,,REQUEST_BYTES_OR_EXPLICIT_NOT_FOUND
conv_4380f019d4cf,b37ceae7-21e7-4f6e-a02a-57dfac4b0fe6,user,u_3927850032db110126,conv_4380f019d4cf:msg_1,23999,TTFA智能科研与产业服务平台_电脑版.pdf,对话附件/TTFA智能科研与产业服务平台_电脑版.pdf,application/pdf,4310215,,REQUEST_BYTES_OR_EXPLICIT_NOT_FOUND
conv_4380f019d4cf,b37ceae7-21e7-4f6e-a02a-57dfac4b0fe6,user,u_3927850032db110126,conv_4380f019d4cf:msg_1,23999,TTFA智能政策匹配系统demo_电脑端.pdf,对话附件/TTFA智能政策匹配系统demo_电脑端.pdf,application/pdf,3111243,,REQUEST_BYTES_OR_EXPLICIT_NOT_FOUND
conv_4380f019d4cf,b37ceae7-21e7-4f6e-a02a-57dfac4b0fe6,user,u_3927850032db110126,conv_4380f019d4cf:msg_1,23999,科技产业智能匹配系统_电脑端.pdf,对话附件/科技产业智能匹配系统_电脑端.pdf,application/pdf,1088578,,REQUEST_BYTES_OR_EXPLICIT_NOT_FOUND
conv_4380f019d4cf,b37ceae7-21e7-4f6e-a02a-57dfac4b0fe6,user,u_3927850032db110126,conv_4380f019d4cf:msg_1,23999,科研成果转化评估系统-电脑端预览.pdf,对话附件/科研成果转化评估系统-电脑端预览.pdf,application/pdf,7298091,,REQUEST_BYTES_OR_EXPLICIT_NOT_FOUND
conv_4380f019d4cf,b37ceae7-21e7-4f6e-a02a-57dfac4b0fe6,user,u_3927850032db110126,conv_4380f019d4cf:msg_1,23999,demo-电脑端.pdf,对话附件/demo-电脑端.pdf,application/pdf,5963618,,REQUEST_BYTES_OR_EXPLICIT_NOT_FOUND
conv_4380f019d4cf,b37ceae7-21e7-4f6e-a02a-57dfac4b0fe6,user,u_3927850032db110126,conv_4380f019d4cf:msg_1,23999,电脑端预览.pdf,对话附件/电脑端预览.pdf,application/pdf,4183364,,REQUEST_BYTES_OR_EXPLICIT_NOT_FOUND
conv_1c289044d62b,8414db33-feee-4461-a402-8ab03b6ecba4,user,u_ae2998b5caae330abf,conv_1c289044d62b:0b2e0364,24029,保密协议(1) (2).docx,对话附件/保密协议(1) (2).docx,application/vnd.openxmlformats-officedocument.wordprocessingml.document,21467,,REQUEST_BYTES_OR_EXPLICIT_NOT_FOUND
conv_1c289044d62b,8414db33-feee-4461-a402-8ab03b6ecba4,user,u_b6a106d225376cae4b,conv_1c289044d62b:msg_1,24030,保密协议(1) (2).docx,对话附件/保密协议(1) (2).docx,application/vnd.openxmlformats-officedocument.wordprocessingml.document,21467,,REQUEST_BYTES_OR_EXPLICIT_NOT_FOUND
conv_3cf0f7358f02,5ee08357-1de0-4489-8ee8-6898763c64fa,user,u_22f91ca4815e7bd0ce,aa4f123d-6e06-400a-8d47-a62054b722cf,24291,【商务经理（BD）_上海 10-13K】杨佳晨 2年.pdf,对话附件/【商务经理（BD）_上海 10-13K】杨佳晨 2年.pdf,application/pdf,674093,,REQUEST_BYTES_OR_EXPLICIT_NOT_FOUND
conv_3cf0f7358f02,5ee08357-1de0-4489-8ee8-6898763c64fa,user,u_22f91ca4815e7bd0ce,aa4f123d-6e06-400a-8d47-a62054b722cf,24291,【商务经理（BD）_上海 10-13K】文瑾 5年.pdf,对话附件/【商务经理（BD）_上海 10-13K】文瑾 5年.pdf,application/pdf,328344,,REQUEST_BYTES_OR_EXPLICIT_NOT_FOUND
conv_3cf0f7358f02,5ee08357-1de0-4489-8ee8-6898763c64fa,user,u_22f91ca4815e7bd0ce,aa4f123d-6e06-400a-8d47-a62054b722cf,24291,【商务经理（BD）_上海 10-13K】张宇峰 10年.pdf,对话附件/【商务经理（BD）_上海 10-13K】张宇峰 10年.pdf,application/pdf,270435,,REQUEST_BYTES_OR_EXPLICIT_NOT_FOUND
conv_3cf0f7358f02,5ee08357-1de0-4489-8ee8-6898763c64fa,user,u_22f91ca4815e7bd0ce,aa4f123d-6e06-400a-8d47-a62054b722cf,24291,【商务经理（BD）_上海 10-13K】任文浩 10年以上.pdf,对话附件/【商务经理（BD）_上海 10-13K】任文浩 10年以上.pdf,application/pdf,444333,,REQUEST_BYTES_OR_EXPLICIT_NOT_FOUND
conv_3cf0f7358f02,5ee08357-1de0-4489-8ee8-6898763c64fa,user,u_35a86420538dcd3c91,conv_3cf0f7358f02:2a431b19,24293,【商务经理（BD）_上海 10-13K】杨佳晨 2年.pdf,对话附件/【商务经理（BD）_上海 10-13K】杨佳晨 2年.pdf,application/pdf,674093,,REQUEST_BYTES_OR_EXPLICIT_NOT_FOUND
conv_3cf0f7358f02,5ee08357-1de0-4489-8ee8-6898763c64fa,user,u_35a86420538dcd3c91,conv_3cf0f7358f02:2a431b19,24293,【商务经理（BD）_上海 10-13K】文瑾 5年.pdf,对话附件/【商务经理（BD）_上海 10-13K】文瑾 5年.pdf,application/pdf,328344,,REQUEST_BYTES_OR_EXPLICIT_NOT_FOUND
conv_3cf0f7358f02,5ee08357-1de0-4489-8ee8-6898763c64fa,user,u_35a86420538dcd3c91,conv_3cf0f7358f02:2a431b19,24293,【商务经理（BD）_上海 10-13K】张宇峰 10年.pdf,对话附件/【商务经理（BD）_上海 10-13K】张宇峰 10年.pdf,application/pdf,270435,,REQUEST_BYTES_OR_EXPLICIT_NOT_FOUND
conv_3cf0f7358f02,5ee08357-1de0-4489-8ee8-6898763c64fa,user,u_35a86420538dcd3c91,conv_3cf0f7358f02:2a431b19,24293,【商务经理（BD）_上海 10-13K】任文浩 10年以上.pdf,对话附件/【商务经理（BD）_上海 10-13K】任文浩 10年以上.pdf,application/pdf,444333,,REQUEST_BYTES_OR_EXPLICIT_NOT_FOUND
conv_e497d1970d81,b37ceae7-21e7-4f6e-a02a-57dfac4b0fe6,user,u_34b831991a114ffe54,conv_e497d1970d81:7c2cb90d,24319,【商务经理（BD）_上海 10-13K】文瑾 5年.pdf,对话附件/【商务经理（BD）_上海 10-13K】文瑾 5年.pdf,application/pdf,328344,,REQUEST_BYTES_OR_EXPLICIT_NOT_FOUND
conv_e497d1970d81,b37ceae7-21e7-4f6e-a02a-57dfac4b0fe6,user,u_34b831991a114ffe54,conv_e497d1970d81:7c2cb90d,24319,【商务经理（BD）_上海 10-13K】张宇峰 10年.pdf,对话附件/【商务经理（BD）_上海 10-13K】张宇峰 10年.pdf,application/pdf,270435,,REQUEST_BYTES_OR_EXPLICIT_NOT_FOUND
conv_e497d1970d81,b37ceae7-21e7-4f6e-a02a-57dfac4b0fe6,user,u_34b831991a114ffe54,conv_e497d1970d81:7c2cb90d,24319,【商务经理（BD）_上海 10-13K】杨佳晨 2年.pdf,对话附件/【商务经理（BD）_上海 10-13K】杨佳晨 2年.pdf,application/pdf,674093,,REQUEST_BYTES_OR_EXPLICIT_NOT_FOUND
conv_e497d1970d81,b37ceae7-21e7-4f6e-a02a-57dfac4b0fe6,user,u_a4c084d8bb869b0f0f,conv_e497d1970d81:msg_1,24320,【商务经理（BD）_上海 10-13K】文瑾 5年.pdf,对话附件/【商务经理（BD）_上海 10-13K】文瑾 5年.pdf,application/pdf,328344,,REQUEST_BYTES_OR_EXPLICIT_NOT_FOUND
conv_e497d1970d81,b37ceae7-21e7-4f6e-a02a-57dfac4b0fe6,user,u_a4c084d8bb869b0f0f,conv_e497d1970d81:msg_1,24320,【商务经理（BD）_上海 10-13K】张宇峰 10年.pdf,对话附件/【商务经理（BD）_上海 10-13K】张宇峰 10年.pdf,application/pdf,270435,,REQUEST_BYTES_OR_EXPLICIT_NOT_FOUND
conv_e497d1970d81,b37ceae7-21e7-4f6e-a02a-57dfac4b0fe6,user,u_a4c084d8bb869b0f0f,conv_e497d1970d81:msg_1,24320,【商务经理（BD）_上海 10-13K】杨佳晨 2年.pdf,对话附件/【商务经理（BD）_上海 10-13K】杨佳晨 2年.pdf,application/pdf,674093,,REQUEST_BYTES_OR_EXPLICIT_NOT_FOUND
conv_e497d1970d81,b37ceae7-21e7-4f6e-a02a-57dfac4b0fe6,user,u_f264808a9ee5507773,conv_e497d1970d81:msg_49,24640,面试提纲_左女士.docx,AI 工作区/成果文件/我们要招一个产品经理，要求如下： 职位：-conv_4dff386a54ac/面试提纲_左女士.docx,application/vnd.openxmlformats-officedocument.wordprocessingml.document,40604,,REQUEST_BYTES_OR_EXPLICIT_NOT_FOUND
conv_194d78b87905,5ee08357-1de0-4489-8ee8-6898763c64fa,user,u_312588d2c09e7c8cde,conv_194d78b87905:fdcd78b1,24365,【法务总监-投行业务_上海 18-25K】刘芬 9年.pdf,对话附件/【法务总监-投行业务_上海 18-25K】刘芬 9年.pdf,application/pdf,247635,,REQUEST_BYTES_OR_EXPLICIT_NOT_FOUND
conv_194d78b87905,5ee08357-1de0-4489-8ee8-6898763c64fa,user,u_312588d2c09e7c8cde,conv_194d78b87905:fdcd78b1,24365,【法务总监-投行业务_上海 18-25K】陈斐婵 10年以上.pdf,对话附件/【法务总监-投行业务_上海 18-25K】陈斐婵 10年以上.pdf,application/pdf,261847,,REQUEST_BYTES_OR_EXPLICIT_NOT_FOUND
conv_194d78b87905,5ee08357-1de0-4489-8ee8-6898763c64fa,user,u_312588d2c09e7c8cde,conv_194d78b87905:fdcd78b1,24365,【法务总监-投行业务_上海 18-25K】刘先生 10年以上.pdf,对话附件/【法务总监-投行业务_上海 18-25K】刘先生 10年以上.pdf,application/pdf,517056,,REQUEST_BYTES_OR_EXPLICIT_NOT_FOUND
conv_194d78b87905,5ee08357-1de0-4489-8ee8-6898763c64fa,user,u_312588d2c09e7c8cde,conv_194d78b87905:fdcd78b1,24365,【法务总监-投行业务_上海 18-25K】苏兵 10年以上.pdf,对话附件/【法务总监-投行业务_上海 18-25K】苏兵 10年以上.pdf,application/pdf,149005,,REQUEST_BYTES_OR_EXPLICIT_NOT_FOUND
conv_194d78b87905,5ee08357-1de0-4489-8ee8-6898763c64fa,user,u_fbfc739262e8f4d94a,conv_194d78b87905:msg_1,24366,【法务总监-投行业务_上海 18-25K】刘芬 9年.pdf,对话附件/【法务总监-投行业务_上海 18-25K】刘芬 9年.pdf,application/pdf,247635,,REQUEST_BYTES_OR_EXPLICIT_NOT_FOUND
conv_194d78b87905,5ee08357-1de0-4489-8ee8-6898763c64fa,user,u_fbfc739262e8f4d94a,conv_194d78b87905:msg_1,24366,【法务总监-投行业务_上海 18-25K】陈斐婵 10年以上.pdf,对话附件/【法务总监-投行业务_上海 18-25K】陈斐婵 10年以上.pdf,application/pdf,261847,,REQUEST_BYTES_OR_EXPLICIT_NOT_FOUND
conv_194d78b87905,5ee08357-1de0-4489-8ee8-6898763c64fa,user,u_fbfc739262e8f4d94a,conv_194d78b87905:msg_1,24366,【法务总监-投行业务_上海 18-25K】刘先生 10年以上.pdf,对话附件/【法务总监-投行业务_上海 18-25K】刘先生 10年以上.pdf,application/pdf,517056,,REQUEST_BYTES_OR_EXPLICIT_NOT_FOUND
conv_194d78b87905,5ee08357-1de0-4489-8ee8-6898763c64fa,user,u_fbfc739262e8f4d94a,conv_194d78b87905:msg_1,24366,【法务总监-投行业务_上海 18-25K】苏兵 10年以上.pdf,对话附件/【法务总监-投行业务_上海 18-25K】苏兵 10年以上.pdf,application/pdf,149005,,REQUEST_BYTES_OR_EXPLICIT_NOT_FOUND
conv_194d78b87905,5ee08357-1de0-4489-8ee8-6898763c64fa,user,u_7a22d8d4e7f394dbc2,conv_194d78b87905:msg_44,24396,【法务总监-投行业务_上海 18-25K】刘晋名 2年.pdf,对话附件/【法务总监-投行业务_上海 18-25K】刘晋名 2年.pdf,application/pdf,909431,,REQUEST_BYTES_OR_EXPLICIT_NOT_FOUND
conv_194d78b87905,5ee08357-1de0-4489-8ee8-6898763c64fa,user,u_7a22d8d4e7f394dbc2,conv_194d78b87905:msg_44,24396,【法务总监-投行业务_上海 18-25K】王融心 2年.pdf,对话附件/【法务总监-投行业务_上海 18-25K】王融心 2年.pdf,application/pdf,181176,,REQUEST_BYTES_OR_EXPLICIT_NOT_FOUND
conv_194d78b87905,5ee08357-1de0-4489-8ee8-6898763c64fa,user,u_7a22d8d4e7f394dbc2,conv_194d78b87905:msg_44,24396,【法务总监-投行业务_上海 18-25K】刘先生 10年以上 (2).pdf,对话附件/【法务总监-投行业务_上海 18-25K】刘先生 10年以上 (2).pdf,application/pdf,517056,,REQUEST_BYTES_OR_EXPLICIT_NOT_FOUND
conv_eaf2e429a225,5a7ea6c4-cb72-415d-8298-8b5ced8f3347,user,u_b8119a7f58ff022d3d,conv_eaf2e429a225:msg_156,24630,image (2).png,对话附件/image (2).png,image/png,551922,,REQUEST_BYTES_OR_EXPLICIT_NOT_FOUND
conv_eaf2e429a225,5a7ea6c4-cb72-415d-8298-8b5ced8f3347,user,u_b8119a7f58ff022d3d,conv_eaf2e429a225:msg_156,24630,image (3).png,对话附件/image (3).png,image/png,628012,,REQUEST_BYTES_OR_EXPLICIT_NOT_FOUND
conv_eaf2e429a225,5a7ea6c4-cb72-415d-8298-8b5ced8f3347,user,u_29bdf70c410414ed4f,conv_eaf2e429a225:6cd62dfe,24692,image (2).png,对话附件/image (2).png,image/png,551922,,REQUEST_BYTES_OR_EXPLICIT_NOT_FOUND
conv_eaf2e429a225,5a7ea6c4-cb72-415d-8298-8b5ced8f3347,user,u_29bdf70c410414ed4f,conv_eaf2e429a225:6cd62dfe,24692,image (3).png,对话附件/image (3).png,image/png,628012,,REQUEST_BYTES_OR_EXPLICIT_NOT_FOUND
conv_eaf2e429a225,5a7ea6c4-cb72-415d-8298-8b5ced8f3347,user,u_060b6ad9f04c00e04e,eb541400-42f0-42e1-8822-287a3ebc8a5e,24760,image (4).png,对话附件/image (4).png,image/png,652253,,REQUEST_BYTES_OR_EXPLICIT_NOT_FOUND
conv_c1cb525d2414,5a7ea6c4-cb72-415d-8298-8b5ced8f3347,user,u_5720b6b76eb25761ba,conv_c1cb525d2414:msg_1,24470,EvoMind企业案例_V2_截图整理与Skill全量案例.zip,AI 工作区/EvoMind企业案例_V2_截图整理与Skill全量案例.zip,text/plain,43329574,,REQUEST_BYTES_OR_EXPLICIT_NOT_FOUND
conv_bb5e39c2a2aa,5a7ea6c4-cb72-415d-8298-8b5ced8f3347,user,u_e75cf058fca6a47429,conv_bb5e39c2a2aa:msg_1,24605,EvoMind企业案例_V2_截图整理与Skill全量案例.zip,AI 工作区/EvoMind企业案例_V2_截图整理与Skill全量案例.zip,text/plain,43329574,,REQUEST_BYTES_OR_EXPLICIT_NOT_FOUND
conv_dfc17606c803,5a7ea6c4-cb72-415d-8298-8b5ced8f3347,user,u_0e1c2d1fb07e177262,conv_dfc17606c803:msg_1,24663,2026年7月财务经营数据_模拟.xlsx,AI 工作区/EvoMind企业案例_V2_截图整理与Skill全量案例/04_复用原案例素材/04_财务案例/2026年7月财务经营数据_模拟.xlsx,application/vnd.openxmlformats-officedocument.spreadsheetml.sheet,14131,,REQUEST_BYTES_OR_EXPLICIT_NOT_FOUND
conv_5abf992fe03e,5a7ea6c4-cb72-415d-8298-8b5ced8f3347,user,u_6b8a67d36f1ea5f086,conv_5abf992fe03e:msg_1,24797,R03_招聘案例_候选人深度评估报告生成并自动预览.png,AI 工作区/EvoMind企业案例_V2_截图整理与Skill全量案例/01_已完成案例截图_已重命名/01_招聘案例/R03_招聘案例_候选人深度评估报告生成并自动预览.png,image/png,1675276,,REQUEST_BYTES_OR_EXPLICIT_NOT_FOUND
conv_5abf992fe03e,5a7ea6c4-cb72-415d-8298-8b5ced8f3347,user,u_6b8a67d36f1ea5f086,conv_5abf992fe03e:msg_1,24797,R06_招聘案例_前三候选人定制高质量面试问题.png,AI 工作区/EvoMind企业案例_V2_截图整理与Skill全量案例/01_已完成案例截图_已重命名/01_招聘案例/R06_招聘案例_前三候选人定制高质量面试问题.png,image/png,2870169,,REQUEST_BYTES_OR_EXPLICIT_NOT_FOUND
conv_5abf992fe03e,5a7ea6c4-cb72-415d-8298-8b5ced8f3347,user,u_6b8a67d36f1ea5f086,conv_5abf992fe03e:msg_1,24797,F05_财务案例_部门预算执行汇总表.png,AI 工作区/EvoMind企业案例_V2_截图整理与Skill全量案例/01_已完成案例截图_已重命名/02_财务案例/F05_财务案例_部门预算执行汇总表.png,image/png,635038,,REQUEST_BYTES_OR_EXPLICIT_NOT_FOUND
conv_5abf992fe03e,5a7ea6c4-cb72-415d-8298-8b5ced8f3347,user,u_6b8a67d36f1ea5f086,conv_5abf992fe03e:msg_1,24797,F08_财务案例_管理层摘要与关键风险点.png,AI 工作区/EvoMind企业案例_V2_截图整理与Skill全量案例/01_已完成案例截图_已重命名/02_财务案例/F08_财务案例_管理层摘要与关键风险点.png,image/png,772512,,REQUEST_BYTES_OR_EXPLICIT_NOT_FOUND
conv_5abf992fe03e,5a7ea6c4-cb72-415d-8298-8b5ced8f3347,user,u_6b8a67d36f1ea5f086,conv_5abf992fe03e:msg_1,24797,L02_法务案例_合同风险审查完整输出与逐条意见.png,AI 工作区/EvoMind企业案例_V2_截图整理与Skill全量案例/01_已完成案例截图_已重命名/03_法务案例/L02_法务案例_合同风险审查完整输出与逐条意见.png,image/png,6005754,,REQUEST_BYTES_OR_EXPLICIT_NOT_FOUND
conv_5abf992fe03e,5a7ea6c4-cb72-415d-8298-8b5ced8f3347,user,u_6b8a67d36f1ea5f086,conv_5abf992fe03e:msg_1,24797,K01_企业知识图谱_法务合规部节点关系与详情.png,AI 工作区/EvoMind企业案例_V2_截图整理与Skill全量案例/01_已完成案例截图_已重命名/04_管理分析_知识图谱_自动化/K01_企业知识图谱_法务合规部节点关系与详情.png,image/png,1400456,,REQUEST_BYTES_OR_EXPLICIT_NOT_FOUND
conv_1ec77749aa65,5a7ea6c4-cb72-415d-8298-8b5ced8f3347,user,u_f61a210f4f7bca4512,conv_1ec77749aa65:msg_1,24835,A01_产品与品牌基础资料_启衡医疗.md,AI 工作区/EvoMind企业案例_V2_截图整理与Skill全量案例/03_Skill案例素材/A01_产品与品牌基础资料_启衡医疗.md,text/markdown,608,,REQUEST_BYTES_OR_EXPLICIT_NOT_FOUND
conv_85bac8c8af6e,5a7ea6c4-cb72-415d-8298-8b5ced8f3347,user,u_4c1b9abf446eac3b63,conv_85bac8c8af6e:msg_1,24848,2026年7月财务经营数据_模拟.xlsx,AI 工作区/EvoMind企业案例_V2_截图整理与Skill全量案例/04_复用原案例素材/04_财务案例/2026年7月财务经营数据_模拟.xlsx,application/vnd.openxmlformats-officedocument.spreadsheetml.sheet,14131,,REQUEST_BYTES_OR_EXPLICIT_NOT_FOUND
conv_a4b444ef90b2,5a7ea6c4-cb72-415d-8298-8b5ced8f3347,user,u_fdae967142930d56a1,conv_a4b444ef90b2:msg_1,24908,客户拜访流程.docx,对话附件/客户拜访流程.docx,application/vnd.openxmlformats-officedocument.wordprocessingml.document,17660,,REQUEST_BYTES_OR_EXPLICIT_NOT_FOUND
conv_60936d7d143e,5ee08357-1de0-4489-8ee8-6898763c64fa,user,u_96a4b3a8f9c6700004,conv_60936d7d143e:219de254,24920,【法务总监-投行业务_上海 18-25K】谢宗颖 10年以上.pdf,对话附件/【法务总监-投行业务_上海 18-25K】谢宗颖 10年以上.pdf,application/pdf,241738,,REQUEST_BYTES_OR_EXPLICIT_NOT_FOUND
conv_60936d7d143e,5ee08357-1de0-4489-8ee8-6898763c64fa,user,u_96a4b3a8f9c6700004,conv_60936d7d143e:219de254,24920,【法务总监-投行业务_上海 18-25K】刘先生 10年以上 (3).pdf,对话附件/【法务总监-投行业务_上海 18-25K】刘先生 10年以上 (3).pdf,application/pdf,517056,,REQUEST_BYTES_OR_EXPLICIT_NOT_FOUND
conv_60936d7d143e,5ee08357-1de0-4489-8ee8-6898763c64fa,user,u_96a4b3a8f9c6700004,conv_60936d7d143e:219de254,24920,【法务总监-投行业务_上海 18-25K】苏兵 10年以上 (2).pdf,对话附件/【法务总监-投行业务_上海 18-25K】苏兵 10年以上 (2).pdf,application/pdf,149005,,REQUEST_BYTES_OR_EXPLICIT_NOT_FOUND
conv_60936d7d143e,5ee08357-1de0-4489-8ee8-6898763c64fa,user,u_d1a7da295fe05a3aa5,conv_60936d7d143e:msg_1,24921,【法务总监-投行业务_上海 18-25K】谢宗颖 10年以上.pdf,对话附件/【法务总监-投行业务_上海 18-25K】谢宗颖 10年以上.pdf,application/pdf,241738,,REQUEST_BYTES_OR_EXPLICIT_NOT_FOUND
conv_60936d7d143e,5ee08357-1de0-4489-8ee8-6898763c64fa,user,u_d1a7da295fe05a3aa5,conv_60936d7d143e:msg_1,24921,【法务总监-投行业务_上海 18-25K】刘先生 10年以上 (3).pdf,对话附件/【法务总监-投行业务_上海 18-25K】刘先生 10年以上 (3).pdf,application/pdf,517056,,REQUEST_BYTES_OR_EXPLICIT_NOT_FOUND
conv_60936d7d143e,5ee08357-1de0-4489-8ee8-6898763c64fa,user,u_d1a7da295fe05a3aa5,conv_60936d7d143e:msg_1,24921,【法务总监-投行业务_上海 18-25K】苏兵 10年以上 (2).pdf,对话附件/【法务总监-投行业务_上海 18-25K】苏兵 10年以上 (2).pdf,application/pdf,149005,,REQUEST_BYTES_OR_EXPLICIT_NOT_FOUND
conv_201631a6dabf,5a7ea6c4-cb72-415d-8298-8b5ced8f3347,user,u_5f1bfc0432253c7ec4,conv_201631a6dabf:msg_1,24941,绩效考核管理制度_V32.docx,对话附件/绩效考核管理制度_V32.docx,application/vnd.openxmlformats-officedocument.wordprocessingml.document,19829,,REQUEST_BYTES_OR_EXPLICIT_NOT_FOUND
conv_6e00ca9901d4,5eb1a1c6-d647-47fe-8036-9dc731aa0b5c,user,u_bdda6988b40b79db01,53504d4d-96e0-499b-b19a-c1bcc453701a,24937,附件1：项目入库申报书-超碳萃取技术工艺及装置验证项目.docx,对话附件/附件1：项目入库申报书-超碳萃取技术工艺及装置验证项目.docx,application/vnd.openxmlformats-officedocument.wordprocessingml.document,143533,,REQUEST_BYTES_OR_EXPLICIT_NOT_FOUND
conv_6e00ca9901d4,5eb1a1c6-d647-47fe-8036-9dc731aa0b5c,user,u_bdda6988b40b79db01,53504d4d-96e0-499b-b19a-c1bcc453701a,24937,附件2：概念验证立项评估表.docx,对话附件/附件2：概念验证立项评估表.docx,application/vnd.openxmlformats-officedocument.wordprocessingml.document,20473,,REQUEST_BYTES_OR_EXPLICIT_NOT_FOUND
conv_6e00ca9901d4,5eb1a1c6-d647-47fe-8036-9dc731aa0b5c,user,u_bdda6988b40b79db01,53504d4d-96e0-499b-b19a-c1bcc453701a,24937,附件3：专家意见表.docx,对话附件/附件3：专家意见表.docx,application/vnd.openxmlformats-officedocument.wordprocessingml.document,18901,,REQUEST_BYTES_OR_EXPLICIT_NOT_FOUND
conv_5088c71b9194,5a7ea6c4-cb72-415d-8298-8b5ced8f3347,user,u_f99d2f57725fc18279,conv_5088c71b9194:msg_68,25055,高级前端工程师_面试排期与薪资授权.docx,对话附件/高级前端工程师_面试排期与薪资授权.docx,application/vnd.openxmlformats-officedocument.wordprocessingml.document,18935,,REQUEST_BYTES_OR_EXPLICIT_NOT_FOUND
conv_b66a59b58652,5a7ea6c4-cb72-415d-8298-8b5ced8f3347,user,u_0ab802c0a79b7a0f4b,conv_b66a59b58652:msg_1,25069,A09_新员工培训需求_模拟.md,AI 工作区/EvoMind企业案例_V2_截图整理与Skill全量案例/03_Skill案例素材/A09_新员工培训需求_模拟.md,text/markdown,419,,REQUEST_BYTES_OR_EXPLICIT_NOT_FOUND
conv_ccf77916e240,76d362d5-0552-4b79-8d05-ce0bbb885d9c,user,u_68cdadc3d42b0bf66b,conv_ccf77916e240:fc4ad013,25074,image (4).png,对话附件/image (4).png,image/png,116884,,REQUEST_BYTES_OR_EXPLICIT_NOT_FOUND
conv_ccf77916e240,76d362d5-0552-4b79-8d05-ce0bbb885d9c,user,u_7481d12aacc48d697b,conv_ccf77916e240:msg_1,25075,image (4).png,对话附件/image (4).png,image/png,116884,,REQUEST_BYTES_OR_EXPLICIT_NOT_FOUND
conv_ccf77916e240,76d362d5-0552-4b79-8d05-ce0bbb885d9c,user,u_1c75f074a38950d6d6,conv_ccf77916e240:213278eb,25146,平台整体架构图.png,AI 工作区/成果文件/重新生成一个专业的技术架构图-conv_ccf77916e240/平台整体架构图.png,image/png,1377382,,REQUEST_BYTES_OR_EXPLICIT_NOT_FOUND
conv_ccf77916e240,76d362d5-0552-4b79-8d05-ce0bbb885d9c,user,u_f3779b015daf3f214b,conv_ccf77916e240:msg_21,25147,平台整体架构图.png,AI 工作区/成果文件/重新生成一个专业的技术架构图-conv_ccf77916e240/平台整体架构图.png,image/png,1377382,,REQUEST_BYTES_OR_EXPLICIT_NOT_FOUND
conv_4da8ee446e3a,5a7ea6c4-cb72-415d-8298-8b5ced8f3347,user,u_c6afe5d034b0e82c49,conv_4da8ee446e3a:msg_1,25093,高级前端工程师_面试排期与薪资授权 (2).docx,对话附件/高级前端工程师_面试排期与薪资授权 (2).docx,application/vnd.openxmlformats-officedocument.wordprocessingml.document,18935,,REQUEST_BYTES_OR_EXPLICIT_NOT_FOUND
conv_d628331d380b,8414db33-feee-4461-a402-8ab03b6ecba4,user,u_c99b21b22d9711febf,conv_d628331d380b:msg_1,25122,（20260812）生合万物TS.docx,对话附件/（20260812）生合万物TS.docx,application/vnd.openxmlformats-officedocument.wordprocessingml.document,50653,,REQUEST_BYTES_OR_EXPLICIT_NOT_FOUND
conv_baa17fbb85ec,5a7ea6c4-cb72-415d-8298-8b5ced8f3347,user,u_3ea8f9f584f02fcd74,conv_baa17fbb85ec:msg_1,25163,A10_三张表财务模型输入_模拟.md,AI 工作区/EvoMind企业案例_V2_截图整理与Skill全量案例/03_Skill案例素材/A10_三张表财务模型输入_模拟.md,text/markdown,838,,REQUEST_BYTES_OR_EXPLICIT_NOT_FOUND
conv_88c15f68fcd5,5a7ea6c4-cb72-415d-8298-8b5ced8f3347,user,u_c8c0f7a9adcbbeca39,conv_88c15f68fcd5:msg_1,25203,A11_DCF估值输入_模拟.md,AI 工作区/EvoMind企业案例_V2_截图整理与Skill全量案例/03_Skill案例素材/A11_DCF估值输入_模拟.md,text/markdown,605,,REQUEST_BYTES_OR_EXPLICIT_NOT_FOUND
conv_000329fc9167,5a7ea6c4-cb72-415d-8298-8b5ced8f3347,user,u_af2fc3b40ebf5a9470,conv_000329fc9167:msg_1,25402,待审_临床试验CRO服务协议_模拟.docx,AI 工作区/EvoMind企业案例_V2_截图整理与Skill全量案例/04_复用原案例素材/05_法务案例/待审_临床试验CRO服务协议_模拟.docx,application/vnd.openxmlformats-officedocument.wordprocessingml.document,38272,,REQUEST_BYTES_OR_EXPLICIT_NOT_FOUND
conv_000329fc9167,5a7ea6c4-cb72-415d-8298-8b5ced8f3347,user,u_af2fc3b40ebf5a9470,conv_000329fc9167:msg_1,25402,公司标准合同风险底线_对照材料.pdf,AI 工作区/EvoMind企业案例_V2_截图整理与Skill全量案例/04_复用原案例素材/05_法务案例/公司标准合同风险底线_对照材料.pdf,application/pdf,3257,,REQUEST_BYTES_OR_EXPLICIT_NOT_FOUND
conv_63cd088280e4,5a7ea6c4-cb72-415d-8298-8b5ced8f3347,user,u_8d79dceb02f37ad579,conv_63cd088280e4:msg_1,25424,A03_销售线索与客户画像_模拟.md,AI 工作区/EvoMind企业案例_V2_截图整理与Skill全量案例/03_Skill案例素材/A03_销售线索与客户画像_模拟.md,text/markdown,590,,REQUEST_BYTES_OR_EXPLICIT_NOT_FOUND
conv_ddbd2b72cd94,5a7ea6c4-cb72-415d-8298-8b5ced8f3347,user,u_d20e36f9f2dcca47d1,conv_ddbd2b72cd94:msg_1,25428,A03_销售线索与客户画像_模拟.md,AI 工作区/EvoMind企业案例_V2_截图整理与Skill全量案例/03_Skill案例素材/A03_销售线索与客户画像_模拟.md,text/markdown,590,,REQUEST_BYTES_OR_EXPLICIT_NOT_FOUND
conv_3a2929dd4123,5a7ea6c4-cb72-415d-8298-8b5ced8f3347,user,u_b6671eaffeb260fdd1,conv_3a2929dd4123:msg_1,25434,A04_竞品情报_模拟.md,AI 工作区/EvoMind企业案例_V2_截图整理与Skill全量案例/03_Skill案例素材/A04_竞品情报_模拟.md,text/markdown,628,,REQUEST_BYTES_OR_EXPLICIT_NOT_FOUND
conv_1765ca7d99bb,5a7ea6c4-cb72-415d-8298-8b5ced8f3347,user,u_0cb6973f048ca6c454,conv_1765ca7d99bb:msg_1,25444,网购平台购物车界面截图生成.png,对话附件/网购平台购物车界面截图生成.png,image/png,1439416,,REQUEST_BYTES_OR_EXPLICIT_NOT_FOUND
conv_815933aa43c7,5ee08357-1de0-4489-8ee8-6898763c64fa,user,u_0b2542c9c112d5c3ea,conv_815933aa43c7:msg_1,25447,【AI应用开发工程师（后端）_上海 12-16K】孟德利 4年.pdf,对话附件/【AI应用开发工程师（后端）_上海 12-16K】孟德利 4年.pdf,application/pdf,175427,,REQUEST_BYTES_OR_EXPLICIT_NOT_FOUND
conv_815933aa43c7,5ee08357-1de0-4489-8ee8-6898763c64fa,user,u_0b2542c9c112d5c3ea,conv_815933aa43c7:msg_1,25447,【AI应用开发工程师（后端）_上海 12-16K】杨俊杰 4年.pdf,对话附件/【AI应用开发工程师（后端）_上海 12-16K】杨俊杰 4年.pdf,application/pdf,3024826,,REQUEST_BYTES_OR_EXPLICIT_NOT_FOUND
conv_815933aa43c7,5ee08357-1de0-4489-8ee8-6898763c64fa,user,u_0b2542c9c112d5c3ea,conv_815933aa43c7:msg_1,25447,【AI应用开发工程师（后端）_上海 12-16K】朱鹏程 3年.pdf,对话附件/【AI应用开发工程师（后端）_上海 12-16K】朱鹏程 3年.pdf,application/pdf,510482,,REQUEST_BYTES_OR_EXPLICIT_NOT_FOUND
conv_815933aa43c7,5ee08357-1de0-4489-8ee8-6898763c64fa,user,u_0b2542c9c112d5c3ea,conv_815933aa43c7:msg_1,25447,【AI应用开发工程师（后端）_上海 12-16K】卢凯凯 7年.pdf,对话附件/【AI应用开发工程师（后端）_上海 12-16K】卢凯凯 7年.pdf,application/pdf,501367,,REQUEST_BYTES_OR_EXPLICIT_NOT_FOUND
conv_815933aa43c7,5ee08357-1de0-4489-8ee8-6898763c64fa,user,u_0b2542c9c112d5c3ea,conv_815933aa43c7:msg_1,25447,【AI应用开发工程师（后端）_上海 12-16K】徐龙飞 3年.pdf,对话附件/【AI应用开发工程师（后端）_上海 12-16K】徐龙飞 3年.pdf,application/pdf,131523,,REQUEST_BYTES_OR_EXPLICIT_NOT_FOUND
conv_815933aa43c7,5ee08357-1de0-4489-8ee8-6898763c64fa,user,u_0b2542c9c112d5c3ea,conv_815933aa43c7:msg_1,25447,【AI应用开发工程师（后端）_上海 12-16K】邵贵滨 6年.pdf,对话附件/【AI应用开发工程师（后端）_上海 12-16K】邵贵滨 6年.pdf,application/pdf,171854,,REQUEST_BYTES_OR_EXPLICIT_NOT_FOUND
conv_815933aa43c7,5ee08357-1de0-4489-8ee8-6898763c64fa,user,u_0b2542c9c112d5c3ea,conv_815933aa43c7:msg_1,25447,【AI应用开发工程师（后端）_上海 12-16K】吴耸 3年.pdf,对话附件/【AI应用开发工程师（后端）_上海 12-16K】吴耸 3年.pdf,application/pdf,1122240,,REQUEST_BYTES_OR_EXPLICIT_NOT_FOUND
conv_815933aa43c7,5ee08357-1de0-4489-8ee8-6898763c64fa,user,u_0b2542c9c112d5c3ea,conv_815933aa43c7:msg_1,25447,【AI应用开发工程师（后端）_上海 12-16K】窦旭 4年.pdf,对话附件/【AI应用开发工程师（后端）_上海 12-16K】窦旭 4年.pdf,application/pdf,894035,,REQUEST_BYTES_OR_EXPLICIT_NOT_FOUND
conv_815933aa43c7,5ee08357-1de0-4489-8ee8-6898763c64fa,user,u_0b2542c9c112d5c3ea,conv_815933aa43c7:msg_1,25447,【AI应用开发工程师（后端）_上海 12-16K】彭为 3年.pdf,对话附件/【AI应用开发工程师（后端）_上海 12-16K】彭为 3年.pdf,application/pdf,634688,,REQUEST_BYTES_OR_EXPLICIT_NOT_FOUND
conv_815933aa43c7,5ee08357-1de0-4489-8ee8-6898763c64fa,user,u_0b2542c9c112d5c3ea,conv_815933aa43c7:msg_1,25447,【AI应用开发工程师（后端）_上海 12-16K】杨晨 6年.pdf,对话附件/【AI应用开发工程师（后端）_上海 12-16K】杨晨 6年.pdf,application/pdf,392247,,REQUEST_BYTES_OR_EXPLICIT_NOT_FOUND
conv_815933aa43c7,5ee08357-1de0-4489-8ee8-6898763c64fa,user,u_c69101109f3bcc8014,conv_815933aa43c7:94d9ccdc,25494,【AI应用开发工程师（后端）_上海 12-16K】邹聪聪 3年.pdf,对话附件/【AI应用开发工程师（后端）_上海 12-16K】邹聪聪 3年.pdf,application/pdf,277195,,REQUEST_BYTES_OR_EXPLICIT_NOT_FOUND
conv_815933aa43c7,5ee08357-1de0-4489-8ee8-6898763c64fa,user,u_c69101109f3bcc8014,conv_815933aa43c7:94d9ccdc,25494,【AI应用开发工程师（后端）_上海 12-16K】张宝萱 3年.pdf,对话附件/【AI应用开发工程师（后端）_上海 12-16K】张宝萱 3年.pdf,application/pdf,414497,,REQUEST_BYTES_OR_EXPLICIT_NOT_FOUND
conv_815933aa43c7,5ee08357-1de0-4489-8ee8-6898763c64fa,user,u_c69101109f3bcc8014,conv_815933aa43c7:94d9ccdc,25494,【AI应用开发工程师（后端）_上海 12-16K】张鹏飞 3年.pdf,对话附件/【AI应用开发工程师（后端）_上海 12-16K】张鹏飞 3年.pdf,application/pdf,395352,,REQUEST_BYTES_OR_EXPLICIT_NOT_FOUND
conv_815933aa43c7,5ee08357-1de0-4489-8ee8-6898763c64fa,user,u_c69101109f3bcc8014,conv_815933aa43c7:94d9ccdc,25494,【AI应用开发工程师（后端）_上海 12-16K】李阳 7年.pdf,对话附件/【AI应用开发工程师（后端）_上海 12-16K】李阳 7年.pdf,application/pdf,180006,,REQUEST_BYTES_OR_EXPLICIT_NOT_FOUND
conv_815933aa43c7,5ee08357-1de0-4489-8ee8-6898763c64fa,user,u_c69101109f3bcc8014,conv_815933aa43c7:94d9ccdc,25494,【AI应用开发工程师（后端）_上海 12-16K】陈晨 4年.pdf,对话附件/【AI应用开发工程师（后端）_上海 12-16K】陈晨 4年.pdf,application/pdf,1086958,,REQUEST_BYTES_OR_EXPLICIT_NOT_FOUND
conv_815933aa43c7,5ee08357-1de0-4489-8ee8-6898763c64fa,user,u_c69101109f3bcc8014,conv_815933aa43c7:94d9ccdc,25494,【AI应用开发工程师（后端）_上海 12-16K】胡宗瑞 2年.pdf,对话附件/【AI应用开发工程师（后端）_上海 12-16K】胡宗瑞 2年.pdf,application/pdf,142210,,REQUEST_BYTES_OR_EXPLICIT_NOT_FOUND
conv_815933aa43c7,5ee08357-1de0-4489-8ee8-6898763c64fa,user,u_c69101109f3bcc8014,conv_815933aa43c7:94d9ccdc,25494,【AI应用开发工程师（后端）_上海 12-16K】谭瑞欣 3年.pdf,对话附件/【AI应用开发工程师（后端）_上海 12-16K】谭瑞欣 3年.pdf,application/pdf,270011,,REQUEST_BYTES_OR_EXPLICIT_NOT_FOUND
conv_815933aa43c7,5ee08357-1de0-4489-8ee8-6898763c64fa,user,u_c69101109f3bcc8014,conv_815933aa43c7:94d9ccdc,25494,【AI应用开发工程师（后端）_上海 12-16K】范煜 6年.pdf,对话附件/【AI应用开发工程师（后端）_上海 12-16K】范煜 6年.pdf,application/pdf,487488,,REQUEST_BYTES_OR_EXPLICIT_NOT_FOUND
conv_815933aa43c7,5ee08357-1de0-4489-8ee8-6898763c64fa,user,u_c69101109f3bcc8014,conv_815933aa43c7:94d9ccdc,25494,【AI应用开发工程师（后端）_上海 12-16K】刘金哲 4年.pdf,对话附件/【AI应用开发工程师（后端）_上海 12-16K】刘金哲 4年.pdf,application/pdf,438065,,REQUEST_BYTES_OR_EXPLICIT_NOT_FOUND
conv_815933aa43c7,5ee08357-1de0-4489-8ee8-6898763c64fa,user,u_c69101109f3bcc8014,conv_815933aa43c7:94d9ccdc,25494,【AI应用开发工程师（后端）_上海 12-16K】肖志豪 3年.pdf,对话附件/【AI应用开发工程师（后端）_上海 12-16K】肖志豪 3年.pdf,application/pdf,642323,,REQUEST_BYTES_OR_EXPLICIT_NOT_FOUND
conv_815933aa43c7,5ee08357-1de0-4489-8ee8-6898763c64fa,user,u_81d0060f1790ecd74f,conv_815933aa43c7:msg_45,25495,【AI应用开发工程师（后端）_上海 12-16K】邹聪聪 3年.pdf,对话附件/【AI应用开发工程师（后端）_上海 12-16K】邹聪聪 3年.pdf,application/pdf,277195,,REQUEST_BYTES_OR_EXPLICIT_NOT_FOUND
conv_815933aa43c7,5ee08357-1de0-4489-8ee8-6898763c64fa,user,u_81d0060f1790ecd74f,conv_815933aa43c7:msg_45,25495,【AI应用开发工程师（后端）_上海 12-16K】张宝萱 3年.pdf,对话附件/【AI应用开发工程师（后端）_上海 12-16K】张宝萱 3年.pdf,application/pdf,414497,,REQUEST_BYTES_OR_EXPLICIT_NOT_FOUND
conv_815933aa43c7,5ee08357-1de0-4489-8ee8-6898763c64fa,user,u_81d0060f1790ecd74f,conv_815933aa43c7:msg_45,25495,【AI应用开发工程师（后端）_上海 12-16K】张鹏飞 3年.pdf,对话附件/【AI应用开发工程师（后端）_上海 12-16K】张鹏飞 3年.pdf,application/pdf,395352,,REQUEST_BYTES_OR_EXPLICIT_NOT_FOUND
conv_815933aa43c7,5ee08357-1de0-4489-8ee8-6898763c64fa,user,u_81d0060f1790ecd74f,conv_815933aa43c7:msg_45,25495,【AI应用开发工程师（后端）_上海 12-16K】李阳 7年.pdf,对话附件/【AI应用开发工程师（后端）_上海 12-16K】李阳 7年.pdf,application/pdf,180006,,REQUEST_BYTES_OR_EXPLICIT_NOT_FOUND
conv_815933aa43c7,5ee08357-1de0-4489-8ee8-6898763c64fa,user,u_81d0060f1790ecd74f,conv_815933aa43c7:msg_45,25495,【AI应用开发工程师（后端）_上海 12-16K】陈晨 4年.pdf,对话附件/【AI应用开发工程师（后端）_上海 12-16K】陈晨 4年.pdf,application/pdf,1086958,,REQUEST_BYTES_OR_EXPLICIT_NOT_FOUND
conv_815933aa43c7,5ee08357-1de0-4489-8ee8-6898763c64fa,user,u_81d0060f1790ecd74f,conv_815933aa43c7:msg_45,25495,【AI应用开发工程师（后端）_上海 12-16K】胡宗瑞 2年.pdf,对话附件/【AI应用开发工程师（后端）_上海 12-16K】胡宗瑞 2年.pdf,application/pdf,142210,,REQUEST_BYTES_OR_EXPLICIT_NOT_FOUND
conv_815933aa43c7,5ee08357-1de0-4489-8ee8-6898763c64fa,user,u_81d0060f1790ecd74f,conv_815933aa43c7:msg_45,25495,【AI应用开发工程师（后端）_上海 12-16K】谭瑞欣 3年.pdf,对话附件/【AI应用开发工程师（后端）_上海 12-16K】谭瑞欣 3年.pdf,application/pdf,270011,,REQUEST_BYTES_OR_EXPLICIT_NOT_FOUND
conv_815933aa43c7,5ee08357-1de0-4489-8ee8-6898763c64fa,user,u_81d0060f1790ecd74f,conv_815933aa43c7:msg_45,25495,【AI应用开发工程师（后端）_上海 12-16K】范煜 6年.pdf,对话附件/【AI应用开发工程师（后端）_上海 12-16K】范煜 6年.pdf,application/pdf,487488,,REQUEST_BYTES_OR_EXPLICIT_NOT_FOUND
conv_815933aa43c7,5ee08357-1de0-4489-8ee8-6898763c64fa,user,u_81d0060f1790ecd74f,conv_815933aa43c7:msg_45,25495,【AI应用开发工程师（后端）_上海 12-16K】刘金哲 4年.pdf,对话附件/【AI应用开发工程师（后端）_上海 12-16K】刘金哲 4年.pdf,application/pdf,438065,,REQUEST_BYTES_OR_EXPLICIT_NOT_FOUND
conv_815933aa43c7,5ee08357-1de0-4489-8ee8-6898763c64fa,user,u_81d0060f1790ecd74f,conv_815933aa43c7:msg_45,25495,【AI应用开发工程师（后端）_上海 12-16K】肖志豪 3年.pdf,对话附件/【AI应用开发工程师（后端）_上海 12-16K】肖志豪 3年.pdf,application/pdf,642323,,REQUEST_BYTES_OR_EXPLICIT_NOT_FOUND
conv_dc141d50dd59,5a7ea6c4-cb72-415d-8298-8b5ced8f3347,user,u_2f4ec22539d8fc30f1,conv_dc141d50dd59:msg_1,25490,P01_HRD_招聘判断经验.pdf,AI 工作区/EvoMind企业案例_V2_截图整理与Skill全量案例/04_复用原案例素材/02_个人知识库/P01_HRD_招聘判断经验.pdf,application/pdf,3241,,REQUEST_BYTES_OR_EXPLICIT_NOT_FOUND
conv_91d7eae7f753,5ee08357-1de0-4489-8ee8-6898763c64fa,user,u_6508e0dd55e8e6fc29,conv_91d7eae7f753:97e0eaf4,25521,261113-招标文件-发售稿.pdf,对话附件/261113-招标文件-发售稿.pdf,application/pdf,1976124,,REQUEST_BYTES_OR_EXPLICIT_NOT_FOUND
conv_91d7eae7f753,5ee08357-1de0-4489-8ee8-6898763c64fa,user,u_6508e0dd55e8e6fc29,conv_91d7eae7f753:97e0eaf4,25521,上海探九技术转移有限公司-投标文件0626终.pdf,对话附件/上海探九技术转移有限公司-投标文件0626终.pdf,application/pdf,5386133,,REQUEST_BYTES_OR_EXPLICIT_NOT_FOUND
conv_91d7eae7f753,5ee08357-1de0-4489-8ee8-6898763c64fa,user,u_53f5ecdb48b3cc7bc5,conv_91d7eae7f753:msg_1,25522,261113-招标文件-发售稿.pdf,对话附件/261113-招标文件-发售稿.pdf,application/pdf,1976124,,REQUEST_BYTES_OR_EXPLICIT_NOT_FOUND
conv_91d7eae7f753,5ee08357-1de0-4489-8ee8-6898763c64fa,user,u_53f5ecdb48b3cc7bc5,conv_91d7eae7f753:msg_1,25522,上海探九技术转移有限公司-投标文件0626终.pdf,对话附件/上海探九技术转移有限公司-投标文件0626终.pdf,application/pdf,5386133,,REQUEST_BYTES_OR_EXPLICIT_NOT_FOUND
conv_f5e696fd661b,76d362d5-0552-4b79-8d05-ce0bbb885d9c,user,u_981ee543407f3443a8,conv_f5e696fd661b:9f31e05c,25563,科委概念验证专项管理平台_0812.pptx,对话附件/科委概念验证专项管理平台_0812.pptx,application/vnd.openxmlformats-officedocument.presentationml.presentation,8487539,,REQUEST_BYTES_OR_EXPLICIT_NOT_FOUND
conv_f5e696fd661b,76d362d5-0552-4b79-8d05-ce0bbb885d9c,user,u_981ee543407f3443a8,conv_f5e696fd661b:msg_1,25564,科委概念验证专项管理平台_0812.pptx,对话附件/科委概念验证专项管理平台_0812.pptx,application/vnd.openxmlformats-officedocument.presentationml.presentation,8487539,,REQUEST_BYTES_OR_EXPLICIT_NOT_FOUND
conv_23adf8fd855f,bb195a6d-9280-479c-be5c-eac7b2abba5f,user,u_f009568ecc83f22244,conv_23adf8fd855f:msg_1,25582,[P25418270EP] - 思斐格 - 欧洲专利局申请24809955.8 - 账单.pdf,对话附件/[P25418270EP] - 思斐格 - 欧洲专利局申请24809955.8 - 账单.pdf,application/pdf,111979,,REQUEST_BYTES_OR_EXPLICIT_NOT_FOUND
conv_9f52e89fe262,e33fb68b-08fd-467a-a470-dd85496896e6,user,u_a4f52a0396f8154ffa,conv_9f52e89fe262:440ebadd,25665,冰美肌 欧利华宣传册01.pdf,个人知识库/美鲸灵/冰美肌 欧利华宣传册01.pdf,application/pdf,2393873,,REQUEST_BYTES_OR_EXPLICIT_NOT_FOUND
conv_9f52e89fe262,e33fb68b-08fd-467a-a470-dd85496896e6,user,u_1f8b82ef4f98a1d3b0,conv_9f52e89fe262:msg_1,25666,冰美肌 欧利华宣传册01.pdf,个人知识库/美鲸灵/冰美肌 欧利华宣传册01.pdf,application/pdf,2393873,,REQUEST_BYTES_OR_EXPLICIT_NOT_FOUND
conv_9f52e89fe262,e33fb68b-08fd-467a-a470-dd85496896e6,user,u_9c417ffec7fae863ea,conv_9f52e89fe262:70319bae,27307,3、LL中科芯飞部门职能与岗位说明书汇编v2.pdf,对话附件/3、LL中科芯飞部门职能与岗位说明书汇编v2.pdf,application/pdf,849879,,REQUEST_BYTES_OR_EXPLICIT_NOT_FOUND
conv_9f52e89fe262,e33fb68b-08fd-467a-a470-dd85496896e6,user,u_9c417ffec7fae863ea,conv_9f52e89fe262:msg_78,27308,3、LL中科芯飞部门职能与岗位说明书汇编v2.pdf,对话附件/3、LL中科芯飞部门职能与岗位说明书汇编v2.pdf,application/pdf,849879,,REQUEST_BYTES_OR_EXPLICIT_NOT_FOUND
conv_9f52e89fe262,e33fb68b-08fd-467a-a470-dd85496896e6,user,u_0e1ac5fa40e0afa063,conv_9f52e89fe262:57c0e02d,31742,美鲸灵2026半年度股东会议程_正式稿.docx,AI 工作区/成果文件/翻译英文-conv_9f52e89fe262/美鲸灵2026半年度股东会议程_正式稿.docx,application/vnd.openxmlformats-officedocument.wordprocessingml.document,42161,,REQUEST_BYTES_OR_EXPLICIT_NOT_FOUND
conv_9f52e89fe262,e33fb68b-08fd-467a-a470-dd85496896e6,user,u_bad311d6eaa7eb8fce,conv_9f52e89fe262:msg_174,31743,美鲸灵2026半年度股东会议程_正式稿.docx,AI 工作区/成果文件/翻译英文-conv_9f52e89fe262/美鲸灵2026半年度股东会议程_正式稿.docx,application/vnd.openxmlformats-officedocument.wordprocessingml.document,42161,,REQUEST_BYTES_OR_EXPLICIT_NOT_FOUND
conv_9f52e89fe262,e33fb68b-08fd-467a-a470-dd85496896e6,user,u_ffae41bce7103c0eef,conv_9f52e89fe262:98a10730,38186,LL中科芯飞薪酬管理及激励制度202607.pdf,对话附件/LL中科芯飞薪酬管理及激励制度202607.pdf,application/pdf,395843,,REQUEST_BYTES_OR_EXPLICIT_NOT_FOUND
conv_9f52e89fe262,e33fb68b-08fd-467a-a470-dd85496896e6,user,u_ffae41bce7103c0eef,conv_9f52e89fe262:98a10730,38186,【完善版】中科芯飞项目激励奖金申请与评估表.docx,对话附件/【完善版】中科芯飞项目激励奖金申请与评估表.docx,application/vnd.openxmlformats-officedocument.wordprocessingml.document,49700,,REQUEST_BYTES_OR_EXPLICIT_NOT_FOUND
conv_9f52e89fe262,e33fb68b-08fd-467a-a470-dd85496896e6,user,u_a210ac532ccc64774d,conv_9f52e89fe262:735e3b59,42281,资金流与收支预测表9.15最新版.xlsx,对话附件/资金流与收支预测表9.15最新版.xlsx,application/vnd.openxmlformats-officedocument.spreadsheetml.sheet,46460,,REQUEST_BYTES_OR_EXPLICIT_NOT_FOUND
conv_9f52e89fe262,e33fb68b-08fd-467a-a470-dd85496896e6,user,u_018e29abdc45a580bd,conv_9f52e89fe262:26726945,42286,资金流与收支预测表9.15-v3.xlsx,对话附件/资金流与收支预测表9.15-v3.xlsx,application/vnd.openxmlformats-officedocument.spreadsheetml.sheet,47092,,REQUEST_BYTES_OR_EXPLICIT_NOT_FOUND
conv_9f52e89fe262,e33fb68b-08fd-467a-a470-dd85496896e6,user,u_7309dbd491c59e4204,conv_9f52e89fe262:27add9d4,42291,资金流与收支预测表9.15-v4.xlsx,对话附件/资金流与收支预测表9.15-v4.xlsx,application/vnd.openxmlformats-officedocument.spreadsheetml.sheet,46921,,REQUEST_BYTES_OR_EXPLICIT_NOT_FOUND
conv_9f52e89fe262,e33fb68b-08fd-467a-a470-dd85496896e6,user,u_c1b18b29e52ec05bc9,conv_9f52e89fe262:b67acfed,42295,资金流与收支预测表9.15最新版v5.xlsx,对话附件/资金流与收支预测表9.15最新版v5.xlsx,application/vnd.openxmlformats-officedocument.spreadsheetml.sheet,46518,,REQUEST_BYTES_OR_EXPLICIT_NOT_FOUND
conv_9f52e89fe262,e33fb68b-08fd-467a-a470-dd85496896e6,user,u_65ef60cc1e08a1a397,conv_9f52e89fe262:35efc342,42302,资金流与收支预测表9.15v6.xlsx,对话附件/资金流与收支预测表9.15v6.xlsx,application/vnd.openxmlformats-officedocument.spreadsheetml.sheet,46726,,REQUEST_BYTES_OR_EXPLICIT_NOT_FOUND
conv_9f52e89fe262,e33fb68b-08fd-467a-a470-dd85496896e6,user,u_b3d69a441d321b91a1,conv_9f52e89fe262:0daf92d3,42308,资金流与收支预测表9.15最新版v7.xlsx,对话附件/资金流与收支预测表9.15最新版v7.xlsx,application/vnd.openxmlformats-officedocument.spreadsheetml.sheet,46652,,REQUEST_BYTES_OR_EXPLICIT_NOT_FOUND
conv_9f52e89fe262,e33fb68b-08fd-467a-a470-dd85496896e6,user,u_38d8318b7ee8fc36d3,conv_9f52e89fe262:f70265c4,42311,资金流与收支预测表9.15最新v8.xlsx,对话附件/资金流与收支预测表9.15最新v8.xlsx,application/vnd.openxmlformats-officedocument.spreadsheetml.sheet,46973,,REQUEST_BYTES_OR_EXPLICIT_NOT_FOUND
conv_9f52e89fe262,e33fb68b-08fd-467a-a470-dd85496896e6,user,u_6be8e21810f5d48d28,conv_9f52e89fe262:8a3e0762,42716,中青年工程师创新创业大赛-国产化能量源抗衰器械的逆势新路-王亮.pptx,对话附件/中青年工程师创新创业大赛-国产化能量源抗衰器械的逆势新路-王亮.pptx,application/vnd.openxmlformats-officedocument.presentationml.presentation,107826892,,REQUEST_BYTES_OR_EXPLICIT_NOT_FOUND
conv_9f52e89fe262,e33fb68b-08fd-467a-a470-dd85496896e6,user,u_85601e16e0f3b0ada9,conv_9f52e89fe262:bb130713,42731,国产化能量源抗衰器械路演答辩演讲稿_15分钟.docx (2).html,对话附件/国产化能量源抗衰器械路演答辩演讲稿_15分钟.docx (2).html,text/plain,21630,,REQUEST_BYTES_OR_EXPLICIT_NOT_FOUND
conv_9f52e89fe262,e33fb68b-08fd-467a-a470-dd85496896e6,user,u_4d24aeaae76c5012f9,conv_9f52e89fe262:7c00785c,42900,上海美鲸灵医疗科技有限公司-国产能量抗衰器械9.20.pdf,对话附件/上海美鲸灵医疗科技有限公司-国产能量抗衰器械9.20.pdf,application/pdf,3479609,,REQUEST_BYTES_OR_EXPLICIT_NOT_FOUND
conv_9f52e89fe262,e33fb68b-08fd-467a-a470-dd85496896e6,user,u_3bc924f7aa20925cdd,conv_9f52e89fe262:059cc742,42931,国产能量抗衰器械路演演讲稿_10分钟.docx.html,对话附件/国产能量抗衰器械路演演讲稿_10分钟.docx.html,text/plain,16621,,REQUEST_BYTES_OR_EXPLICIT_NOT_FOUND
conv_049156fe4bfc,5a7ea6c4-cb72-415d-8298-8b5ced8f3347,user,u_3dfc2680db5d32654d,conv_049156fe4bfc:msg_1,25675,Q2_业务汇报_2026.docx,对话附件/Q2_业务汇报_2026.docx,application/vnd.openxmlformats-officedocument.wordprocessingml.document,19399,,REQUEST_BYTES_OR_EXPLICIT_NOT_FOUND
conv_e4524ffbc723,5a7ea6c4-cb72-415d-8298-8b5ced8f3347,user,u_22e1aa0061ba1027cd,conv_e4524ffbc723:b55aa6c4,25685,02_高级临床项目经理_JD与评分标准.pdf,AI 工作区/EvoMind企业案例_V2_截图整理与Skill全量案例/04_复用原案例素材/01_企业知识库/02_高级临床项目经理_JD与评分标准.pdf,application/pdf,4079,,REQUEST_BYTES_OR_EXPLICIT_NOT_FOUND
conv_e4524ffbc723,5a7ea6c4-cb72-415d-8298-8b5ced8f3347,user,u_22e1aa0061ba1027cd,conv_e4524ffbc723:b55aa6c4,25685,01_公司简介与组织架构.pdf,AI 工作区/EvoMind企业案例_V2_截图整理与Skill全量案例/04_复用原案例素材/01_企业知识库/01_公司简介与组织架构.pdf,application/pdf,4274,,REQUEST_BYTES_OR_EXPLICIT_NOT_FOUND
conv_e4524ffbc723,5a7ea6c4-cb72-415d-8298-8b5ced8f3347,user,u_22e1aa0061ba1027cd,conv_e4524ffbc723:b55aa6c4,25685,03_历史招聘复盘与优秀员工画像.pdf,AI 工作区/EvoMind企业案例_V2_截图整理与Skill全量案例/04_复用原案例素材/01_企业知识库/03_历史招聘复盘与优秀员工画像.pdf,application/pdf,3573,,REQUEST_BYTES_OR_EXPLICIT_NOT_FOUND
conv_e982ce5c14b0,5a7ea6c4-cb72-415d-8298-8b5ced8f3347,user,u_cf2eea6c4bd7482f8b,c9c8c3a3-489e-41d4-a85c-6cfac3eb2e06,25709,monthly_financial_report.pdf,对话附件/monthly_financial_report.pdf,application/pdf,3296495,,REQUEST_BYTES_OR_EXPLICIT_NOT_FOUND
conv_bc9366497601,5a7ea6c4-cb72-415d-8298-8b5ced8f3347,user,u_56f0ce29ce8126fd8f,conv_bc9366497601:msg_1,25711,monthly_financial_report (2).pdf,对话附件/monthly_financial_report (2).pdf,application/pdf,3296495,,REQUEST_BYTES_OR_EXPLICIT_NOT_FOUND
conv_920face391e5,5a7ea6c4-cb72-415d-8298-8b5ced8f3347,user,u_c6d252452cffcaafe4,conv_920face391e5:msg_1,25734,A03_销售线索与客户画像_模拟.md,AI 工作区/EvoMind企业案例_V2_截图整理与Skill全量案例/03_Skill案例素材/A03_销售线索与客户画像_模拟.md,text/markdown,590,,REQUEST_BYTES_OR_EXPLICIT_NOT_FOUND
conv_737c4b010b18,b37ceae7-21e7-4f6e-a02a-57dfac4b0fe6,user,u_8fed5f5c7dfb97b36b,conv_737c4b010b18:msg_1,25742,2026-08-09_科委概念验证专项管理平台_方案_V1.0.docx,对话附件/2026-08-09_科委概念验证专项管理平台_方案_V1.0.docx,application/vnd.openxmlformats-officedocument.wordprocessingml.document,4338314,,REQUEST_BYTES_OR_EXPLICIT_NOT_FOUND
conv_8ca69d6ae5ea,8414db33-feee-4461-a402-8ab03b6ecba4,user,u_aa577f2d41b98ebc5f,conv_8ca69d6ae5ea:msg_1,25769,薄荷基金-保密协议模板(2).doc,对话附件/薄荷基金-保密协议模板(2).doc,application/msword,70656,,REQUEST_BYTES_OR_EXPLICIT_NOT_FOUND
conv_c1ad314b1771,5eb1a1c6-d647-47fe-8036-9dc731aa0b5c,user,u_49c5466be1145a5b03,conv_c1ad314b1771:msg_1,25779,附件1.项目入库申请书(X-RAY CAMERA).pdf,对话附件/附件1.项目入库申请书(X-RAY CAMERA).pdf,application/pdf,595373,,REQUEST_BYTES_OR_EXPLICIT_NOT_FOUND
conv_c1ad314b1771,5eb1a1c6-d647-47fe-8036-9dc731aa0b5c,user,u_49c5466be1145a5b03,conv_c1ad314b1771:msg_1,25779,附件1（补充）.用于大科学装置的X射线成像探测器开发.pdf,对话附件/附件1（补充）.用于大科学装置的X射线成像探测器开发.pdf,application/pdf,10899313,,REQUEST_BYTES_OR_EXPLICIT_NOT_FOUND
conv_c1ad314b1771,5eb1a1c6-d647-47fe-8036-9dc731aa0b5c,user,u_49c5466be1145a5b03,conv_c1ad314b1771:msg_1,25779,附件2：概念验证立项评估表 (2).docx,对话附件/附件2：概念验证立项评估表 (2).docx,application/vnd.openxmlformats-officedocument.wordprocessingml.document,20493,,REQUEST_BYTES_OR_EXPLICIT_NOT_FOUND
conv_c1ad314b1771,5eb1a1c6-d647-47fe-8036-9dc731aa0b5c,user,u_49c5466be1145a5b03,conv_c1ad314b1771:msg_1,25779,附件3：专家意见表 (2).docx,对话附件/附件3：专家意见表 (2).docx,application/vnd.openxmlformats-officedocument.wordprocessingml.document,18900,,REQUEST_BYTES_OR_EXPLICIT_NOT_FOUND
conv_459d2d4c662a,5a7ea6c4-cb72-415d-8298-8b5ced8f3347,user,u_e50d6283a3fec1a927,480a1cb1-a2b6-4ea2-b7ee-d3b2fbc34d39,25850,EvoMind_微信公众号_视频号_每日自动内容工厂_能力测试提示词.md,对话附件/EvoMind_微信公众号_视频号_每日自动内容工厂_能力测试提示词.md,text/markdown,19505,,REQUEST_BYTES_OR_EXPLICIT_NOT_FOUND
conv_8b8570891486,5eb1a1c6-d647-47fe-8036-9dc731aa0b5c,user,u_73332371814f34326c,conv_8b8570891486:msg_1,25887,Tribridge Capital Mutual NDA.docx,对话附件/Tribridge Capital Mutual NDA.docx,application/vnd.openxmlformats-officedocument.wordprocessingml.document,5264258,,REQUEST_BYTES_OR_EXPLICIT_NOT_FOUND
conv_6fb29f5be5cb,b37ceae7-21e7-4f6e-a02a-57dfac4b0fe6,user,u_f4bc438a03d018a016,conv_6fb29f5be5cb:8f6ff1d2,25993,个人履历_嵇轶伦_2024.docx,对话附件/个人履历_嵇轶伦_2024.docx,application/vnd.openxmlformats-officedocument.wordprocessingml.document,35446,,REQUEST_BYTES_OR_EXPLICIT_NOT_FOUND
conv_6fb29f5be5cb,b37ceae7-21e7-4f6e-a02a-57dfac4b0fe6,user,u_b69d0a7c889c1710d0,conv_6fb29f5be5cb:msg_3,25994,个人履历_嵇轶伦_2024.docx,对话附件/个人履历_嵇轶伦_2024.docx,application/vnd.openxmlformats-officedocument.wordprocessingml.document,35446,,REQUEST_BYTES_OR_EXPLICIT_NOT_FOUND
conv_a999f104e767,5a7ea6c4-cb72-415d-8298-8b5ced8f3347,user,u_eb0a0e17cb969fe304,conv_a999f104e767:92f414e5,26110,wechat-mcp-api-research.md,对话附件/wechat-mcp-api-research.md,text/markdown,9932,,REQUEST_BYTES_OR_EXPLICIT_NOT_FOUND
conv_a999f104e767,5a7ea6c4-cb72-415d-8298-8b5ced8f3347,user,u_6e5165dfc9ccd0b906,conv_a999f104e767:msg_139,26111,wechat-mcp-api-research.md,对话附件/wechat-mcp-api-research.md,text/markdown,9932,,REQUEST_BYTES_OR_EXPLICIT_NOT_FOUND
conv_b17e628f68dc,bb195a6d-9280-479c-be5c-eac7b2abba5f,user,u_2c5a262ff74d4567ea,conv_b17e628f68dc:msg_3,26181,***HEX***.jpg,对话附件/***HEX***.jpg,image/jpeg,40390,,REQUEST_BYTES_OR_EXPLICIT_NOT_FOUND
conv_2e74260e9cc9,b37ceae7-21e7-4f6e-a02a-57dfac4b0fe6,user,u_c31c23162685f88bb1,conv_2e74260e9cc9:msg_1,26636,***HEX***.png,对话附件/***HEX***.png,image/png,248776,,REQUEST_BYTES_OR_EXPLICIT_NOT_FOUND
conv_6dcabb7eaa6c,8414db33-feee-4461-a402-8ab03b6ecba4,user,u_31d719b819807a7f5f,conv_6dcabb7eaa6c:cc186113,26753,3D打印行业研究报告.docx,对话附件/3D打印行业研究报告.docx,application/vnd.openxmlformats-officedocument.wordprocessingml.document,64872,,REQUEST_BYTES_OR_EXPLICIT_NOT_FOUND
conv_6dcabb7eaa6c,8414db33-feee-4461-a402-8ab03b6ecba4,user,u_f9fa4ee05bd976d919,conv_6dcabb7eaa6c:msg_1,26754,3D打印行业研究报告.docx,对话附件/3D打印行业研究报告.docx,application/vnd.openxmlformats-officedocument.wordprocessingml.document,64872,,REQUEST_BYTES_OR_EXPLICIT_NOT_FOUND
conv_19680ac4434e,b37ceae7-21e7-4f6e-a02a-57dfac4b0fe6,user,u_1411eb747b5233c975,conv_19680ac4434e:msg_1,26849,优复博-核电焊接机器人PreA融资Teaser v1.8(1).pdf,对话附件/优复博-核电焊接机器人PreA融资Teaser v1.8(1).pdf,application/pdf,1563965,,REQUEST_BYTES_OR_EXPLICIT_NOT_FOUND
conv_19680ac4434e,b37ceae7-21e7-4f6e-a02a-57dfac4b0fe6,user,u_27c127a4db6a97b486,conv_19680ac4434e:msg_91,26908,***HEX***.png,对话附件/***HEX***.png,image/png,866360,,REQUEST_BYTES_OR_EXPLICIT_NOT_FOUND
conv_19680ac4434e,b37ceae7-21e7-4f6e-a02a-57dfac4b0fe6,user,u_27c127a4db6a97b486,conv_19680ac4434e:msg_91,26908,***HEX***.png,对话附件/***HEX***.png,image/png,1715870,,REQUEST_BYTES_OR_EXPLICIT_NOT_FOUND
conv_19680ac4434e,b37ceae7-21e7-4f6e-a02a-57dfac4b0fe6,user,u_27c127a4db6a97b486,conv_19680ac4434e:msg_91,26908,***HEX***.png,对话附件/***HEX***.png,image/png,928434,,REQUEST_BYTES_OR_EXPLICIT_NOT_FOUND
conv_19680ac4434e,b37ceae7-21e7-4f6e-a02a-57dfac4b0fe6,user,u_27c127a4db6a97b486,conv_19680ac4434e:msg_91,26908,***HEX***.png,对话附件/***HEX***.png,image/png,945101,,REQUEST_BYTES_OR_EXPLICIT_NOT_FOUND
conv_19680ac4434e,b37ceae7-21e7-4f6e-a02a-57dfac4b0fe6,user,u_27c127a4db6a97b486,conv_19680ac4434e:msg_91,26908,***HEX***.png,对话附件/***HEX***.png,image/png,1478947,,REQUEST_BYTES_OR_EXPLICIT_NOT_FOUND
conv_19680ac4434e,b37ceae7-21e7-4f6e-a02a-57dfac4b0fe6,user,u_27c127a4db6a97b486,conv_19680ac4434e:msg_91,26908,***HEX***.png,对话附件/***HEX***.png,image/png,659724,,REQUEST_BYTES_OR_EXPLICIT_NOT_FOUND
conv_19680ac4434e,b37ceae7-21e7-4f6e-a02a-57dfac4b0fe6,user,u_27c127a4db6a97b486,conv_19680ac4434e:msg_91,26908,***HEX***.png,对话附件/***HEX***.png,image/png,849544,,REQUEST_BYTES_OR_EXPLICIT_NOT_FOUND
conv_19680ac4434e,b37ceae7-21e7-4f6e-a02a-57dfac4b0fe6,user,u_27c127a4db6a97b486,conv_19680ac4434e:msg_91,26908,***HEX***.png,对话附件/***HEX***.png,image/png,720081,,REQUEST_BYTES_OR_EXPLICIT_NOT_FOUND
conv_19680ac4434e,b37ceae7-21e7-4f6e-a02a-57dfac4b0fe6,user,u_27c127a4db6a97b486,conv_19680ac4434e:msg_91,26908,***HEX***.png,对话附件/***HEX***.png,image/png,953084,,REQUEST_BYTES_OR_EXPLICIT_NOT_FOUND
conv_19680ac4434e,b37ceae7-21e7-4f6e-a02a-57dfac4b0fe6,user,u_27c127a4db6a97b486,conv_19680ac4434e:msg_91,26908,***HEX***.png,对话附件/***HEX***.png,image/png,1230070,,REQUEST_BYTES_OR_EXPLICIT_NOT_FOUND
conv_19680ac4434e,b37ceae7-21e7-4f6e-a02a-57dfac4b0fe6,user,u_27c127a4db6a97b486,conv_19680ac4434e:msg_91,26908,***HEX***.png,对话附件/***HEX***.png,image/png,914710,,REQUEST_BYTES_OR_EXPLICIT_NOT_FOUND
conv_19680ac4434e,b37ceae7-21e7-4f6e-a02a-57dfac4b0fe6,user,u_27c127a4db6a97b486,conv_19680ac4434e:msg_91,26908,***HEX***.png,对话附件/***HEX***.png,image/png,985987,,REQUEST_BYTES_OR_EXPLICIT_NOT_FOUND
conv_19680ac4434e,b37ceae7-21e7-4f6e-a02a-57dfac4b0fe6,user,u_27c127a4db6a97b486,conv_19680ac4434e:msg_91,26908,***HEX***.png,对话附件/***HEX***.png,image/png,1098901,,REQUEST_BYTES_OR_EXPLICIT_NOT_FOUND
conv_19680ac4434e,b37ceae7-21e7-4f6e-a02a-57dfac4b0fe6,user,u_27585f9130c7f30de8,34780d7a-cf3e-4aec-94d3-066e74df73ad,27343,优复博_yofoAIROS_V5.3-t(1).pdf,对话附件/优复博_yofoAIROS_V5.3-t(1).pdf,application/pdf,3555085,,REQUEST_BYTES_OR_EXPLICIT_NOT_FOUND
conv_2680d1b5f71e,86b4712b-d230-45a7-9959-2124a30c37fd,user,u_ed864a19fe9d0fd6a5,f9e46bee-f3a3-4a8e-a98f-cd16d4bc1d8e,26882,微信图片_2026-08-17_113534_090.png,个人知识库/微信图片_2026-08-17_113534_090.png,image/png,242866,workspace,REQUEST_BYTES_OR_EXPLICIT_NOT_FOUND
conv_2680d1b5f71e,86b4712b-d230-45a7-9959-2124a30c37fd,user,u_ed864a19fe9d0fd6a5,f9e46bee-f3a3-4a8e-a98f-cd16d4bc1d8e,26882,微信图片_2026-08-17_113540_821.png,个人知识库/微信图片_2026-08-17_113540_821.png,image/png,102872,workspace,REQUEST_BYTES_OR_EXPLICIT_NOT_FOUND
conv_97100bdcb068,8414db33-feee-4461-a402-8ab03b6ecba4,user,u_ff6d15b2b4eef310d7,conv_97100bdcb068:msg_1,26935,【TC18】华恒生合万物TS-20260817.docx,对话附件/【TC18】华恒生合万物TS-20260817.docx,application/vnd.openxmlformats-officedocument.wordprocessingml.document,51432,,REQUEST_BYTES_OR_EXPLICIT_NOT_FOUND
conv_db09358aab86,86b4712b-d230-45a7-9959-2124a30c37fd,user,u_08f11539cafd9b1dcf,conv_db09358aab86:msg_5,27037,【AI应用开发工程师（后端）_上海 10-15K】付浩达 4年.pdf,个人知识库/胆大求索-后端/【AI应用开发工程师（后端）_上海 10-15K】付浩达 4年.pdf,application/pdf,552471,,REQUEST_BYTES_OR_EXPLICIT_NOT_FOUND
conv_db09358aab86,86b4712b-d230-45a7-9959-2124a30c37fd,user,u_08f11539cafd9b1dcf,conv_db09358aab86:msg_5,27037,【AI应用开发工程师（后端）_上海 10-15K】张先生 2年.pdf,个人知识库/胆大求索-后端/【AI应用开发工程师（后端）_上海 10-15K】张先生 2年.pdf,application/pdf,501322,,REQUEST_BYTES_OR_EXPLICIT_NOT_FOUND
conv_db09358aab86,86b4712b-d230-45a7-9959-2124a30c37fd,user,u_08f11539cafd9b1dcf,conv_db09358aab86:msg_5,27037,【AI应用开发工程师（后端）_上海 10-15K】敖阳 3年.pdf,个人知识库/胆大求索-后端/【AI应用开发工程师（后端）_上海 10-15K】敖阳 3年.pdf,application/pdf,902356,,REQUEST_BYTES_OR_EXPLICIT_NOT_FOUND
conv_db09358aab86,86b4712b-d230-45a7-9959-2124a30c37fd,user,u_08f11539cafd9b1dcf,conv_db09358aab86:msg_5,27037,【AI应用开发工程师（后端）_上海 10-15K】李文豪 4年.pdf,个人知识库/胆大求索-后端/【AI应用开发工程师（后端）_上海 10-15K】李文豪 4年.pdf,application/pdf,480790,,REQUEST_BYTES_OR_EXPLICIT_NOT_FOUND
conv_db09358aab86,86b4712b-d230-45a7-9959-2124a30c37fd,user,u_08f11539cafd9b1dcf,conv_db09358aab86:msg_5,27037,【AI应用开发工程师（后端）_上海 10-15K】王冰洁 3年.pdf,个人知识库/胆大求索-后端/【AI应用开发工程师（后端）_上海 10-15K】王冰洁 3年.pdf,application/pdf,220181,,REQUEST_BYTES_OR_EXPLICIT_NOT_FOUND
conv_db09358aab86,86b4712b-d230-45a7-9959-2124a30c37fd,user,u_08f11539cafd9b1dcf,conv_db09358aab86:msg_5,27037,【AI应用开发工程师（后端）_上海 10-15K】王郡帅 3年.pdf,个人知识库/胆大求索-后端/【AI应用开发工程师（后端）_上海 10-15K】王郡帅 3年.pdf,application/pdf,426492,,REQUEST_BYTES_OR_EXPLICIT_NOT_FOUND
conv_db09358aab86,86b4712b-d230-45a7-9959-2124a30c37fd,user,u_08f11539cafd9b1dcf,conv_db09358aab86:msg_5,27037,【AI应用开发工程师（后端）_上海 10-15K】王靖博 4年.pdf,个人知识库/胆大求索-后端/【AI应用开发工程师（后端）_上海 10-15K】王靖博 4年.pdf,application/pdf,498633,,REQUEST_BYTES_OR_EXPLICIT_NOT_FOUND
conv_db09358aab86,86b4712b-d230-45a7-9959-2124a30c37fd,user,u_08f11539cafd9b1dcf,conv_db09358aab86:msg_5,27037,【AI应用开发工程师（后端）_上海 10-15K】白贵祥 3年.pdf,个人知识库/胆大求索-后端/【AI应用开发工程师（后端）_上海 10-15K】白贵祥 3年.pdf,application/pdf,641330,,REQUEST_BYTES_OR_EXPLICIT_NOT_FOUND
conv_db09358aab86,86b4712b-d230-45a7-9959-2124a30c37fd,user,u_08f11539cafd9b1dcf,conv_db09358aab86:msg_5,27037,【AI应用开发工程师（后端）_上海 10-15K】赵焕庭 4年.pdf,个人知识库/胆大求索-后端/【AI应用开发工程师（后端）_上海 10-15K】赵焕庭 4年.pdf,application/pdf,214174,,REQUEST_BYTES_OR_EXPLICIT_NOT_FOUND
conv_db09358aab86,86b4712b-d230-45a7-9959-2124a30c37fd,user,u_08f11539cafd9b1dcf,conv_db09358aab86:msg_5,27037,【AI应用开发工程师（后端）_上海 10-15K】赵瑞 2年.pdf,个人知识库/胆大求索-后端/【AI应用开发工程师（后端）_上海 10-15K】赵瑞 2年.pdf,application/pdf,392045,,REQUEST_BYTES_OR_EXPLICIT_NOT_FOUND
conv_15bf426031fc,9ec46491-a41d-4dd1-bddd-15b39cf60a14,user,u_2b6dc5c79df6b9d74e,conv_15bf426031fc:msg_41,27231,2026年8月30日-AI赋能科学与工程创新-活动报名方案(2).docx,对话附件/2026年8月30日-AI赋能科学与工程创新-活动报名方案(2).docx,application/vnd.openxmlformats-officedocument.wordprocessingml.document,17446,,REQUEST_BYTES_OR_EXPLICIT_NOT_FOUND
conv_15bf426031fc,9ec46491-a41d-4dd1-bddd-15b39cf60a14,user,u_7e444837b9961191a4,conv_15bf426031fc:msg_111,27260,***HEX*** (2).jpeg,对话附件/***HEX*** (2).jpeg,image/jpeg,124213,,REQUEST_BYTES_OR_EXPLICIT_NOT_FOUND
conv_15bf426031fc,9ec46491-a41d-4dd1-bddd-15b39cf60a14,user,u_cbad6b776ae8e42048,conv_15bf426031fc:msg_53,29071,***HEX***.jpeg,对话附件/***HEX***.jpeg,image/jpeg,124213,,REQUEST_BYTES_OR_EXPLICIT_NOT_FOUND
conv_15bf426031fc,9ec46491-a41d-4dd1-bddd-15b39cf60a14,user,u_94f1c76353b6496ddc,conv_15bf426031fc:msg_193,29112,2026年8月30日-AI赋能科学与工程创新-活动报名方案(2) (2).docx,对话附件/2026年8月30日-AI赋能科学与工程创新-活动报名方案(2) (2).docx,application/vnd.openxmlformats-officedocument.wordprocessingml.document,14185,,REQUEST_BYTES_OR_EXPLICIT_NOT_FOUND
conv_15bf426031fc,9ec46491-a41d-4dd1-bddd-15b39cf60a14,user,u_07a0bda12e23c0606c,dff05d57-8d36-484a-8fc0-2c4159aaafb9,29130,2026年8月30日-AI赋能科学与工程创新-活动报名方案(1).docx,对话附件/2026年8月30日-AI赋能科学与工程创新-活动报名方案(1).docx,application/vnd.openxmlformats-officedocument.wordprocessingml.document,19496,,REQUEST_BYTES_OR_EXPLICIT_NOT_FOUND
conv_15bf426031fc,9ec46491-a41d-4dd1-bddd-15b39cf60a14,user,u_447b4a4f751be06195,conv_15bf426031fc:f1bcbdef,29446,***HEX***.jpg,对话附件/***HEX***.jpg,image/jpeg,342783,,REQUEST_BYTES_OR_EXPLICIT_NOT_FOUND
conv_15bf426031fc,9ec46491-a41d-4dd1-bddd-15b39cf60a14,user,u_f3c8fc2ad073fff953,conv_15bf426031fc:a1827aa1,33666,2026-08-20_SpeedBot_投资BP.pptx,对话附件/2026-08-20_SpeedBot_投资BP.pptx,application/vnd.openxmlformats-officedocument.presentationml.presentation,22615058,,REQUEST_BYTES_OR_EXPLICIT_NOT_FOUND
conv_15bf426031fc,9ec46491-a41d-4dd1-bddd-15b39cf60a14,user,u_3c6cf67625995a661e,5403deed-97f2-4a50-846f-e53ec3f7836d,40474,宋宇-简历.docx,对话附件/宋宇-简历.docx,application/vnd.openxmlformats-officedocument.wordprocessingml.document,20068,,REQUEST_BYTES_OR_EXPLICIT_NOT_FOUND
conv_15bf426031fc,9ec46491-a41d-4dd1-bddd-15b39cf60a14,user,u_30688152f7189df731,8f098c2e-c8df-4e06-aa76-4b388c2b750f,40503,中科国生公司简介.docx,对话附件/中科国生公司简介.docx,application/vnd.openxmlformats-officedocument.wordprocessingml.document,12341,,REQUEST_BYTES_OR_EXPLICIT_NOT_FOUND
conv_32570f971950,8414db33-feee-4461-a402-8ab03b6ecba4,user,u_8404d9c9648105babd,conv_32570f971950:msg_1,27059,未来工场投资框架协议-合世家(1).doc,对话附件/未来工场投资框架协议-合世家(1).doc,application/msword,46080,,REQUEST_BYTES_OR_EXPLICIT_NOT_FOUND
conv_32570f971950,8414db33-feee-4461-a402-8ab03b6ecba4,user,u_580e2a86efd92d58b3,conv_32570f971950:a150aa87,27073,未来工场投资框架协议-合世家(1) - 副本.doc,对话附件/未来工场投资框架协议-合世家(1) - 副本.doc,application/msword,49152,,REQUEST_BYTES_OR_EXPLICIT_NOT_FOUND
conv_32570f971950,8414db33-feee-4461-a402-8ab03b6ecba4,user,u_2e5a70a6887187f058,conv_32570f971950:msg_31,27074,未来工场投资框架协议-合世家(1) - 副本.doc,对话附件/未来工场投资框架协议-合世家(1) - 副本.doc,application/msword,49152,,REQUEST_BYTES_OR_EXPLICIT_NOT_FOUND
conv_6b1d5998b0e7,76d362d5-0552-4b79-8d05-ce0bbb885d9c,user,u_90044e3cd363ccaaff,conv_6b1d5998b0e7:msg_31,27704,2026-08-18_ai_news_001.png,outputs/images/2026-08-18_ai_news_001.png,image/png,1776412,,REQUEST_BYTES_OR_EXPLICIT_NOT_FOUND
conv_05a433473107,5ee08357-1de0-4489-8ee8-6898763c64fa,user,u_725373fd609b8505e6,conv_05a433473107:a5dd2423,27349,【法务总监-投行业务_上海 18-25K】苏兵 10年以上 (3).pdf,对话附件/【法务总监-投行业务_上海 18-25K】苏兵 10年以上 (3).pdf,application/pdf,149005,,REQUEST_BYTES_OR_EXPLICIT_NOT_FOUND
conv_05a433473107,5ee08357-1de0-4489-8ee8-6898763c64fa,user,u_725373fd609b8505e6,conv_05a433473107:a5dd2423,27349,【法务总监-投行业务_上海 18-25K】李振 10年以上.pdf,对话附件/【法务总监-投行业务_上海 18-25K】李振 10年以上.pdf,application/pdf,110803,,REQUEST_BYTES_OR_EXPLICIT_NOT_FOUND
conv_05a433473107,5ee08357-1de0-4489-8ee8-6898763c64fa,user,u_725373fd609b8505e6,conv_05a433473107:msg_1,27350,【法务总监-投行业务_上海 18-25K】苏兵 10年以上 (3).pdf,对话附件/【法务总监-投行业务_上海 18-25K】苏兵 10年以上 (3).pdf,application/pdf,149005,,REQUEST_BYTES_OR_EXPLICIT_NOT_FOUND
conv_05a433473107,5ee08357-1de0-4489-8ee8-6898763c64fa,user,u_725373fd609b8505e6,conv_05a433473107:msg_1,27350,【法务总监-投行业务_上海 18-25K】李振 10年以上.pdf,对话附件/【法务总监-投行业务_上海 18-25K】李振 10年以上.pdf,application/pdf,110803,,REQUEST_BYTES_OR_EXPLICIT_NOT_FOUND
conv_05a433473107,5ee08357-1de0-4489-8ee8-6898763c64fa,user,u_900eb8b530bb3ff68c,conv_05a433473107:771ee692,33961,【法务总监-投行业务_上海 18-25K】谢宗颖 10年以上 (2).pdf,对话附件/【法务总监-投行业务_上海 18-25K】谢宗颖 10年以上 (2).pdf,application/pdf,241738,,REQUEST_BYTES_OR_EXPLICIT_NOT_FOUND
conv_6bd36d8775c5,00124002-b1b7-4b8d-a4ef-e58d8bc3bc51,user,u_07854690a0d05c5296,conv_6bd36d8775c5:msg_17,27408,天辰-易知_科技产业匹配_Agent制作包.zip,易知视频/合集/天辰-易知_科技产业匹配_Agent制作包.zip,text/plain,126148365,,REQUEST_BYTES_OR_EXPLICIT_NOT_FOUND
conv_e71276ba785b,5ee08357-1de0-4489-8ee8-6898763c64fa,user,u_787e50861428f23194,conv_e71276ba785b:9089f9ab,27513,【光电医美设备产品经理（产品+市场）_上海 14-22K】李女士 4年.pdf,对话附件/【光电医美设备产品经理（产品+市场）_上海 14-22K】李女士 4年.pdf,application/pdf,355446,,REQUEST_BYTES_OR_EXPLICIT_NOT_FOUND
conv_e71276ba785b,5ee08357-1de0-4489-8ee8-6898763c64fa,user,u_787e50861428f23194,conv_e71276ba785b:9089f9ab,27513,【光电医美设备产品经理（产品+市场）_上海 14-22K】张先生 8年 (2).pdf,对话附件/【光电医美设备产品经理（产品+市场）_上海 14-22K】张先生 8年 (2).pdf,application/pdf,229520,,REQUEST_BYTES_OR_EXPLICIT_NOT_FOUND
conv_e71276ba785b,5ee08357-1de0-4489-8ee8-6898763c64fa,user,u_905bac9673ce4f8366,conv_e71276ba785b:msg_1,27514,【光电医美设备产品经理（产品+市场）_上海 14-22K】李女士 4年.pdf,对话附件/【光电医美设备产品经理（产品+市场）_上海 14-22K】李女士 4年.pdf,application/pdf,355446,,REQUEST_BYTES_OR_EXPLICIT_NOT_FOUND
conv_e71276ba785b,5ee08357-1de0-4489-8ee8-6898763c64fa,user,u_905bac9673ce4f8366,conv_e71276ba785b:msg_1,27514,【光电医美设备产品经理（产品+市场）_上海 14-22K】张先生 8年 (2).pdf,对话附件/【光电医美设备产品经理（产品+市场）_上海 14-22K】张先生 8年 (2).pdf,application/pdf,229520,,REQUEST_BYTES_OR_EXPLICIT_NOT_FOUND
conv_b6f82f7b4d96,5eb1a1c6-d647-47fe-8036-9dc731aa0b5c,user,u_85da4f32b39ab4e465,conv_b6f82f7b4d96:msg_19,27642,优复博_yofoAIROS_V5.3-t(1).pdf,对话附件/优复博_yofoAIROS_V5.3-t(1).pdf,application/pdf,3555085,,REQUEST_BYTES_OR_EXPLICIT_NOT_FOUND
conv_b6f82f7b4d96,5eb1a1c6-d647-47fe-8036-9dc731aa0b5c,user,u_85da4f32b39ab4e465,conv_b6f82f7b4d96:msg_19,27642,SpeedBot- 202607-简-投资.pptx,对话附件/SpeedBot- 202607-简-投资.pptx,application/vnd.openxmlformats-officedocument.presentationml.presentation,230788648,,REQUEST_BYTES_OR_EXPLICIT_NOT_FOUND
conv_b6f82f7b4d96,5eb1a1c6-d647-47fe-8036-9dc731aa0b5c,user,u_9836643002ab3b7c2f,conv_b6f82f7b4d96:msg_23,27644,image (6).png,对话附件/image (6).png,image/png,286909,,REQUEST_BYTES_OR_EXPLICIT_NOT_FOUND
conv_b6f82f7b4d96,5eb1a1c6-d647-47fe-8036-9dc731aa0b5c,user,u_0fff0d604d3fa049d0,conv_b6f82f7b4d96:msg_57,27657,image (7).png,对话附件/image (7).png,image/png,678843,,REQUEST_BYTES_OR_EXPLICIT_NOT_FOUND
conv_b6f82f7b4d96,5eb1a1c6-d647-47fe-8036-9dc731aa0b5c,user,u_f119d8e5b2fac2197c,conv_b6f82f7b4d96:msg_79,27662,SpeedBot- 人形补充.pptx,对话附件/SpeedBot- 人形补充.pptx,application/vnd.openxmlformats-officedocument.presentationml.presentation,77419049,,REQUEST_BYTES_OR_EXPLICIT_NOT_FOUND
conv_b6f82f7b4d96,5eb1a1c6-d647-47fe-8036-9dc731aa0b5c,user,u_53ca7b42c285d105ab,conv_b6f82f7b4d96:msg_123,27798,2026-08-18_SpeedBot_投资BP.pptx,对话附件/2026-08-18_SpeedBot_投资BP.pptx,application/vnd.openxmlformats-officedocument.presentationml.presentation,22611811,,REQUEST_BYTES_OR_EXPLICIT_NOT_FOUND
conv_b6f82f7b4d96,5eb1a1c6-d647-47fe-8036-9dc731aa0b5c,user,u_76aab154e977fe9275,conv_b6f82f7b4d96:msg_137,27811,敬呈视比特_CIC灼识咨询行业顾问服务提案_20260819vF_compressed(1) (2).pdf,对话附件/敬呈视比特_CIC灼识咨询行业顾问服务提案_20260819vF_compressed(1) (2).pdf,application/pdf,8759540,,REQUEST_BYTES_OR_EXPLICIT_NOT_FOUND
conv_0efb58eb1ff1,5ee08357-1de0-4489-8ee8-6898763c64fa,user,u_08e54da7d48d28e6b1,conv_0efb58eb1ff1:f467e433,27713,国巡机器人企业简介_V1.0.pptx,对话附件/国巡机器人企业简介_V1.0.pptx,application/vnd.openxmlformats-officedocument.presentationml.presentation,280091694,,REQUEST_BYTES_OR_EXPLICIT_NOT_FOUND
conv_0efb58eb1ff1,5ee08357-1de0-4489-8ee8-6898763c64fa,user,u_fffb32bd24b355444e,conv_0efb58eb1ff1:msg_1,27714,国巡机器人企业简介_V1.0.pptx,对话附件/国巡机器人企业简介_V1.0.pptx,application/vnd.openxmlformats-officedocument.presentationml.presentation,280091694,,REQUEST_BYTES_OR_EXPLICIT_NOT_FOUND
conv_0e3d37287c9d,78033208-039e-4772-998f-5498a7808b3e,user,u_0d53c45af58fff13d7,conv_0e3d37287c9d:e1562fce,27761,中航通用BP - 202607.pdf,对话附件/中航通用BP - 202607.pdf,application/pdf,6747564,,REQUEST_BYTES_OR_EXPLICIT_NOT_FOUND
conv_0e3d37287c9d,78033208-039e-4772-998f-5498a7808b3e,user,u_0d53c45af58fff13d7,conv_0e3d37287c9d:e1562fce,27761,中航通用民用领域的业务发展情况介绍 - 20260703.pdf,对话附件/中航通用民用领域的业务发展情况介绍 - 20260703.pdf,application/pdf,214321,,REQUEST_BYTES_OR_EXPLICIT_NOT_FOUND
conv_0e3d37287c9d,78033208-039e-4772-998f-5498a7808b3e,user,u_c1aaf48487c8883c05,conv_0e3d37287c9d:msg_1,27762,中航通用BP - 202607.pdf,对话附件/中航通用BP - 202607.pdf,application/pdf,6747564,,REQUEST_BYTES_OR_EXPLICIT_NOT_FOUND
conv_0e3d37287c9d,78033208-039e-4772-998f-5498a7808b3e,user,u_c1aaf48487c8883c05,conv_0e3d37287c9d:msg_1,27762,中航通用民用领域的业务发展情况介绍 - 20260703.pdf,对话附件/中航通用民用领域的业务发展情况介绍 - 20260703.pdf,application/pdf,214321,,REQUEST_BYTES_OR_EXPLICIT_NOT_FOUND
conv_a9304334a810,5ee08357-1de0-4489-8ee8-6898763c64fa,user,u_a78b37a3c473df6cf1,conv_a9304334a810:msg_1,27779,国巡机器人公司概要及产品介绍.docx,对话附件/国巡机器人公司概要及产品介绍.docx,application/vnd.openxmlformats-officedocument.wordprocessingml.document,13462,,REQUEST_BYTES_OR_EXPLICIT_NOT_FOUND
conv_a9304334a810,5ee08357-1de0-4489-8ee8-6898763c64fa,user,u_a78b37a3c473df6cf1,conv_a9304334a810:msg_1,27779,研发部岗位JD.docx,对话附件/研发部岗位JD.docx,application/vnd.openxmlformats-officedocument.wordprocessingml.document,15109,,REQUEST_BYTES_OR_EXPLICIT_NOT_FOUND
conv_a9304334a810,5ee08357-1de0-4489-8ee8-6898763c64fa,user,u_bb099bd912351299e4,conv_a9304334a810:msg_48,27956,【（研发支持）项目经理-base广州_广州 14-20K】赵永强 5年.pdf,对话附件/【（研发支持）项目经理-base广州_广州 14-20K】赵永强 5年.pdf,application/pdf,228320,,REQUEST_BYTES_OR_EXPLICIT_NOT_FOUND
conv_a9304334a810,5ee08357-1de0-4489-8ee8-6898763c64fa,user,u_d136ad1c62f75dd113,conv_a9304334a810:msg_58,27963,【（巡检场景）SLAM导航算法工程师-base广州_广州 20-30K】李正钊 10年以上.pdf,对话附件/【（巡检场景）SLAM导航算法工程师-base广州_广州 20-30K】李正钊 10年以上.pdf,application/pdf,867931,,REQUEST_BYTES_OR_EXPLICIT_NOT_FOUND
conv_a9304334a810,5ee08357-1de0-4489-8ee8-6898763c64fa,user,u_db207b81b8119fd7a3,conv_a9304334a810:msg_70,28156,【（巡检场景）SLAM导航算法工程师-base广州_广州 20-30K】刘红日 10年以上.pdf,对话附件/【（巡检场景）SLAM导航算法工程师-base广州_广州 20-30K】刘红日 10年以上.pdf,application/pdf,318480,,REQUEST_BYTES_OR_EXPLICIT_NOT_FOUND
conv_a9304334a810,5ee08357-1de0-4489-8ee8-6898763c64fa,user,u_e8c1d67eda9602cde2,conv_a9304334a810:msg_86,28265,【（研发支持）项目经理-base广州_广州 14-20K】张达明 10年以上.pdf,对话附件/【（研发支持）项目经理-base广州_广州 14-20K】张达明 10年以上.pdf,application/pdf,266169,,REQUEST_BYTES_OR_EXPLICIT_NOT_FOUND
conv_a9304334a810,5ee08357-1de0-4489-8ee8-6898763c64fa,user,u_7f3e0a0f51d21ca97b,conv_a9304334a810:1ac6a96d,28325,【巡检机器人硬件设计工程师（base广州）_广州 28-40K】辛海平 10年以上.pdf,对话附件/【巡检机器人硬件设计工程师（base广州）_广州 28-40K】辛海平 10年以上.pdf,application/pdf,139418,,REQUEST_BYTES_OR_EXPLICIT_NOT_FOUND
conv_a9304334a810,5ee08357-1de0-4489-8ee8-6898763c64fa,user,u_7f3e0a0f51d21ca97b,conv_a9304334a810:1ac6a96d,28325,【巡检机器人硬件设计工程师（base广州）_广州 28-40K】符泽新 10年以上.pdf,对话附件/【巡检机器人硬件设计工程师（base广州）_广州 28-40K】符泽新 10年以上.pdf,application/pdf,171046,,REQUEST_BYTES_OR_EXPLICIT_NOT_FOUND
conv_a9304334a810,5ee08357-1de0-4489-8ee8-6898763c64fa,user,u_bfb8f66889fde00126,conv_a9304334a810:msg_102,28326,【巡检机器人硬件设计工程师（base广州）_广州 28-40K】辛海平 10年以上.pdf,对话附件/【巡检机器人硬件设计工程师（base广州）_广州 28-40K】辛海平 10年以上.pdf,application/pdf,139418,,REQUEST_BYTES_OR_EXPLICIT_NOT_FOUND
conv_a9304334a810,5ee08357-1de0-4489-8ee8-6898763c64fa,user,u_bfb8f66889fde00126,conv_a9304334a810:msg_102,28326,【巡检机器人硬件设计工程师（base广州）_广州 28-40K】符泽新 10年以上.pdf,对话附件/【巡检机器人硬件设计工程师（base广州）_广州 28-40K】符泽新 10年以上.pdf,application/pdf,171046,,REQUEST_BYTES_OR_EXPLICIT_NOT_FOUND
conv_a9304334a810,5ee08357-1de0-4489-8ee8-6898763c64fa,user,u_71da5d4767d9f2fbdf,conv_a9304334a810:e9485696,28405,国巡机器人人资总监JD.docx,对话附件/国巡机器人人资总监JD.docx,application/vnd.openxmlformats-officedocument.wordprocessingml.document,39194,,REQUEST_BYTES_OR_EXPLICIT_NOT_FOUND
conv_a9304334a810,5ee08357-1de0-4489-8ee8-6898763c64fa,user,u_c21a571ad31c7b39fc,conv_a9304334a810:msg_114,28406,国巡机器人人资总监JD.docx,对话附件/国巡机器人人资总监JD.docx,application/vnd.openxmlformats-officedocument.wordprocessingml.document,39194,,REQUEST_BYTES_OR_EXPLICIT_NOT_FOUND
conv_a9304334a810,5ee08357-1de0-4489-8ee8-6898763c64fa,user,u_4469cd53013afbce0d,conv_a9304334a810:af04288e,28426,【【巡检机器人行业】集团人事总监base广州_广州 28-35K】李想 10年以上.pdf,对话附件/【【巡检机器人行业】集团人事总监base广州_广州 28-35K】李想 10年以上.pdf,application/pdf,157366,,REQUEST_BYTES_OR_EXPLICIT_NOT_FOUND
conv_a9304334a810,5ee08357-1de0-4489-8ee8-6898763c64fa,user,u_dde0292d7439c8868a,conv_a9304334a810:msg_124,28427,【【巡检机器人行业】集团人事总监base广州_广州 28-35K】李想 10年以上.pdf,对话附件/【【巡检机器人行业】集团人事总监base广州_广州 28-35K】李想 10年以上.pdf,application/pdf,157366,,REQUEST_BYTES_OR_EXPLICIT_NOT_FOUND
conv_a9304334a810,5ee08357-1de0-4489-8ee8-6898763c64fa,user,u_0a0c9566e50fae0934,conv_a9304334a810:8c24da6e,28448,【【巡检机器人行业】集团人事总监base广州_广州 28-35K】卢金强 10年以上.pdf,对话附件/【【巡检机器人行业】集团人事总监base广州_广州 28-35K】卢金强 10年以上.pdf,application/pdf,174523,,REQUEST_BYTES_OR_EXPLICIT_NOT_FOUND
conv_a9304334a810,5ee08357-1de0-4489-8ee8-6898763c64fa,user,u_285aa2148759979045,conv_a9304334a810:msg_136,28449,【【巡检机器人行业】集团人事总监base广州_广州 28-35K】卢金强 10年以上.pdf,对话附件/【【巡检机器人行业】集团人事总监base广州_广州 28-35K】卢金强 10年以上.pdf,application/pdf,174523,,REQUEST_BYTES_OR_EXPLICIT_NOT_FOUND
conv_c08aefce64c5,b7cf8bab-99fd-472a-977c-a37c7f833148,user,u_2527352c4eafc73af9,conv_c08aefce64c5:msg_1,27873,image (2).png,对话附件/image (2).png,image/png,429876,,REQUEST_BYTES_OR_EXPLICIT_NOT_FOUND
conv_c08aefce64c5,b7cf8bab-99fd-472a-977c-a37c7f833148,user,u_6b316546f1a988825c,conv_c08aefce64c5:msg_21,27879,image (3).png,对话附件/image (3).png,image/png,218054,,REQUEST_BYTES_OR_EXPLICIT_NOT_FOUND
conv_c08aefce64c5,b7cf8bab-99fd-472a-977c-a37c7f833148,user,u_7a8f39eae470c06cc6,conv_c08aefce64c5:msg_62,27961,09_heart_pouty.png,AI 工作区/成果文件/帮我根据我上传的图片设计一套动作图像 请-conv_c08aefce64c5/动作图像/09_heart_pouty.png,image/png,677262,,REQUEST_BYTES_OR_EXPLICIT_NOT_FOUND
conv_bcf6044319f6,b37ceae7-21e7-4f6e-a02a-57dfac4b0fe6,user,u_7af4aff549f29b2374,faee864a-37dd-4f45-9bd9-16af165482f5,29375,***HEX***.jpg,对话附件/***HEX***.jpg,image/jpeg,2906321,,REQUEST_BYTES_OR_EXPLICIT_NOT_FOUND
conv_bcf6044319f6,b37ceae7-21e7-4f6e-a02a-57dfac4b0fe6,user,u_52de1c2e519d9c76e3,conv_bcf6044319f6:msg_157,29413,扫描全能王 2026-08-22 13.46.pdf,对话附件/扫描全能王 2026-08-22 13.46.pdf,application/pdf,455991,,REQUEST_BYTES_OR_EXPLICIT_NOT_FOUND
conv_bcf6044319f6,b37ceae7-21e7-4f6e-a02a-57dfac4b0fe6,user,u_63ab4f63ade022ee8e,conv_bcf6044319f6:22659f92,29438,扫描全能王 2026-08-22 13.46.pdf,对话附件/扫描全能王 2026-08-22 13.46.pdf,application/pdf,455991,,REQUEST_BYTES_OR_EXPLICIT_NOT_FOUND
conv_bcf6044319f6,b37ceae7-21e7-4f6e-a02a-57dfac4b0fe6,assistant,a_9035ecef397471f7d7,conv_bcf6044319f6:msg_158,29414,扫描全能王 2026-08-22 13.46.pdf,对话附件/扫描全能王 2026-08-22 13.46.pdf,application/pdf,455991,,REQUEST_BYTES_OR_EXPLICIT_NOT_FOUND
conv_bcf6044319f6,b37ceae7-21e7-4f6e-a02a-57dfac4b0fe6,assistant,a_f90c0a4d6aa4961049,conv_bcf6044319f6:msg_168,29415,扫描全能王 2026-08-22 13.46.pdf,对话附件/扫描全能王 2026-08-22 13.46.pdf,application/pdf,455991,,REQUEST_BYTES_OR_EXPLICIT_NOT_FOUND
conv_050cdce318d9,86b4712b-d230-45a7-9959-2124a30c37fd,user,u_0ad2a30354c3e3cb31,conv_050cdce318d9:c18f5cab,27921,【硬件产品经理_广州 15-25K】肖豪 10年以上.pdf,个人知识库/国巡机器人/【硬件产品经理_广州 15-25K】肖豪 10年以上.pdf,application/pdf,372493,,REQUEST_BYTES_OR_EXPLICIT_NOT_FOUND
conv_050cdce318d9,86b4712b-d230-45a7-9959-2124a30c37fd,user,u_1235d22d4c4b224866,conv_050cdce318d9:msg_9,27922,【硬件产品经理_广州 15-25K】肖豪 10年以上.pdf,个人知识库/国巡机器人/【硬件产品经理_广州 15-25K】肖豪 10年以上.pdf,application/pdf,372493,,REQUEST_BYTES_OR_EXPLICIT_NOT_FOUND
conv_050cdce318d9,86b4712b-d230-45a7-9959-2124a30c37fd,user,u_af53bba84581402836,conv_050cdce318d9:msg_15,28194,【硬件产品经理_广州 15-25K】何晓明 10年以上.pdf,个人知识库/国巡机器人/【硬件产品经理_广州 15-25K】何晓明 10年以上.pdf,application/pdf,119846,,REQUEST_BYTES_OR_EXPLICIT_NOT_FOUND
conv_3a5014f38553,edb0fc49-01e2-417f-9d6b-d5115d220cb3,user,u_235e7259db9b74dd01,conv_3a5014f38553:71760eae,27971,科技成果评价2025.pdf,个人知识库/科技成果评价2025.pdf,application/pdf,4614077,,REQUEST_BYTES_OR_EXPLICIT_NOT_FOUND
conv_3a5014f38553,edb0fc49-01e2-417f-9d6b-d5115d220cb3,user,u_235e7259db9b74dd01,conv_3a5014f38553:msg_1,27972,科技成果评价2025.pdf,个人知识库/科技成果评价2025.pdf,application/pdf,4614077,,REQUEST_BYTES_OR_EXPLICIT_NOT_FOUND
conv_3a5014f38553,edb0fc49-01e2-417f-9d6b-d5115d220cb3,user,u_601256ddad9c045964,conv_3a5014f38553:2525f201,28397,科技 成果创新资料及申请表.doc,个人知识库/合生纪康/保健协会食安委/科技 成果创新资料及申请表.doc,application/msword,1382912,,REQUEST_BYTES_OR_EXPLICIT_NOT_FOUND
conv_3a5014f38553,edb0fc49-01e2-417f-9d6b-d5115d220cb3,user,u_601256ddad9c045964,conv_3a5014f38553:2525f201,28397,研制报告写作说明(2)(1).doc,个人知识库/合生纪康/保健协会食安委/研制报告写作说明(2)(1).doc,application/msword,18432,,REQUEST_BYTES_OR_EXPLICIT_NOT_FOUND
conv_3a5014f38553,edb0fc49-01e2-417f-9d6b-d5115d220cb3,user,u_2a2166b6948ec1a537,conv_3a5014f38553:msg_36,28398,科技 成果创新资料及申请表.doc,个人知识库/合生纪康/保健协会食安委/科技 成果创新资料及申请表.doc,application/msword,1382912,,REQUEST_BYTES_OR_EXPLICIT_NOT_FOUND
conv_3a5014f38553,edb0fc49-01e2-417f-9d6b-d5115d220cb3,user,u_2a2166b6948ec1a537,conv_3a5014f38553:msg_36,28398,研制报告写作说明(2)(1).doc,个人知识库/合生纪康/保健协会食安委/研制报告写作说明(2)(1).doc,application/msword,18432,,REQUEST_BYTES_OR_EXPLICIT_NOT_FOUND
conv_591e521ac565,8414db33-feee-4461-a402-8ab03b6ecba4,user,u_9530eb729445e033c4,conv_591e521ac565:msg_1,27997,20260818-未来工场投资框架协议-合世家V1(1).doc,对话附件/20260818-未来工场投资框架协议-合世家V1(1).doc,application/msword,65024,,REQUEST_BYTES_OR_EXPLICIT_NOT_FOUND
conv_591e521ac565,8414db33-feee-4461-a402-8ab03b6ecba4,user,u_9530eb729445e033c4,conv_591e521ac565:msg_1,27997,20260818-创始人承诺函V1(1).docx,对话附件/20260818-创始人承诺函V1(1).docx,application/vnd.openxmlformats-officedocument.wordprocessingml.document,43605,,REQUEST_BYTES_OR_EXPLICIT_NOT_FOUND
conv_591e521ac565,8414db33-feee-4461-a402-8ab03b6ecba4,user,u_c2c4e659cdb0ed0c15,conv_591e521ac565:msg_56,28031,20260818-创始人承诺函V2.docx,对话附件/20260818-创始人承诺函V2.docx,application/vnd.openxmlformats-officedocument.wordprocessingml.document,44383,,REQUEST_BYTES_OR_EXPLICIT_NOT_FOUND
conv_ec2e122cb01d,b37ceae7-21e7-4f6e-a02a-57dfac4b0fe6,user,u_e8266c9ce96567938b,conv_ec2e122cb01d:msg_1,28145,image (7).png,对话附件/image (7).png,image/png,306963,,REQUEST_BYTES_OR_EXPLICIT_NOT_FOUND
conv_126d0b31d3fa,b37ceae7-21e7-4f6e-a02a-57dfac4b0fe6,user,u_09860de430092f2c51,conv_126d0b31d3fa:msg_1,28152,生数EvoMind公司介绍0601.pdf,对话附件/生数EvoMind公司介绍0601.pdf,application/pdf,4847412,,REQUEST_BYTES_OR_EXPLICIT_NOT_FOUND
conv_126d0b31d3fa,b37ceae7-21e7-4f6e-a02a-57dfac4b0fe6,user,u_7ceb7a98e0306fa5dc,conv_126d0b31d3fa:msg_32,28167,2026-08-20_EvoMind科技独角兽落地案例.png,AI 工作区/成果文件/我需要在这份文件里面单独补充一页ppt，-conv_126d0b31d3fa/2026-08-20_EvoMind科技独角兽落地案例.png,image/png,1369878,,REQUEST_BYTES_OR_EXPLICIT_NOT_FOUND
conv_126d0b31d3fa,b37ceae7-21e7-4f6e-a02a-57dfac4b0fe6,user,u_821a3e7d31f57901b6,conv_126d0b31d3fa:msg_52,28205,2026-08-20_EvoMind科技独角兽落地案例_v2.png,AI 工作区/成果文件/我需要在这份文件里面单独补充一页ppt，-conv_126d0b31d3fa/2026-08-20_EvoMind科技独角兽落地案例_v2.png,image/png,1377028,,REQUEST_BYTES_OR_EXPLICIT_NOT_FOUND
conv_126d0b31d3fa,b37ceae7-21e7-4f6e-a02a-57dfac4b0fe6,user,u_158d7812a9eb966dcd,conv_126d0b31d3fa:msg_70,28224,2026-08-20_EvoMind科技独角兽落地案例_v3_极简对比版.png,AI 工作区/成果文件/我需要在这份文件里面单独补充一页ppt，-conv_126d0b31d3fa/2026-08-20_EvoMind科技独角兽落地案例_v3_极简对比版.png,image/png,1216054,,REQUEST_BYTES_OR_EXPLICIT_NOT_FOUND
conv_39f277ef5502,bb195a6d-9280-479c-be5c-eac7b2abba5f,user,u_640359700e17b5e10e,conv_39f277ef5502:76454003,28163,***HEX***.jpg,对话附件/***HEX***.jpg,image/jpeg,248617,,REQUEST_BYTES_OR_EXPLICIT_NOT_FOUND
conv_39f277ef5502,bb195a6d-9280-479c-be5c-eac7b2abba5f,user,u_f6b8808c356c0fa039,conv_39f277ef5502:msg_1,28164,***HEX***.jpg,对话附件/***HEX***.jpg,image/jpeg,248617,,REQUEST_BYTES_OR_EXPLICIT_NOT_FOUND
conv_fbf6d789df0f,03b9ebf1-0db1-4a77-afa7-e6eb0564e734,user,u_2a79a7eb836fa4e7b7,conv_fbf6d789df0f:6370ea50,28282,戴维AC股东协议-20260819-V3.doc,对话附件/戴维AC股东协议-20260819-V3.doc,application/msword,107008,,REQUEST_BYTES_OR_EXPLICIT_NOT_FOUND
conv_fbf6d789df0f,03b9ebf1-0db1-4a77-afa7-e6eb0564e734,user,u_c66813ba6206473458,conv_fbf6d789df0f:msg_1,28283,戴维AC股东协议-20260819-V3.doc,对话附件/戴维AC股东协议-20260819-V3.doc,application/msword,107008,,REQUEST_BYTES_OR_EXPLICIT_NOT_FOUND
conv_70e8edb87e06,03b9ebf1-0db1-4a77-afa7-e6eb0564e734,user,u_c4c6b5e27a854085fe,conv_70e8edb87e06:adc9efd5,28659,保密协议-戴维新材.docx,对话附件/保密协议-戴维新材.docx,application/vnd.openxmlformats-officedocument.wordprocessingml.document,23209,,REQUEST_BYTES_OR_EXPLICIT_NOT_FOUND
conv_70e8edb87e06,03b9ebf1-0db1-4a77-afa7-e6eb0564e734,user,u_7b3f659e5e4c4f148c,conv_70e8edb87e06:msg_26,28660,保密协议-戴维新材.docx,对话附件/保密协议-戴维新材.docx,application/vnd.openxmlformats-officedocument.wordprocessingml.document,23209,,REQUEST_BYTES_OR_EXPLICIT_NOT_FOUND
conv_9132ec6b4bf0,8414db33-feee-4461-a402-8ab03b6ecba4,user,u_b17f2069eef8e2dd3a,conv_9132ec6b4bf0:ac7e4cf7,28333,乐语债权催收.docx,对话附件/乐语债权催收.docx,application/vnd.openxmlformats-officedocument.wordprocessingml.document,15933,,REQUEST_BYTES_OR_EXPLICIT_NOT_FOUND
conv_9132ec6b4bf0,8414db33-feee-4461-a402-8ab03b6ecba4,user,u_f77d51ae0f31dfe3ba,conv_9132ec6b4bf0:msg_1,28334,乐语债权催收.docx,对话附件/乐语债权催收.docx,application/vnd.openxmlformats-officedocument.wordprocessingml.document,15933,,REQUEST_BYTES_OR_EXPLICIT_NOT_FOUND
conv_9132ec6b4bf0,8414db33-feee-4461-a402-8ab03b6ecba4,user,u_a34fffdcdecd7068d0,conv_9132ec6b4bf0:msg_39,28382,新建 DOCX 文档.docx,对话附件/新建 DOCX 文档.docx,application/vnd.openxmlformats-officedocument.wordprocessingml.document,12175,,REQUEST_BYTES_OR_EXPLICIT_NOT_FOUND
conv_170be448a556,8414db33-feee-4461-a402-8ab03b6ecba4,user,u_2e202b0cf68708a572,conv_170be448a556:983de477,28484,数生智创-缴款通知-009号2026.08.20（100万元）(信托版）.docx,对话附件/数生智创-缴款通知-009号2026.08.20（100万元）(信托版）.docx,application/vnd.openxmlformats-officedocument.wordprocessingml.document,20044,,REQUEST_BYTES_OR_EXPLICIT_NOT_FOUND
conv_170be448a556,8414db33-feee-4461-a402-8ab03b6ecba4,user,u_2e202b0cf68708a572,conv_170be448a556:983de477,28484,数生智创-缴款通知-009号2026.08.20（210万元）(客户版）.docx,对话附件/数生智创-缴款通知-009号2026.08.20（210万元）(客户版）.docx,application/vnd.openxmlformats-officedocument.wordprocessingml.document,20076,,REQUEST_BYTES_OR_EXPLICIT_NOT_FOUND
conv_170be448a556,8414db33-feee-4461-a402-8ab03b6ecba4,user,u_b55e0f628648c5b62a,conv_170be448a556:msg_21,28485,数生智创-缴款通知-009号2026.08.20（100万元）(信托版）.docx,对话附件/数生智创-缴款通知-009号2026.08.20（100万元）(信托版）.docx,application/vnd.openxmlformats-officedocument.wordprocessingml.document,20044,,REQUEST_BYTES_OR_EXPLICIT_NOT_FOUND
conv_170be448a556,8414db33-feee-4461-a402-8ab03b6ecba4,user,u_b55e0f628648c5b62a,conv_170be448a556:msg_21,28485,数生智创-缴款通知-009号2026.08.20（210万元）(客户版）.docx,对话附件/数生智创-缴款通知-009号2026.08.20（210万元）(客户版）.docx,application/vnd.openxmlformats-officedocument.wordprocessingml.document,20076,,REQUEST_BYTES_OR_EXPLICIT_NOT_FOUND
conv_37f67058e5a6,8ce7a01f-a204-4311-8608-9437da09755d,user,u_35a2927728ce50c015,conv_37f67058e5a6:msg_1,28495,***HEX***.png,对话附件/***HEX***.png,image/png,150832,,REQUEST_BYTES_OR_EXPLICIT_NOT_FOUND
conv_941120f650f2,76d362d5-0552-4b79-8d05-ce0bbb885d9c,user,u_b726a66e4c9c2b5da7,conv_941120f650f2:msg_1,28500,ScreenShot_2026-07-31_192228_859.png,对话附件/ScreenShot_2026-07-31_192228_859.png,image/png,54700,,REQUEST_BYTES_OR_EXPLICIT_NOT_FOUND
conv_941120f650f2,76d362d5-0552-4b79-8d05-ce0bbb885d9c,user,u_04ff1cee7fc5f7f107,conv_941120f650f2:msg_19,28512,***HEX***.png,对话附件/***HEX***.png,image/png,150832,,REQUEST_BYTES_OR_EXPLICIT_NOT_FOUND
conv_941120f650f2,76d362d5-0552-4b79-8d05-ce0bbb885d9c,user,u_2d86d149f8e4ecf156,c762a4a7-8151-4e9c-9fb8-07254221ff61,28514,***HEX***.png,对话附件/***HEX***.png,image/png,150832,,REQUEST_BYTES_OR_EXPLICIT_NOT_FOUND
conv_941120f650f2,76d362d5-0552-4b79-8d05-ce0bbb885d9c,user,u_635e9f027a39250c6b,conv_941120f650f2:msg_25,28534,b219e48b-4c88-4fc1-bf93-b8eb39be7de4.png,对话附件/b219e48b-4c88-4fc1-bf93-b8eb39be7de4.png,image/png,150832,,REQUEST_BYTES_OR_EXPLICIT_NOT_FOUND
conv_3fb6b3eb1269,76d362d5-0552-4b79-8d05-ce0bbb885d9c,user,u_cde46180b37042a9dc,conv_3fb6b3eb1269:msg_1,28556,xin 生智造ppt(2).pptx,个人知识库/xin 生智造ppt(2).pptx,text/plain,7628513,,REQUEST_BYTES_OR_EXPLICIT_NOT_FOUND
conv_3fb6b3eb1269,76d362d5-0552-4b79-8d05-ce0bbb885d9c,user,u_1c05ab68590883b73f,conv_3fb6b3eb1269:msg_37,28561,xin 生智造ppt(2).pptx,个人知识库/xin 生智造ppt(2).pptx,text/plain,7628513,,REQUEST_BYTES_OR_EXPLICIT_NOT_FOUND
conv_3fb6b3eb1269,76d362d5-0552-4b79-8d05-ce0bbb885d9c,user,u_ee9ae83c8df3858e11,conv_3fb6b3eb1269:msg_51,28566,xin 生智造ppt(2).pptx,xin 生智造ppt(2).pptx,text/plain,7628513,,REQUEST_BYTES_OR_EXPLICIT_NOT_FOUND
conv_3fb6b3eb1269,76d362d5-0552-4b79-8d05-ce0bbb885d9c,user,u_839de70a54de0b1030,conv_3fb6b3eb1269:msg_53,28568,xin 生智造ppt(2).pptx,xin 生智造ppt(2).pptx,text/plain,7628513,,REQUEST_BYTES_OR_EXPLICIT_NOT_FOUND
conv_9f17c99fde01,76d362d5-0552-4b79-8d05-ce0bbb885d9c,user,u_11d93b521b2d6100da,conv_9f17c99fde01:msg_1,28570,xin 生智造ppt(2).pptx,xin 生智造ppt(2).pptx,text/plain,7628513,,REQUEST_BYTES_OR_EXPLICIT_NOT_FOUND
conv_2e198f6ce53c,5ee08357-1de0-4489-8ee8-6898763c64fa,user,u_5e09c9bb9963470251,conv_2e198f6ce53c:105fc918,28691,【【巡检机器人行业】集团人事总监base广州_广州 28-35K】雷先生 10年以上.pdf,对话附件/【【巡检机器人行业】集团人事总监base广州_广州 28-35K】雷先生 10年以上.pdf,application/pdf,237806,,REQUEST_BYTES_OR_EXPLICIT_NOT_FOUND
conv_2e198f6ce53c,5ee08357-1de0-4489-8ee8-6898763c64fa,user,u_5e09c9bb9963470251,conv_2e198f6ce53c:105fc918,28691,【【巡检机器人行业】集团人事总监base广州_广州 28-35K】李先生 10年以上.pdf,对话附件/【【巡检机器人行业】集团人事总监base广州_广州 28-35K】李先生 10年以上.pdf,application/pdf,234639,,REQUEST_BYTES_OR_EXPLICIT_NOT_FOUND
conv_2e198f6ce53c,5ee08357-1de0-4489-8ee8-6898763c64fa,user,u_5e09c9bb9963470251,conv_2e198f6ce53c:105fc918,28691,【【巡检机器人行业】集团人事总监base广州_广州 28-35K】张先生 10年以上.pdf,对话附件/【【巡检机器人行业】集团人事总监base广州_广州 28-35K】张先生 10年以上.pdf,application/pdf,162207,,REQUEST_BYTES_OR_EXPLICIT_NOT_FOUND
conv_2e198f6ce53c,5ee08357-1de0-4489-8ee8-6898763c64fa,user,u_5e09c9bb9963470251,conv_2e198f6ce53c:105fc918,28691,【【巡检机器人行业】集团人事总监base广州_广州 28-35K】汪先生 10年以上.pdf,对话附件/【【巡检机器人行业】集团人事总监base广州_广州 28-35K】汪先生 10年以上.pdf,application/pdf,267695,,REQUEST_BYTES_OR_EXPLICIT_NOT_FOUND
conv_2e198f6ce53c,5ee08357-1de0-4489-8ee8-6898763c64fa,user,u_749379763d0e06b28d,conv_2e198f6ce53c:msg_1,28692,【【巡检机器人行业】集团人事总监base广州_广州 28-35K】雷先生 10年以上.pdf,对话附件/【【巡检机器人行业】集团人事总监base广州_广州 28-35K】雷先生 10年以上.pdf,application/pdf,237806,,REQUEST_BYTES_OR_EXPLICIT_NOT_FOUND
conv_2e198f6ce53c,5ee08357-1de0-4489-8ee8-6898763c64fa,user,u_749379763d0e06b28d,conv_2e198f6ce53c:msg_1,28692,【【巡检机器人行业】集团人事总监base广州_广州 28-35K】李先生 10年以上.pdf,对话附件/【【巡检机器人行业】集团人事总监base广州_广州 28-35K】李先生 10年以上.pdf,application/pdf,234639,,REQUEST_BYTES_OR_EXPLICIT_NOT_FOUND
conv_2e198f6ce53c,5ee08357-1de0-4489-8ee8-6898763c64fa,user,u_749379763d0e06b28d,conv_2e198f6ce53c:msg_1,28692,【【巡检机器人行业】集团人事总监base广州_广州 28-35K】张先生 10年以上.pdf,对话附件/【【巡检机器人行业】集团人事总监base广州_广州 28-35K】张先生 10年以上.pdf,application/pdf,162207,,REQUEST_BYTES_OR_EXPLICIT_NOT_FOUND
conv_2e198f6ce53c,5ee08357-1de0-4489-8ee8-6898763c64fa,user,u_749379763d0e06b28d,conv_2e198f6ce53c:msg_1,28692,【【巡检机器人行业】集团人事总监base广州_广州 28-35K】汪先生 10年以上.pdf,对话附件/【【巡检机器人行业】集团人事总监base广州_广州 28-35K】汪先生 10年以上.pdf,application/pdf,267695,,REQUEST_BYTES_OR_EXPLICIT_NOT_FOUND
conv_2e198f6ce53c,5ee08357-1de0-4489-8ee8-6898763c64fa,user,u_ef4aac1853daf456e5,conv_2e198f6ce53c:45ac7b72,31320,【【巡检机器人行业】集团人事总监base广州_广州 28-35K】赖女士 10年以上.pdf,对话附件/【【巡检机器人行业】集团人事总监base广州_广州 28-35K】赖女士 10年以上.pdf,application/pdf,230800,,REQUEST_BYTES_OR_EXPLICIT_NOT_FOUND
conv_2e198f6ce53c,5ee08357-1de0-4489-8ee8-6898763c64fa,user,u_ef4aac1853daf456e5,conv_2e198f6ce53c:45ac7b72,31320,【【巡检机器人行业】集团人事总监base广州_广州 28-35K】陈雪 10年以上.pdf,对话附件/【【巡检机器人行业】集团人事总监base广州_广州 28-35K】陈雪 10年以上.pdf,application/pdf,187434,,REQUEST_BYTES_OR_EXPLICIT_NOT_FOUND
conv_2e198f6ce53c,5ee08357-1de0-4489-8ee8-6898763c64fa,user,u_ef4aac1853daf456e5,conv_2e198f6ce53c:45ac7b72,31320,【【巡检机器人行业】集团人事总监base广州_广州 28-35K】苏女士 10年以上.pdf,对话附件/【【巡检机器人行业】集团人事总监base广州_广州 28-35K】苏女士 10年以上.pdf,application/pdf,241033,,REQUEST_BYTES_OR_EXPLICIT_NOT_FOUND
conv_2e198f6ce53c,5ee08357-1de0-4489-8ee8-6898763c64fa,user,u_ef4aac1853daf456e5,conv_2e198f6ce53c:45ac7b72,31320,【【巡检机器人行业】集团人事总监base广州_广州 28-35K】孙女士 10年以上.pdf,对话附件/【【巡检机器人行业】集团人事总监base广州_广州 28-35K】孙女士 10年以上.pdf,application/pdf,246108,,REQUEST_BYTES_OR_EXPLICIT_NOT_FOUND
conv_2e198f6ce53c,5ee08357-1de0-4489-8ee8-6898763c64fa,user,u_ef4aac1853daf456e5,conv_2e198f6ce53c:45ac7b72,31320,【【巡检机器人行业】集团人事总监base广州_广州 28-35K】弥树强 10年以上.pdf,对话附件/【【巡检机器人行业】集团人事总监base广州_广州 28-35K】弥树强 10年以上.pdf,application/pdf,225381,,REQUEST_BYTES_OR_EXPLICIT_NOT_FOUND
conv_2e198f6ce53c,5ee08357-1de0-4489-8ee8-6898763c64fa,user,u_ef4aac1853daf456e5,conv_2e198f6ce53c:45ac7b72,31320,【【巡检机器人行业】集团人事总监base广州_广州 28-35K】梁先生 10年以上.pdf,对话附件/【【巡检机器人行业】集团人事总监base广州_广州 28-35K】梁先生 10年以上.pdf,application/pdf,289770,,REQUEST_BYTES_OR_EXPLICIT_NOT_FOUND
conv_2e198f6ce53c,5ee08357-1de0-4489-8ee8-6898763c64fa,user,u_ef4aac1853daf456e5,conv_2e198f6ce53c:45ac7b72,31320,【【巡检机器人行业】集团人事总监base广州_广州 28-35K】熊先生 10年以上.pdf,对话附件/【【巡检机器人行业】集团人事总监base广州_广州 28-35K】熊先生 10年以上.pdf,application/pdf,162426,,REQUEST_BYTES_OR_EXPLICIT_NOT_FOUND
conv_2e198f6ce53c,5ee08357-1de0-4489-8ee8-6898763c64fa,user,u_ef4aac1853daf456e5,conv_2e198f6ce53c:45ac7b72,31320,【【巡检机器人行业】集团人事总监base广州_广州 28-35K】黄先生 10年以上.pdf,对话附件/【【巡检机器人行业】集团人事总监base广州_广州 28-35K】黄先生 10年以上.pdf,application/pdf,175970,,REQUEST_BYTES_OR_EXPLICIT_NOT_FOUND
conv_2e198f6ce53c,5ee08357-1de0-4489-8ee8-6898763c64fa,user,u_ef4aac1853daf456e5,conv_2e198f6ce53c:45ac7b72,31320,【【巡检机器人行业】集团人事总监base广州_广州 28-35K】Monica Zhang 10年以上.pdf,对话附件/【【巡检机器人行业】集团人事总监base广州_广州 28-35K】Monica Zhang 10年以上.pdf,application/pdf,240964,,REQUEST_BYTES_OR_EXPLICIT_NOT_FOUND
conv_2e198f6ce53c,5ee08357-1de0-4489-8ee8-6898763c64fa,user,u_f227e002e3db6dce1e,conv_2e198f6ce53c:msg_72,31321,【【巡检机器人行业】集团人事总监base广州_广州 28-35K】赖女士 10年以上.pdf,对话附件/【【巡检机器人行业】集团人事总监base广州_广州 28-35K】赖女士 10年以上.pdf,application/pdf,230800,,REQUEST_BYTES_OR_EXPLICIT_NOT_FOUND
conv_2e198f6ce53c,5ee08357-1de0-4489-8ee8-6898763c64fa,user,u_f227e002e3db6dce1e,conv_2e198f6ce53c:msg_72,31321,【【巡检机器人行业】集团人事总监base广州_广州 28-35K】陈雪 10年以上.pdf,对话附件/【【巡检机器人行业】集团人事总监base广州_广州 28-35K】陈雪 10年以上.pdf,application/pdf,187434,,REQUEST_BYTES_OR_EXPLICIT_NOT_FOUND
conv_2e198f6ce53c,5ee08357-1de0-4489-8ee8-6898763c64fa,user,u_f227e002e3db6dce1e,conv_2e198f6ce53c:msg_72,31321,【【巡检机器人行业】集团人事总监base广州_广州 28-35K】苏女士 10年以上.pdf,对话附件/【【巡检机器人行业】集团人事总监base广州_广州 28-35K】苏女士 10年以上.pdf,application/pdf,241033,,REQUEST_BYTES_OR_EXPLICIT_NOT_FOUND
conv_2e198f6ce53c,5ee08357-1de0-4489-8ee8-6898763c64fa,user,u_f227e002e3db6dce1e,conv_2e198f6ce53c:msg_72,31321,【【巡检机器人行业】集团人事总监base广州_广州 28-35K】孙女士 10年以上.pdf,对话附件/【【巡检机器人行业】集团人事总监base广州_广州 28-35K】孙女士 10年以上.pdf,application/pdf,246108,,REQUEST_BYTES_OR_EXPLICIT_NOT_FOUND
conv_2e198f6ce53c,5ee08357-1de0-4489-8ee8-6898763c64fa,user,u_f227e002e3db6dce1e,conv_2e198f6ce53c:msg_72,31321,【【巡检机器人行业】集团人事总监base广州_广州 28-35K】弥树强 10年以上.pdf,对话附件/【【巡检机器人行业】集团人事总监base广州_广州 28-35K】弥树强 10年以上.pdf,application/pdf,225381,,REQUEST_BYTES_OR_EXPLICIT_NOT_FOUND
conv_2e198f6ce53c,5ee08357-1de0-4489-8ee8-6898763c64fa,user,u_f227e002e3db6dce1e,conv_2e198f6ce53c:msg_72,31321,【【巡检机器人行业】集团人事总监base广州_广州 28-35K】梁先生 10年以上.pdf,对话附件/【【巡检机器人行业】集团人事总监base广州_广州 28-35K】梁先生 10年以上.pdf,application/pdf,289770,,REQUEST_BYTES_OR_EXPLICIT_NOT_FOUND
conv_2e198f6ce53c,5ee08357-1de0-4489-8ee8-6898763c64fa,user,u_f227e002e3db6dce1e,conv_2e198f6ce53c:msg_72,31321,【【巡检机器人行业】集团人事总监base广州_广州 28-35K】熊先生 10年以上.pdf,对话附件/【【巡检机器人行业】集团人事总监base广州_广州 28-35K】熊先生 10年以上.pdf,application/pdf,162426,,REQUEST_BYTES_OR_EXPLICIT_NOT_FOUND
conv_2e198f6ce53c,5ee08357-1de0-4489-8ee8-6898763c64fa,user,u_f227e002e3db6dce1e,conv_2e198f6ce53c:msg_72,31321,【【巡检机器人行业】集团人事总监base广州_广州 28-35K】黄先生 10年以上.pdf,对话附件/【【巡检机器人行业】集团人事总监base广州_广州 28-35K】黄先生 10年以上.pdf,application/pdf,175970,,REQUEST_BYTES_OR_EXPLICIT_NOT_FOUND
conv_2e198f6ce53c,5ee08357-1de0-4489-8ee8-6898763c64fa,user,u_f227e002e3db6dce1e,conv_2e198f6ce53c:msg_72,31321,【【巡检机器人行业】集团人事总监base广州_广州 28-35K】Monica Zhang 10年以上.pdf,对话附件/【【巡检机器人行业】集团人事总监base广州_广州 28-35K】Monica Zhang 10年以上.pdf,application/pdf,240964,,REQUEST_BYTES_OR_EXPLICIT_NOT_FOUND
conv_d296b8df4dfc,5eb1a1c6-d647-47fe-8036-9dc731aa0b5c,user,u_9c78f78501f6a633d6,conv_d296b8df4dfc:msg_1,28794,附件1：项目入库申报书-锂同位素的分离纯化技术验证项目.docx,对话附件/附件1：项目入库申报书-锂同位素的分离纯化技术验证项目.docx,application/vnd.openxmlformats-officedocument.wordprocessingml.document,36111,,REQUEST_BYTES_OR_EXPLICIT_NOT_FOUND
conv_d296b8df4dfc,5eb1a1c6-d647-47fe-8036-9dc731aa0b5c,user,u_9c78f78501f6a633d6,conv_d296b8df4dfc:msg_1,28794,附件2：概念验证立项评估表 (3).docx,对话附件/附件2：概念验证立项评估表 (3).docx,application/vnd.openxmlformats-officedocument.wordprocessingml.document,20442,,REQUEST_BYTES_OR_EXPLICIT_NOT_FOUND
conv_d296b8df4dfc,5eb1a1c6-d647-47fe-8036-9dc731aa0b5c,user,u_9c78f78501f6a633d6,conv_d296b8df4dfc:msg_1,28794,附件3：专家意见表 (3).docx,对话附件/附件3：专家意见表 (3).docx,application/vnd.openxmlformats-officedocument.wordprocessingml.document,18884,,REQUEST_BYTES_OR_EXPLICIT_NOT_FOUND
conv_0945c1554661,5eb1a1c6-d647-47fe-8036-9dc731aa0b5c,user,u_cafba348ff0b72c24e,conv_0945c1554661:28ced096,28811,附件1：项目入库申报书-锆铪分离纯化技术验证项目 (2).docx,对话附件/附件1：项目入库申报书-锆铪分离纯化技术验证项目 (2).docx,application/vnd.openxmlformats-officedocument.wordprocessingml.document,34948,,REQUEST_BYTES_OR_EXPLICIT_NOT_FOUND
conv_0945c1554661,5eb1a1c6-d647-47fe-8036-9dc731aa0b5c,user,u_cafba348ff0b72c24e,conv_0945c1554661:28ced096,28811,附件2：概念验证立项评估表 (5).docx,对话附件/附件2：概念验证立项评估表 (5).docx,application/vnd.openxmlformats-officedocument.wordprocessingml.document,20477,,REQUEST_BYTES_OR_EXPLICIT_NOT_FOUND
conv_0945c1554661,5eb1a1c6-d647-47fe-8036-9dc731aa0b5c,user,u_cafba348ff0b72c24e,conv_0945c1554661:28ced096,28811,附件3：专家意见表 (5).docx,对话附件/附件3：专家意见表 (5).docx,application/vnd.openxmlformats-officedocument.wordprocessingml.document,18894,,REQUEST_BYTES_OR_EXPLICIT_NOT_FOUND
conv_0945c1554661,5eb1a1c6-d647-47fe-8036-9dc731aa0b5c,user,u_df791452343ce38f3c,conv_0945c1554661:msg_1,28812,附件1：项目入库申报书-锆铪分离纯化技术验证项目 (2).docx,对话附件/附件1：项目入库申报书-锆铪分离纯化技术验证项目 (2).docx,application/vnd.openxmlformats-officedocument.wordprocessingml.document,34948,,REQUEST_BYTES_OR_EXPLICIT_NOT_FOUND
conv_0945c1554661,5eb1a1c6-d647-47fe-8036-9dc731aa0b5c,user,u_df791452343ce38f3c,conv_0945c1554661:msg_1,28812,附件2：概念验证立项评估表 (5).docx,对话附件/附件2：概念验证立项评估表 (5).docx,application/vnd.openxmlformats-officedocument.wordprocessingml.document,20477,,REQUEST_BYTES_OR_EXPLICIT_NOT_FOUND
conv_0945c1554661,5eb1a1c6-d647-47fe-8036-9dc731aa0b5c,user,u_df791452343ce38f3c,conv_0945c1554661:msg_1,28812,附件3：专家意见表 (5).docx,对话附件/附件3：专家意见表 (5).docx,application/vnd.openxmlformats-officedocument.wordprocessingml.document,18894,,REQUEST_BYTES_OR_EXPLICIT_NOT_FOUND
conv_2a6e0203ce09,03b9ebf1-0db1-4a77-afa7-e6eb0564e734,user,u_e9065110dab1ae3120,conv_2a6e0203ce09:6b0df8b3,28848,厦门三方协议0722(1)(1)(1).doc,对话附件/厦门三方协议0722(1)(1)(1).doc,application/msword,85143,,REQUEST_BYTES_OR_EXPLICIT_NOT_FOUND
conv_2a6e0203ce09,03b9ebf1-0db1-4a77-afa7-e6eb0564e734,user,u_e9065110dab1ae3120,conv_2a6e0203ce09:6b0df8b3,28848,郑州市第一人民医院医疗器械临床试验协议三方-初稿20260813(1).doc,对话附件/郑州市第一人民医院医疗器械临床试验协议三方-初稿20260813(1).doc,application/msword,106496,,REQUEST_BYTES_OR_EXPLICIT_NOT_FOUND
conv_2a6e0203ce09,03b9ebf1-0db1-4a77-afa7-e6eb0564e734,user,u_e9065110dab1ae3120,conv_2a6e0203ce09:6b0df8b3,28848,皖南二院-医疗器械临床试验协议书0817.doc,对话附件/皖南二院-医疗器械临床试验协议书0817.doc,application/msword,364126,,REQUEST_BYTES_OR_EXPLICIT_NOT_FOUND
conv_2a6e0203ce09,03b9ebf1-0db1-4a77-afa7-e6eb0564e734,user,u_e9065110dab1ae3120,conv_2a6e0203ce09:msg_1,28849,厦门三方协议0722(1)(1)(1).doc,对话附件/厦门三方协议0722(1)(1)(1).doc,application/msword,85143,,REQUEST_BYTES_OR_EXPLICIT_NOT_FOUND
conv_2a6e0203ce09,03b9ebf1-0db1-4a77-afa7-e6eb0564e734,user,u_e9065110dab1ae3120,conv_2a6e0203ce09:msg_1,28849,郑州市第一人民医院医疗器械临床试验协议三方-初稿20260813(1).doc,对话附件/郑州市第一人民医院医疗器械临床试验协议三方-初稿20260813(1).doc,application/msword,106496,,REQUEST_BYTES_OR_EXPLICIT_NOT_FOUND
conv_2a6e0203ce09,03b9ebf1-0db1-4a77-afa7-e6eb0564e734,user,u_e9065110dab1ae3120,conv_2a6e0203ce09:msg_1,28849,皖南二院-医疗器械临床试验协议书0817.doc,对话附件/皖南二院-医疗器械临床试验协议书0817.doc,application/msword,364126,,REQUEST_BYTES_OR_EXPLICIT_NOT_FOUND
conv_0f55f4349bf7,8414db33-feee-4461-a402-8ab03b6ecba4,user,u_b2e403989cc5badc64,conv_0f55f4349bf7:msg_1,28916,2026-08-21_环球钱律咨询会议纪要.docx,对话附件/2026-08-21_环球钱律咨询会议纪要.docx,application/vnd.openxmlformats-officedocument.wordprocessingml.document,13739,,REQUEST_BYTES_OR_EXPLICIT_NOT_FOUND
conv_0f55f4349bf7,8414db33-feee-4461-a402-8ab03b6ecba4,user,u_14b82ff65a1d54fc54,conv_0f55f4349bf7:msg_51,28936,中能源综合方案与风险行动路径-20260809(1).pdf,对话附件/中能源综合方案与风险行动路径-20260809(1).pdf,application/pdf,710226,,REQUEST_BYTES_OR_EXPLICIT_NOT_FOUND
conv_bfd9c1c53d28,8ce7a01f-a204-4311-8608-9437da09755d,user,u_6b727823edd30c997b,conv_bfd9c1c53d28:msg_1,28965,image (2).png,对话附件/image (2).png,image/png,10924,,REQUEST_BYTES_OR_EXPLICIT_NOT_FOUND
conv_3126a0980266,8414db33-feee-4461-a402-8ab03b6ecba4,user,u_12827522355b9ee9fc,conv_3126a0980266:msg_1,28994,NDA-中科祥龙-珠海合世家资管-20260821.docx,对话附件/NDA-中科祥龙-珠海合世家资管-20260821.docx,application/vnd.openxmlformats-officedocument.wordprocessingml.document,25311,,REQUEST_BYTES_OR_EXPLICIT_NOT_FOUND
conv_0d28a549f675,76d362d5-0552-4b79-8d05-ce0bbb885d9c,user,u_629892abb4fa519ad6,conv_0d28a549f675:msg_1,29017,***HEX***.png,对话附件/***HEX***.png,image/png,150832,,REQUEST_BYTES_OR_EXPLICIT_NOT_FOUND
conv_de8c70890684,5eb1a1c6-d647-47fe-8036-9dc731aa0b5c,user,u_239842df24f491e0d4,conv_de8c70890684:483a9735,29072,合伙协议.docx,对话附件/合伙协议.docx,application/vnd.openxmlformats-officedocument.wordprocessingml.document,42385,,REQUEST_BYTES_OR_EXPLICIT_NOT_FOUND
conv_de8c70890684,5eb1a1c6-d647-47fe-8036-9dc731aa0b5c,user,u_10572b6efeabc5850e,conv_de8c70890684:msg_1,29073,合伙协议.docx,对话附件/合伙协议.docx,application/vnd.openxmlformats-officedocument.wordprocessingml.document,42385,,REQUEST_BYTES_OR_EXPLICIT_NOT_FOUND
conv_93bc0bdf1c57,76d362d5-0552-4b79-8d05-ce0bbb885d9c,user,u_af804e0ac95a4d89ff,conv_93bc0bdf1c57:e7a851c7,29167,ScreenShot_2026-07-31_192228_859 (2).png,对话附件/ScreenShot_2026-07-31_192228_859 (2).png,image/png,54700,,REQUEST_BYTES_OR_EXPLICIT_NOT_FOUND
conv_93bc0bdf1c57,76d362d5-0552-4b79-8d05-ce0bbb885d9c,user,u_279eca10a88924d3f8,conv_93bc0bdf1c57:msg_1,29168,ScreenShot_2026-07-31_192228_859 (2).png,对话附件/ScreenShot_2026-07-31_192228_859 (2).png,image/png,54700,,REQUEST_BYTES_OR_EXPLICIT_NOT_FOUND
conv_64a5d39a2db8,76d362d5-0552-4b79-8d05-ce0bbb885d9c,user,u_155030b2c0fae22681,conv_64a5d39a2db8:msg_1,29178,ScreenShot_2026-07-31_192228_859.png,对话附件/ScreenShot_2026-07-31_192228_859.png,image/png,54700,,REQUEST_BYTES_OR_EXPLICIT_NOT_FOUND
conv_bf6e13e97b7e,b37ceae7-21e7-4f6e-a02a-57dfac4b0fe6,user,u_b9bc3e75d66ad3fcc5,conv_bf6e13e97b7e:msg_1,29181,***HEX*** (2).jpg,对话附件/***HEX*** (2).jpg,image/jpeg,230199,,REQUEST_BYTES_OR_EXPLICIT_NOT_FOUND
conv_fd211e07f1dc,b37ceae7-21e7-4f6e-a02a-57dfac4b0fe6,user,u_46b368ef134e66665d,conv_fd211e07f1dc:msg_1,29186,***HEX***.png,对话附件/***HEX***.png,image/png,1601912,,REQUEST_BYTES_OR_EXPLICIT_NOT_FOUND
conv_fd211e07f1dc,b37ceae7-21e7-4f6e-a02a-57dfac4b0fe6,user,u_46b368ef134e66665d,conv_fd211e07f1dc:msg_1,29186,***HEX***.png,对话附件/***HEX***.png,image/png,2063955,,REQUEST_BYTES_OR_EXPLICIT_NOT_FOUND
conv_4e2a5f3f6545,b37ceae7-21e7-4f6e-a02a-57dfac4b0fe6,user,u_cae728ea9cf931671c,3f5c82ca-25c4-4031-a01a-f3793d970910,29302,image (8).png,对话附件/image (8).png,image/png,690040,,REQUEST_BYTES_OR_EXPLICIT_NOT_FOUND
conv_4e2a5f3f6545,b37ceae7-21e7-4f6e-a02a-57dfac4b0fe6,user,u_cae728ea9cf931671c,3f5c82ca-25c4-4031-a01a-f3793d970910,29302,image (9).png,对话附件/image (9).png,image/png,466515,,REQUEST_BYTES_OR_EXPLICIT_NOT_FOUND
conv_0097ccc80b2d,8488b388-427b-4efc-bff5-5e2f325c91eb,user,u_317ed56feae9b2ed8a,conv_0097ccc80b2d:d5a18858,29332,第二类限制性股票流程安排20210920.xlsx,对话附件/第二类限制性股票流程安排20210920.xlsx,application/vnd.openxmlformats-officedocument.spreadsheetml.sheet,18139,,REQUEST_BYTES_OR_EXPLICIT_NOT_FOUND
conv_0097ccc80b2d,8488b388-427b-4efc-bff5-5e2f325c91eb,user,u_317ed56feae9b2ed8a,conv_0097ccc80b2d:d5a18858,29332,瑞联新材：2021年限制性股票激励计划首次授予相关事项的法律意见书（初稿）_20211022.doc,对话附件/瑞联新材：2021年限制性股票激励计划首次授予相关事项的法律意见书（初稿）_20211022.doc,application/msword,165888,,REQUEST_BYTES_OR_EXPLICIT_NOT_FOUND
conv_0097ccc80b2d,8488b388-427b-4efc-bff5-5e2f325c91eb,user,u_317ed56feae9b2ed8a,conv_0097ccc80b2d:d5a18858,29332,西安瑞联新材料股份有限公司-限制性股票授予协议书2021018-srt修订.docx,对话附件/西安瑞联新材料股份有限公司-限制性股票授予协议书2021018-srt修订.docx,application/vnd.openxmlformats-officedocument.wordprocessingml.document,41140,,REQUEST_BYTES_OR_EXPLICIT_NOT_FOUND
conv_0097ccc80b2d,8488b388-427b-4efc-bff5-5e2f325c91eb,user,u_317ed56feae9b2ed8a,conv_0097ccc80b2d:d5a18858,29332,1、授予对象确认函_20211019.docx,对话附件/1、授予对象确认函_20211019.docx,application/vnd.openxmlformats-officedocument.wordprocessingml.document,17926,,REQUEST_BYTES_OR_EXPLICIT_NOT_FOUND
conv_0097ccc80b2d,8488b388-427b-4efc-bff5-5e2f325c91eb,user,u_317ed56feae9b2ed8a,conv_0097ccc80b2d:d5a18858,29332,2、公司确认函_20211019.docx,对话附件/2、公司确认函_20211019.docx,application/vnd.openxmlformats-officedocument.wordprocessingml.document,21502,,REQUEST_BYTES_OR_EXPLICIT_NOT_FOUND
conv_0097ccc80b2d,8488b388-427b-4efc-bff5-5e2f325c91eb,user,u_317ed56feae9b2ed8a,conv_0097ccc80b2d:d5a18858,29332,瑞联新材2021年限制性股票激励计划首次授予尽调清单_20211019.doc,对话附件/瑞联新材2021年限制性股票激励计划首次授予尽调清单_20211019.doc,application/msword,124928,,REQUEST_BYTES_OR_EXPLICIT_NOT_FOUND
conv_0097ccc80b2d,8488b388-427b-4efc-bff5-5e2f325c91eb,user,u_317ed56feae9b2ed8a,conv_0097ccc80b2d:d5a18858,29332,0-瑞联新材2021年限制性股票尽职调查文件清单-20210918.doc,对话附件/0-瑞联新材2021年限制性股票尽职调查文件清单-20210918.doc,application/msword,124928,,REQUEST_BYTES_OR_EXPLICIT_NOT_FOUND
conv_0097ccc80b2d,8488b388-427b-4efc-bff5-5e2f325c91eb,user,u_317ed56feae9b2ed8a,conv_0097ccc80b2d:d5a18858,29332,1-瑞联新材2021年限制性股票激励计划确认暨承诺函-20210918.docx,对话附件/1-瑞联新材2021年限制性股票激励计划确认暨承诺函-20210918.docx,application/vnd.openxmlformats-officedocument.wordprocessingml.document,33008,,REQUEST_BYTES_OR_EXPLICIT_NOT_FOUND
conv_0097ccc80b2d,8488b388-427b-4efc-bff5-5e2f325c91eb,user,u_317ed56feae9b2ed8a,conv_0097ccc80b2d:d5a18858,29332,2-激励对象确认函（全部激励对象签署）20210918.docx,对话附件/2-激励对象确认函（全部激励对象签署）20210918.docx,application/vnd.openxmlformats-officedocument.wordprocessingml.document,17961,,REQUEST_BYTES_OR_EXPLICIT_NOT_FOUND
conv_0097ccc80b2d,8488b388-427b-4efc-bff5-5e2f325c91eb,user,u_317ed56feae9b2ed8a,conv_0097ccc80b2d:d5a18858,29332,3-激励对象确认函（买卖股票的激励对象额外签署）20210918.docx,对话附件/3-激励对象确认函（买卖股票的激励对象额外签署）20210918.docx,application/vnd.openxmlformats-officedocument.wordprocessingml.document,15652,,REQUEST_BYTES_OR_EXPLICIT_NOT_FOUND
conv_0097ccc80b2d,8488b388-427b-4efc-bff5-5e2f325c91eb,user,u_317ed56feae9b2ed8a,conv_0097ccc80b2d:d5a18858,29332,4-持股5%以上自然人股东承诺函(如未参与激励)20210918.doc,对话附件/4-持股5%以上自然人股东承诺函(如未参与激励)20210918.doc,application/msword,32256,,REQUEST_BYTES_OR_EXPLICIT_NOT_FOUND
conv_0097ccc80b2d,8488b388-427b-4efc-bff5-5e2f325c91eb,user,u_317ed56feae9b2ed8a,conv_0097ccc80b2d:d5a18858,29332,5-访谈记录-全体激励对象20210918.doc,对话附件/5-访谈记录-全体激励对象20210918.doc,application/msword,39936,,REQUEST_BYTES_OR_EXPLICIT_NOT_FOUND
conv_0097ccc80b2d,8488b388-427b-4efc-bff5-5e2f325c91eb,user,u_317ed56feae9b2ed8a,conv_0097ccc80b2d:d5a18858,29332,6-访谈记录-内幕信息知情人20210918.doc,对话附件/6-访谈记录-内幕信息知情人20210918.doc,application/msword,36864,,REQUEST_BYTES_OR_EXPLICIT_NOT_FOUND
conv_0097ccc80b2d,8488b388-427b-4efc-bff5-5e2f325c91eb,user,u_317ed56feae9b2ed8a,conv_0097ccc80b2d:d5a18858,29332,7-自愿放弃参与激励声明承诺函-20211011.docx,对话附件/7-自愿放弃参与激励声明承诺函-20211011.docx,application/vnd.openxmlformats-officedocument.wordprocessingml.document,15676,,REQUEST_BYTES_OR_EXPLICIT_NOT_FOUND
conv_0097ccc80b2d,8488b388-427b-4efc-bff5-5e2f325c91eb,user,u_317ed56feae9b2ed8a,conv_0097ccc80b2d:d5a18858,29332,瑞联新材：2021年限制性股票激励计划法律意见书(定稿)_20210929.doc,对话附件/瑞联新材：2021年限制性股票激励计划法律意见书(定稿)_20210929.doc,application/msword,294912,,REQUEST_BYTES_OR_EXPLICIT_NOT_FOUND
conv_0097ccc80b2d,8488b388-427b-4efc-bff5-5e2f325c91eb,user,u_317ed56feae9b2ed8a,conv_0097ccc80b2d:d5a18858,29332,2021-056 监事会关于公司2021年限制性股票激励计划首次授予激励对象名单的公示情况说明及核查意见-srt.docx,对话附件/2021-056 监事会关于公司2021年限制性股票激励计划首次授予激励对象名单的公示情况说明及核查意见-srt.docx,application/vnd.openxmlformats-officedocument.wordprocessingml.document,26317,,REQUEST_BYTES_OR_EXPLICIT_NOT_FOUND
conv_0097ccc80b2d,8488b388-427b-4efc-bff5-5e2f325c91eb,user,u_317ed56feae9b2ed8a,conv_0097ccc80b2d:d5a18858,29332,附件1-1：西安瑞联新材料股份有限公司2021年限制性股票激励计划（草案）20210925.docx,对话附件/附件1-1：西安瑞联新材料股份有限公司2021年限制性股票激励计划（草案）20210925.docx,application/vnd.openxmlformats-officedocument.wordprocessingml.document,154301,,REQUEST_BYTES_OR_EXPLICIT_NOT_FOUND
conv_0097ccc80b2d,8488b388-427b-4efc-bff5-5e2f325c91eb,user,u_317ed56feae9b2ed8a,conv_0097ccc80b2d:d5a18858,29332,西安瑞联新材料股份有限公司2021年限制性股票激励计划实施考核管理办法20210924.docx,对话附件/西安瑞联新材料股份有限公司2021年限制性股票激励计划实施考核管理办法20210924.docx,application/vnd.openxmlformats-officedocument.wordprocessingml.document,29939,,REQUEST_BYTES_OR_EXPLICIT_NOT_FOUND
conv_0097ccc80b2d,8488b388-427b-4efc-bff5-5e2f325c91eb,user,u_9712bf128f9091100e,conv_0097ccc80b2d:503f2c4d,29350,经控集团国有控股上市公司管理办法（试行）-cmts.docx,对话附件/经控集团国有控股上市公司管理办法（试行）-cmts.docx,application/vnd.openxmlformats-officedocument.wordprocessingml.document,45580,,REQUEST_BYTES_OR_EXPLICIT_NOT_FOUND
conv_0097ccc80b2d,8488b388-427b-4efc-bff5-5e2f325c91eb,user,u_9712bf128f9091100e,conv_0097ccc80b2d:503f2c4d,29350,关于瑞联新材经营管理安排的备忘录.pdf,对话附件/关于瑞联新材经营管理安排的备忘录.pdf,application/pdf,1749764,,REQUEST_BYTES_OR_EXPLICIT_NOT_FOUND
conv_0097ccc80b2d,8488b388-427b-4efc-bff5-5e2f325c91eb,user,u_aead4669f654594a87,5a2f0f96-fee7-4e66-807f-7018f86109ea,34754,戴维新材AC项目估值分析20260901v5(1).docx,对话附件/戴维新材AC项目估值分析20260901v5(1).docx,application/vnd.openxmlformats-officedocument.wordprocessingml.document,6012222,,REQUEST_BYTES_OR_EXPLICIT_NOT_FOUND
conv_0abdcf713f92,b37ceae7-21e7-4f6e-a02a-57dfac4b0fe6,user,u_6ad5f2f32cd4a41475,conv_0abdcf713f92:msg_11,29489,***HEX***.jpg,对话附件/***HEX***.jpg,image/jpeg,3871471,,REQUEST_BYTES_OR_EXPLICIT_NOT_FOUND
conv_0abdcf713f92,b37ceae7-21e7-4f6e-a02a-57dfac4b0fe6,user,u_d12e19ec9f7bde75b0,conv_0abdcf713f92:msg_13,29491,***HEX***.jpg,对话附件/***HEX***.jpg,image/jpeg,3871471,,REQUEST_BYTES_OR_EXPLICIT_NOT_FOUND
conv_0abdcf713f92,b37ceae7-21e7-4f6e-a02a-57dfac4b0fe6,user,u_2308491b38de0d6782,conv_0abdcf713f92:msg_19,29496,***HEX***.jpg,对话附件/***HEX***.jpg,image/jpeg,341574,,REQUEST_BYTES_OR_EXPLICIT_NOT_FOUND
conv_0abdcf713f92,b37ceae7-21e7-4f6e-a02a-57dfac4b0fe6,user,u_8c7f17ce6213328def,conv_0abdcf713f92:msg_25,29502,***HEX*** (2).jpg,对话附件/***HEX*** (2).jpg,image/jpeg,341574,,REQUEST_BYTES_OR_EXPLICIT_NOT_FOUND
conv_0abdcf713f92,b37ceae7-21e7-4f6e-a02a-57dfac4b0fe6,user,u_2eefcc54555463e12c,conv_0abdcf713f92:msg_27,29504,***HEX*** (2).jpg,对话附件/***HEX*** (2).jpg,image/jpeg,341574,,REQUEST_BYTES_OR_EXPLICIT_NOT_FOUND
conv_0abdcf713f92,b37ceae7-21e7-4f6e-a02a-57dfac4b0fe6,user,u_53bf083a3b96a3032d,conv_0abdcf713f92:msg_31,29509,***HEX*** (2).jpg,对话附件/***HEX*** (2).jpg,image/jpeg,3871471,,REQUEST_BYTES_OR_EXPLICIT_NOT_FOUND
conv_0abdcf713f92,b37ceae7-21e7-4f6e-a02a-57dfac4b0fe6,user,u_53bf083a3b96a3032d,conv_0abdcf713f92:msg_31,29509,***HEX***.jpg,对话附件/***HEX***.jpg,image/jpeg,3774815,,REQUEST_BYTES_OR_EXPLICIT_NOT_FOUND
conv_0abdcf713f92,b37ceae7-21e7-4f6e-a02a-57dfac4b0fe6,user,u_640603054e93d6027e,conv_0abdcf713f92:msg_45,29523,***HEX***.jpg,对话附件/***HEX***.jpg,image/jpeg,3871471,,REQUEST_BYTES_OR_EXPLICIT_NOT_FOUND
conv_0abdcf713f92,b37ceae7-21e7-4f6e-a02a-57dfac4b0fe6,user,u_caead3bca83b5d256a,conv_0abdcf713f92:msg_51,29531,***HEX***.jpg,对话附件/***HEX***.jpg,image/jpeg,341574,,REQUEST_BYTES_OR_EXPLICIT_NOT_FOUND
conv_0abdcf713f92,b37ceae7-21e7-4f6e-a02a-57dfac4b0fe6,user,u_839bd0432fad54502d,conv_0abdcf713f92:msg_57,29541,***HEX*** (2).jpg,对话附件/***HEX*** (2).jpg,image/jpeg,341574,,REQUEST_BYTES_OR_EXPLICIT_NOT_FOUND
conv_0abdcf713f92,b37ceae7-21e7-4f6e-a02a-57dfac4b0fe6,user,u_839bd0432fad54502d,conv_0abdcf713f92:msg_71,29554,***HEX*** (2).jpg,对话附件/***HEX*** (2).jpg,image/jpeg,341574,,REQUEST_BYTES_OR_EXPLICIT_NOT_FOUND
conv_0abdcf713f92,b37ceae7-21e7-4f6e-a02a-57dfac4b0fe6,user,u_7679bba0d147e44aea,conv_0abdcf713f92:msg_63,29548,***HEX*** (2).jpg,对话附件/***HEX*** (2).jpg,image/jpeg,3871471,,REQUEST_BYTES_OR_EXPLICIT_NOT_FOUND
conv_0abdcf713f92,b37ceae7-21e7-4f6e-a02a-57dfac4b0fe6,user,u_7679bba0d147e44aea,conv_0abdcf713f92:msg_63,29548,***HEX***.jpg,对话附件/***HEX***.jpg,image/jpeg,3774815,,REQUEST_BYTES_OR_EXPLICIT_NOT_FOUND
conv_0abdcf713f92,b37ceae7-21e7-4f6e-a02a-57dfac4b0fe6,user,u_82b00c19d5eac5e747,conv_0abdcf713f92:msg_69,29552,***HEX***.jpg,对话附件/***HEX***.jpg,image/jpeg,3871471,,REQUEST_BYTES_OR_EXPLICIT_NOT_FOUND
conv_0abdcf713f92,b37ceae7-21e7-4f6e-a02a-57dfac4b0fe6,user,u_d70537a19432b66112,conv_0abdcf713f92:msg_75,29555,***HEX***.jpg,对话附件/***HEX***.jpg,image/jpeg,3562798,,REQUEST_BYTES_OR_EXPLICIT_NOT_FOUND
conv_0abdcf713f92,b37ceae7-21e7-4f6e-a02a-57dfac4b0fe6,user,u_d70537a19432b66112,conv_0abdcf713f92:msg_75,29555,***HEX***.jpg,对话附件/***HEX***.jpg,image/jpeg,3923466,,REQUEST_BYTES_OR_EXPLICIT_NOT_FOUND
conv_0abdcf713f92,b37ceae7-21e7-4f6e-a02a-57dfac4b0fe6,user,u_b9b8d237300a8d85bf,conv_0abdcf713f92:msg_93,29568,***HEX*** (2).jpg,对话附件/***HEX*** (2).jpg,image/jpeg,3871471,,REQUEST_BYTES_OR_EXPLICIT_NOT_FOUND
conv_0abdcf713f92,b37ceae7-21e7-4f6e-a02a-57dfac4b0fe6,user,u_b9b8d237300a8d85bf,conv_0abdcf713f92:msg_93,29568,***HEX***.jpg,对话附件/***HEX***.jpg,image/jpeg,3774815,,REQUEST_BYTES_OR_EXPLICIT_NOT_FOUND
conv_0abdcf713f92,b37ceae7-21e7-4f6e-a02a-57dfac4b0fe6,user,u_ba17485820d3cb172f,conv_0abdcf713f92:msg_101,29577,***HEX***.jpg,对话附件/***HEX***.jpg,image/jpeg,3871471,,REQUEST_BYTES_OR_EXPLICIT_NOT_FOUND
conv_0abdcf713f92,b37ceae7-21e7-4f6e-a02a-57dfac4b0fe6,user,u_c38a224386bd4ab26d,conv_0abdcf713f92:msg_111,29585,***HEX***.jpg,对话附件/***HEX***.jpg,image/jpeg,3787626,,REQUEST_BYTES_OR_EXPLICIT_NOT_FOUND
conv_0abdcf713f92,b37ceae7-21e7-4f6e-a02a-57dfac4b0fe6,user,u_09317ba7d5590c2d65,conv_0abdcf713f92:msg_123,29593,***HEX***.jpg,对话附件/***HEX***.jpg,image/jpeg,4062573,,REQUEST_BYTES_OR_EXPLICIT_NOT_FOUND
conv_0abdcf713f92,b37ceae7-21e7-4f6e-a02a-57dfac4b0fe6,user,u_9cf4ad2385e1967f74,conv_0abdcf713f92:msg_143,29604,***HEX***.jpg,对话附件/***HEX***.jpg,image/jpeg,3787626,,REQUEST_BYTES_OR_EXPLICIT_NOT_FOUND
conv_0abdcf713f92,b37ceae7-21e7-4f6e-a02a-57dfac4b0fe6,user,u_73cd01b246155ba8a0,conv_0abdcf713f92:msg_145,29606,***HEX***.jpg,对话附件/***HEX***.jpg,image/jpeg,3787626,,REQUEST_BYTES_OR_EXPLICIT_NOT_FOUND
conv_0abdcf713f92,b37ceae7-21e7-4f6e-a02a-57dfac4b0fe6,user,u_011f8ee124760cdef2,conv_0abdcf713f92:msg_151,29610,***HEX***.jpg,对话附件/***HEX***.jpg,image/jpeg,3562798,,REQUEST_BYTES_OR_EXPLICIT_NOT_FOUND
conv_0abdcf713f92,b37ceae7-21e7-4f6e-a02a-57dfac4b0fe6,user,u_011f8ee124760cdef2,conv_0abdcf713f92:msg_151,29610,***HEX***.jpg,对话附件/***HEX***.jpg,image/jpeg,3923466,,REQUEST_BYTES_OR_EXPLICIT_NOT_FOUND
conv_0abdcf713f92,b37ceae7-21e7-4f6e-a02a-57dfac4b0fe6,user,u_101502346e488a7588,conv_0abdcf713f92:msg_155,29614,***HEX***.jpg,对话附件/***HEX***.jpg,image/jpeg,3829521,,REQUEST_BYTES_OR_EXPLICIT_NOT_FOUND
conv_0abdcf713f92,b37ceae7-21e7-4f6e-a02a-57dfac4b0fe6,user,u_101502346e488a7588,conv_0abdcf713f92:msg_155,29614,***HEX*** (2).jpg,对话附件/***HEX*** (2).jpg,image/jpeg,3714309,,REQUEST_BYTES_OR_EXPLICIT_NOT_FOUND
conv_0abdcf713f92,b37ceae7-21e7-4f6e-a02a-57dfac4b0fe6,user,u_fa08713840233be67d,conv_0abdcf713f92:66f3edaa,29644,***HEX***.jpg,对话附件/***HEX***.jpg,image/jpeg,3562798,,REQUEST_BYTES_OR_EXPLICIT_NOT_FOUND
conv_0abdcf713f92,b37ceae7-21e7-4f6e-a02a-57dfac4b0fe6,user,u_fa08713840233be67d,conv_0abdcf713f92:66f3edaa,29644,***HEX***.jpg,对话附件/***HEX***.jpg,image/jpeg,3923466,,REQUEST_BYTES_OR_EXPLICIT_NOT_FOUND
conv_0abdcf713f92,b37ceae7-21e7-4f6e-a02a-57dfac4b0fe6,user,u_91d0ad71cd7be0fd0a,conv_0abdcf713f92:msg_173,29645,***HEX***.jpg,对话附件/***HEX***.jpg,image/jpeg,3562798,,REQUEST_BYTES_OR_EXPLICIT_NOT_FOUND
conv_0abdcf713f92,b37ceae7-21e7-4f6e-a02a-57dfac4b0fe6,user,u_91d0ad71cd7be0fd0a,conv_0abdcf713f92:msg_173,29645,***HEX***.jpg,对话附件/***HEX***.jpg,image/jpeg,3923466,,REQUEST_BYTES_OR_EXPLICIT_NOT_FOUND
conv_0abdcf713f92,b37ceae7-21e7-4f6e-a02a-57dfac4b0fe6,user,u_55f61ef8f5769cdae3,conv_0abdcf713f92:msg_187,29664,***HEX***.jpg,对话附件/***HEX***.jpg,image/jpeg,221164,,REQUEST_BYTES_OR_EXPLICIT_NOT_FOUND
conv_0abdcf713f92,b37ceae7-21e7-4f6e-a02a-57dfac4b0fe6,user,u_55f61ef8f5769cdae3,conv_0abdcf713f92:msg_187,29664,***HEX***.jpg,对话附件/***HEX***.jpg,image/jpeg,200203,,REQUEST_BYTES_OR_EXPLICIT_NOT_FOUND
conv_0abdcf713f92,b37ceae7-21e7-4f6e-a02a-57dfac4b0fe6,user,u_0d7ccdcff3e2b60e23,conv_0abdcf713f92:77f250af,29787,***HEX***.jpg,对话附件/***HEX***.jpg,image/jpeg,3787626,,REQUEST_BYTES_OR_EXPLICIT_NOT_FOUND
conv_0abdcf713f92,b37ceae7-21e7-4f6e-a02a-57dfac4b0fe6,user,u_0748ea065b97deb646,conv_0abdcf713f92:4a3f30d3,29795,***HEX***.jpg,对话附件/***HEX***.jpg,image/jpeg,4062573,,REQUEST_BYTES_OR_EXPLICIT_NOT_FOUND
conv_0abdcf713f92,b37ceae7-21e7-4f6e-a02a-57dfac4b0fe6,user,u_ad547058c7b630053e,conv_0abdcf713f92:f37b74d2,29821,***HEX***.jpg,对话附件/***HEX***.jpg,image/jpeg,3562798,,REQUEST_BYTES_OR_EXPLICIT_NOT_FOUND
conv_0abdcf713f92,b37ceae7-21e7-4f6e-a02a-57dfac4b0fe6,user,u_ad547058c7b630053e,conv_0abdcf713f92:f37b74d2,29821,***HEX***.jpg,对话附件/***HEX***.jpg,image/jpeg,3923466,,REQUEST_BYTES_OR_EXPLICIT_NOT_FOUND
conv_0abdcf713f92,b37ceae7-21e7-4f6e-a02a-57dfac4b0fe6,user,u_cf99b0510a65a8d2bb,conv_0abdcf713f92:2f4702be,29830,***HEX***.jpg,对话附件/***HEX***.jpg,image/jpeg,3829521,,REQUEST_BYTES_OR_EXPLICIT_NOT_FOUND
conv_0abdcf713f92,b37ceae7-21e7-4f6e-a02a-57dfac4b0fe6,user,u_cf99b0510a65a8d2bb,conv_0abdcf713f92:2f4702be,29830,***HEX*** (2).jpg,对话附件/***HEX*** (2).jpg,image/jpeg,3714309,,REQUEST_BYTES_OR_EXPLICIT_NOT_FOUND
conv_0abdcf713f92,b37ceae7-21e7-4f6e-a02a-57dfac4b0fe6,user,u_91a974d623c8b1e393,conv_0abdcf713f92:b68e03a0,29857,***HEX***.jpg,对话附件/***HEX***.jpg,image/jpeg,221164,,REQUEST_BYTES_OR_EXPLICIT_NOT_FOUND
conv_0abdcf713f92,b37ceae7-21e7-4f6e-a02a-57dfac4b0fe6,user,u_91a974d623c8b1e393,conv_0abdcf713f92:b68e03a0,29857,***HEX***.jpg,对话附件/***HEX***.jpg,image/jpeg,200203,,REQUEST_BYTES_OR_EXPLICIT_NOT_FOUND
conv_ff6e82c65308,5eb1a1c6-d647-47fe-8036-9dc731aa0b5c,user,u_5c0a252748621a6d7f,conv_ff6e82c65308:msg_1,29689,【TC18】合伙协议.docx,对话附件/【TC18】合伙协议.docx,application/vnd.openxmlformats-officedocument.wordprocessingml.document,45189,,REQUEST_BYTES_OR_EXPLICIT_NOT_FOUND
conv_ff6e82c65308,5eb1a1c6-d647-47fe-8036-9dc731aa0b5c,user,u_07825525ae30dec01f,conv_ff6e82c65308:msg_33,29701,2026-08-22_合伙协议（含10%员工激励计划修订版）.docx,AI 工作区/成果文件/以这份协议为底稿，需要添加10%的员工激-conv_ff6e82c65308/2026-08-22_合伙协议（含10%员工激励计划修订版）.docx,application/vnd.openxmlformats-officedocument.wordprocessingml.document,42305,,REQUEST_BYTES_OR_EXPLICIT_NOT_FOUND
conv_ff6e82c65308,5eb1a1c6-d647-47fe-8036-9dc731aa0b5c,user,u_aafda7f52021affd73,conv_ff6e82c65308:msg_49,30430,【TC18】合伙协议 (2).docx,对话附件/【TC18】合伙协议 (2).docx,application/vnd.openxmlformats-officedocument.wordprocessingml.document,45189,,REQUEST_BYTES_OR_EXPLICIT_NOT_FOUND
conv_ff6e82c65308,5eb1a1c6-d647-47fe-8036-9dc731aa0b5c,user,u_7ab966a051bb86fa1b,conv_ff6e82c65308:bb58e28d,30465,2026-08-24_合伙协议（含10%员工激励计划-整合审阅修订版）.docx,AI 工作区/成果文件/以这份协议为底稿，需要添加10%的员工激-conv_ff6e82c65308/2026-08-24_合伙协议（含10%员工激励计划-整合审阅修订版）.docx,application/vnd.openxmlformats-officedocument.wordprocessingml.document,46169,,REQUEST_BYTES_OR_EXPLICIT_NOT_FOUND
conv_ff6e82c65308,5eb1a1c6-d647-47fe-8036-9dc731aa0b5c,user,u_c58c609e546125ec23,conv_ff6e82c65308:msg_87,30466,2026-08-24_合伙协议（含10%员工激励计划-整合审阅修订版）.docx,AI 工作区/成果文件/以这份协议为底稿，需要添加10%的员工激-conv_ff6e82c65308/2026-08-24_合伙协议（含10%员工激励计划-整合审阅修订版）.docx,application/vnd.openxmlformats-officedocument.wordprocessingml.document,46169,,REQUEST_BYTES_OR_EXPLICIT_NOT_FOUND
conv_ff6e82c65308,5eb1a1c6-d647-47fe-8036-9dc731aa0b5c,user,u_e0ce96d696f67b0797,conv_ff6e82c65308:20c7c1bf,31056,2026-08-24_合伙协议（含10%员工激励计划-整合审阅修订版-结构优化稿）.docx,AI 工作区/成果文件/以这份协议为底稿，需要添加10%的员工激-conv_ff6e82c65308/2026-08-24_合伙协议（含10%员工激励计划-整合审阅修订版-结构优化稿）.docx,application/vnd.openxmlformats-officedocument.wordprocessingml.document,46278,,REQUEST_BYTES_OR_EXPLICIT_NOT_FOUND
conv_ff6e82c65308,5eb1a1c6-d647-47fe-8036-9dc731aa0b5c,user,u_d84b4f6f4f8deb51ce,conv_ff6e82c65308:msg_95,31057,2026-08-24_合伙协议（含10%员工激励计划-整合审阅修订版-结构优化稿）.docx,AI 工作区/成果文件/以这份协议为底稿，需要添加10%的员工激-conv_ff6e82c65308/2026-08-24_合伙协议（含10%员工激励计划-整合审阅修订版-结构优化稿）.docx,application/vnd.openxmlformats-officedocument.wordprocessingml.document,46278,,REQUEST_BYTES_OR_EXPLICIT_NOT_FOUND
conv_59e5ac728e02,76d362d5-0552-4b79-8d05-ce0bbb885d9c,user,u_c367751fb6cce7cd34,conv_59e5ac728e02:94acccbd,29816,ScreenShot_2026-07-31_192228_859.png,对话附件/ScreenShot_2026-07-31_192228_859.png,image/png,54700,,REQUEST_BYTES_OR_EXPLICIT_NOT_FOUND
conv_59e5ac728e02,76d362d5-0552-4b79-8d05-ce0bbb885d9c,user,u_34e60a28557b56a90d,conv_59e5ac728e02:msg_1,29817,ScreenShot_2026-07-31_192228_859.png,对话附件/ScreenShot_2026-07-31_192228_859.png,image/png,54700,,REQUEST_BYTES_OR_EXPLICIT_NOT_FOUND
conv_60dc573f2126,76d362d5-0552-4b79-8d05-ce0bbb885d9c,user,u_4aab0bbbb584001799,conv_60dc573f2126:76831891,29823,ScreenShot_2026-07-31_192228_859.png,对话附件/ScreenShot_2026-07-31_192228_859.png,image/png,54700,,REQUEST_BYTES_OR_EXPLICIT_NOT_FOUND
conv_60dc573f2126,76d362d5-0552-4b79-8d05-ce0bbb885d9c,user,u_34e60a28557b56a90d,conv_60dc573f2126:msg_1,29824,ScreenShot_2026-07-31_192228_859.png,对话附件/ScreenShot_2026-07-31_192228_859.png,image/png,54700,,REQUEST_BYTES_OR_EXPLICIT_NOT_FOUND
conv_b692170f084d,8414db33-feee-4461-a402-8ab03b6ecba4,user,u_417fda1507775868ba,conv_b692170f084d:msg_1,29967,Concord Capital Limited - Board Resolutions (Cure Period for Late Capital Contribution) - Han Kun 20260821(1).docx,对话附件/Concord Capital Limited - Board Resolutions (Cure Period for Late Capital Contribution) - Han Kun 20260821(1).docx,application/vnd.openxmlformats-officedocument.wordprocessingml.document,46599,,REQUEST_BYTES_OR_EXPLICIT_NOT_FOUND
conv_12303335d17b,8414db33-feee-4461-a402-8ab03b6ecba4,user,u_7a8bf7d4f106300027,conv_12303335d17b:msg_1,30068,易制科技-补充协议- 20260812签字版(2).pdf,对话附件/易制科技-补充协议- 20260812签字版(2).pdf,application/pdf,411280,,REQUEST_BYTES_OR_EXPLICIT_NOT_FOUND
conv_12303335d17b,8414db33-feee-4461-a402-8ab03b6ecba4,user,u_7a8bf7d4f106300027,conv_12303335d17b:msg_1,30068,易制科技-增资协议- 20260812签字版(2).pdf,对话附件/易制科技-增资协议- 20260812签字版(2).pdf,application/pdf,592997,,REQUEST_BYTES_OR_EXPLICIT_NOT_FOUND
conv_12303335d17b,8414db33-feee-4461-a402-8ab03b6ecba4,user,u_5baabe004c5a8613ab,f8b18cfb-507c-4858-84a6-03adf8b8d2d5,30141,1_附件2：武汉易制投资协议_V2_20221227 (cmts)(1)(1)- GLO revised - nwd comts新世界114万转股.docx,对话附件/1_附件2：武汉易制投资协议_V2_20221227 (cmts)(1)(1)- GLO revised - nwd comts新世界114万转股.docx,application/vnd.openxmlformats-officedocument.wordprocessingml.document,81436,,REQUEST_BYTES_OR_EXPLICIT_NOT_FOUND
conv_18b7452951f7,aa72ca11-7a16-4638-b5e2-2ad8492e0e7e,user,u_cb280986e670e9c08a,conv_18b7452951f7:dbd7e854,30104,同城短视频获客测试方案.pptx,对话附件/同城短视频获客测试方案.pptx,application/vnd.openxmlformats-officedocument.presentationml.presentation,42989,,REQUEST_BYTES_OR_EXPLICIT_NOT_FOUND
conv_18b7452951f7,aa72ca11-7a16-4638-b5e2-2ad8492e0e7e,user,u_cc63ee5f13dd382543,conv_18b7452951f7:c2583d78,30116,本地短视频获客服务介绍.pptx,对话附件/本地短视频获客服务介绍.pptx,application/vnd.openxmlformats-officedocument.presentationml.presentation,38871,,REQUEST_BYTES_OR_EXPLICIT_NOT_FOUND
conv_57d9f1d61b01,b37ceae7-21e7-4f6e-a02a-57dfac4b0fe6,user,u_2061099d65b7914071,conv_57d9f1d61b01:msg_26,30330,2026-08-24_EvoMind千行百业海报_v1.png,AI 工作区/成果文件/确认一下模型-conv_57d9f1d61b01/2026-08-24_EvoMind千行百业海报_v1.png,image/png,6416936,,REQUEST_BYTES_OR_EXPLICIT_NOT_FOUND
conv_57d9f1d61b01,b37ceae7-21e7-4f6e-a02a-57dfac4b0fe6,assistant,a_85fb00528c3caa5624,conv_57d9f1d61b01:msg_1,30217,2026-08-24_EvoMind千行百业海报_v1.png,AI 工作区/成果文件/确认一下模型-conv_57d9f1d61b01/2026-08-24_EvoMind千行百业海报_v1.png,image/png,6416936,,REQUEST_BYTES_OR_EXPLICIT_NOT_FOUND
conv_57d9f1d61b01,b37ceae7-21e7-4f6e-a02a-57dfac4b0fe6,assistant,a_65e253f05ed6a5b2c3,conv_57d9f1d61b01:msg_33,30232,2026-08-24_EvoMind千行百业海报_v1.png,AI 工作区/成果文件/确认一下模型-conv_57d9f1d61b01/2026-08-24_EvoMind千行百业海报_v1.png,image/png,6416936,,REQUEST_BYTES_OR_EXPLICIT_NOT_FOUND
conv_57d9f1d61b01,b37ceae7-21e7-4f6e-a02a-57dfac4b0fe6,assistant,a_a4c72da879623a4f4d,conv_57d9f1d61b01:msg_47,30236,生数EvoMind介绍0821-V2.pdf,对话附件/生数EvoMind介绍0821-V2.pdf,application/pdf,19500651,,REQUEST_BYTES_OR_EXPLICIT_NOT_FOUND
conv_57d9f1d61b01,b37ceae7-21e7-4f6e-a02a-57dfac4b0fe6,assistant,a_f5b7c69a97722f32b4,conv_57d9f1d61b01:msg_67,30327,2026-08-24_EvoMind千行百业海报_v1.png,AI 工作区/成果文件/确认一下模型-conv_57d9f1d61b01/2026-08-24_EvoMind千行百业海报_v1.png,image/png,6416936,,REQUEST_BYTES_OR_EXPLICIT_NOT_FOUND
conv_a9e6bd1941ea,8414db33-feee-4461-a402-8ab03b6ecba4,user,u_1bab5d8b079fb81fe7,conv_a9e6bd1941ea:msg_1,30241,关于上海世联行被列入新增被执行案件的说明.docx,对话附件/关于上海世联行被列入新增被执行案件的说明.docx,application/vnd.openxmlformats-officedocument.wordprocessingml.document,39678,,REQUEST_BYTES_OR_EXPLICIT_NOT_FOUND
conv_381f48864647,5eb1a1c6-d647-47fe-8036-9dc731aa0b5c,user,u_f3d21d17435487a297,conv_381f48864647:msg_19,30537,2026-08-25_债转股三方借款担保协议（美鲸灵-壹十八-斯巴达）.docx,AI 工作区/成果文件/我需要做一份债转股的三方协议，甲方为上海-conv_381f48864647/2026-08-25_债转股三方借款担保协议（美鲸灵-壹十八-斯巴达）.docx,application/vnd.openxmlformats-officedocument.wordprocessingml.document,14647,,REQUEST_BYTES_OR_EXPLICIT_NOT_FOUND
conv_c19fda1c10e1,03b9ebf1-0db1-4a77-afa7-e6eb0564e734,user,u_612d1e1833eba47755,ef9bfb4f-ddd6-403a-910d-9b0bc2d1e5d8,30554,2026-08-25_可转债投资协议（美鲸灵-斯巴达）-优化版.docx,对话附件/2026-08-25_可转债投资协议（美鲸灵-斯巴达）-优化版.docx,application/vnd.openxmlformats-officedocument.wordprocessingml.document,22803,,REQUEST_BYTES_OR_EXPLICIT_NOT_FOUND
conv_b10b34077d72,03b9ebf1-0db1-4a77-afa7-e6eb0564e734,user,u_f3d649b747c9b18828,conv_b10b34077d72:msg_1,30595,PND创始股东代持说明.pdf,对话附件/PND创始股东代持说明.pdf,application/pdf,3294562,,REQUEST_BYTES_OR_EXPLICIT_NOT_FOUND
conv_b10b34077d72,03b9ebf1-0db1-4a77-afa7-e6eb0564e734,user,u_adff85ec1f952665bf,conv_b10b34077d72:20195bbe,30699,***HEX***.png,对话附件/***HEX***.png,image/png,144741,,REQUEST_BYTES_OR_EXPLICIT_NOT_FOUND
conv_b10b34077d72,03b9ebf1-0db1-4a77-afa7-e6eb0564e734,user,u_adff85ec1f952665bf,conv_b10b34077d72:20195bbe,30699,***HEX***.png,对话附件/***HEX***.png,image/png,177270,,REQUEST_BYTES_OR_EXPLICIT_NOT_FOUND
conv_b10b34077d72,03b9ebf1-0db1-4a77-afa7-e6eb0564e734,user,u_7687426d7cc7f88a27,conv_b10b34077d72:msg_64,30700,***HEX***.png,对话附件/***HEX***.png,image/png,144741,,REQUEST_BYTES_OR_EXPLICIT_NOT_FOUND
conv_b10b34077d72,03b9ebf1-0db1-4a77-afa7-e6eb0564e734,user,u_7687426d7cc7f88a27,conv_b10b34077d72:msg_64,30700,***HEX***.png,对话附件/***HEX***.png,image/png,177270,,REQUEST_BYTES_OR_EXPLICIT_NOT_FOUND
conv_495ce24cf535,86b4712b-d230-45a7-9959-2124a30c37fd,user,u_bdfb6146aedc3583e9,conv_495ce24cf535:37fa7177,30750,生产制造运营总监_岗位说明书.docx,个人知识库/国巡机器人/生产制造运营总监_岗位说明书.docx,application/vnd.openxmlformats-officedocument.wordprocessingml.document,27317,,REQUEST_BYTES_OR_EXPLICIT_NOT_FOUND
conv_495ce24cf535,86b4712b-d230-45a7-9959-2124a30c37fd,user,u_3bc34a1521ff32193c,conv_495ce24cf535:msg_1,30751,生产制造运营总监_岗位说明书.docx,个人知识库/国巡机器人/生产制造运营总监_岗位说明书.docx,application/vnd.openxmlformats-officedocument.wordprocessingml.document,27317,,REQUEST_BYTES_OR_EXPLICIT_NOT_FOUND
conv_495ce24cf535,86b4712b-d230-45a7-9959-2124a30c37fd,user,u_9907272ca904234064,conv_495ce24cf535:544715a1,32783,生产制造运营总监_岗位说明书.docx,个人知识库/国巡机器人/生产制造运营总监_岗位说明书.docx,application/vnd.openxmlformats-officedocument.wordprocessingml.document,27317,,REQUEST_BYTES_OR_EXPLICIT_NOT_FOUND
conv_495ce24cf535,86b4712b-d230-45a7-9959-2124a30c37fd,user,u_9907272ca904234064,conv_495ce24cf535:544715a1,32783,【生产运营总监_广州 25-35K】黄和芳 10年以上.pdf,个人知识库/国巡机器人/【生产运营总监_广州 25-35K】黄和芳 10年以上.pdf,application/pdf,242048,,REQUEST_BYTES_OR_EXPLICIT_NOT_FOUND
conv_495ce24cf535,86b4712b-d230-45a7-9959-2124a30c37fd,user,u_58e22738728c308046,50faaba3-edb4-496e-a654-f7d37bd363eb,32790,【生产运营总监_广州 25-35K】宋先生 4年.pdf,个人知识库/国巡机器人/【生产运营总监_广州 25-35K】宋先生 4年.pdf,application/pdf,137492,,REQUEST_BYTES_OR_EXPLICIT_NOT_FOUND
conv_495ce24cf535,86b4712b-d230-45a7-9959-2124a30c37fd,user,u_2e29d0e3c1bedce08c,conv_495ce24cf535:9be1a063,32791,生产制造运营总监_岗位说明书.docx,个人知识库/国巡机器人/生产制造运营总监_岗位说明书.docx,application/vnd.openxmlformats-officedocument.wordprocessingml.document,27317,,REQUEST_BYTES_OR_EXPLICIT_NOT_FOUND
conv_495ce24cf535,86b4712b-d230-45a7-9959-2124a30c37fd,user,u_2e29d0e3c1bedce08c,conv_495ce24cf535:9be1a063,32791,【生产运营总监_广州 25-35K】黄和芳 10年以上.pdf,个人知识库/国巡机器人/【生产运营总监_广州 25-35K】黄和芳 10年以上.pdf,application/pdf,242048,,REQUEST_BYTES_OR_EXPLICIT_NOT_FOUND
conv_7fe404bd2fb1,b37ceae7-21e7-4f6e-a02a-57dfac4b0fe6,user,u_3403338a0cab11a7a7,conv_7fe404bd2fb1:msg_82,30831,***HEX***.png,对话附件/***HEX***.png,image/png,1632274,,REQUEST_BYTES_OR_EXPLICIT_NOT_FOUND
conv_a08c766fa806,6f30b1c7-dfa8-4ed9-9aa6-a487a9ef253a,user,u_3d6860b139d9d521ba,conv_a08c766fa806:msg_6,30819,image.png,对话附件/image.png,image/png,242798,,REQUEST_BYTES_OR_EXPLICIT_NOT_FOUND
conv_a08c766fa806,6f30b1c7-dfa8-4ed9-9aa6-a487a9ef253a,user,u_be07e3d0e72882edd2,conv_a08c766fa806:msg_30,31786,image.png,对话附件/image.png,image/png,242798,,REQUEST_BYTES_OR_EXPLICIT_NOT_FOUND
conv_a08c766fa806,6f30b1c7-dfa8-4ed9-9aa6-a487a9ef253a,user,u_f2697c7ada8eda5512,conv_a08c766fa806:msg_48,32378,竞对市场与战略规划 - 副本 - 副本.pptx,对话附件/竞对市场与战略规划 - 副本 - 副本.pptx,application/vnd.openxmlformats-officedocument.presentationml.presentation,80132,,REQUEST_BYTES_OR_EXPLICIT_NOT_FOUND
conv_a08c766fa806,6f30b1c7-dfa8-4ed9-9aa6-a487a9ef253a,user,u_5db180c059515b60ab,conv_a08c766fa806:msg_116,32407,竞对市场与战略规划 - 美化修改版.pptx,对话附件/竞对市场与战略规划 - 美化修改版.pptx,application/vnd.openxmlformats-officedocument.presentationml.presentation,82301,,REQUEST_BYTES_OR_EXPLICIT_NOT_FOUND
conv_a08c766fa806,6f30b1c7-dfa8-4ed9-9aa6-a487a9ef253a,user,u_5db180c059515b60ab,conv_a08c766fa806:msg_134,32413,竞对市场与战略规划 - 美化修改版.pptx,对话附件/竞对市场与战略规划 - 美化修改版.pptx,application/vnd.openxmlformats-officedocument.presentationml.presentation,82301,,REQUEST_BYTES_OR_EXPLICIT_NOT_FOUND
conv_a08c766fa806,6f30b1c7-dfa8-4ed9-9aa6-a487a9ef253a,user,u_ca5ce9360e1e714d9d,conv_a08c766fa806:msg_163,32430,竞对市场与战略规划 - 美化修改版 (3).pptx,对话附件/竞对市场与战略规划 - 美化修改版 (3).pptx,application/vnd.openxmlformats-officedocument.presentationml.presentation,82902,,REQUEST_BYTES_OR_EXPLICIT_NOT_FOUND
conv_a08c766fa806,6f30b1c7-dfa8-4ed9-9aa6-a487a9ef253a,user,u_ca5ce9360e1e714d9d,conv_a08c766fa806:msg_163,32430,芯飞合并报表202606 (2).xlsx,对话附件/芯飞合并报表202606 (2).xlsx,application/vnd.openxmlformats-officedocument.spreadsheetml.sheet,15020,,REQUEST_BYTES_OR_EXPLICIT_NOT_FOUND
conv_a08c766fa806,6f30b1c7-dfa8-4ed9-9aa6-a487a9ef253a,user,u_efd851cf07f7a78572,conv_a08c766fa806:msg_141,32432,竞对市场与战略规划 - 美化修改版 (2).pptx,对话附件/竞对市场与战略规划 - 美化修改版 (2).pptx,application/vnd.openxmlformats-officedocument.presentationml.presentation,83872,,REQUEST_BYTES_OR_EXPLICIT_NOT_FOUND
conv_a08c766fa806,6f30b1c7-dfa8-4ed9-9aa6-a487a9ef253a,user,u_23707aa5f197cf7ec2,conv_a08c766fa806:msg_189,32446,竞对市场与战略规划 - 美化修改版 (4).pptx,对话附件/竞对市场与战略规划 - 美化修改版 (4).pptx,application/vnd.openxmlformats-officedocument.presentationml.presentation,89029,,REQUEST_BYTES_OR_EXPLICIT_NOT_FOUND
conv_a08c766fa806,6f30b1c7-dfa8-4ed9-9aa6-a487a9ef253a,assistant,a_338d640f1f6fd21d4c,conv_a08c766fa806:msg_1,30807,会议纪要2026-08-24.docx,对话附件/会议纪要2026-08-24.docx,application/vnd.openxmlformats-officedocument.wordprocessingml.document,20058,,REQUEST_BYTES_OR_EXPLICIT_NOT_FOUND
conv_a08c766fa806,6f30b1c7-dfa8-4ed9-9aa6-a487a9ef253a,assistant,a_43bbb6af7a668e7f5c,conv_a08c766fa806:msg_39,32373,微信图片_***CARD***_4_50.png,对话附件/微信图片_***CARD***_4_50.png,image/png,191330,,REQUEST_BYTES_OR_EXPLICIT_NOT_FOUND
conv_a08c766fa806,6f30b1c7-dfa8-4ed9-9aa6-a487a9ef253a,assistant,a_43bbb6af7a668e7f5c,conv_a08c766fa806:msg_39,32373,微信图片_***CARD***_5_50.png,对话附件/微信图片_***CARD***_5_50.png,image/png,252726,,REQUEST_BYTES_OR_EXPLICIT_NOT_FOUND
conv_a08c766fa806,6f30b1c7-dfa8-4ed9-9aa6-a487a9ef253a,assistant,a_43bbb6af7a668e7f5c,conv_a08c766fa806:msg_39,32373,芯飞合并报表202606.xlsx,对话附件/芯飞合并报表202606.xlsx,application/vnd.openxmlformats-officedocument.spreadsheetml.sheet,15020,,REQUEST_BYTES_OR_EXPLICIT_NOT_FOUND
conv_a08c766fa806,6f30b1c7-dfa8-4ed9-9aa6-a487a9ef253a,assistant,a_f07cb0b70f5c0aa199,conv_a08c766fa806:msg_86,32388,竞对市场与战略规划 - 副本 - 副本.pptx,对话附件/竞对市场与战略规划 - 副本 - 副本.pptx,application/vnd.openxmlformats-officedocument.presentationml.presentation,80132,,REQUEST_BYTES_OR_EXPLICIT_NOT_FOUND
conv_a08c766fa806,6f30b1c7-dfa8-4ed9-9aa6-a487a9ef253a,assistant,a_de8d55486ed6fd8a38,conv_a08c766fa806:msg_154,32423,竞对市场与战略规划 - 美化修改版.pptx,对话附件/竞对市场与战略规划 - 美化修改版.pptx,application/vnd.openxmlformats-officedocument.presentationml.presentation,82301,,REQUEST_BYTES_OR_EXPLICIT_NOT_FOUND
conv_a08c766fa806,6f30b1c7-dfa8-4ed9-9aa6-a487a9ef253a,assistant,a_a9e9569f90078692d4,conv_a08c766fa806:msg_178,32440,竞对市场与战略规划 - 美化修改版.pptx,对话附件/竞对市场与战略规划 - 美化修改版.pptx,application/vnd.openxmlformats-officedocument.presentationml.presentation,82301,,REQUEST_BYTES_OR_EXPLICIT_NOT_FOUND
conv_e8db180459dc,5ee08357-1de0-4489-8ee8-6898763c64fa,user,u_198a27f8cd54d6485d,2eceb782-20fd-4253-a496-0672759856aa,30815,国巡机器人公司概要及产品介绍 (2).docx,对话附件/国巡机器人公司概要及产品介绍 (2).docx,application/vnd.openxmlformats-officedocument.wordprocessingml.document,13462,,REQUEST_BYTES_OR_EXPLICIT_NOT_FOUND
conv_e8db180459dc,5ee08357-1de0-4489-8ee8-6898763c64fa,user,u_198a27f8cd54d6485d,2eceb782-20fd-4253-a496-0672759856aa,30815,生产制造运营总监_岗位说明书.docx,对话附件/生产制造运营总监_岗位说明书.docx,application/vnd.openxmlformats-officedocument.wordprocessingml.document,27290,,REQUEST_BYTES_OR_EXPLICIT_NOT_FOUND
conv_075d1d056ef3,03b9ebf1-0db1-4a77-afa7-e6eb0564e734,user,u_74de177eb24332126c,conv_075d1d056ef3:msg_163,31208,美鲸灵战略协议-深圳市子午激光科技有限公司-双方盖章 (2).pdf,对话附件/美鲸灵战略协议-深圳市子午激光科技有限公司-双方盖章 (2).pdf,application/pdf,3259906,,REQUEST_BYTES_OR_EXPLICIT_NOT_FOUND
conv_075d1d056ef3,03b9ebf1-0db1-4a77-afa7-e6eb0564e734,user,u_74de177eb24332126c,conv_075d1d056ef3:msg_163,31208,美鲸灵采购合同-深圳市子午激光科技有限公司-双方盖章 (2).pdf,对话附件/美鲸灵采购合同-深圳市子午激光科技有限公司-双方盖章 (2).pdf,application/pdf,1504079,,REQUEST_BYTES_OR_EXPLICIT_NOT_FOUND
conv_075d1d056ef3,03b9ebf1-0db1-4a77-afa7-e6eb0564e734,user,u_ad19ca52244d214abd,conv_075d1d056ef3:msg_167,31211,与深圳沟通记录 截图 (2).docx,对话附件/与深圳沟通记录 截图 (2).docx,application/vnd.openxmlformats-officedocument.wordprocessingml.document,1974587,,REQUEST_BYTES_OR_EXPLICIT_NOT_FOUND
conv_075d1d056ef3,03b9ebf1-0db1-4a77-afa7-e6eb0564e734,user,u_d1e2738b8613b2f46c,conv_075d1d056ef3:msg_173,31352,激光项目深圳方节点梳理 20260130 (2).xlsx,对话附件/激光项目深圳方节点梳理 20260130 (2).xlsx,application/vnd.openxmlformats-officedocument.spreadsheetml.sheet,14311,,REQUEST_BYTES_OR_EXPLICIT_NOT_FOUND
conv_075d1d056ef3,03b9ebf1-0db1-4a77-afa7-e6eb0564e734,user,u_336dfc6c18e47cd54f,conv_075d1d056ef3:msg_183,31361,***HEX***.png,对话附件/***HEX***.png,image/png,38217,,REQUEST_BYTES_OR_EXPLICIT_NOT_FOUND
conv_43f0daa73651,8414db33-feee-4461-a402-8ab03b6ecba4,user,u_e5f36da91a9797fe92,conv_43f0daa73651:8ecc272e,31224,Investment Advisory Agreement (draft 11Feb2026)(1).docx,对话附件/Investment Advisory Agreement (draft 11Feb2026)(1).docx,application/vnd.openxmlformats-officedocument.wordprocessingml.document,71841,,REQUEST_BYTES_OR_EXPLICIT_NOT_FOUND
conv_43f0daa73651,8414db33-feee-4461-a402-8ab03b6ecba4,user,u_06c83ace19063cdf88,conv_43f0daa73651:msg_1,31225,Investment Advisory Agreement (draft 11Feb2026)(1).docx,对话附件/Investment Advisory Agreement (draft 11Feb2026)(1).docx,application/vnd.openxmlformats-officedocument.wordprocessingml.document,71841,,REQUEST_BYTES_OR_EXPLICIT_NOT_FOUND
conv_dea08980348e,b7cf8bab-99fd-472a-977c-a37c7f833148,user,u_88585e7c1636ebe19b,c07a70a8-4bf6-4821-a693-055e7759a171,31318,image (25).png,对话附件/image (25).png,image/png,1181497,,REQUEST_BYTES_OR_EXPLICIT_NOT_FOUND
conv_0e5f49df8fb6,b7cf8bab-99fd-472a-977c-a37c7f833148,user,u_9eea0b8aa398984c20,66ef6b3f-1db4-4dcc-a118-3a6e8dc2f694,31364,image (27).png,对话附件/image (27).png,image/png,1814452,,REQUEST_BYTES_OR_EXPLICIT_NOT_FOUND
conv_0e5f49df8fb6,b7cf8bab-99fd-472a-977c-a37c7f833148,user,u_f217925296b2f816a5,conv_0e5f49df8fb6:msg_184,31446,MAFIA论文解读-你的AI记得一切但记忆可能是别人编的.md,AI 工作区/成果文件/帮我按照张大胆的风格撰写这边，配图参考我-conv_0e5f49df8fb6/MAFIA论文解读-你的AI记得一切但记忆可能是别人编的.md,text/markdown,9402,,REQUEST_BYTES_OR_EXPLICIT_NOT_FOUND
conv_0e5f49df8fb6,b7cf8bab-99fd-472a-977c-a37c7f833148,user,u_cd9e7244c102517d20,6414ab2f-a121-41d5-bb89-52b679e35d40,31476,视频号口播脚本-第1期-MAFIA假记忆.md,AI 工作区/成果文件/帮我按照张大胆的风格撰写这边，配图参考我-conv_0e5f49df8fb6/视频号口播脚本-第1期-MAFIA假记忆.md,text/markdown,6846,,REQUEST_BYTES_OR_EXPLICIT_NOT_FOUND
conv_0e5f49df8fb6,b7cf8bab-99fd-472a-977c-a37c7f833148,user,u_cd9e7244c102517d20,6414ab2f-a121-41d5-bb89-52b679e35d40,31476,AHD论文解读-公众号排版.html,AI 工作区/成果文件/帮我按照张大胆的风格撰写这边，配图参考我-conv_0e5f49df8fb6/AHD论文解读-公众号排版.html,text/plain,17600,,REQUEST_BYTES_OR_EXPLICIT_NOT_FOUND
conv_0e5f49df8fb6,b7cf8bab-99fd-472a-977c-a37c7f833148,user,u_468dcf83fac8446857,15a593f8-e88a-4902-bb2d-2b4270a5129c,31478,AHD论文解读-公众号排版.html,AI 工作区/成果文件/帮我按照张大胆的风格撰写这边，配图参考我-conv_0e5f49df8fb6/AHD论文解读-公众号排版.html,text/plain,17600,,REQUEST_BYTES_OR_EXPLICIT_NOT_FOUND
conv_0e5f49df8fb6,b7cf8bab-99fd-472a-977c-a37c7f833148,user,u_468dcf83fac8446857,15a593f8-e88a-4902-bb2d-2b4270a5129c,31478,视频号口播脚本-第1期-MAFIA假记忆.md,AI 工作区/成果文件/帮我按照张大胆的风格撰写这边，配图参考我-conv_0e5f49df8fb6/视频号口播脚本-第1期-MAFIA假记忆.md,text/markdown,6846,,REQUEST_BYTES_OR_EXPLICIT_NOT_FOUND
conv_0e5f49df8fb6,b7cf8bab-99fd-472a-977c-a37c7f833148,user,u_468dcf83fac8446857,15a593f8-e88a-4902-bb2d-2b4270a5129c,31478,image (33).png,对话附件/image (33).png,image/png,1004659,,REQUEST_BYTES_OR_EXPLICIT_NOT_FOUND
conv_0e5f49df8fb6,b7cf8bab-99fd-472a-977c-a37c7f833148,assistant,a_9a7b668112c34b50a8,conv_0e5f49df8fb6:msg_80,31403,image (28).png,对话附件/image (28).png,image/png,770477,,REQUEST_BYTES_OR_EXPLICIT_NOT_FOUND
conv_f1d62ddb0453,8ce7a01f-a204-4311-8608-9437da09755d,user,u_1d8c5b3e98695b9cfe,30e62921-7fd0-4de8-8e5e-dd27851d09d5,31877,志高-易知_专利检测与风险分析_Agent制作包.zip,易知视频/合集/志高-易知_专利检测与风险分析_Agent制作包.zip,text/plain,170467487,,REQUEST_BYTES_OR_EXPLICIT_NOT_FOUND
conv_870b933e9ff8,76d362d5-0552-4b79-8d05-ce0bbb885d9c,user,u_c596e4aff86eba8f10,41db79a1-5d0a-46b1-9856-cdb4a4fa5224,31879,文哥-易知_论文与科研数据智能质审_Agent制作包.zip,易知视频/合集/文哥-易知_论文与科研数据智能质审_Agent制作包.zip,text/plain,196961413,,REQUEST_BYTES_OR_EXPLICIT_NOT_FOUND
conv_977222180c98,5a34da8c-be28-42b8-9bc7-102700124dac,user,u_dae100032a1b1918aa,b62d2225-3f1d-47fb-8755-f9e59993c229,31880,佳慧-易知_智能政策匹配_Agent制作包.zip,易知视频/合集/佳慧-易知_智能政策匹配_Agent制作包.zip,text/plain,176215517,,REQUEST_BYTES_OR_EXPLICIT_NOT_FOUND
conv_bdc2eba9ff39,b7cf8bab-99fd-472a-977c-a37c7f833148,user,u_af9a2de742c56da83a,fc772b01-e069-4c09-9ca0-fcb13a32439c,32095,陈子曦0819.docx,Xin-10组/陈子曦0819.docx,application/vnd.openxmlformats-officedocument.wordprocessingml.document,1087836,shared-workspace,REQUEST_BYTES_OR_EXPLICIT_NOT_FOUND
conv_8e26cf39a820,76d362d5-0552-4b79-8d05-ce0bbb885d9c,user,u_8140d89dd98946e0b9,21fad436-7ca3-4907-9289-c95fffa3a420,32104,陈子曦0819.docx,Xin-10组/陈子曦0819.docx,application/vnd.openxmlformats-officedocument.wordprocessingml.document,1087836,shared-workspace,REQUEST_BYTES_OR_EXPLICIT_NOT_FOUND
conv_f2c7eafcee01,76d362d5-0552-4b79-8d05-ce0bbb885d9c,user,u_85059bf4bcaefa349e,conv_f2c7eafcee01:msg_1,32119,陈子曦0819.docx,Xin-10组/陈子曦0819.docx,application/vnd.openxmlformats-officedocument.wordprocessingml.document,1087836,,REQUEST_BYTES_OR_EXPLICIT_NOT_FOUND
conv_feb7c0fed490,edb0fc49-01e2-417f-9d6b-d5115d220cb3,user,u_1dc56ae4a86b01a8a5,conv_feb7c0fed490:d3a2ab52,32248,2026.07.03产品规格书.pdf,个人知识库/合生纪康/葉田强降尿酸益生菌/均瑶代工生产/2026.07.03产品规格书.pdf,application/pdf,170490,,REQUEST_BYTES_OR_EXPLICIT_NOT_FOUND
conv_feb7c0fed490,edb0fc49-01e2-417f-9d6b-d5115d220cb3,user,u_922e0cb6abe6a1d322,conv_feb7c0fed490:msg_1,32249,2026.07.03产品规格书.pdf,个人知识库/合生纪康/葉田强降尿酸益生菌/均瑶代工生产/2026.07.03产品规格书.pdf,application/pdf,170490,,REQUEST_BYTES_OR_EXPLICIT_NOT_FOUND
conv_feb7c0fed490,edb0fc49-01e2-417f-9d6b-d5115d220cb3,user,u_2755043ff92a3c0958,conv_feb7c0fed490:f53a1054,32965,【邀请函】全球医疗健康创新大会（GHIS）暨丹纳赫中国投资人俱乐部年度峰会.pdf,个人知识库/合生纪康/【邀请函】全球医疗健康创新大会（GHIS）暨丹纳赫中国投资人俱乐部年度峰会.pdf,application/pdf,1256403,workspace,REQUEST_BYTES_OR_EXPLICIT_NOT_FOUND
conv_228ebd613017,5eb1a1c6-d647-47fe-8036-9dc731aa0b5c,user,u_a39262e12a5b921c86,conv_228ebd613017:47dd3abb,32502,0824促进科技成果转化条例（修订草案）清洁版-核稿.doc,对话附件/0824促进科技成果转化条例（修订草案）清洁版-核稿.doc,application/msword,82944,,REQUEST_BYTES_OR_EXPLICIT_NOT_FOUND
conv_aa39a0edc534,5eb1a1c6-d647-47fe-8036-9dc731aa0b5c,user,u_9069cd26e5969fec89,conv_aa39a0edc534:msg_1,32610,1.1 派和商业计划书 (2).pdf,对话附件/1.1 派和商业计划书 (2).pdf,application/pdf,30626177,,REQUEST_BYTES_OR_EXPLICIT_NOT_FOUND
conv_aa39a0edc534,5eb1a1c6-d647-47fe-8036-9dc731aa0b5c,user,u_9069cd26e5969fec89,conv_aa39a0edc534:msg_1,32610,本轮投资方案.pptx,对话附件/本轮投资方案.pptx,application/vnd.openxmlformats-officedocument.presentationml.presentation,675061,,REQUEST_BYTES_OR_EXPLICIT_NOT_FOUND
conv_b6ece15c4c44,03b9ebf1-0db1-4a77-afa7-e6eb0564e734,user,u_91ae3b3a93903cb333,conv_b6ece15c4c44:7f02c1ae,32758,年产500吨光刻胶单体、新型显示单体和感光树脂项目主体沉降观测合同.doc,对话附件/年产500吨光刻胶单体、新型显示单体和感光树脂项目主体沉降观测合同.doc,application/msword,79872,,REQUEST_BYTES_OR_EXPLICIT_NOT_FOUND
conv_b6ece15c4c44,03b9ebf1-0db1-4a77-afa7-e6eb0564e734,user,u_0788d8f2fcfbec89ab,conv_b6ece15c4c44:msg_1,32759,年产500吨光刻胶单体、新型显示单体和感光树脂项目主体沉降观测合同.doc,对话附件/年产500吨光刻胶单体、新型显示单体和感光树脂项目主体沉降观测合同.doc,application/msword,79872,,REQUEST_BYTES_OR_EXPLICIT_NOT_FOUND
conv_15221652e821,baa7820b-c46b-4e15-97b0-c20bd7f6022c,user,u_46d2aaa935a5bc4f5e,conv_15221652e821:d5ca547b,32830,关于社保基数调整.docx,对话附件/关于社保基数调整.docx,application/vnd.openxmlformats-officedocument.wordprocessingml.document,17746,,REQUEST_BYTES_OR_EXPLICIT_NOT_FOUND
conv_15221652e821,baa7820b-c46b-4e15-97b0-c20bd7f6022c,user,u_d3de40d897588c315a,conv_15221652e821:msg_1,32831,关于社保基数调整.docx,对话附件/关于社保基数调整.docx,application/vnd.openxmlformats-officedocument.wordprocessingml.document,17746,,REQUEST_BYTES_OR_EXPLICIT_NOT_FOUND
conv_e5eadb9c491f,5ee08357-1de0-4489-8ee8-6898763c64fa,user,u_e16576be346ead546d,conv_e5eadb9c491f:44960412,32865,【【巡检机器人行业】生产制造总监_广州 28-40K】彦国 10年以上.pdf,对话附件/【【巡检机器人行业】生产制造总监_广州 28-40K】彦国 10年以上.pdf,application/pdf,160020,,REQUEST_BYTES_OR_EXPLICIT_NOT_FOUND
conv_e5eadb9c491f,5ee08357-1de0-4489-8ee8-6898763c64fa,user,u_e16576be346ead546d,conv_e5eadb9c491f:44960412,32865,【【巡检机器人行业】生产制造总监_广州 28-40K】徐钢 10年以上.pdf,对话附件/【【巡检机器人行业】生产制造总监_广州 28-40K】徐钢 10年以上.pdf,application/pdf,166766,,REQUEST_BYTES_OR_EXPLICIT_NOT_FOUND
conv_e5eadb9c491f,5ee08357-1de0-4489-8ee8-6898763c64fa,user,u_e16576be346ead546d,conv_e5eadb9c491f:44960412,32865,【【巡检机器人行业】生产制造总监_广州 28-40K】时党伟 10年以上.pdf,对话附件/【【巡检机器人行业】生产制造总监_广州 28-40K】时党伟 10年以上.pdf,application/pdf,351578,,REQUEST_BYTES_OR_EXPLICIT_NOT_FOUND
conv_e5eadb9c491f,5ee08357-1de0-4489-8ee8-6898763c64fa,user,u_e16576be346ead546d,conv_e5eadb9c491f:44960412,32865,【【巡检机器人行业】生产制造总监_广州 28-40K】郑先生 10年以上.pdf,对话附件/【【巡检机器人行业】生产制造总监_广州 28-40K】郑先生 10年以上.pdf,application/pdf,206123,,REQUEST_BYTES_OR_EXPLICIT_NOT_FOUND
conv_e5eadb9c491f,5ee08357-1de0-4489-8ee8-6898763c64fa,user,u_e16576be346ead546d,conv_e5eadb9c491f:44960412,32865,【【巡检机器人行业】生产制造总监_广州 28-40K】周梦蛟 10年以上.pdf,对话附件/【【巡检机器人行业】生产制造总监_广州 28-40K】周梦蛟 10年以上.pdf,application/pdf,190963,,REQUEST_BYTES_OR_EXPLICIT_NOT_FOUND
conv_e5eadb9c491f,5ee08357-1de0-4489-8ee8-6898763c64fa,user,u_e16576be346ead546d,conv_e5eadb9c491f:44960412,32865,【【巡检机器人行业】生产制造总监_广州 28-40K】韩生 10年以上.pdf,对话附件/【【巡检机器人行业】生产制造总监_广州 28-40K】韩生 10年以上.pdf,application/pdf,184899,,REQUEST_BYTES_OR_EXPLICIT_NOT_FOUND
conv_e5eadb9c491f,5ee08357-1de0-4489-8ee8-6898763c64fa,user,u_e16576be346ead546d,conv_e5eadb9c491f:44960412,32865,【【巡检机器人行业】生产制造总监_广州 28-40K】贾先生 10年以上.pdf,对话附件/【【巡检机器人行业】生产制造总监_广州 28-40K】贾先生 10年以上.pdf,application/pdf,233375,,REQUEST_BYTES_OR_EXPLICIT_NOT_FOUND
conv_e5eadb9c491f,5ee08357-1de0-4489-8ee8-6898763c64fa,user,u_e16576be346ead546d,conv_e5eadb9c491f:44960412,32865,【【巡检机器人行业】生产制造总监_广州 28-40K】尤小兵 10年以上.pdf,对话附件/【【巡检机器人行业】生产制造总监_广州 28-40K】尤小兵 10年以上.pdf,application/pdf,165187,,REQUEST_BYTES_OR_EXPLICIT_NOT_FOUND
conv_e5eadb9c491f,5ee08357-1de0-4489-8ee8-6898763c64fa,user,u_e16576be346ead546d,conv_e5eadb9c491f:44960412,32865,【【巡检机器人行业】生产制造总监_广州 28-40K】何文理 10年以上.pdf,对话附件/【【巡检机器人行业】生产制造总监_广州 28-40K】何文理 10年以上.pdf,application/pdf,487607,,REQUEST_BYTES_OR_EXPLICIT_NOT_FOUND
conv_e5eadb9c491f,5ee08357-1de0-4489-8ee8-6898763c64fa,user,u_e16576be346ead546d,conv_e5eadb9c491f:44960412,32865,【【巡检机器人行业】生产制造总监_广州 28-40K】李顺 10年以上.pdf,对话附件/【【巡检机器人行业】生产制造总监_广州 28-40K】李顺 10年以上.pdf,application/pdf,221876,,REQUEST_BYTES_OR_EXPLICIT_NOT_FOUND
conv_e5eadb9c491f,5ee08357-1de0-4489-8ee8-6898763c64fa,user,u_e16576be346ead546d,conv_e5eadb9c491f:msg_1,32866,【【巡检机器人行业】生产制造总监_广州 28-40K】彦国 10年以上.pdf,对话附件/【【巡检机器人行业】生产制造总监_广州 28-40K】彦国 10年以上.pdf,application/pdf,160020,,REQUEST_BYTES_OR_EXPLICIT_NOT_FOUND
conv_e5eadb9c491f,5ee08357-1de0-4489-8ee8-6898763c64fa,user,u_e16576be346ead546d,conv_e5eadb9c491f:msg_1,32866,【【巡检机器人行业】生产制造总监_广州 28-40K】徐钢 10年以上.pdf,对话附件/【【巡检机器人行业】生产制造总监_广州 28-40K】徐钢 10年以上.pdf,application/pdf,166766,,REQUEST_BYTES_OR_EXPLICIT_NOT_FOUND
conv_e5eadb9c491f,5ee08357-1de0-4489-8ee8-6898763c64fa,user,u_e16576be346ead546d,conv_e5eadb9c491f:msg_1,32866,【【巡检机器人行业】生产制造总监_广州 28-40K】时党伟 10年以上.pdf,对话附件/【【巡检机器人行业】生产制造总监_广州 28-40K】时党伟 10年以上.pdf,application/pdf,351578,,REQUEST_BYTES_OR_EXPLICIT_NOT_FOUND
conv_e5eadb9c491f,5ee08357-1de0-4489-8ee8-6898763c64fa,user,u_e16576be346ead546d,conv_e5eadb9c491f:msg_1,32866,【【巡检机器人行业】生产制造总监_广州 28-40K】郑先生 10年以上.pdf,对话附件/【【巡检机器人行业】生产制造总监_广州 28-40K】郑先生 10年以上.pdf,application/pdf,206123,,REQUEST_BYTES_OR_EXPLICIT_NOT_FOUND
conv_e5eadb9c491f,5ee08357-1de0-4489-8ee8-6898763c64fa,user,u_e16576be346ead546d,conv_e5eadb9c491f:msg_1,32866,【【巡检机器人行业】生产制造总监_广州 28-40K】周梦蛟 10年以上.pdf,对话附件/【【巡检机器人行业】生产制造总监_广州 28-40K】周梦蛟 10年以上.pdf,application/pdf,190963,,REQUEST_BYTES_OR_EXPLICIT_NOT_FOUND
conv_e5eadb9c491f,5ee08357-1de0-4489-8ee8-6898763c64fa,user,u_e16576be346ead546d,conv_e5eadb9c491f:msg_1,32866,【【巡检机器人行业】生产制造总监_广州 28-40K】韩生 10年以上.pdf,对话附件/【【巡检机器人行业】生产制造总监_广州 28-40K】韩生 10年以上.pdf,application/pdf,184899,,REQUEST_BYTES_OR_EXPLICIT_NOT_FOUND
conv_e5eadb9c491f,5ee08357-1de0-4489-8ee8-6898763c64fa,user,u_e16576be346ead546d,conv_e5eadb9c491f:msg_1,32866,【【巡检机器人行业】生产制造总监_广州 28-40K】贾先生 10年以上.pdf,对话附件/【【巡检机器人行业】生产制造总监_广州 28-40K】贾先生 10年以上.pdf,application/pdf,233375,,REQUEST_BYTES_OR_EXPLICIT_NOT_FOUND
conv_e5eadb9c491f,5ee08357-1de0-4489-8ee8-6898763c64fa,user,u_e16576be346ead546d,conv_e5eadb9c491f:msg_1,32866,【【巡检机器人行业】生产制造总监_广州 28-40K】尤小兵 10年以上.pdf,对话附件/【【巡检机器人行业】生产制造总监_广州 28-40K】尤小兵 10年以上.pdf,application/pdf,165187,,REQUEST_BYTES_OR_EXPLICIT_NOT_FOUND
conv_e5eadb9c491f,5ee08357-1de0-4489-8ee8-6898763c64fa,user,u_e16576be346ead546d,conv_e5eadb9c491f:msg_1,32866,【【巡检机器人行业】生产制造总监_广州 28-40K】何文理 10年以上.pdf,对话附件/【【巡检机器人行业】生产制造总监_广州 28-40K】何文理 10年以上.pdf,application/pdf,487607,,REQUEST_BYTES_OR_EXPLICIT_NOT_FOUND
conv_e5eadb9c491f,5ee08357-1de0-4489-8ee8-6898763c64fa,user,u_e16576be346ead546d,conv_e5eadb9c491f:msg_1,32866,【【巡检机器人行业】生产制造总监_广州 28-40K】李顺 10年以上.pdf,对话附件/【【巡检机器人行业】生产制造总监_广州 28-40K】李顺 10年以上.pdf,application/pdf,221876,,REQUEST_BYTES_OR_EXPLICIT_NOT_FOUND
conv_e5eadb9c491f,5ee08357-1de0-4489-8ee8-6898763c64fa,user,u_fb67a2c8537e5a45f4,conv_e5eadb9c491f:077a3c33,32924,【【巡检机器人行业】生产制造总监_广州 28-40K】刘先生 10年以上.pdf,对话附件/【【巡检机器人行业】生产制造总监_广州 28-40K】刘先生 10年以上.pdf,application/pdf,178883,,REQUEST_BYTES_OR_EXPLICIT_NOT_FOUND
conv_e5eadb9c491f,5ee08357-1de0-4489-8ee8-6898763c64fa,user,u_fb67a2c8537e5a45f4,conv_e5eadb9c491f:077a3c33,32924,【【巡检机器人行业】生产制造总监_广州 28-40K】李华贵 10年以上.pdf,对话附件/【【巡检机器人行业】生产制造总监_广州 28-40K】李华贵 10年以上.pdf,application/pdf,433921,,REQUEST_BYTES_OR_EXPLICIT_NOT_FOUND
conv_e5eadb9c491f,5ee08357-1de0-4489-8ee8-6898763c64fa,user,u_fb67a2c8537e5a45f4,conv_e5eadb9c491f:077a3c33,32924,【【巡检机器人行业】生产制造总监_广州 28-40K】李世刚 10年以上.pdf,对话附件/【【巡检机器人行业】生产制造总监_广州 28-40K】李世刚 10年以上.pdf,application/pdf,212136,,REQUEST_BYTES_OR_EXPLICIT_NOT_FOUND
conv_e5eadb9c491f,5ee08357-1de0-4489-8ee8-6898763c64fa,user,u_fb67a2c8537e5a45f4,conv_e5eadb9c491f:077a3c33,32924,【【巡检机器人行业】生产制造总监_广州 28-40K】邹永俊 10年以上.pdf,对话附件/【【巡检机器人行业】生产制造总监_广州 28-40K】邹永俊 10年以上.pdf,application/pdf,155626,,REQUEST_BYTES_OR_EXPLICIT_NOT_FOUND
conv_e5eadb9c491f,5ee08357-1de0-4489-8ee8-6898763c64fa,user,u_fb67a2c8537e5a45f4,conv_e5eadb9c491f:077a3c33,32924,【【巡检机器人行业】生产制造总监_广州 28-40K】李先生 10年以上.pdf,对话附件/【【巡检机器人行业】生产制造总监_广州 28-40K】李先生 10年以上.pdf,application/pdf,1545925,,REQUEST_BYTES_OR_EXPLICIT_NOT_FOUND
conv_e5eadb9c491f,5ee08357-1de0-4489-8ee8-6898763c64fa,user,u_fb67a2c8537e5a45f4,conv_e5eadb9c491f:077a3c33,32924,【【巡检机器人行业】生产制造总监_广州 28-40K】李平 10年以上.pdf,对话附件/【【巡检机器人行业】生产制造总监_广州 28-40K】李平 10年以上.pdf,application/pdf,258377,,REQUEST_BYTES_OR_EXPLICIT_NOT_FOUND
conv_e5eadb9c491f,5ee08357-1de0-4489-8ee8-6898763c64fa,user,u_fb67a2c8537e5a45f4,conv_e5eadb9c491f:077a3c33,32924,【【巡检机器人行业】生产制造总监_广州 28-40K】李生 10年以上.pdf,对话附件/【【巡检机器人行业】生产制造总监_广州 28-40K】李生 10年以上.pdf,application/pdf,213074,,REQUEST_BYTES_OR_EXPLICIT_NOT_FOUND
conv_e5eadb9c491f,5ee08357-1de0-4489-8ee8-6898763c64fa,user,u_fb67a2c8537e5a45f4,conv_e5eadb9c491f:077a3c33,32924,【【巡检机器人行业】生产制造总监_广州 28-40K】吴亚兵 10年以上.pdf,对话附件/【【巡检机器人行业】生产制造总监_广州 28-40K】吴亚兵 10年以上.pdf,application/pdf,186942,,REQUEST_BYTES_OR_EXPLICIT_NOT_FOUND
conv_e5eadb9c491f,5ee08357-1de0-4489-8ee8-6898763c64fa,user,u_fb67a2c8537e5a45f4,conv_e5eadb9c491f:077a3c33,32924,【【巡检机器人行业】生产制造总监_广州 28-40K】付军 10年以上.pdf,对话附件/【【巡检机器人行业】生产制造总监_广州 28-40K】付军 10年以上.pdf,application/pdf,192873,,REQUEST_BYTES_OR_EXPLICIT_NOT_FOUND
conv_e5eadb9c491f,5ee08357-1de0-4489-8ee8-6898763c64fa,user,u_fb67a2c8537e5a45f4,conv_e5eadb9c491f:077a3c33,32924,【【巡检机器人行业】生产制造总监_广州 28-40K】赵星 10年以上.pdf,对话附件/【【巡检机器人行业】生产制造总监_广州 28-40K】赵星 10年以上.pdf,application/pdf,177152,,REQUEST_BYTES_OR_EXPLICIT_NOT_FOUND
conv_e5eadb9c491f,5ee08357-1de0-4489-8ee8-6898763c64fa,user,u_fb67a2c8537e5a45f4,conv_e5eadb9c491f:077a3c33,32924,【【巡检机器人行业】生产制造总监_广州 28-40K】万煜 10年以上.pdf,对话附件/【【巡检机器人行业】生产制造总监_广州 28-40K】万煜 10年以上.pdf,application/pdf,517109,,REQUEST_BYTES_OR_EXPLICIT_NOT_FOUND
conv_e5eadb9c491f,5ee08357-1de0-4489-8ee8-6898763c64fa,user,u_fb67a2c8537e5a45f4,conv_e5eadb9c491f:077a3c33,32924,【【巡检机器人行业】生产制造总监_广州 28-40K】张占双 10年以上.pdf,对话附件/【【巡检机器人行业】生产制造总监_广州 28-40K】张占双 10年以上.pdf,application/pdf,238100,,REQUEST_BYTES_OR_EXPLICIT_NOT_FOUND
conv_e5eadb9c491f,5ee08357-1de0-4489-8ee8-6898763c64fa,user,u_fb67a2c8537e5a45f4,conv_e5eadb9c491f:msg_46,32925,【【巡检机器人行业】生产制造总监_广州 28-40K】刘先生 10年以上.pdf,对话附件/【【巡检机器人行业】生产制造总监_广州 28-40K】刘先生 10年以上.pdf,application/pdf,178883,,REQUEST_BYTES_OR_EXPLICIT_NOT_FOUND
conv_e5eadb9c491f,5ee08357-1de0-4489-8ee8-6898763c64fa,user,u_fb67a2c8537e5a45f4,conv_e5eadb9c491f:msg_46,32925,【【巡检机器人行业】生产制造总监_广州 28-40K】李华贵 10年以上.pdf,对话附件/【【巡检机器人行业】生产制造总监_广州 28-40K】李华贵 10年以上.pdf,application/pdf,433921,,REQUEST_BYTES_OR_EXPLICIT_NOT_FOUND
conv_e5eadb9c491f,5ee08357-1de0-4489-8ee8-6898763c64fa,user,u_fb67a2c8537e5a45f4,conv_e5eadb9c491f:msg_46,32925,【【巡检机器人行业】生产制造总监_广州 28-40K】李世刚 10年以上.pdf,对话附件/【【巡检机器人行业】生产制造总监_广州 28-40K】李世刚 10年以上.pdf,application/pdf,212136,,REQUEST_BYTES_OR_EXPLICIT_NOT_FOUND
conv_e5eadb9c491f,5ee08357-1de0-4489-8ee8-6898763c64fa,user,u_fb67a2c8537e5a45f4,conv_e5eadb9c491f:msg_46,32925,【【巡检机器人行业】生产制造总监_广州 28-40K】邹永俊 10年以上.pdf,对话附件/【【巡检机器人行业】生产制造总监_广州 28-40K】邹永俊 10年以上.pdf,application/pdf,155626,,REQUEST_BYTES_OR_EXPLICIT_NOT_FOUND
conv_e5eadb9c491f,5ee08357-1de0-4489-8ee8-6898763c64fa,user,u_fb67a2c8537e5a45f4,conv_e5eadb9c491f:msg_46,32925,【【巡检机器人行业】生产制造总监_广州 28-40K】李先生 10年以上.pdf,对话附件/【【巡检机器人行业】生产制造总监_广州 28-40K】李先生 10年以上.pdf,application/pdf,1545925,,REQUEST_BYTES_OR_EXPLICIT_NOT_FOUND
conv_e5eadb9c491f,5ee08357-1de0-4489-8ee8-6898763c64fa,user,u_fb67a2c8537e5a45f4,conv_e5eadb9c491f:msg_46,32925,【【巡检机器人行业】生产制造总监_广州 28-40K】李平 10年以上.pdf,对话附件/【【巡检机器人行业】生产制造总监_广州 28-40K】李平 10年以上.pdf,application/pdf,258377,,REQUEST_BYTES_OR_EXPLICIT_NOT_FOUND
conv_e5eadb9c491f,5ee08357-1de0-4489-8ee8-6898763c64fa,user,u_fb67a2c8537e5a45f4,conv_e5eadb9c491f:msg_46,32925,【【巡检机器人行业】生产制造总监_广州 28-40K】李生 10年以上.pdf,对话附件/【【巡检机器人行业】生产制造总监_广州 28-40K】李生 10年以上.pdf,application/pdf,213074,,REQUEST_BYTES_OR_EXPLICIT_NOT_FOUND
conv_e5eadb9c491f,5ee08357-1de0-4489-8ee8-6898763c64fa,user,u_fb67a2c8537e5a45f4,conv_e5eadb9c491f:msg_46,32925,【【巡检机器人行业】生产制造总监_广州 28-40K】吴亚兵 10年以上.pdf,对话附件/【【巡检机器人行业】生产制造总监_广州 28-40K】吴亚兵 10年以上.pdf,application/pdf,186942,,REQUEST_BYTES_OR_EXPLICIT_NOT_FOUND
conv_e5eadb9c491f,5ee08357-1de0-4489-8ee8-6898763c64fa,user,u_fb67a2c8537e5a45f4,conv_e5eadb9c491f:msg_46,32925,【【巡检机器人行业】生产制造总监_广州 28-40K】付军 10年以上.pdf,对话附件/【【巡检机器人行业】生产制造总监_广州 28-40K】付军 10年以上.pdf,application/pdf,192873,,REQUEST_BYTES_OR_EXPLICIT_NOT_FOUND
conv_e5eadb9c491f,5ee08357-1de0-4489-8ee8-6898763c64fa,user,u_fb67a2c8537e5a45f4,conv_e5eadb9c491f:msg_46,32925,【【巡检机器人行业】生产制造总监_广州 28-40K】赵星 10年以上.pdf,对话附件/【【巡检机器人行业】生产制造总监_广州 28-40K】赵星 10年以上.pdf,application/pdf,177152,,REQUEST_BYTES_OR_EXPLICIT_NOT_FOUND
conv_e5eadb9c491f,5ee08357-1de0-4489-8ee8-6898763c64fa,user,u_fb67a2c8537e5a45f4,conv_e5eadb9c491f:msg_46,32925,【【巡检机器人行业】生产制造总监_广州 28-40K】万煜 10年以上.pdf,对话附件/【【巡检机器人行业】生产制造总监_广州 28-40K】万煜 10年以上.pdf,application/pdf,517109,,REQUEST_BYTES_OR_EXPLICIT_NOT_FOUND
conv_e5eadb9c491f,5ee08357-1de0-4489-8ee8-6898763c64fa,user,u_fb67a2c8537e5a45f4,conv_e5eadb9c491f:msg_46,32925,【【巡检机器人行业】生产制造总监_广州 28-40K】张占双 10年以上.pdf,对话附件/【【巡检机器人行业】生产制造总监_广州 28-40K】张占双 10年以上.pdf,application/pdf,238100,,REQUEST_BYTES_OR_EXPLICIT_NOT_FOUND
conv_e5eadb9c491f,5ee08357-1de0-4489-8ee8-6898763c64fa,user,u_f2e40d84a9aa4362c8,conv_e5eadb9c491f:bf857f07,38743,2026-08-27_时党伟_人才推荐评估报告.docx,对话附件/2026-08-27_时党伟_人才推荐评估报告.docx,application/vnd.openxmlformats-officedocument.wordprocessingml.document,19832,,REQUEST_BYTES_OR_EXPLICIT_NOT_FOUND
conv_e5eadb9c491f,5ee08357-1de0-4489-8ee8-6898763c64fa,user,u_4b6941bbc2ca63c191,conv_e5eadb9c491f:fbb0bd5d,41879,王英超--生产运营与质量管理.docx,对话附件/王英超--生产运营与质量管理.docx,application/vnd.openxmlformats-officedocument.wordprocessingml.document,25059,,REQUEST_BYTES_OR_EXPLICIT_NOT_FOUND
conv_222c1d76547a,5ee08357-1de0-4489-8ee8-6898763c64fa,user,u_c0cf5c6da882dbc58c,conv_222c1d76547a:2b21d4cc,32975,【HRD_广州 30-35K】余泽彪 10年以上.pdf,对话附件/【HRD_广州 30-35K】余泽彪 10年以上.pdf,application/pdf,200746,,REQUEST_BYTES_OR_EXPLICIT_NOT_FOUND
conv_222c1d76547a,5ee08357-1de0-4489-8ee8-6898763c64fa,user,u_c0cf5c6da882dbc58c,conv_222c1d76547a:2b21d4cc,32975,【【巡检机器人行业】集团人事总监base广州_广州 28-35K】朱传舟 10年以上.pdf,对话附件/【【巡检机器人行业】集团人事总监base广州_广州 28-35K】朱传舟 10年以上.pdf,application/pdf,252260,,REQUEST_BYTES_OR_EXPLICIT_NOT_FOUND
conv_222c1d76547a,5ee08357-1de0-4489-8ee8-6898763c64fa,user,u_c0cf5c6da882dbc58c,conv_222c1d76547a:2b21d4cc,32975,【【巡检机器人行业】集团人事总监base广州_广州 28-35K】赖女士 10年以上 (2).pdf,对话附件/【【巡检机器人行业】集团人事总监base广州_广州 28-35K】赖女士 10年以上 (2).pdf,application/pdf,230800,,REQUEST_BYTES_OR_EXPLICIT_NOT_FOUND
conv_222c1d76547a,5ee08357-1de0-4489-8ee8-6898763c64fa,user,u_c0cf5c6da882dbc58c,conv_222c1d76547a:2b21d4cc,32975,【【巡检机器人行业】集团人事总监base广州_广州 28-35K】陈雪 10年以上 (2).pdf,对话附件/【【巡检机器人行业】集团人事总监base广州_广州 28-35K】陈雪 10年以上 (2).pdf,application/pdf,187434,,REQUEST_BYTES_OR_EXPLICIT_NOT_FOUND
conv_222c1d76547a,5ee08357-1de0-4489-8ee8-6898763c64fa,user,u_c0cf5c6da882dbc58c,conv_222c1d76547a:2b21d4cc,32975,【【巡检机器人行业】集团人事总监base广州_广州 28-35K】苏女士 10年以上 (2).pdf,对话附件/【【巡检机器人行业】集团人事总监base广州_广州 28-35K】苏女士 10年以上 (2).pdf,application/pdf,241033,,REQUEST_BYTES_OR_EXPLICIT_NOT_FOUND
conv_222c1d76547a,5ee08357-1de0-4489-8ee8-6898763c64fa,user,u_c0cf5c6da882dbc58c,conv_222c1d76547a:2b21d4cc,32975,【【巡检机器人行业】集团人事总监base广州_广州 28-35K】孙女士 10年以上 (2).pdf,对话附件/【【巡检机器人行业】集团人事总监base广州_广州 28-35K】孙女士 10年以上 (2).pdf,application/pdf,246108,,REQUEST_BYTES_OR_EXPLICIT_NOT_FOUND
conv_222c1d76547a,5ee08357-1de0-4489-8ee8-6898763c64fa,user,u_c0cf5c6da882dbc58c,conv_222c1d76547a:2b21d4cc,32975,【【巡检机器人行业】集团人事总监base广州_广州 28-35K】弥树强 10年以上 (2).pdf,对话附件/【【巡检机器人行业】集团人事总监base广州_广州 28-35K】弥树强 10年以上 (2).pdf,application/pdf,225381,,REQUEST_BYTES_OR_EXPLICIT_NOT_FOUND
conv_222c1d76547a,5ee08357-1de0-4489-8ee8-6898763c64fa,user,u_c0cf5c6da882dbc58c,conv_222c1d76547a:2b21d4cc,32975,【【巡检机器人行业】集团人事总监base广州_广州 28-35K】梁先生 10年以上 (2).pdf,对话附件/【【巡检机器人行业】集团人事总监base广州_广州 28-35K】梁先生 10年以上 (2).pdf,application/pdf,289770,,REQUEST_BYTES_OR_EXPLICIT_NOT_FOUND
conv_222c1d76547a,5ee08357-1de0-4489-8ee8-6898763c64fa,user,u_c0cf5c6da882dbc58c,conv_222c1d76547a:2b21d4cc,32975,【【巡检机器人行业】集团人事总监base广州_广州 28-35K】熊先生 10年以上 (2).pdf,对话附件/【【巡检机器人行业】集团人事总监base广州_广州 28-35K】熊先生 10年以上 (2).pdf,application/pdf,162426,,REQUEST_BYTES_OR_EXPLICIT_NOT_FOUND
conv_222c1d76547a,5ee08357-1de0-4489-8ee8-6898763c64fa,user,u_c0cf5c6da882dbc58c,conv_222c1d76547a:2b21d4cc,32975,【【巡检机器人行业】集团人事总监base广州_广州 28-35K】黄先生 10年以上 (2).pdf,对话附件/【【巡检机器人行业】集团人事总监base广州_广州 28-35K】黄先生 10年以上 (2).pdf,application/pdf,175970,,REQUEST_BYTES_OR_EXPLICIT_NOT_FOUND
conv_222c1d76547a,5ee08357-1de0-4489-8ee8-6898763c64fa,user,u_c0cf5c6da882dbc58c,conv_222c1d76547a:msg_1,32976,【HRD_广州 30-35K】余泽彪 10年以上.pdf,对话附件/【HRD_广州 30-35K】余泽彪 10年以上.pdf,application/pdf,200746,,REQUEST_BYTES_OR_EXPLICIT_NOT_FOUND
conv_222c1d76547a,5ee08357-1de0-4489-8ee8-6898763c64fa,user,u_c0cf5c6da882dbc58c,conv_222c1d76547a:msg_1,32976,【【巡检机器人行业】集团人事总监base广州_广州 28-35K】朱传舟 10年以上.pdf,对话附件/【【巡检机器人行业】集团人事总监base广州_广州 28-35K】朱传舟 10年以上.pdf,application/pdf,252260,,REQUEST_BYTES_OR_EXPLICIT_NOT_FOUND
conv_222c1d76547a,5ee08357-1de0-4489-8ee8-6898763c64fa,user,u_c0cf5c6da882dbc58c,conv_222c1d76547a:msg_1,32976,【【巡检机器人行业】集团人事总监base广州_广州 28-35K】赖女士 10年以上 (2).pdf,对话附件/【【巡检机器人行业】集团人事总监base广州_广州 28-35K】赖女士 10年以上 (2).pdf,application/pdf,230800,,REQUEST_BYTES_OR_EXPLICIT_NOT_FOUND
conv_222c1d76547a,5ee08357-1de0-4489-8ee8-6898763c64fa,user,u_c0cf5c6da882dbc58c,conv_222c1d76547a:msg_1,32976,【【巡检机器人行业】集团人事总监base广州_广州 28-35K】陈雪 10年以上 (2).pdf,对话附件/【【巡检机器人行业】集团人事总监base广州_广州 28-35K】陈雪 10年以上 (2).pdf,application/pdf,187434,,REQUEST_BYTES_OR_EXPLICIT_NOT_FOUND
conv_222c1d76547a,5ee08357-1de0-4489-8ee8-6898763c64fa,user,u_c0cf5c6da882dbc58c,conv_222c1d76547a:msg_1,32976,【【巡检机器人行业】集团人事总监base广州_广州 28-35K】苏女士 10年以上 (2).pdf,对话附件/【【巡检机器人行业】集团人事总监base广州_广州 28-35K】苏女士 10年以上 (2).pdf,application/pdf,241033,,REQUEST_BYTES_OR_EXPLICIT_NOT_FOUND
conv_222c1d76547a,5ee08357-1de0-4489-8ee8-6898763c64fa,user,u_c0cf5c6da882dbc58c,conv_222c1d76547a:msg_1,32976,【【巡检机器人行业】集团人事总监base广州_广州 28-35K】孙女士 10年以上 (2).pdf,对话附件/【【巡检机器人行业】集团人事总监base广州_广州 28-35K】孙女士 10年以上 (2).pdf,application/pdf,246108,,REQUEST_BYTES_OR_EXPLICIT_NOT_FOUND
conv_222c1d76547a,5ee08357-1de0-4489-8ee8-6898763c64fa,user,u_c0cf5c6da882dbc58c,conv_222c1d76547a:msg_1,32976,【【巡检机器人行业】集团人事总监base广州_广州 28-35K】弥树强 10年以上 (2).pdf,对话附件/【【巡检机器人行业】集团人事总监base广州_广州 28-35K】弥树强 10年以上 (2).pdf,application/pdf,225381,,REQUEST_BYTES_OR_EXPLICIT_NOT_FOUND
conv_222c1d76547a,5ee08357-1de0-4489-8ee8-6898763c64fa,user,u_c0cf5c6da882dbc58c,conv_222c1d76547a:msg_1,32976,【【巡检机器人行业】集团人事总监base广州_广州 28-35K】梁先生 10年以上 (2).pdf,对话附件/【【巡检机器人行业】集团人事总监base广州_广州 28-35K】梁先生 10年以上 (2).pdf,application/pdf,289770,,REQUEST_BYTES_OR_EXPLICIT_NOT_FOUND
conv_222c1d76547a,5ee08357-1de0-4489-8ee8-6898763c64fa,user,u_c0cf5c6da882dbc58c,conv_222c1d76547a:msg_1,32976,【【巡检机器人行业】集团人事总监base广州_广州 28-35K】熊先生 10年以上 (2).pdf,对话附件/【【巡检机器人行业】集团人事总监base广州_广州 28-35K】熊先生 10年以上 (2).pdf,application/pdf,162426,,REQUEST_BYTES_OR_EXPLICIT_NOT_FOUND
conv_222c1d76547a,5ee08357-1de0-4489-8ee8-6898763c64fa,user,u_c0cf5c6da882dbc58c,conv_222c1d76547a:msg_1,32976,【【巡检机器人行业】集团人事总监base广州_广州 28-35K】黄先生 10年以上 (2).pdf,对话附件/【【巡检机器人行业】集团人事总监base广州_广州 28-35K】黄先生 10年以上 (2).pdf,application/pdf,175970,,REQUEST_BYTES_OR_EXPLICIT_NOT_FOUND
conv_222c1d76547a,5ee08357-1de0-4489-8ee8-6898763c64fa,user,u_3d28cb12be542f94ca,conv_222c1d76547a:822f9e39,34027,【【巡检机器人行业】集团人事总监base广州_广州 28-35K】武先生 10年以上.pdf,对话附件/【【巡检机器人行业】集团人事总监base广州_广州 28-35K】武先生 10年以上.pdf,application/pdf,212357,,REQUEST_BYTES_OR_EXPLICIT_NOT_FOUND
conv_222c1d76547a,5ee08357-1de0-4489-8ee8-6898763c64fa,user,u_3d28cb12be542f94ca,conv_222c1d76547a:822f9e39,34027,【【巡检机器人行业】集团人事总监base广州_广州 28-35K】邹先生 10年以上.pdf,对话附件/【【巡检机器人行业】集团人事总监base广州_广州 28-35K】邹先生 10年以上.pdf,application/pdf,222133,,REQUEST_BYTES_OR_EXPLICIT_NOT_FOUND
conv_222c1d76547a,5ee08357-1de0-4489-8ee8-6898763c64fa,user,u_3d28cb12be542f94ca,conv_222c1d76547a:822f9e39,34027,【【巡检机器人行业】集团人事总监base广州_广州 28-35K】Lily 10年以上.pdf,对话附件/【【巡检机器人行业】集团人事总监base广州_广州 28-35K】Lily 10年以上.pdf,application/pdf,288885,,REQUEST_BYTES_OR_EXPLICIT_NOT_FOUND
conv_222c1d76547a,5ee08357-1de0-4489-8ee8-6898763c64fa,user,u_3d28cb12be542f94ca,conv_222c1d76547a:822f9e39,34027,【【巡检机器人行业】集团人事总监base广州_广州 28-35K】朱传舟 10年以上 (2).pdf,对话附件/【【巡检机器人行业】集团人事总监base广州_广州 28-35K】朱传舟 10年以上 (2).pdf,application/pdf,252260,,REQUEST_BYTES_OR_EXPLICIT_NOT_FOUND
conv_222c1d76547a,5ee08357-1de0-4489-8ee8-6898763c64fa,user,u_ddfb862fa5d372f4a4,conv_222c1d76547a:1cccc061,38801,2026-08-21_雷先生推荐报告.docx,对话附件/2026-08-21_雷先生推荐报告.docx,application/vnd.openxmlformats-officedocument.wordprocessingml.document,19682,,REQUEST_BYTES_OR_EXPLICIT_NOT_FOUND
conv_222c1d76547a,5ee08357-1de0-4489-8ee8-6898763c64fa,user,u_02740d72292c44998d,conv_222c1d76547a:58bb2422,41936,【【巡检机器人行业】集团人事总监base广州_广州 28-35K】胡斌 10年以上.pdf,对话附件/【【巡检机器人行业】集团人事总监base广州_广州 28-35K】胡斌 10年以上.pdf,application/pdf,203296,,REQUEST_BYTES_OR_EXPLICIT_NOT_FOUND
conv_222c1d76547a,5ee08357-1de0-4489-8ee8-6898763c64fa,user,u_02740d72292c44998d,conv_222c1d76547a:58bb2422,41936,【【巡检机器人行业】集团人事总监base广州_广州 28-35K】陈先生 10年以上.pdf,对话附件/【【巡检机器人行业】集团人事总监base广州_广州 28-35K】陈先生 10年以上.pdf,application/pdf,240822,,REQUEST_BYTES_OR_EXPLICIT_NOT_FOUND
conv_2b8fd8fdd8bc,86b4712b-d230-45a7-9959-2124a30c37fd,user,u_162ca9d39391d868e7,conv_2b8fd8fdd8bc:32691604,33078,【HRD_广州 30-35K】付连军 10年以上.pdf,个人知识库/国巡机器人/【HRD_广州 30-35K】付连军 10年以上.pdf,application/pdf,176011,,REQUEST_BYTES_OR_EXPLICIT_NOT_FOUND
conv_2b8fd8fdd8bc,86b4712b-d230-45a7-9959-2124a30c37fd,user,u_3927f95fe36a0e918f,conv_2b8fd8fdd8bc:14bcd14e,34770,吴修鹏最新.pdf,个人知识库/国巡机器人/吴修鹏最新.pdf,application/pdf,388956,workspace,REQUEST_BYTES_OR_EXPLICIT_NOT_FOUND
conv_5d441d270818,baa7820b-c46b-4e15-97b0-c20bd7f6022c,user,u_5cfe4addfca23bfff9,conv_5d441d270818:c7203177,34465,image.png,对话附件/image.png,image/png,168495,,REQUEST_BYTES_OR_EXPLICIT_NOT_FOUND
conv_769c8e9a7039,78033208-039e-4772-998f-5498a7808b3e,user,u_f7aa088a921d9f2276,conv_769c8e9a7039:98a5a773,33100,华芯天微_投资人关心重点问题.xlsx,对话附件/华芯天微_投资人关心重点问题.xlsx,application/vnd.openxmlformats-officedocument.spreadsheetml.sheet,102939,,REQUEST_BYTES_OR_EXPLICIT_NOT_FOUND
conv_61447b378f5d,8414db33-feee-4461-a402-8ab03b6ecba4,user,u_5d351e8bd620461e93,conv_61447b378f5d:faecc035,33151,20260820-创始人承诺函 - 批注版.docx,对话附件/20260820-创始人承诺函 - 批注版.docx,application/vnd.openxmlformats-officedocument.wordprocessingml.document,38874,,REQUEST_BYTES_OR_EXPLICIT_NOT_FOUND
conv_61447b378f5d,8414db33-feee-4461-a402-8ab03b6ecba4,user,u_5d351e8bd620461e93,conv_61447b378f5d:faecc035,33151,20260820-未来工场投资框架协议-合世家 - 批注版.doc,对话附件/20260820-未来工场投资框架协议-合世家 - 批注版.doc,application/msword,52736,,REQUEST_BYTES_OR_EXPLICIT_NOT_FOUND
conv_383e0a3ecde7,8414db33-feee-4461-a402-8ab03b6ecba4,user,u_6d429aeae159f8175e,conv_383e0a3ecde7:33c4d510,33219,1.2苏州长湾增材创业投资合伙企业（有限合伙）-合伙协议 (2).docx,对话附件/1.2苏州长湾增材创业投资合伙企业（有限合伙）-合伙协议 (2).docx,application/vnd.openxmlformats-officedocument.wordprocessingml.document,143223,,REQUEST_BYTES_OR_EXPLICIT_NOT_FOUND
conv_0df36094b90c,5ee08357-1de0-4489-8ee8-6898763c64fa,user,u_9c8e049024de71fb4b,conv_0df36094b90c:6b95a71f,33244,【（巡检机器人）机械设计工程师-base广州_广州 18-25K】王乔明 10年以上.pdf,对话附件/【（巡检机器人）机械设计工程师-base广州_广州 18-25K】王乔明 10年以上.pdf,application/pdf,213835,,REQUEST_BYTES_OR_EXPLICIT_NOT_FOUND
conv_0df36094b90c,5ee08357-1de0-4489-8ee8-6898763c64fa,user,u_9c8e049024de71fb4b,conv_0df36094b90c:6b95a71f,33244,【（巡检机器人）机械设计工程师-base广州_广州 18-25K】房睿 10年以上.pdf,对话附件/【（巡检机器人）机械设计工程师-base广州_广州 18-25K】房睿 10年以上.pdf,application/pdf,242166,,REQUEST_BYTES_OR_EXPLICIT_NOT_FOUND
conv_0df36094b90c,5ee08357-1de0-4489-8ee8-6898763c64fa,user,u_a1880af7679b2b30cc,conv_0df36094b90c:8cdb40aa,33270,【（巡检机器人）机械设计工程师-base广州_广州 18-25K】胡晚均 10年以上.pdf,对话附件/【（巡检机器人）机械设计工程师-base广州_广州 18-25K】胡晚均 10年以上.pdf,application/pdf,183017,,REQUEST_BYTES_OR_EXPLICIT_NOT_FOUND
conv_0df36094b90c,5ee08357-1de0-4489-8ee8-6898763c64fa,user,u_58b0cebaeadbd0e1f6,conv_0df36094b90c:c873ef85,33982,【（巡检机器人）机械设计工程师-base广州_广州 18-25K】李勇 10年以上.pdf,对话附件/【（巡检机器人）机械设计工程师-base广州_广州 18-25K】李勇 10年以上.pdf,application/pdf,247599,,REQUEST_BYTES_OR_EXPLICIT_NOT_FOUND
conv_0df36094b90c,5ee08357-1de0-4489-8ee8-6898763c64fa,user,u_f9855bc42a8c7d0783,conv_0df36094b90c:ea27b468,34765,【（巡检机器人）机械设计工程师-base广州_广州 18-25K】刘立国 10年以上.pdf,对话附件/【（巡检机器人）机械设计工程师-base广州_广州 18-25K】刘立国 10年以上.pdf,application/pdf,242091,,REQUEST_BYTES_OR_EXPLICIT_NOT_FOUND
conv_0df36094b90c,5ee08357-1de0-4489-8ee8-6898763c64fa,user,u_1cf8f125f94de558c5,conv_0df36094b90c:741106cf,42119,【（巡检机器人）机械设计工程师-base广州_广州 18-25K】刘玉红 10年以上.pdf,对话附件/【（巡检机器人）机械设计工程师-base广州_广州 18-25K】刘玉红 10年以上.pdf,application/pdf,345072,,REQUEST_BYTES_OR_EXPLICIT_NOT_FOUND
conv_0df36094b90c,5ee08357-1de0-4489-8ee8-6898763c64fa,user,u_1cf8f125f94de558c5,conv_0df36094b90c:741106cf,42119,【（巡检机器人）机械设计工程师-base广州_广州 18-25K】李国平 10年以上.pdf,对话附件/【（巡检机器人）机械设计工程师-base广州_广州 18-25K】李国平 10年以上.pdf,application/pdf,225725,,REQUEST_BYTES_OR_EXPLICIT_NOT_FOUND
conv_0df36094b90c,5ee08357-1de0-4489-8ee8-6898763c64fa,user,u_1cf8f125f94de558c5,conv_0df36094b90c:741106cf,42119,【（巡检机器人）机械设计工程师-base广州_广州 18-25K】马先生 10年以上.pdf,对话附件/【（巡检机器人）机械设计工程师-base广州_广州 18-25K】马先生 10年以上.pdf,application/pdf,384869,,REQUEST_BYTES_OR_EXPLICIT_NOT_FOUND
conv_0df36094b90c,5ee08357-1de0-4489-8ee8-6898763c64fa,user,u_1cf8f125f94de558c5,conv_0df36094b90c:741106cf,42119,【（巡检机器人）机械设计工程师-base广州_广州 18-25K】何辉 10年以上.pdf,对话附件/【（巡检机器人）机械设计工程师-base广州_广州 18-25K】何辉 10年以上.pdf,application/pdf,209323,,REQUEST_BYTES_OR_EXPLICIT_NOT_FOUND
conv_0df36094b90c,5ee08357-1de0-4489-8ee8-6898763c64fa,user,u_823387240c5540f341,conv_0df36094b90c:77bf8718,44551,【（巡检机器人）机械设计工程师-base广州_广州 18-25K】张再辉 9年.pdf,对话附件/【（巡检机器人）机械设计工程师-base广州_广州 18-25K】张再辉 9年.pdf,application/pdf,1658330,,REQUEST_BYTES_OR_EXPLICIT_NOT_FOUND
conv_61ba37b1a086,5eb1a1c6-d647-47fe-8036-9dc731aa0b5c,user,u_f15fd4a10b49b762db,aaa883d7-474e-4546-a8f4-5f312c0f7ee5,33305,【TC18】Tribridge Capital Mutual NDA v2(1).docx,对话附件/【TC18】Tribridge Capital Mutual NDA v2(1).docx,application/vnd.openxmlformats-officedocument.wordprocessingml.document,5264465,,REQUEST_BYTES_OR_EXPLICIT_NOT_FOUND
conv_16f5d4a35c7e,31115e3f-9271-4b34-a25e-726e28b09ffa,user,u_f741d3b859015966c2,conv_16f5d4a35c7e:987847e5,33331,上海合生纪康BP-20260827.pptx,对话附件/上海合生纪康BP-20260827.pptx,application/vnd.openxmlformats-officedocument.presentationml.presentation,67574856,,REQUEST_BYTES_OR_EXPLICIT_NOT_FOUND
conv_ed0d158f38e3,edb0fc49-01e2-417f-9d6b-d5115d220cb3,user,u_4fc383c9a1ff6d5d01,conv_ed0d158f38e3:1d9a8ed3,33390,华师大知识产权转让协议.pdf,个人知识库/合生纪/专利转让/华师大知识产权转让协议.pdf,application/pdf,1486911,,REQUEST_BYTES_OR_EXPLICIT_NOT_FOUND
conv_ac19206253a9,edb0fc49-01e2-417f-9d6b-d5115d220cb3,user,u_ba946b2389fe01eb10,conv_ac19206253a9:80f05c68,33501,技术合作开发合同-华东师范.docx,个人知识库/技术合作开发合同-华东师范.docx,application/vnd.openxmlformats-officedocument.wordprocessingml.document,67227,,REQUEST_BYTES_OR_EXPLICIT_NOT_FOUND
conv_342c46e71042,8414db33-feee-4461-a402-8ab03b6ecba4,user,u_bb1d4099f92504365a,conv_342c46e71042:2ed904c5,33524,***HEX***.jpg,对话附件/***HEX***.jpg,image/jpeg,1218681,,REQUEST_BYTES_OR_EXPLICIT_NOT_FOUND
conv_342c46e71042,8414db33-feee-4461-a402-8ab03b6ecba4,user,u_bb1d4099f92504365a,conv_342c46e71042:2ed904c5,33524,***HEX***.jpg,对话附件/***HEX***.jpg,image/jpeg,2920293,,REQUEST_BYTES_OR_EXPLICIT_NOT_FOUND
conv_342c46e71042,8414db33-feee-4461-a402-8ab03b6ecba4,user,u_bb1d4099f92504365a,conv_342c46e71042:2ed904c5,33524,***HEX***.jpg,对话附件/***HEX***.jpg,image/jpeg,2339697,,REQUEST_BYTES_OR_EXPLICIT_NOT_FOUND
conv_342c46e71042,8414db33-feee-4461-a402-8ab03b6ecba4,user,u_bb1d4099f92504365a,conv_342c46e71042:2ed904c5,33524,***HEX***.png,对话附件/***HEX***.png,image/png,1228594,,REQUEST_BYTES_OR_EXPLICIT_NOT_FOUND
conv_602668379442,5eb1a1c6-d647-47fe-8036-9dc731aa0b5c,user,u_219745af1e676a1511,conv_602668379442:82cc273b,33553,可转债投资协议（美鲸灵-斯巴达）.docx,对话附件/可转债投资协议（美鲸灵-斯巴达）.docx,application/vnd.openxmlformats-officedocument.wordprocessingml.document,33639,,REQUEST_BYTES_OR_EXPLICIT_NOT_FOUND
conv_602668379442,5eb1a1c6-d647-47fe-8036-9dc731aa0b5c,user,u_19f42c8408a216612a,conv_602668379442:a4d38f3f,33564,可转债投资协议之补充协议（丙方担保条款）.docx,对话附件/可转债投资协议之补充协议（丙方担保条款）.docx,application/vnd.openxmlformats-officedocument.wordprocessingml.document,33579,,REQUEST_BYTES_OR_EXPLICIT_NOT_FOUND
conv_2ff337f34ddc,8414db33-feee-4461-a402-8ab03b6ecba4,user,u_7494edbdf4dbb38075,conv_2ff337f34ddc:ffb38926,33578,世联行存量项目2026年8月26日访谈会议纪要.docx,对话附件/世联行存量项目2026年8月26日访谈会议纪要.docx,application/vnd.openxmlformats-officedocument.wordprocessingml.document,13181,,REQUEST_BYTES_OR_EXPLICIT_NOT_FOUND
conv_2ff337f34ddc,8414db33-feee-4461-a402-8ab03b6ecba4,user,u_62b2574e616fea9b0e,conv_2ff337f34ddc:2549b84e,36937,会议纪要.docx,对话附件/会议纪要.docx,application/vnd.openxmlformats-officedocument.wordprocessingml.document,20395,,REQUEST_BYTES_OR_EXPLICIT_NOT_FOUND
conv_becece127443,8414db33-feee-4461-a402-8ab03b6ecba4,user,u_5ffa8be863d3c569d8,conv_becece127443:a2db689c,33588,合世家-月报模板（新）.pptx,对话附件/合世家-月报模板（新）.pptx,application/vnd.openxmlformats-officedocument.presentationml.presentation,393519,,REQUEST_BYTES_OR_EXPLICIT_NOT_FOUND
conv_becece127443,8414db33-feee-4461-a402-8ab03b6ecba4,user,u_5ffa8be863d3c569d8,conv_becece127443:a2db689c,33588,2026-08-26_世联行存量项目访谈会议纪要.docx,对话附件/2026-08-26_世联行存量项目访谈会议纪要.docx,application/vnd.openxmlformats-officedocument.wordprocessingml.document,40720,,REQUEST_BYTES_OR_EXPLICIT_NOT_FOUND
conv_becece127443,8414db33-feee-4461-a402-8ab03b6ecba4,user,u_5ffa8be863d3c569d8,conv_becece127443:a2db689c,33588,2026-08-21_中能源遗留债务回款方案沟通会议纪要(1).docx,对话附件/2026-08-21_中能源遗留债务回款方案沟通会议纪要(1).docx,application/vnd.openxmlformats-officedocument.wordprocessingml.document,43389,,REQUEST_BYTES_OR_EXPLICIT_NOT_FOUND
conv_becece127443,8414db33-feee-4461-a402-8ab03b6ecba4,user,u_5ffa8be863d3c569d8,conv_becece127443:a2db689c,33588,渠道年度回访【合世家】-2026半年度(4).docx,对话附件/渠道年度回访【合世家】-2026半年度(4).docx,application/vnd.openxmlformats-officedocument.wordprocessingml.document,21583,,REQUEST_BYTES_OR_EXPLICIT_NOT_FOUND
conv_becece127443,8414db33-feee-4461-a402-8ab03b6ecba4,user,u_5ffa8be863d3c569d8,conv_becece127443:a2db689c,33588,2026-08-20_债权催收会议纪要-三胞集团(2).docx,对话附件/2026-08-20_债权催收会议纪要-三胞集团(2).docx,application/vnd.openxmlformats-officedocument.wordprocessingml.document,45592,,REQUEST_BYTES_OR_EXPLICIT_NOT_FOUND
conv_becece127443,8414db33-feee-4461-a402-8ab03b6ecba4,user,u_5ffa8be863d3c569d8,conv_becece127443:a2db689c,33588,2026-08-20_债权催收会议纪要-南京金融办(2).docx,对话附件/2026-08-20_债权催收会议纪要-南京金融办(2).docx,application/vnd.openxmlformats-officedocument.wordprocessingml.document,40654,,REQUEST_BYTES_OR_EXPLICIT_NOT_FOUND
conv_becece127443,8414db33-feee-4461-a402-8ab03b6ecba4,user,u_eff4a3b9ed982a4249,conv_becece127443:8447fbb4,33609,20260828-境外二级市场资金运营方案.docx,对话附件/20260828-境外二级市场资金运营方案.docx,application/vnd.openxmlformats-officedocument.wordprocessingml.document,18345,,REQUEST_BYTES_OR_EXPLICIT_NOT_FOUND
conv_becece127443,8414db33-feee-4461-a402-8ab03b6ecba4,user,u_eff4a3b9ed982a4249,conv_becece127443:8447fbb4,33609,20260828-未来工场_三次上会问题回复及协议修改内容.docx,对话附件/20260828-未来工场_三次上会问题回复及协议修改内容.docx,application/vnd.openxmlformats-officedocument.wordprocessingml.document,34320,,REQUEST_BYTES_OR_EXPLICIT_NOT_FOUND
conv_0341af69e1b8,b239b771-e5b5-4181-8735-fed76b495f19,user,u_13b509e46b0d8adc20,conv_0341af69e1b8:d075eabd,33744,微信图片_***CARD***_3_221.png,对话附件/微信图片_***CARD***_3_221.png,image/png,247993,,REQUEST_BYTES_OR_EXPLICIT_NOT_FOUND
conv_ce34559870b8,8414db33-feee-4461-a402-8ab03b6ecba4,user,u_b8288111e42ea0cc0d,conv_ce34559870b8:81e5fb29,33767,【云信】世联行IDC项目进展说明202609.docx,对话附件/【云信】世联行IDC项目进展说明202609.docx,application/vnd.openxmlformats-officedocument.wordprocessingml.document,183831,,REQUEST_BYTES_OR_EXPLICIT_NOT_FOUND
conv_ce34559870b8,8414db33-feee-4461-a402-8ab03b6ecba4,user,u_b8288111e42ea0cc0d,conv_ce34559870b8:81e5fb29,33767,2026-08-24_关于上海世联行被列入被执行人案件的说明.docx,对话附件/2026-08-24_关于上海世联行被列入被执行人案件的说明.docx,application/vnd.openxmlformats-officedocument.wordprocessingml.document,41151,,REQUEST_BYTES_OR_EXPLICIT_NOT_FOUND
conv_ce34559870b8,8414db33-feee-4461-a402-8ab03b6ecba4,user,u_b8288111e42ea0cc0d,conv_ce34559870b8:81e5fb29,33767,2026-08-26_世联行存量项目访谈会议纪要 (2).docx,对话附件/2026-08-26_世联行存量项目访谈会议纪要 (2).docx,application/vnd.openxmlformats-officedocument.wordprocessingml.document,40720,,REQUEST_BYTES_OR_EXPLICIT_NOT_FOUND
conv_6395ac98e982,5a7ea6c4-cb72-415d-8298-8b5ced8f3347,user,u_b44cc5bdecbb8a5973,67b8bf6d-ce96-459a-9968-a039b0c8bd36,33798,公司业务全景与AI嵌入式工作流架构图 (2).html,对话附件/公司业务全景与AI嵌入式工作流架构图 (2).html,text/plain,55893,,REQUEST_BYTES_OR_EXPLICIT_NOT_FOUND
conv_2d8b571e6392,03b9ebf1-0db1-4a77-afa7-e6eb0564e734,user,u_4eb463f8a499e3f7ec,conv_2d8b571e6392:831fc54b,33828,物流运输月结合同.docx,对话附件/物流运输月结合同.docx,application/vnd.openxmlformats-officedocument.wordprocessingml.document,51481,,REQUEST_BYTES_OR_EXPLICIT_NOT_FOUND
conv_334d1d9c5397,31115e3f-9271-4b34-a25e-726e28b09ffa,user,u_63317a652fc3732020,conv_334d1d9c5397:42792fd2,33865,上海医学合成生物产业研究院-2026-8-23.docx,对话附件/上海医学合成生物产业研究院-2026-8-23.docx,application/vnd.openxmlformats-officedocument.wordprocessingml.document,25796,,REQUEST_BYTES_OR_EXPLICIT_NOT_FOUND
conv_9e9b2c3bd66a,8414db33-feee-4461-a402-8ab03b6ecba4,user,u_cce928e42fff0de449,conv_9e9b2c3bd66a:7d3e3a1e,33919,一力行商务服务协议.pdf,对话附件/一力行商务服务协议.pdf,application/pdf,1810819,,REQUEST_BYTES_OR_EXPLICIT_NOT_FOUND
conv_fafb4f4f16ce,8414db33-feee-4461-a402-8ab03b6ecba4,user,u_6039797f7fa1c76e44,conv_fafb4f4f16ce:bd066e59,33927,【合世家】NDA_必趣-2060831.docx,对话附件/【合世家】NDA_必趣-2060831.docx,application/vnd.openxmlformats-officedocument.wordprocessingml.document,21114,,REQUEST_BYTES_OR_EXPLICIT_NOT_FOUND
conv_2274302db0fc,5a7ea6c4-cb72-415d-8298-8b5ced8f3347,user,u_89343ac305262c385e,f729d012-fe61-474c-b4e3-df05e0c89cb8,33980,03_市场线索移交表.xlsx,国巡机器人/品宣市场/03_市场线索移交表.xlsx,application/vnd.openxmlformats-officedocument.spreadsheetml.sheet,7527,shared-workspace,REQUEST_BYTES_OR_EXPLICIT_NOT_FOUND
conv_4ed990e03c60,5a7ea6c4-cb72-415d-8298-8b5ced8f3347,user,u_91cc53b5d5108ccc6d,conv_4ed990e03c60:8b061314,33991,市场线索标准化移交_测试素材.docx,对话附件/市场线索标准化移交_测试素材.docx,application/vnd.openxmlformats-officedocument.wordprocessingml.document,19997,,REQUEST_BYTES_OR_EXPLICIT_NOT_FOUND
conv_4ed990e03c60,5a7ea6c4-cb72-415d-8298-8b5ced8f3347,user,u_d5156163fdfda9581a,conv_4ed990e03c60:msg_1,33992,市场线索标准化移交_测试素材.docx,对话附件/市场线索标准化移交_测试素材.docx,application/vnd.openxmlformats-officedocument.wordprocessingml.document,19997,,REQUEST_BYTES_OR_EXPLICIT_NOT_FOUND
conv_e6be76f9ef11,5a7ea6c4-cb72-415d-8298-8b5ced8f3347,user,u_5985e7d092e98f0ef6,conv_e6be76f9ef11:856625a3,34058,01_行业情报与竞品周报模板.docx,国巡机器人/品宣市场/01_行业情报与竞品周报模板.docx,application/vnd.openxmlformats-officedocument.wordprocessingml.document,10288,,REQUEST_BYTES_OR_EXPLICIT_NOT_FOUND
conv_e6be76f9ef11,5a7ea6c4-cb72-415d-8298-8b5ced8f3347,user,u_1083c3ed70db8e4dca,conv_e6be76f9ef11:msg_1,34059,01_行业情报与竞品周报模板.docx,国巡机器人/品宣市场/01_行业情报与竞品周报模板.docx,application/vnd.openxmlformats-officedocument.wordprocessingml.document,10288,,REQUEST_BYTES_OR_EXPLICIT_NOT_FOUND
conv_6205973ae0f0,03b9ebf1-0db1-4a77-afa7-e6eb0564e734,user,u_fe7f8b114a1757c7ad,conv_6205973ae0f0:c9884097,34065,圣贝拉-馆内+馆外服务文本域版本260812修 .pdf,对话附件/圣贝拉-馆内+馆外服务文本域版本260812修 .pdf,application/pdf,1576749,,REQUEST_BYTES_OR_EXPLICIT_NOT_FOUND
conv_6205973ae0f0,03b9ebf1-0db1-4a77-afa7-e6eb0564e734,user,u_5846c3c7c9cc61bb0c,conv_6205973ae0f0:40ccda9c,34144,kimi-圣贝拉服务协议审阅意见.pdf,对话附件/kimi-圣贝拉服务协议审阅意见.pdf,application/pdf,215967,,REQUEST_BYTES_OR_EXPLICIT_NOT_FOUND
conv_6205973ae0f0,03b9ebf1-0db1-4a77-afa7-e6eb0564e734,user,u_5846c3c7c9cc61bb0c,conv_6205973ae0f0:40ccda9c,34144,元宝审阅.pdf,对话附件/元宝审阅.pdf,application/pdf,4160321,,REQUEST_BYTES_OR_EXPLICIT_NOT_FOUND
conv_6205973ae0f0,03b9ebf1-0db1-4a77-afa7-e6eb0564e734,user,u_5846c3c7c9cc61bb0c,conv_6205973ae0f0:40ccda9c,34144,千问审阅.pdf,对话附件/千问审阅.pdf,application/pdf,307574,,REQUEST_BYTES_OR_EXPLICIT_NOT_FOUND
conv_6205973ae0f0,03b9ebf1-0db1-4a77-afa7-e6eb0564e734,user,u_5846c3c7c9cc61bb0c,conv_6205973ae0f0:40ccda9c,34144,DeepSeek审阅.pdf,对话附件/DeepSeek审阅.pdf,application/pdf,632605,,REQUEST_BYTES_OR_EXPLICIT_NOT_FOUND
conv_6205973ae0f0,03b9ebf1-0db1-4a77-afa7-e6eb0564e734,user,u_5846c3c7c9cc61bb0c,conv_6205973ae0f0:40ccda9c,34144,豆包审阅意见.pdf,对话附件/豆包审阅意见.pdf,application/pdf,4220524,,REQUEST_BYTES_OR_EXPLICIT_NOT_FOUND
conv_6205973ae0f0,03b9ebf1-0db1-4a77-afa7-e6eb0564e734,user,u_5846c3c7c9cc61bb0c,conv_6205973ae0f0:40ccda9c,34144,（evomind)圣贝拉服务合同-甲方立场审阅意见-20260831.pdf,对话附件/（evomind)圣贝拉服务合同-甲方立场审阅意见-20260831.pdf,application/pdf,1856240,,REQUEST_BYTES_OR_EXPLICIT_NOT_FOUND
conv_6205973ae0f0,03b9ebf1-0db1-4a77-afa7-e6eb0564e734,user,u_596ec1c28b7816ccdc,conv_6205973ae0f0:425d1ebf,34175,圣贝拉《服务合同》及《外派护理服务合同》甲方立场审阅意见.pdf,对话附件/圣贝拉《服务合同》及《外派护理服务合同》甲方立场审阅意见.pdf,application/pdf,777009,,REQUEST_BYTES_OR_EXPLICIT_NOT_FOUND
conv_6205973ae0f0,03b9ebf1-0db1-4a77-afa7-e6eb0564e734,user,u_1701fb3e23e34c8f13,conv_6205973ae0f0:a331553a,34198,智谱清言审阅意见对比分析-20260831.pdf,对话附件/智谱清言审阅意见对比分析-20260831.pdf,application/pdf,1871272,,REQUEST_BYTES_OR_EXPLICIT_NOT_FOUND
conv_6b5a4c48a759,31115e3f-9271-4b34-a25e-726e28b09ffa,user,u_877a390bda52487b67,conv_6b5a4c48a759:b6a74bd5,34205,SMARTLOGIC-2608.pdf,对话附件/SMARTLOGIC-2608.pdf,application/pdf,9993697,,REQUEST_BYTES_OR_EXPLICIT_NOT_FOUND
conv_b7492b0c52cb,03b9ebf1-0db1-4a77-afa7-e6eb0564e734,user,u_082bfee32d4512b3ce,conv_b7492b0c52cb:e398b04a,34325,戴维新材AC项目估值分析-a.docx,对话附件/戴维新材AC项目估值分析-a.docx,application/vnd.openxmlformats-officedocument.wordprocessingml.document,5746287,,REQUEST_BYTES_OR_EXPLICIT_NOT_FOUND
conv_b7492b0c52cb,03b9ebf1-0db1-4a77-afa7-e6eb0564e734,user,u_4fd42f3344228a4f74,conv_b7492b0c52cb:0c8ee668,34523,image (2).png,对话附件/image (2).png,image/png,23204,,REQUEST_BYTES_OR_EXPLICIT_NOT_FOUND
conv_5257d244a423,b37ceae7-21e7-4f6e-a02a-57dfac4b0fe6,user,u_80b4b3f9dd1bab391e,conv_5257d244a423:43571d6d,34451,image (10).png,对话附件/image (10).png,image/png,139087,,REQUEST_BYTES_OR_EXPLICIT_NOT_FOUND
conv_5257d244a423,b37ceae7-21e7-4f6e-a02a-57dfac4b0fe6,user,u_9d7913cf7366d7e3b1,conv_5257d244a423:dd95862d,35776,用造工业缝纫机的制造体系做电主轴（对标标准股份，西部动力落地版）.docx,对话附件/用造工业缝纫机的制造体系做电主轴（对标标准股份，西部动力落地版）.docx,application/vnd.openxmlformats-officedocument.wordprocessingml.document,10150,,REQUEST_BYTES_OR_EXPLICIT_NOT_FOUND
conv_5257d244a423,b37ceae7-21e7-4f6e-a02a-57dfac4b0fe6,user,u_9d7913cf7366d7e3b1,conv_5257d244a423:dd95862d,35776,用造工业缝纫机的制造体系做动力刀塔（对标标准股份，西部动力落地版）.docx,对话附件/用造工业缝纫机的制造体系做动力刀塔（对标标准股份，西部动力落地版）.docx,application/vnd.openxmlformats-officedocument.wordprocessingml.document,10282,,REQUEST_BYTES_OR_EXPLICIT_NOT_FOUND
conv_5257d244a423,b37ceae7-21e7-4f6e-a02a-57dfac4b0fe6,user,u_f7126fb3292a534230,conv_5257d244a423:05f04905,35786,用造工业缝纫机的制造体系做电主轴（对标标准股份，西部动力落地版） (2).docx,对话附件/用造工业缝纫机的制造体系做电主轴（对标标准股份，西部动力落地版） (2).docx,application/vnd.openxmlformats-officedocument.wordprocessingml.document,10150,,REQUEST_BYTES_OR_EXPLICIT_NOT_FOUND
conv_5257d244a423,b37ceae7-21e7-4f6e-a02a-57dfac4b0fe6,user,u_f7126fb3292a534230,conv_5257d244a423:05f04905,35786,用造工业缝纫机的制造体系做动力刀塔（对标标准股份，西部动力落地版） (2).docx,对话附件/用造工业缝纫机的制造体系做动力刀塔（对标标准股份，西部动力落地版） (2).docx,application/vnd.openxmlformats-officedocument.wordprocessingml.document,10282,,REQUEST_BYTES_OR_EXPLICIT_NOT_FOUND
conv_5257d244a423,b37ceae7-21e7-4f6e-a02a-57dfac4b0fe6,user,u_f7126fb3292a534230,conv_5257d244a423:05f04905,35786,用造工业缝纫机的制造体系做BMT系列动力刀座（对标标准股份，西部动力落地版）.docx,对话附件/用造工业缝纫机的制造体系做BMT系列动力刀座（对标标准股份，西部动力落地版）.docx,application/vnd.openxmlformats-officedocument.wordprocessingml.document,10058,,REQUEST_BYTES_OR_EXPLICIT_NOT_FOUND
conv_5257d244a423,b37ceae7-21e7-4f6e-a02a-57dfac4b0fe6,user,u_f5c9c05fd09767511b,conv_5257d244a423:1bc21728,35801,西部动力×西安标准股份合资公司商业计划书.docx,对话附件/西部动力×西安标准股份合资公司商业计划书.docx,application/vnd.openxmlformats-officedocument.wordprocessingml.document,13077,,REQUEST_BYTES_OR_EXPLICIT_NOT_FOUND
conv_824301168628,03b9ebf1-0db1-4a77-afa7-e6eb0564e734,user,u_5f0e73e4c6e217500b,conv_824301168628:481d906e,34374,260515000024bg.pdf,对话附件/260515000024bg.pdf,application/pdf,1087587,,REQUEST_BYTES_OR_EXPLICIT_NOT_FOUND
conv_824301168628,03b9ebf1-0db1-4a77-afa7-e6eb0564e734,user,u_5f0e73e4c6e217500b,conv_824301168628:481d906e,34374,image.png,对话附件/image.png,image/png,22636,,REQUEST_BYTES_OR_EXPLICIT_NOT_FOUND
conv_c1a1217e30cf,5a7ea6c4-cb72-415d-8298-8b5ced8f3347,user,u_700cc83888aca1ad40,conv_c1a1217e30cf:msg_1,34383,行业情报与竞品周报_测试样本.docx,对话附件/行业情报与竞品周报_测试样本.docx,application/vnd.openxmlformats-officedocument.wordprocessingml.document,16766,,REQUEST_BYTES_OR_EXPLICIT_NOT_FOUND
conv_452be08f0c06,03b9ebf1-0db1-4a77-afa7-e6eb0564e734,user,u_e31a1ce35585bb8f63,conv_452be08f0c06:f00de3d3,34396,上市公司董事及高级管理人员任职法律培训_20250814 (2).pptx,对话附件/上市公司董事及高级管理人员任职法律培训_20250814 (2).pptx,application/vnd.openxmlformats-officedocument.presentationml.presentation,4885436,,REQUEST_BYTES_OR_EXPLICIT_NOT_FOUND
conv_ed5fe145b4b8,5a7ea6c4-cb72-415d-8298-8b5ced8f3347,user,u_1eaca2d72e198de9ee,ac3752e7-4246-4ac5-bdb0-5addea3ed57b,34413,行业情报与竞品周报_测试样本 (2).docx,对话附件/行业情报与竞品周报_测试样本 (2).docx,application/vnd.openxmlformats-officedocument.wordprocessingml.document,16766,,REQUEST_BYTES_OR_EXPLICIT_NOT_FOUND
conv_be78f2b2475f,03b9ebf1-0db1-4a77-afa7-e6eb0564e734,user,u_77a903ddc0eb54dc75,conv_be78f2b2475f:f2d976be,34472,***HEX***.png,对话附件/***HEX***.png,image/png,49354,,REQUEST_BYTES_OR_EXPLICIT_NOT_FOUND
conv_4024be190b45,5ee08357-1de0-4489-8ee8-6898763c64fa,user,u_d44cf8a8bbd3bb9918,conv_4024be190b45:b4df807b,34491,【公示版】中科芯飞薪酬管理及激励制度202608.pdf,对话附件/【公示版】中科芯飞薪酬管理及激励制度202608.pdf,application/pdf,459054,,REQUEST_BYTES_OR_EXPLICIT_NOT_FOUND
conv_4024be190b45,5ee08357-1de0-4489-8ee8-6898763c64fa,user,u_0b3ae037aa80279ad2,conv_4024be190b45:c7637c68,34943,【公示版】薪酬管理及激励制度202608.pdf,对话附件/【公示版】薪酬管理及激励制度202608.pdf,application/pdf,592792,,REQUEST_BYTES_OR_EXPLICIT_NOT_FOUND
conv_7f5a1845d742,5a7ea6c4-cb72-415d-8298-8b5ced8f3347,user,u_d5aca2dc7f4b963414,494e7b28-d1b3-4221-af50-26802ab7b07c,34521,IIRE2027_参展邀请函.docx,对话附件/IIRE2027_参展邀请函.docx,application/vnd.openxmlformats-officedocument.wordprocessingml.document,17268,,REQUEST_BYTES_OR_EXPLICIT_NOT_FOUND
conv_5f2d94a73a6d,8414db33-feee-4461-a402-8ab03b6ecba4,user,u_cff55524f0f79ccf82,conv_5f2d94a73a6d:90183b6f,34557,20260828-相关境外资金运营方案.docx,对话附件/20260828-相关境外资金运营方案.docx,application/vnd.openxmlformats-officedocument.wordprocessingml.document,18345,,REQUEST_BYTES_OR_EXPLICIT_NOT_FOUND
conv_dbc77ee37469,5a7ea6c4-cb72-415d-8298-8b5ced8f3347,user,u_289f2e2012b311f2a5,conv_dbc77ee37469:msg_1,34564,IIRE2027_参展邀请函 (2).docx,对话附件/IIRE2027_参展邀请函 (2).docx,application/vnd.openxmlformats-officedocument.wordprocessingml.document,17268,,REQUEST_BYTES_OR_EXPLICIT_NOT_FOUND
conv_9b330b6fbf9f,5a7ea6c4-cb72-415d-8298-8b5ced8f3347,user,u_57693f7dc771f63e99,07a6d3d5-92d9-4ce4-a957-5cf3dd0b5d9a,34640,contract.docx,对话附件/contract.docx,application/vnd.openxmlformats-officedocument.wordprocessingml.document,17212,,REQUEST_BYTES_OR_EXPLICIT_NOT_FOUND
conv_47738bdeea0b,5a7ea6c4-cb72-415d-8298-8b5ced8f3347,user,u_03adb010e2fd712ba7,a8ef322a-1515-40df-a776-c36b18a87a3f,34651,客户会议转写稿.docx,对话附件/客户会议转写稿.docx,application/vnd.openxmlformats-officedocument.wordprocessingml.document,15660,,REQUEST_BYTES_OR_EXPLICIT_NOT_FOUND
conv_c53070032f4c,5a7ea6c4-cb72-415d-8298-8b5ced8f3347,user,u_2101dd96bb796a0fe5,b598eebe-9175-4ca5-af25-ad087e69e5ad,34665,招标文件.docx,对话附件/招标文件.docx,application/vnd.openxmlformats-officedocument.wordprocessingml.document,18947,,REQUEST_BYTES_OR_EXPLICIT_NOT_FOUND
conv_acd161b3af95,5a7ea6c4-cb72-415d-8298-8b5ced8f3347,user,u_42c81f7f897181ee8c,cf9d0117-928f-4a35-9960-1b1b9eb1216b,34667,产品价值主张一页纸.docx,对话附件/产品价值主张一页纸.docx,application/vnd.openxmlformats-officedocument.wordprocessingml.document,12294,,REQUEST_BYTES_OR_EXPLICIT_NOT_FOUND
conv_acd161b3af95,5a7ea6c4-cb72-415d-8298-8b5ced8f3347,user,u_42c81f7f897181ee8c,cf9d0117-928f-4a35-9960-1b1b9eb1216b,34667,目标客户画像.xlsx,对话附件/目标客户画像.xlsx,application/vnd.openxmlformats-officedocument.spreadsheetml.sheet,19186,,REQUEST_BYTES_OR_EXPLICIT_NOT_FOUND
conv_e27d804e80f0,5a7ea6c4-cb72-415d-8298-8b5ced8f3347,user,u_65b0828dc7e0801237,conv_e27d804e80f0:6a72f095,34686,客户需求表.docx,对话附件/客户需求表.docx,application/vnd.openxmlformats-officedocument.wordprocessingml.document,45643,,REQUEST_BYTES_OR_EXPLICIT_NOT_FOUND
conv_e27d804e80f0,5a7ea6c4-cb72-415d-8298-8b5ced8f3347,user,u_65b0828dc7e0801237,conv_e27d804e80f0:6a72f095,34686,标准产品规格书.docx,对话附件/标准产品规格书.docx,application/vnd.openxmlformats-officedocument.wordprocessingml.document,46256,,REQUEST_BYTES_OR_EXPLICIT_NOT_FOUND
conv_0908308cfd4f,8414db33-feee-4461-a402-8ab03b6ecba4,user,u_ac2aad5c16339fdb34,conv_0908308cfd4f:162acb44,34699,明裕一期经营期限过渡期安排 260901.pdf,对话附件/明裕一期经营期限过渡期安排 260901.pdf,application/pdf,79813,,REQUEST_BYTES_OR_EXPLICIT_NOT_FOUND
conv_280e260d249b,31115e3f-9271-4b34-a25e-726e28b09ffa,user,u_8050ce1e49c1cc64f0,conv_280e260d249b:2586e124,34715,大零号湾政策沟通与创业项目落地讨论-2026年09月01日-来自【得到大脑】.pdf,对话附件/大零号湾政策沟通与创业项目落地讨论-2026年09月01日-来自【得到大脑】.pdf,application/pdf,847800,,REQUEST_BYTES_OR_EXPLICIT_NOT_FOUND
conv_512bed807235,8414db33-feee-4461-a402-8ab03b6ecba4,user,u_ec3821f6c1cbc1457f,conv_512bed807235:092a5cca,34784,Anisoprint_B+轮_股权转让协议 - SH20260827 redline - 副本.docx,对话附件/Anisoprint_B+轮_股权转让协议 - SH20260827 redline - 副本.docx,application/vnd.openxmlformats-officedocument.wordprocessingml.document,138129,,REQUEST_BYTES_OR_EXPLICIT_NOT_FOUND
conv_bd36f8dbbbc5,31115e3f-9271-4b34-a25e-726e28b09ffa,user,u_5ddd86365c81ed236f,conv_bd36f8dbbbc5:8ecc30b9,36364,image (8).png,对话附件/image (8).png,image/png,33966,,REQUEST_BYTES_OR_EXPLICIT_NOT_FOUND
conv_bd36f8dbbbc5,31115e3f-9271-4b34-a25e-726e28b09ffa,user,u_ff251365c1aa76da1f,conv_bd36f8dbbbc5:fe58e5fe,36370,image (9).png,对话附件/image (9).png,image/png,1191330,,REQUEST_BYTES_OR_EXPLICIT_NOT_FOUND
conv_bd36f8dbbbc5,31115e3f-9271-4b34-a25e-726e28b09ffa,user,u_a6f5d7be94fd8c8110,conv_bd36f8dbbbc5:42a88e54,36375,image (10).png,对话附件/image (10).png,image/png,1191330,,REQUEST_BYTES_OR_EXPLICIT_NOT_FOUND
conv_bd36f8dbbbc5,31115e3f-9271-4b34-a25e-726e28b09ffa,user,u_a6f5d7be94fd8c8110,conv_bd36f8dbbbc5:42a88e54,36375,2026-09-03_商业模式与规划图解集.docx,对话附件/2026-09-03_商业模式与规划图解集.docx,application/vnd.openxmlformats-officedocument.wordprocessingml.document,1454062,,REQUEST_BYTES_OR_EXPLICIT_NOT_FOUND
conv_bd36f8dbbbc5,31115e3f-9271-4b34-a25e-726e28b09ffa,user,u_b24119e0c20d1094e6,conv_bd36f8dbbbc5:b0bafff2,36383,2026-09-03_上海医学合成生物学产业研究院建设方案（政府一页纸版）.docx,对话附件/2026-09-03_上海医学合成生物学产业研究院建设方案（政府一页纸版）.docx,application/vnd.openxmlformats-officedocument.wordprocessingml.document,341390,,REQUEST_BYTES_OR_EXPLICIT_NOT_FOUND
conv_1c2398f73029,5a7ea6c4-cb72-415d-8298-8b5ced8f3347,user,u_0621ceaedb18dd59fe,ba64fd9f-26da-4aef-b6bc-d6d439b7244e,34849,我方技术响应方案.docx,对话附件/我方技术响应方案.docx,application/vnd.openxmlformats-officedocument.wordprocessingml.document,17263,,REQUEST_BYTES_OR_EXPLICIT_NOT_FOUND
conv_c8f2ef80ef0d,5a7ea6c4-cb72-415d-8298-8b5ced8f3347,user,u_fa62d046b82c33f4b7,b1f88734-97f7-466f-a94f-3cd9b43c978a,34904,需求分类与标准化基线.xlsx,对话附件/需求分类与标准化基线.xlsx,application/vnd.openxmlformats-officedocument.spreadsheetml.sheet,11235,,REQUEST_BYTES_OR_EXPLICIT_NOT_FOUND
conv_c8f2ef80ef0d,5a7ea6c4-cb72-415d-8298-8b5ced8f3347,user,u_fa62d046b82c33f4b7,b1f88734-97f7-466f-a94f-3cd9b43c978a,34904,客户需求书RFQ.docx,对话附件/客户需求书RFQ.docx,application/vnd.openxmlformats-officedocument.wordprocessingml.document,13748,,REQUEST_BYTES_OR_EXPLICIT_NOT_FOUND
conv_c8f2ef80ef0d,5a7ea6c4-cb72-415d-8298-8b5ced8f3347,user,u_fa62d046b82c33f4b7,b1f88734-97f7-466f-a94f-3cd9b43c978a,34904,现场踏勘手记.docx,对话附件/现场踏勘手记.docx,application/vnd.openxmlformats-officedocument.wordprocessingml.document,11841,,REQUEST_BYTES_OR_EXPLICIT_NOT_FOUND
conv_891fe04595b8,5a7ea6c4-cb72-415d-8298-8b5ced8f3347,user,u_9a5ac95f338c15de27,0f702d84-de85-429b-84b8-d2cce48cce2d,34955,现场勘察照片集.docx,对话附件/现场勘察照片集.docx,application/vnd.openxmlformats-officedocument.wordprocessingml.document,43042282,,REQUEST_BYTES_OR_EXPLICIT_NOT_FOUND
conv_ac00eb28fce5,5a7ea6c4-cb72-415d-8298-8b5ced8f3347,user,u_b5ac9688391f3edfb7,conv_ac00eb28fce5:77f1e451,34957,测试管理样本.docx,对话附件/测试管理样本.docx,application/vnd.openxmlformats-officedocument.wordprocessingml.document,47572,,REQUEST_BYTES_OR_EXPLICIT_NOT_FOUND
conv_279b5eb3a290,5ee08357-1de0-4489-8ee8-6898763c64fa,user,u_66d0323e3af2c89b27,conv_279b5eb3a290:0cf21f71,35037,【光电医美设备产品经理（产品+市场）_上海 14-22K】李玉慧 10年以上.pdf,对话附件/【光电医美设备产品经理（产品+市场）_上海 14-22K】李玉慧 10年以上.pdf,application/pdf,194072,,REQUEST_BYTES_OR_EXPLICIT_NOT_FOUND
conv_279b5eb3a290,5ee08357-1de0-4489-8ee8-6898763c64fa,user,u_a1cc5ddbf5af2e9a6e,conv_279b5eb3a290:b3e4636b,35056,【光电医美设备产品经理（产品+市场）_上海 14-22K】杜可心 7年.pdf,对话附件/【光电医美设备产品经理（产品+市场）_上海 14-22K】杜可心 7年.pdf,application/pdf,791328,,REQUEST_BYTES_OR_EXPLICIT_NOT_FOUND
conv_94bf306bbbff,5a7ea6c4-cb72-415d-8298-8b5ced8f3347,user,u_f707d73cece7d9ea4b,fcb0f733-715a-47c2-8607-9a74ea9f8442,35059,定制需求规格说明书.docx,对话附件/定制需求规格说明书.docx,application/vnd.openxmlformats-officedocument.wordprocessingml.document,18446,,REQUEST_BYTES_OR_EXPLICIT_NOT_FOUND
conv_63a92ea9ec3c,03b9ebf1-0db1-4a77-afa7-e6eb0564e734,user,u_1621e938a6493dd2b6,conv_63a92ea9ec3c:327bfbf0,35061,ACXZ-SMP员工手册.docx,对话附件/ACXZ-SMP员工手册.docx,application/vnd.openxmlformats-officedocument.wordprocessingml.document,297944,,REQUEST_BYTES_OR_EXPLICIT_NOT_FOUND
conv_03ba7e355b1a,5a7ea6c4-cb72-415d-8298-8b5ced8f3347,user,u_0546f6b26c7b3abb1f,9ea245e6-c19a-4a59-b5b7-eb457859ece2,35074,提前发货审批材料.docx,对话附件/提前发货审批材料.docx,application/vnd.openxmlformats-officedocument.wordprocessingml.document,21404,,REQUEST_BYTES_OR_EXPLICIT_NOT_FOUND
conv_7869bf27d70b,5a7ea6c4-cb72-415d-8298-8b5ced8f3347,user,u_4eb2b3f96ec4bddacd,4b2d6eca-d334-48fb-aa37-04835904ec73,35083,售前差异评估输入包.docx,对话附件/售前差异评估输入包.docx,application/vnd.openxmlformats-officedocument.wordprocessingml.document,45712,,REQUEST_BYTES_OR_EXPLICIT_NOT_FOUND
conv_2cbe4886ace2,5a7ea6c4-cb72-415d-8298-8b5ced8f3347,user,u_7aa7f419390987fd62,7ef150fd-9cdf-48b1-a773-9a6809fc5e64,35097,现场工程条件整理样本.docx,对话附件/现场工程条件整理样本.docx,application/vnd.openxmlformats-officedocument.wordprocessingml.document,17828,,REQUEST_BYTES_OR_EXPLICIT_NOT_FOUND
conv_458a877ca5fb,5a7ea6c4-cb72-415d-8298-8b5ced8f3347,user,u_ae37162da70c217fbf,conv_458a877ca5fb:e54741a4,35121,BOM与ERP导入准备材料.docx,对话附件/BOM与ERP导入准备材料.docx,application/vnd.openxmlformats-officedocument.wordprocessingml.document,18284,,REQUEST_BYTES_OR_EXPLICIT_NOT_FOUND
conv_0b0148a0ac67,b37ceae7-21e7-4f6e-a02a-57dfac4b0fe6,user,u_fa07270f972f6f8560,conv_0b0148a0ac67:5a1e7811,35136,***HEX***.jpg,对话附件/***HEX***.jpg,image/jpeg,143033,,REQUEST_BYTES_OR_EXPLICIT_NOT_FOUND
conv_806f49c1eb88,b37ceae7-21e7-4f6e-a02a-57dfac4b0fe6,user,u_1c4abcf6928ae0f0c4,426a562b-445c-4276-b7c2-ed754722eaf3,35193,***HEX*** (2).jpg,对话附件/***HEX*** (2).jpg,image/jpeg,143033,,REQUEST_BYTES_OR_EXPLICIT_NOT_FOUND
conv_85e569be9d66,5ee08357-1de0-4489-8ee8-6898763c64fa,user,u_9e741fd1fa52cdaa0a,conv_85e569be9d66:e83b8422,35253,【法务总监-投行业务_上海 18-25K】宋春涛 10年以上.pdf,对话附件/【法务总监-投行业务_上海 18-25K】宋春涛 10年以上.pdf,application/pdf,227208,,REQUEST_BYTES_OR_EXPLICIT_NOT_FOUND
conv_ce10104da0fa,5a7ea6c4-cb72-415d-8298-8b5ced8f3347,user,u_4e166fa6734491916f,conv_ce10104da0fa:2a1f3649,35384,项目全过程资料_三阶段样本.docx,对话附件/项目全过程资料_三阶段样本.docx,application/vnd.openxmlformats-officedocument.wordprocessingml.document,18735,,REQUEST_BYTES_OR_EXPLICIT_NOT_FOUND
conv_8c0acf0215b8,5ee08357-1de0-4489-8ee8-6898763c64fa,user,u_bfe7dfef576675c6ca,conv_8c0acf0215b8:5ffb29bf,35498,【【射频类医美设备】质量检测员_上海 8-13K】李一蓓 6年.pdf,对话附件/【【射频类医美设备】质量检测员_上海 8-13K】李一蓓 6年.pdf,application/pdf,141300,,REQUEST_BYTES_OR_EXPLICIT_NOT_FOUND
conv_8c0acf0215b8,5ee08357-1de0-4489-8ee8-6898763c64fa,user,u_bfe7dfef576675c6ca,conv_8c0acf0215b8:5ffb29bf,35498,【【射频类医美设备】质量检测员_上海 8-13K】韩伟涛 10年以上.pdf,对话附件/【【射频类医美设备】质量检测员_上海 8-13K】韩伟涛 10年以上.pdf,application/pdf,85503,,REQUEST_BYTES_OR_EXPLICIT_NOT_FOUND
conv_2aadae5164e6,5a7ea6c4-cb72-415d-8298-8b5ced8f3347,user,u_740a80db3746d42674,conv_2aadae5164e6:a102c739,35500,项目任务台账与阻塞清单.docx,对话附件/项目任务台账与阻塞清单.docx,application/vnd.openxmlformats-officedocument.wordprocessingml.document,47830,,REQUEST_BYTES_OR_EXPLICIT_NOT_FOUND
conv_d6a1190f249d,5a7ea6c4-cb72-415d-8298-8b5ced8f3347,user,u_2b1179b65d300f327b,conv_d6a1190f249d:3342965d,35539,项目启动与WBS编排输入材料.docx,对话附件/项目启动与WBS编排输入材料.docx,application/vnd.openxmlformats-officedocument.wordprocessingml.document,48419,,REQUEST_BYTES_OR_EXPLICIT_NOT_FOUND
conv_6fbc715f4b2d,bb195a6d-9280-479c-be5c-eac7b2abba5f,user,u_bed11712021e3acec8,conv_6fbc715f4b2d:0d772db9,35548,交易明细8月.csv,对话附件/交易明细8月.csv,text/csv,24576,,REQUEST_BYTES_OR_EXPLICIT_NOT_FOUND
conv_6fbc715f4b2d,bb195a6d-9280-479c-be5c-eac7b2abba5f,user,u_bed11712021e3acec8,conv_6fbc715f4b2d:0d772db9,35548,回单8月.pdf,对话附件/回单8月.pdf,application/pdf,938607,,REQUEST_BYTES_OR_EXPLICIT_NOT_FOUND
conv_6fbc715f4b2d,bb195a6d-9280-479c-be5c-eac7b2abba5f,user,u_bed11712021e3acec8,conv_6fbc715f4b2d:0d772db9,35548,对账单8月.csv,对话附件/对账单8月.csv,text/csv,4137,,REQUEST_BYTES_OR_EXPLICIT_NOT_FOUND
conv_ebeb45b88d28,5a7ea6c4-cb72-415d-8298-8b5ced8f3347,user,u_93cfd16b84225ea01b,b03f2a0a-c59e-4c80-9892-008d846e49da,35563,排产与发货核对输入材料.docx,对话附件/排产与发货核对输入材料.docx,application/vnd.openxmlformats-officedocument.wordprocessingml.document,18831,,REQUEST_BYTES_OR_EXPLICIT_NOT_FOUND
conv_e1c02601c14a,5a7ea6c4-cb72-415d-8298-8b5ced8f3347,user,u_e7af1479572d4eaafa,conv_e1c02601c14a:a41c1522,35565,齐套分析输入材料.docx,对话附件/齐套分析输入材料.docx,application/vnd.openxmlformats-officedocument.wordprocessingml.document,47436,,REQUEST_BYTES_OR_EXPLICIT_NOT_FOUND
conv_189e925c8811,5a7ea6c4-cb72-415d-8298-8b5ced8f3347,user,u_f3acecea96475f11ef,d6915069-5348-4040-913d-f845135ea88d,35752,采购到料预警与供应商风险卡输入材料.docx,对话附件/采购到料预警与供应商风险卡输入材料.docx,application/vnd.openxmlformats-officedocument.wordprocessingml.document,19777,,REQUEST_BYTES_OR_EXPLICIT_NOT_FOUND
conv_4ceaacdfd316,b7cf8bab-99fd-472a-977c-a37c7f833148,user,u_e91c4cf17727ebf760,conv_4ceaacdfd316:921eeaf9,35825,TA_ZHANGYANBIN_Letter_of_Recommendation.pdf,对话附件/TA_ZHANGYANBIN_Letter_of_Recommendation.pdf,application/pdf,69427,,REQUEST_BYTES_OR_EXPLICIT_NOT_FOUND
conv_9a05b37ae6e2,5a7ea6c4-cb72-415d-8298-8b5ced8f3347,user,u_56a9ccb9a77e2ff9b7,da046b5a-ee99-4397-88f8-ce38ac73106a,35821,请购合理性检查与报价比对输入材料.docx,对话附件/请购合理性检查与报价比对输入材料.docx,application/vnd.openxmlformats-officedocument.wordprocessingml.document,47582,,REQUEST_BYTES_OR_EXPLICIT_NOT_FOUND
conv_d23bc6d66dd2,5eb1a1c6-d647-47fe-8036-9dc731aa0b5c,user,u_a067bba7b2b7df6e12,bba0d5ea-759e-48df-a40f-d4c72e8d00d6,35857,业务线梳理.docx,对话附件/业务线梳理.docx,application/vnd.openxmlformats-officedocument.wordprocessingml.document,15737,,REQUEST_BYTES_OR_EXPLICIT_NOT_FOUND
conv_d23bc6d66dd2,5eb1a1c6-d647-47fe-8036-9dc731aa0b5c,user,u_a067bba7b2b7df6e12,bba0d5ea-759e-48df-a40f-d4c72e8d00d6,35857,附件1--SHWW-CGHT-250609&含备忘录.pdf,对话附件/附件1--SHWW-CGHT-250609&含备忘录.pdf,application/pdf,1125056,,REQUEST_BYTES_OR_EXPLICIT_NOT_FOUND
conv_d23bc6d66dd2,5eb1a1c6-d647-47fe-8036-9dc731aa0b5c,user,u_a067bba7b2b7df6e12,bba0d5ea-759e-48df-a40f-d4c72e8d00d6,35857,附件2--SHWW-JLM-TM001天猫国际店铺Cultiva100服务合同 北京佳乐优生物科技有限公司-生合(1).pdf,对话附件/附件2--SHWW-JLM-TM001天猫国际店铺Cultiva100服务合同 北京佳乐优生物科技有限公司-生合(1).pdf,application/pdf,1747448,,REQUEST_BYTES_OR_EXPLICIT_NOT_FOUND
conv_d23bc6d66dd2,5eb1a1c6-d647-47fe-8036-9dc731aa0b5c,user,u_a067bba7b2b7df6e12,bba0d5ea-759e-48df-a40f-d4c72e8d00d6,35857,附件3--生合—光禾设计服务合同.pdf,对话附件/附件3--生合—光禾设计服务合同.pdf,application/pdf,185944,,REQUEST_BYTES_OR_EXPLICIT_NOT_FOUND
conv_d23bc6d66dd2,5eb1a1c6-d647-47fe-8036-9dc731aa0b5c,user,u_a067bba7b2b7df6e12,bba0d5ea-759e-48df-a40f-d4c72e8d00d6,35857,附件5--青岛埃克达斯执行版SKM_C***CARD***.pdf,对话附件/附件5--青岛埃克达斯执行版SKM_C***CARD***.pdf,application/pdf,278484,,REQUEST_BYTES_OR_EXPLICIT_NOT_FOUND
conv_d23bc6d66dd2,5eb1a1c6-d647-47fe-8036-9dc731aa0b5c,user,u_a067bba7b2b7df6e12,bba0d5ea-759e-48df-a40f-d4c72e8d00d6,35857,附件6--生合&新加坡元宇宙 人参小条销售合同-已盖章.pdf,对话附件/附件6--生合&新加坡元宇宙 人参小条销售合同-已盖章.pdf,application/pdf,324026,,REQUEST_BYTES_OR_EXPLICIT_NOT_FOUND
conv_d23bc6d66dd2,5eb1a1c6-d647-47fe-8036-9dc731aa0b5c,user,u_a067bba7b2b7df6e12,bba0d5ea-759e-48df-a40f-d4c72e8d00d6,35857,附件6--HP-CGHT-260501.pdf,对话附件/附件6--HP-CGHT-260501.pdf,application/pdf,428200,,REQUEST_BYTES_OR_EXPLICIT_NOT_FOUND
conv_d23bc6d66dd2,5eb1a1c6-d647-47fe-8036-9dc731aa0b5c,user,u_a067bba7b2b7df6e12,bba0d5ea-759e-48df-a40f-d4c72e8d00d6,35857,附件7--WWHW-XSHT-260601位育合物-长沙天日贸易 产品销售合同（双签）(1).pdf,对话附件/附件7--WWHW-XSHT-260601位育合物-长沙天日贸易 产品销售合同（双签）(1).pdf,application/pdf,211797,,REQUEST_BYTES_OR_EXPLICIT_NOT_FOUND
conv_d23bc6d66dd2,5eb1a1c6-d647-47fe-8036-9dc731aa0b5c,user,u_a067bba7b2b7df6e12,bba0d5ea-759e-48df-a40f-d4c72e8d00d6,35857,附件7--WYHW-CGHT-260601位育合物-海南润湘 生产加工合同（双签）(1).pdf,对话附件/附件7--WYHW-CGHT-260601位育合物-海南润湘 生产加工合同（双签）(1).pdf,application/pdf,233699,,REQUEST_BYTES_OR_EXPLICIT_NOT_FOUND
conv_d23bc6d66dd2,5eb1a1c6-d647-47fe-8036-9dc731aa0b5c,user,u_a067bba7b2b7df6e12,bba0d5ea-759e-48df-a40f-d4c72e8d00d6,35857,附件8--湖南中辰创海网络科技有限公司 市场推广费对账单(1).xlsx,对话附件/附件8--湖南中辰创海网络科技有限公司 市场推广费对账单(1).xlsx,application/vnd.openxmlformats-officedocument.spreadsheetml.sheet,16591,,REQUEST_BYTES_OR_EXPLICIT_NOT_FOUND
conv_d23bc6d66dd2,5eb1a1c6-d647-47fe-8036-9dc731aa0b5c,user,u_a067bba7b2b7df6e12,bba0d5ea-759e-48df-a40f-d4c72e8d00d6,35857,附件8--WYHW-MK-260701湖南中辰创海网络科技有限公司 市场推广合同 淘宝C店(1).docx,对话附件/附件8--WYHW-MK-260701湖南中辰创海网络科技有限公司 市场推广合同 淘宝C店(1).docx,application/vnd.openxmlformats-officedocument.wordprocessingml.document,24560,,REQUEST_BYTES_OR_EXPLICIT_NOT_FOUND
conv_d23bc6d66dd2,5eb1a1c6-d647-47fe-8036-9dc731aa0b5c,user,u_949a3a8f3b7af5c00a,323cd9ba-2248-41fe-9439-4fcec0d57a2f,35931,2026-09-03_生合万物C端业务被做局风险核查报告.md,对话附件/2026-09-03_生合万物C端业务被做局风险核查报告.md,text/markdown,18725,,REQUEST_BYTES_OR_EXPLICIT_NOT_FOUND
conv_8685cb6739a8,5a7ea6c4-cb72-415d-8298-8b5ced8f3347,user,u_1f7b28a93501dde4d1,conv_8685cb6739a8:f1b486f0,35866,管理层问答输入材料.docx,对话附件/管理层问答输入材料.docx,application/vnd.openxmlformats-officedocument.wordprocessingml.document,47154,,REQUEST_BYTES_OR_EXPLICIT_NOT_FOUND
conv_4a4208b3f83f,5a7ea6c4-cb72-415d-8298-8b5ced8f3347,user,u_503842a819287c8e01,69674da3-c5e5-4d81-bc15-339bc8e5bd1b,35902,管理层周报简报输入材料.docx,对话附件/管理层周报简报输入材料.docx,application/vnd.openxmlformats-officedocument.wordprocessingml.document,22088,,REQUEST_BYTES_OR_EXPLICIT_NOT_FOUND
conv_81cbeb7e8662,5a7ea6c4-cb72-415d-8298-8b5ced8f3347,user,u_88d3224fdd308cf6e8,conv_81cbeb7e8662:b3497270,35916,经营会前研判输入材料.docx,对话附件/经营会前研判输入材料.docx,application/vnd.openxmlformats-officedocument.wordprocessingml.document,20059,,REQUEST_BYTES_OR_EXPLICIT_NOT_FOUND
conv_c69533844fd2,b37ceae7-21e7-4f6e-a02a-57dfac4b0fe6,user,u_e8538327e6f7874613,conv_c69533844fd2:c73a05bd,35958,mmexport***CARD*** (2).jpg,对话附件/mmexport***CARD*** (2).jpg,image/jpeg,36915,,REQUEST_BYTES_OR_EXPLICIT_NOT_FOUND
conv_a8ac4e40664d,5a7ea6c4-cb72-415d-8298-8b5ced8f3347,user,u_9d308d170093f82ba0,conv_a8ac4e40664d:6a5c798b,36164,HR制度三合一输入材料.docx,对话附件/HR制度三合一输入材料.docx,application/vnd.openxmlformats-officedocument.wordprocessingml.document,47503,,REQUEST_BYTES_OR_EXPLICIT_NOT_FOUND
conv_3392d4358cd7,5a7ea6c4-cb72-415d-8298-8b5ced8f3347,user,u_a38d2ebc861485377a,690e398c-165e-434f-bac7-1fbe725ec72c,36183,简历样本合集.zip,对话附件/简历样本合集.zip,application/zip,175763,,REQUEST_BYTES_OR_EXPLICIT_NOT_FOUND
conv_a26647fbd170,5a7ea6c4-cb72-415d-8298-8b5ced8f3347,user,u_e9058ba35c227c7592,conv_a26647fbd170:e91660b4,36333,高中数学_函数与导数_知识点讲义 (2).docx,对话附件/高中数学_函数与导数_知识点讲义 (2).docx,application/vnd.openxmlformats-officedocument.wordprocessingml.document,13840,,REQUEST_BYTES_OR_EXPLICIT_NOT_FOUND
conv_e62526e330bb,76d362d5-0552-4b79-8d05-ce0bbb885d9c,user,u_7512428d68d35ff31d,conv_e62526e330bb:1e19d5a4,36451,slide_001.png,AI 工作区/成果文件/搜索下今天的ai热点新闻-conv_e62526e330bb/outputs/slides/slide_001.png,image/png,1428286,,REQUEST_BYTES_OR_EXPLICIT_NOT_FOUND
conv_1344d32a1970,8414db33-feee-4461-a402-8ab03b6ecba4,user,u_8dee8528673351861d,conv_1344d32a1970:f8f29774,36467,Anisoprint_B+轮_股权转让协议 - SH20260827 redline.docx,对话附件/Anisoprint_B+轮_股权转让协议 - SH20260827 redline.docx,application/vnd.openxmlformats-officedocument.wordprocessingml.document,586405,,REQUEST_BYTES_OR_EXPLICIT_NOT_FOUND
conv_8e2e43b43eb2,b7cf8bab-99fd-472a-977c-a37c7f833148,user,u_fc6805786a2557143a,conv_8e2e43b43eb2:a126f8a2,36477,image (6).png,对话附件/image (6).png,image/png,474667,,REQUEST_BYTES_OR_EXPLICIT_NOT_FOUND
conv_8e2e43b43eb2,b7cf8bab-99fd-472a-977c-a37c7f833148,user,u_792fa37e22f4c180f7,conv_8e2e43b43eb2:6b41a635,36506,1.培训班的参训名单（发老师）.xlsx,对话附件/1.培训班的参训名单（发老师）.xlsx,application/vnd.openxmlformats-officedocument.spreadsheetml.sheet,16391,,REQUEST_BYTES_OR_EXPLICIT_NOT_FOUND
conv_849a4af1be2e,8414db33-feee-4461-a402-8ab03b6ecba4,user,u_dee4f691edab4d4730,conv_849a4af1be2e:b5352206,36526,Anisoprint_B+轮_股权转让协议 - SH20260902 all track change.docx,对话附件/Anisoprint_B+轮_股权转让协议 - SH20260902 all track change.docx,application/vnd.openxmlformats-officedocument.wordprocessingml.document,143648,,REQUEST_BYTES_OR_EXPLICIT_NOT_FOUND
conv_f94b7d92bac0,5a7ea6c4-cb72-415d-8298-8b5ced8f3347,user,u_6c3e664fab237e8026,conv_f94b7d92bac0:fc141221,36613,2026-09-03_小桥流水人家_水墨画_001.png,对话附件/2026-09-03_小桥流水人家_水墨画_001.png,image/png,3180373,,REQUEST_BYTES_OR_EXPLICIT_NOT_FOUND
conv_2cd68de4c686,b37ceae7-21e7-4f6e-a02a-57dfac4b0fe6,user,u_2a6b7620335042f226,5fa08221-1065-4606-ba4e-0b806a9e0a0f,36665,保密协议（标准集团--西部数控）.docx,对话附件/保密协议（标准集团--西部数控）.docx,application/vnd.openxmlformats-officedocument.wordprocessingml.document,25767,,REQUEST_BYTES_OR_EXPLICIT_NOT_FOUND
conv_65081b0339d6,03b9ebf1-0db1-4a77-afa7-e6eb0564e734,user,u_3eae1627b441c21804,conv_65081b0339d6:87dfae64,36685,国泰海通证券股份有限公司“天汇宝2号”质押式报价回购交易客户协议202504.pdf,对话附件/国泰海通证券股份有限公司“天汇宝2号”质押式报价回购交易客户协议202504.pdf,application/pdf,347937,,REQUEST_BYTES_OR_EXPLICIT_NOT_FOUND
conv_65081b0339d6,03b9ebf1-0db1-4a77-afa7-e6eb0564e734,user,u_3eae1627b441c21804,conv_65081b0339d6:87dfae64,36685,国泰海通证券股份有限公司“天汇宝1号”质押式报价回购交易客户协议202504.pdf,对话附件/国泰海通证券股份有限公司“天汇宝1号”质押式报价回购交易客户协议202504.pdf,application/pdf,440864,,REQUEST_BYTES_OR_EXPLICIT_NOT_FOUND
conv_65081b0339d6,03b9ebf1-0db1-4a77-afa7-e6eb0564e734,user,u_3eae1627b441c21804,conv_65081b0339d6:87dfae64,36685,质押式报价回购交易风险揭示书（天汇宝2号）202504.pdf,对话附件/质押式报价回购交易风险揭示书（天汇宝2号）202504.pdf,application/pdf,311859,,REQUEST_BYTES_OR_EXPLICIT_NOT_FOUND
conv_622d3811c315,b37ceae7-21e7-4f6e-a02a-57dfac4b0fe6,user,u_2650db98fae29267cf,conv_622d3811c315:4e099347,36675,保密协议（标准集团--西部数控） (2).docx,对话附件/保密协议（标准集团--西部数控） (2).docx,application/vnd.openxmlformats-officedocument.wordprocessingml.document,25767,,REQUEST_BYTES_OR_EXPLICIT_NOT_FOUND
conv_b8e9e6e38770,bb195a6d-9280-479c-be5c-eac7b2abba5f,user,u_dc708115cfad3c4f20,conv_b8e9e6e38770:18a983d9,36697,2026年财务报表.pdf,对话附件/2026年财务报表.pdf,application/pdf,5467895,,REQUEST_BYTES_OR_EXPLICIT_NOT_FOUND
conv_da63a6b7ae0b,31115e3f-9271-4b34-a25e-726e28b09ffa,user,u_838b36eb83f3fa3afe,conv_da63a6b7ae0b:98386f6b,36771,薄荷简介.pdf,对话附件/薄荷简介.pdf,application/pdf,1678168,,REQUEST_BYTES_OR_EXPLICIT_NOT_FOUND
conv_9b0bf37e6849,5a7ea6c4-cb72-415d-8298-8b5ced8f3347,user,u_2afaf9fea4bfae7015,conv_9b0bf37e6849:f28e05b2,36776,初中数学逻辑思维培养_粗糙格式论文.docx,对话附件/初中数学逻辑思维培养_粗糙格式论文.docx,application/vnd.openxmlformats-officedocument.wordprocessingml.document,14030,,REQUEST_BYTES_OR_EXPLICIT_NOT_FOUND
conv_e410ae458ee3,5ee08357-1de0-4489-8ee8-6898763c64fa,user,u_c8e6695a6ff436ace9,conv_e410ae458ee3:799f554a,36807,【【射频类医美设备】质量检测员_上海 8-13K】张佳铭 9年.pdf,对话附件/【【射频类医美设备】质量检测员_上海 8-13K】张佳铭 9年.pdf,application/pdf,204177,,REQUEST_BYTES_OR_EXPLICIT_NOT_FOUND
conv_e410ae458ee3,5ee08357-1de0-4489-8ee8-6898763c64fa,user,u_c8e6695a6ff436ace9,conv_e410ae458ee3:799f554a,36807,【【射频类医美设备】质量检测员_上海 8-13K】马运立 10年以上.pdf,对话附件/【【射频类医美设备】质量检测员_上海 8-13K】马运立 10年以上.pdf,application/pdf,140252,,REQUEST_BYTES_OR_EXPLICIT_NOT_FOUND
conv_e410ae458ee3,5ee08357-1de0-4489-8ee8-6898763c64fa,user,u_c8e6695a6ff436ace9,conv_e410ae458ee3:799f554a,36807,【【射频类医美设备】质量检测员_上海 8-13K】王珂琦 8年.pdf,对话附件/【【射频类医美设备】质量检测员_上海 8-13K】王珂琦 8年.pdf,application/pdf,175334,,REQUEST_BYTES_OR_EXPLICIT_NOT_FOUND
conv_e410ae458ee3,5ee08357-1de0-4489-8ee8-6898763c64fa,user,u_c8e6695a6ff436ace9,conv_e410ae458ee3:799f554a,36807,【【射频类医美设备】质量检测员_上海 8-13K】杨婷婷 6年.pdf,对话附件/【【射频类医美设备】质量检测员_上海 8-13K】杨婷婷 6年.pdf,application/pdf,305599,,REQUEST_BYTES_OR_EXPLICIT_NOT_FOUND
conv_e410ae458ee3,5ee08357-1de0-4489-8ee8-6898763c64fa,user,u_c8e6695a6ff436ace9,conv_e410ae458ee3:799f554a,36807,【【射频类医美设备】质量检测员_上海 8-13K】巨娜娜 10年以上.pdf,对话附件/【【射频类医美设备】质量检测员_上海 8-13K】巨娜娜 10年以上.pdf,application/pdf,159670,,REQUEST_BYTES_OR_EXPLICIT_NOT_FOUND
conv_e410ae458ee3,5ee08357-1de0-4489-8ee8-6898763c64fa,user,u_c8e6695a6ff436ace9,conv_e410ae458ee3:799f554a,36807,【【射频类医美设备】质量检测员_上海 8-13K】吴钊志 9年.pdf,对话附件/【【射频类医美设备】质量检测员_上海 8-13K】吴钊志 9年.pdf,application/pdf,311069,,REQUEST_BYTES_OR_EXPLICIT_NOT_FOUND
conv_6414805c6fa7,31115e3f-9271-4b34-a25e-726e28b09ffa,user,u_79e0a72c17d15178ea,conv_6414805c6fa7:75f8824b,37054,1、“大零号湾”科技创新策源功能区专项发展资金项目申请书.doc,对话附件/1、“大零号湾”科技创新策源功能区专项发展资金项目申请书.doc,application/msword,761934,,REQUEST_BYTES_OR_EXPLICIT_NOT_FOUND
conv_6414805c6fa7,31115e3f-9271-4b34-a25e-726e28b09ffa,user,u_b799f96e1b464bfe84,conv_6414805c6fa7:68546004,37353,v31、“大零号湾”科技创新策源功能区专项发展资金项目申请书(1)(2).docx,对话附件/v31、“大零号湾”科技创新策源功能区专项发展资金项目申请书(1)(2).docx,application/vnd.openxmlformats-officedocument.wordprocessingml.document,1203790,,REQUEST_BYTES_OR_EXPLICIT_NOT_FOUND
conv_6414805c6fa7,31115e3f-9271-4b34-a25e-726e28b09ffa,user,u_2b009bef881a51d163,conv_6414805c6fa7:860b08f8,37877,1、“大零号湾”科技创新策源功能区专项发展资金项目申请书.docx,对话附件/1、“大零号湾”科技创新策源功能区专项发展资金项目申请书.docx,application/vnd.openxmlformats-officedocument.wordprocessingml.document,1206011,,REQUEST_BYTES_OR_EXPLICIT_NOT_FOUND
conv_6414805c6fa7,31115e3f-9271-4b34-a25e-726e28b09ffa,user,u_e2431084b00bb7237c,conv_6414805c6fa7:cf2ca695,37969,邀请函&专家资料表-2026SAPA(36).docx,对话附件/邀请函&专家资料表-2026SAPA(36).docx,application/vnd.openxmlformats-officedocument.wordprocessingml.document,679494,,REQUEST_BYTES_OR_EXPLICIT_NOT_FOUND
conv_111e30a393ca,5eb1a1c6-d647-47fe-8036-9dc731aa0b5c,user,u_146aa57d61b99c6cfd,aab052ec-9169-4936-9c59-97be669e6976,37091,中科优势TTFA.0905_上海银行(1).pptx,对话附件/中科优势TTFA.0905_上海银行(1).pptx,application/vnd.openxmlformats-officedocument.presentationml.presentation,49869402,,REQUEST_BYTES_OR_EXPLICIT_NOT_FOUND
conv_111e30a393ca,5eb1a1c6-d647-47fe-8036-9dc731aa0b5c,user,u_146aa57d61b99c6cfd,aab052ec-9169-4936-9c59-97be669e6976,37091,***HEX***.png,对话附件/***HEX***.png,image/png,320230,,REQUEST_BYTES_OR_EXPLICIT_NOT_FOUND
conv_111e30a393ca,5eb1a1c6-d647-47fe-8036-9dc731aa0b5c,user,u_146aa57d61b99c6cfd,aab052ec-9169-4936-9c59-97be669e6976,37091,***HEX***.png,对话附件/***HEX***.png,image/png,336365,,REQUEST_BYTES_OR_EXPLICIT_NOT_FOUND
conv_111e30a393ca,5eb1a1c6-d647-47fe-8036-9dc731aa0b5c,user,u_146aa57d61b99c6cfd,aab052ec-9169-4936-9c59-97be669e6976,37091,***HEX***.png,对话附件/***HEX***.png,image/png,407996,,REQUEST_BYTES_OR_EXPLICIT_NOT_FOUND
conv_111e30a393ca,5eb1a1c6-d647-47fe-8036-9dc731aa0b5c,user,u_146aa57d61b99c6cfd,aab052ec-9169-4936-9c59-97be669e6976,37091,***HEX***.png,对话附件/***HEX***.png,image/png,411348,,REQUEST_BYTES_OR_EXPLICIT_NOT_FOUND
conv_111e30a393ca,5eb1a1c6-d647-47fe-8036-9dc731aa0b5c,user,u_146aa57d61b99c6cfd,aab052ec-9169-4936-9c59-97be669e6976,37091,***HEX***.png,对话附件/***HEX***.png,image/png,268431,,REQUEST_BYTES_OR_EXPLICIT_NOT_FOUND
conv_111e30a393ca,5eb1a1c6-d647-47fe-8036-9dc731aa0b5c,user,u_146aa57d61b99c6cfd,aab052ec-9169-4936-9c59-97be669e6976,37091,***HEX***.png,对话附件/***HEX***.png,image/png,309346,,REQUEST_BYTES_OR_EXPLICIT_NOT_FOUND
conv_111e30a393ca,5eb1a1c6-d647-47fe-8036-9dc731aa0b5c,user,u_146aa57d61b99c6cfd,aab052ec-9169-4936-9c59-97be669e6976,37091,***HEX***.png,对话附件/***HEX***.png,image/png,256929,,REQUEST_BYTES_OR_EXPLICIT_NOT_FOUND
conv_111e30a393ca,5eb1a1c6-d647-47fe-8036-9dc731aa0b5c,user,u_146aa57d61b99c6cfd,aab052ec-9169-4936-9c59-97be669e6976,37091,***HEX***.png,对话附件/***HEX***.png,image/png,285251,,REQUEST_BYTES_OR_EXPLICIT_NOT_FOUND
conv_111e30a393ca,5eb1a1c6-d647-47fe-8036-9dc731aa0b5c,user,u_146aa57d61b99c6cfd,aab052ec-9169-4936-9c59-97be669e6976,37091,***HEX***.png,对话附件/***HEX***.png,image/png,280061,,REQUEST_BYTES_OR_EXPLICIT_NOT_FOUND
conv_111e30a393ca,5eb1a1c6-d647-47fe-8036-9dc731aa0b5c,user,u_146aa57d61b99c6cfd,aab052ec-9169-4936-9c59-97be669e6976,37091,***HEX***.png,对话附件/***HEX***.png,image/png,352897,,REQUEST_BYTES_OR_EXPLICIT_NOT_FOUND
conv_111e30a393ca,5eb1a1c6-d647-47fe-8036-9dc731aa0b5c,user,u_146aa57d61b99c6cfd,aab052ec-9169-4936-9c59-97be669e6976,37091,***HEX***.png,对话附件/***HEX***.png,image/png,296636,,REQUEST_BYTES_OR_EXPLICIT_NOT_FOUND
conv_111e30a393ca,5eb1a1c6-d647-47fe-8036-9dc731aa0b5c,user,u_146aa57d61b99c6cfd,aab052ec-9169-4936-9c59-97be669e6976,37091,***HEX***.png,对话附件/***HEX***.png,image/png,261242,,REQUEST_BYTES_OR_EXPLICIT_NOT_FOUND
conv_111e30a393ca,5eb1a1c6-d647-47fe-8036-9dc731aa0b5c,user,u_146aa57d61b99c6cfd,aab052ec-9169-4936-9c59-97be669e6976,37091,***HEX***.png,对话附件/***HEX***.png,image/png,292737,,REQUEST_BYTES_OR_EXPLICIT_NOT_FOUND
conv_111e30a393ca,5eb1a1c6-d647-47fe-8036-9dc731aa0b5c,user,u_146aa57d61b99c6cfd,aab052ec-9169-4936-9c59-97be669e6976,37091,***HEX***.png,对话附件/***HEX***.png,image/png,314480,,REQUEST_BYTES_OR_EXPLICIT_NOT_FOUND
conv_111e30a393ca,5eb1a1c6-d647-47fe-8036-9dc731aa0b5c,user,u_146aa57d61b99c6cfd,aab052ec-9169-4936-9c59-97be669e6976,37091,***HEX***.png,对话附件/***HEX***.png,image/png,343812,,REQUEST_BYTES_OR_EXPLICIT_NOT_FOUND
conv_111e30a393ca,5eb1a1c6-d647-47fe-8036-9dc731aa0b5c,user,u_146aa57d61b99c6cfd,aab052ec-9169-4936-9c59-97be669e6976,37091,***HEX***.png,对话附件/***HEX***.png,image/png,340899,,REQUEST_BYTES_OR_EXPLICIT_NOT_FOUND
conv_111e30a393ca,5eb1a1c6-d647-47fe-8036-9dc731aa0b5c,user,u_146aa57d61b99c6cfd,aab052ec-9169-4936-9c59-97be669e6976,37091,***HEX***.png,对话附件/***HEX***.png,image/png,261695,,REQUEST_BYTES_OR_EXPLICIT_NOT_FOUND
conv_111e30a393ca,5eb1a1c6-d647-47fe-8036-9dc731aa0b5c,user,u_146aa57d61b99c6cfd,aab052ec-9169-4936-9c59-97be669e6976,37091,***HEX***.png,对话附件/***HEX***.png,image/png,266453,,REQUEST_BYTES_OR_EXPLICIT_NOT_FOUND
conv_111e30a393ca,5eb1a1c6-d647-47fe-8036-9dc731aa0b5c,user,u_146aa57d61b99c6cfd,aab052ec-9169-4936-9c59-97be669e6976,37091,***HEX***.png,对话附件/***HEX***.png,image/png,300837,,REQUEST_BYTES_OR_EXPLICIT_NOT_FOUND
conv_111e30a393ca,5eb1a1c6-d647-47fe-8036-9dc731aa0b5c,user,u_146aa57d61b99c6cfd,aab052ec-9169-4936-9c59-97be669e6976,37091,***HEX***.png,对话附件/***HEX***.png,image/png,379306,,REQUEST_BYTES_OR_EXPLICIT_NOT_FOUND
conv_111e30a393ca,5eb1a1c6-d647-47fe-8036-9dc731aa0b5c,user,u_1670ffee7b67a1d1ac,4b9f5171-f2c0-4157-940c-84f0328c36ea,37230,p02.png,AI 工作区/成果文件/按照ppt的风格，根据上传的图片的内容，-conv_111e30a393ca/深色科技风_图片版_页面/p02.png,image/png,1990583,workspace,REQUEST_BYTES_OR_EXPLICIT_NOT_FOUND
conv_322d1e6346d3,b37ceae7-21e7-4f6e-a02a-57dfac4b0fe6,user,u_eb30325938aa96a942,conv_322d1e6346d3:8e5e7fdd,37321,北疆追秋自驾路书（9.26-10.4 合肥出发）.docx,对话附件/北疆追秋自驾路书（9.26-10.4 合肥出发）.docx,application/vnd.openxmlformats-officedocument.wordprocessingml.document,58559,,REQUEST_BYTES_OR_EXPLICIT_NOT_FOUND
conv_322d1e6346d3,b37ceae7-21e7-4f6e-a02a-57dfac4b0fe6,user,u_b15b02868e0335218a,conv_322d1e6346d3:942ac305,37333,image (11).png,对话附件/image (11).png,image/png,37284,,REQUEST_BYTES_OR_EXPLICIT_NOT_FOUND
conv_29609478ce7c,31115e3f-9271-4b34-a25e-726e28b09ffa,user,u_a033dff088e1204646,6b9d8519-3144-4853-b89b-4917d0ef6239,37374,北京京国管科服问题及回复.docx,对话附件/北京京国管科服问题及回复.docx,application/vnd.openxmlformats-officedocument.wordprocessingml.document,298577,,REQUEST_BYTES_OR_EXPLICIT_NOT_FOUND
conv_29609478ce7c,31115e3f-9271-4b34-a25e-726e28b09ffa,user,u_a033dff088e1204646,6b9d8519-3144-4853-b89b-4917d0ef6239,37374,合生纪康立项汇报初稿V1(1).pptx,对话附件/合生纪康立项汇报初稿V1(1).pptx,application/vnd.openxmlformats-officedocument.presentationml.presentation,747988,,REQUEST_BYTES_OR_EXPLICIT_NOT_FOUND
conv_29609478ce7c,31115e3f-9271-4b34-a25e-726e28b09ffa,user,u_64b0ffd28265497b4e,conv_29609478ce7c:746ed7a2,37545,专利申请信息汇总_叶海峰老师_20251219.xlsx,对话附件/专利申请信息汇总_叶海峰老师_20251219.xlsx,application/vnd.openxmlformats-officedocument.spreadsheetml.sheet,19897,,REQUEST_BYTES_OR_EXPLICIT_NOT_FOUND
conv_067433fd2015,76d362d5-0552-4b79-8d05-ce0bbb885d9c,user,u_7490d6c56513375001,conv_067433fd2015:dbdb9c26,37382,邓稼先-教案生成.docx,对话附件/邓稼先-教案生成.docx,application/vnd.openxmlformats-officedocument.wordprocessingml.document,56143,,REQUEST_BYTES_OR_EXPLICIT_NOT_FOUND
conv_f7228441fff3,b37ceae7-21e7-4f6e-a02a-57dfac4b0fe6,user,u_bf9be6130990e11c63,conv_f7228441fff3:0fc179e4,37480,mmexport***CARD***.jpg,对话附件/mmexport***CARD***.jpg,image/jpeg,636144,,REQUEST_BYTES_OR_EXPLICIT_NOT_FOUND
conv_cb9b9338ddf4,b239b771-e5b5-4181-8735-fed76b495f19,user,u_46ff5987ffae19b797,conv_cb9b9338ddf4:f1cf94ce,37515,***HEX***.jpg,对话附件/***HEX***.jpg,image/jpeg,192094,,REQUEST_BYTES_OR_EXPLICIT_NOT_FOUND
conv_04d4f8d415e0,b37ceae7-21e7-4f6e-a02a-57dfac4b0fe6,user,u_e164592ecd52a92407,conv_04d4f8d415e0:085645db,37724,image (12).png,对话附件/image (12).png,image/png,43875,,REQUEST_BYTES_OR_EXPLICIT_NOT_FOUND
conv_04d4f8d415e0,b37ceae7-21e7-4f6e-a02a-57dfac4b0fe6,user,u_322335a79e6077f3dc,conv_04d4f8d415e0:3fcf67b8,37788,image (13).png,对话附件/image (13).png,image/png,22560,,REQUEST_BYTES_OR_EXPLICIT_NOT_FOUND
conv_04d4f8d415e0,b37ceae7-21e7-4f6e-a02a-57dfac4b0fe6,user,u_4ba238e64351f70002,d74214b1-4451-48fc-a29c-4c65f3e6fe77,37818,image (14).png,对话附件/image (14).png,image/png,205037,,REQUEST_BYTES_OR_EXPLICIT_NOT_FOUND
conv_a8d3ad85a09e,8414db33-feee-4461-a402-8ab03b6ecba4,user,u_080fd0eef9766dac5d,conv_a8d3ad85a09e:eb80ad8c,37731,信息中心员工客服岗合同（社招版）(1).doc,对话附件/信息中心员工客服岗合同（社招版）(1).doc,application/msword,88156,,REQUEST_BYTES_OR_EXPLICIT_NOT_FOUND
conv_fb9c30fa9f46,b37ceae7-21e7-4f6e-a02a-57dfac4b0fe6,user,u_10e4ecef6709b998e4,conv_fb9c30fa9f46:5c546c84,37777,上海交通大学技术转移硕士MTT学生手册-2026级 (2).pdf,对话附件/上海交通大学技术转移硕士MTT学生手册-2026级 (2).pdf,application/pdf,739935,,REQUEST_BYTES_OR_EXPLICIT_NOT_FOUND
conv_fb9c30fa9f46,b37ceae7-21e7-4f6e-a02a-57dfac4b0fe6,user,u_493d6bc0b326e462a8,conv_fb9c30fa9f46:97a1016e,37839,af0d3ed8-a5f5-48d9-92e1-b4f26d09ef1d.png,对话附件/af0d3ed8-a5f5-48d9-92e1-b4f26d09ef1d.png,image/png,81688,,REQUEST_BYTES_OR_EXPLICIT_NOT_FOUND
conv_fb9c30fa9f46,b37ceae7-21e7-4f6e-a02a-57dfac4b0fe6,user,u_493d6bc0b326e462a8,conv_fb9c30fa9f46:97a1016e,37839,2377b688-d161-41c4-b7fe-6ae388b9039b.png,对话附件/2377b688-d161-41c4-b7fe-6ae388b9039b.png,image/png,45070,,REQUEST_BYTES_OR_EXPLICIT_NOT_FOUND
conv_fb9c30fa9f46,b37ceae7-21e7-4f6e-a02a-57dfac4b0fe6,user,u_493d6bc0b326e462a8,conv_fb9c30fa9f46:97a1016e,37839,c9b24746-0a81-4610-a29a-031fb28172eb.png,对话附件/c9b24746-0a81-4610-a29a-031fb28172eb.png,image/png,61047,,REQUEST_BYTES_OR_EXPLICIT_NOT_FOUND
conv_5ca3f6271b31,edb0fc49-01e2-417f-9d6b-d5115d220cb3,user,u_3579026912bc9fb784,conv_5ca3f6271b31:9c9b1af7,37951,终稿-“大零号湾”科技创新策源功能区专项发展资金项目申请书.docx,个人知识库/合生纪/政策申报/终稿-“大零号湾”科技创新策源功能区专项发展资金项目申请书.docx,application/vnd.openxmlformats-officedocument.wordprocessingml.document,1010476,workspace,REQUEST_BYTES_OR_EXPLICIT_NOT_FOUND
conv_19d90530d45a,78a2d9af-2398-4407-98a1-4954a0a4b54e,user,u_fd5b0a2e524f1702ec,conv_19d90530d45a:2d60ec6d,43001,医美器械商业模式.docx,对话附件/医美器械商业模式.docx,application/vnd.openxmlformats-officedocument.wordprocessingml.document,14413,,REQUEST_BYTES_OR_EXPLICIT_NOT_FOUND
conv_19d90530d45a,78a2d9af-2398-4407-98a1-4954a0a4b54e,user,u_886a2c9b83da0373f7,conv_19d90530d45a:5ac29af9,43653,锐承通讯大厦.m4a,对话附件/锐承通讯大厦.m4a,audio/x-m4a,52080080,,REQUEST_BYTES_OR_EXPLICIT_NOT_FOUND
conv_19d90530d45a,78a2d9af-2398-4407-98a1-4954a0a4b54e,user,u_90c1d4d018ca814530,conv_19d90530d45a:85e901b1,43712,锐承通讯大厦 (2).m4a,对话附件/锐承通讯大厦 (2).m4a,audio/x-m4a,52080080,,REQUEST_BYTES_OR_EXPLICIT_NOT_FOUND
conv_19d90530d45a,78a2d9af-2398-4407-98a1-4954a0a4b54e,user,u_ec219671b677566ee5,conv_19d90530d45a:4461a63f,43784,2026-09-18_美鲸灵项目沟通会_会议纪要.docx,对话附件/2026-09-18_美鲸灵项目沟通会_会议纪要.docx,application/vnd.openxmlformats-officedocument.wordprocessingml.document,24084,,REQUEST_BYTES_OR_EXPLICIT_NOT_FOUND
conv_cec9b66e0a45,03b9ebf1-0db1-4a77-afa7-e6eb0564e734,user,u_a434436d656645d684,conv_cec9b66e0a45:df2dac07,37979,离职证明情况说明-承诺书.docx,对话附件/离职证明情况说明-承诺书.docx,application/vnd.openxmlformats-officedocument.wordprocessingml.document,11797,,REQUEST_BYTES_OR_EXPLICIT_NOT_FOUND
conv_cec9b66e0a45,03b9ebf1-0db1-4a77-afa7-e6eb0564e734,user,u_a434436d656645d684,conv_cec9b66e0a45:df2dac07,37979,劳动合同--补充条款.pdf,对话附件/劳动合同--补充条款.pdf,application/pdf,68516,,REQUEST_BYTES_OR_EXPLICIT_NOT_FOUND
conv_2a3f403f7fa3,8414db33-feee-4461-a402-8ab03b6ecba4,user,u_eb65cddacd02c5ca50,conv_2a3f403f7fa3:1912031c,37991,image.png,对话附件/image.png,image/png,186167,,REQUEST_BYTES_OR_EXPLICIT_NOT_FOUND
conv_2a3f403f7fa3,8414db33-feee-4461-a402-8ab03b6ecba4,user,u_eb65cddacd02c5ca50,conv_2a3f403f7fa3:1912031c,37991,2026-08-24_关于上海世联行被列入被执行人案件的说明 (2).docx,对话附件/2026-08-24_关于上海世联行被列入被执行人案件的说明 (2).docx,application/vnd.openxmlformats-officedocument.wordprocessingml.document,41151,,REQUEST_BYTES_OR_EXPLICIT_NOT_FOUND
conv_2a3f403f7fa3,8414db33-feee-4461-a402-8ab03b6ecba4,user,u_eb65cddacd02c5ca50,conv_2a3f403f7fa3:1912031c,37991,image (2).png,对话附件/image (2).png,image/png,133899,,REQUEST_BYTES_OR_EXPLICIT_NOT_FOUND
conv_2a3f403f7fa3,8414db33-feee-4461-a402-8ab03b6ecba4,user,u_6c8581962694bbc449,conv_2a3f403f7fa3:634aab9b,44888,世联行系列风险项目-监测统计（按公司）-20260921.xlsx,对话附件/世联行系列风险项目-监测统计（按公司）-20260921.xlsx,application/vnd.openxmlformats-officedocument.spreadsheetml.sheet,488477,,REQUEST_BYTES_OR_EXPLICIT_NOT_FOUND
conv_2a3f403f7fa3,8414db33-feee-4461-a402-8ab03b6ecba4,user,u_6c8581962694bbc449,conv_2a3f403f7fa3:634aab9b,44888,世联行系列风险项目-监测统计（按公司）-20260916 (1).xlsx,对话附件/世联行系列风险项目-监测统计（按公司）-20260916 (1).xlsx,application/vnd.openxmlformats-officedocument.spreadsheetml.sheet,487708,,REQUEST_BYTES_OR_EXPLICIT_NOT_FOUND
conv_2a3f403f7fa3,8414db33-feee-4461-a402-8ab03b6ecba4,user,u_d375aa6050af9068ec,conv_2a3f403f7fa3:4fe7cc77,44917,世联行系列风险项目-监测统计（按公司）-20260919 (1).xlsx,对话附件/世联行系列风险项目-监测统计（按公司）-20260919 (1).xlsx,application/vnd.openxmlformats-officedocument.spreadsheetml.sheet,487695,,REQUEST_BYTES_OR_EXPLICIT_NOT_FOUND
conv_2a3f403f7fa3,8414db33-feee-4461-a402-8ab03b6ecba4,user,u_d375aa6050af9068ec,conv_2a3f403f7fa3:4fe7cc77,44917,世联行限制消费令.pdf,对话附件/世联行限制消费令.pdf,application/pdf,136335,,REQUEST_BYTES_OR_EXPLICIT_NOT_FOUND
conv_c66817e26410,e552f341-9fa1-4dbc-ab2b-307d0eb86c3d,user,u_cf7d4b6a1f7d32dce4,conv_c66817e26410:7552e5ff,38272,爻生生物商业计划书2026.08(3)的副本.pptx,对话附件/爻生生物商业计划书2026.08(3)的副本.pptx,application/vnd.openxmlformats-officedocument.presentationml.presentation,34811167,,REQUEST_BYTES_OR_EXPLICIT_NOT_FOUND
conv_c66817e26410,e552f341-9fa1-4dbc-ab2b-307d0eb86c3d,user,u_b7bba8d066db358ada,conv_c66817e26410:c213ff59,39427,保密协议_上海微宇智远_美迪西_公司信息已填(1).docx,对话附件/保密协议_上海微宇智远_美迪西_公司信息已填(1).docx,application/vnd.openxmlformats-officedocument.wordprocessingml.document,51014,,REQUEST_BYTES_OR_EXPLICIT_NOT_FOUND
conv_59b38f4a538c,03b9ebf1-0db1-4a77-afa7-e6eb0564e734,user,u_2cb621833445022998,conv_59b38f4a538c:7692f102,38066,上市公司治理准则修订解读与科创板规则衔接培训.pptx,对话附件/上市公司治理准则修订解读与科创板规则衔接培训.pptx,application/vnd.openxmlformats-officedocument.presentationml.presentation,4074246,,REQUEST_BYTES_OR_EXPLICIT_NOT_FOUND
conv_9ce276e66b3e,31115e3f-9271-4b34-a25e-726e28b09ffa,user,u_f5cce4dadf7444e6e5,conv_9ce276e66b3e:b17188f1,38086,【意向框架】20260904益生菌技术产学研合作意向框架—刘航拟定.pdf,对话附件/【意向框架】20260904益生菌技术产学研合作意向框架—刘航拟定.pdf,application/pdf,132074,,REQUEST_BYTES_OR_EXPLICIT_NOT_FOUND
conv_9ce276e66b3e,31115e3f-9271-4b34-a25e-726e28b09ffa,user,u_38b177de0b793b3ec4,conv_9ce276e66b3e:82495e00,38342,合生纪康7月工作总结暨8月重点工作计划汇报 v2.docx,对话附件/合生纪康7月工作总结暨8月重点工作计划汇报 v2.docx,application/vnd.openxmlformats-officedocument.wordprocessingml.document,503013,,REQUEST_BYTES_OR_EXPLICIT_NOT_FOUND
conv_9ce276e66b3e,31115e3f-9271-4b34-a25e-726e28b09ffa,user,u_7315034e3e8dba4cd4,conv_9ce276e66b3e:5e4f2617,38352,“大零号湾”科技创新策源功能区专项发展资金项目申请书.pdf,对话附件/“大零号湾”科技创新策源功能区专项发展资金项目申请书.pdf,application/pdf,6752439,,REQUEST_BYTES_OR_EXPLICIT_NOT_FOUND
conv_618342b677cf,d5959bdd-0172-4c33-952b-ef6c4d0a5f69,user,u_71e88c9246bc41e1d4,conv_618342b677cf:6e96df6b,38191,image.png,对话附件/image.png,image/png,1555322,,REQUEST_BYTES_OR_EXPLICIT_NOT_FOUND
conv_225bd23012eb,b37ceae7-21e7-4f6e-a02a-57dfac4b0fe6,user,u_470a98b3de449e6b58,conv_225bd23012eb:10b53ef2,38252,image (15).png,对话附件/image (15).png,image/png,394775,,REQUEST_BYTES_OR_EXPLICIT_NOT_FOUND
conv_225bd23012eb,b37ceae7-21e7-4f6e-a02a-57dfac4b0fe6,user,u_172b4bcc3cff17a877,conv_225bd23012eb:98317bf1,38255,image (16).png,对话附件/image (16).png,image/png,201227,,REQUEST_BYTES_OR_EXPLICIT_NOT_FOUND
conv_225bd23012eb,b37ceae7-21e7-4f6e-a02a-57dfac4b0fe6,user,u_78aabdab6f90806791,conv_225bd23012eb:6d71cefa,38258,image (17).png,对话附件/image (17).png,image/png,87194,,REQUEST_BYTES_OR_EXPLICIT_NOT_FOUND
conv_225bd23012eb,b37ceae7-21e7-4f6e-a02a-57dfac4b0fe6,user,u_d7844f7ef3e7be22d3,conv_225bd23012eb:3e9ba6ac,38267,image (18).png,对话附件/image (18).png,image/png,242462,,REQUEST_BYTES_OR_EXPLICIT_NOT_FOUND
conv_961f12d62317,76d362d5-0552-4b79-8d05-ce0bbb885d9c,user,u_0d0d3bab1ed7b176e1,conv_961f12d62317:c71aea6b,38287,云知师AI课堂分析_产品场景汇报2.pptx,对话附件/云知师AI课堂分析_产品场景汇报2.pptx,application/vnd.openxmlformats-officedocument.presentationml.presentation,8717348,,REQUEST_BYTES_OR_EXPLICIT_NOT_FOUND
conv_961f12d62317,76d362d5-0552-4b79-8d05-ce0bbb885d9c,user,u_0d0d3bab1ed7b176e1,conv_961f12d62317:c71aea6b,38287,img_v3_0215a_4cb2c70c-6e79-469b-befd-ad156636a0dg.jpg,对话附件/img_v3_0215a_4cb2c70c-6e79-469b-befd-ad156636a0dg.jpg,image/jpeg,566327,,REQUEST_BYTES_OR_EXPLICIT_NOT_FOUND
conv_961f12d62317,76d362d5-0552-4b79-8d05-ce0bbb885d9c,user,u_0d0d3bab1ed7b176e1,conv_961f12d62317:c71aea6b,38287,img_v3_0215a_888fd72a-c01d-48a7-a76f-af450894238g.jpg,对话附件/img_v3_0215a_888fd72a-c01d-48a7-a76f-af450894238g.jpg,image/jpeg,393742,,REQUEST_BYTES_OR_EXPLICIT_NOT_FOUND
conv_961f12d62317,76d362d5-0552-4b79-8d05-ce0bbb885d9c,user,u_0d0d3bab1ed7b176e1,conv_961f12d62317:c71aea6b,38287,img_v3_0215a_8bbd3751-8747-44a6-93f8-00ad43e09a0g.jpg,对话附件/img_v3_0215a_8bbd3751-8747-44a6-93f8-00ad43e09a0g.jpg,image/jpeg,619936,,REQUEST_BYTES_OR_EXPLICIT_NOT_FOUND
conv_961f12d62317,76d362d5-0552-4b79-8d05-ce0bbb885d9c,user,u_dd62a9db308edb61df,b7e45a70-f294-4db3-b6e5-f93348b14d3c,41997,2026-09-08_云知师AI课堂分析系统_产品宣传文档.docx,AI 工作区/成果文件/结合ppt内容，以及直接上传场景下的真实-conv_961f12d62317/2026-09-08_云知师AI课堂分析系统_产品宣传文档.docx,application/vnd.openxmlformats-officedocument.wordprocessingml.document,3651457,workspace,REQUEST_BYTES_OR_EXPLICIT_NOT_FOUND
conv_c86a4d3195b3,76d362d5-0552-4b79-8d05-ce0bbb885d9c,user,u_2b19ea7a29223f755d,conv_c86a4d3195b3:66baeb03,38371,AI智能体安全检查体系-PPT大纲.md,对话附件/AI智能体安全检查体系-PPT大纲.md,text/markdown,2112,,REQUEST_BYTES_OR_EXPLICIT_NOT_FOUND
conv_c86a4d3195b3,76d362d5-0552-4b79-8d05-ce0bbb885d9c,user,u_2b19ea7a29223f755d,conv_c86a4d3195b3:66baeb03,38371,image (3).png,对话附件/image (3).png,image/png,1524446,,REQUEST_BYTES_OR_EXPLICIT_NOT_FOUND
conv_c86a4d3195b3,76d362d5-0552-4b79-8d05-ce0bbb885d9c,user,u_866099b3782fc6adac,conv_c86a4d3195b3:572fb7b5,38402,skill-emergence-ppt-outline.md,对话附件/skill-emergence-ppt-outline.md,text/markdown,3439,,REQUEST_BYTES_OR_EXPLICIT_NOT_FOUND
conv_c86a4d3195b3,76d362d5-0552-4b79-8d05-ce0bbb885d9c,user,u_8f444281a57fbf38e3,conv_c86a4d3195b3:5640142b,38408,skill-emergence-ppt-outline (2).md,对话附件/skill-emergence-ppt-outline (2).md,text/markdown,3439,,REQUEST_BYTES_OR_EXPLICIT_NOT_FOUND
conv_c86a4d3195b3,76d362d5-0552-4b79-8d05-ce0bbb885d9c,user,u_34dc4bb2d7d6f018c3,conv_c86a4d3195b3:7d34c3c3,38441,token-saving-ppt-outline-brief.md,对话附件/token-saving-ppt-outline-brief.md,text/markdown,2141,,REQUEST_BYTES_OR_EXPLICIT_NOT_FOUND
conv_c86a4d3195b3,76d362d5-0552-4b79-8d05-ce0bbb885d9c,user,u_66de5e154cf5502efb,conv_c86a4d3195b3:9ace7d11,38450,Token节约机制_PPT_演示版.pptx,AI 工作区/成果文件/根据md文件和参考图，生成agent的安-conv_c86a4d3195b3/Token节约机制PPT/Token节约机制_PPT_演示版.pptx,application/vnd.openxmlformats-officedocument.presentationml.presentation,3116338,workspace,REQUEST_BYTES_OR_EXPLICIT_NOT_FOUND
conv_c86a4d3195b3,76d362d5-0552-4b79-8d05-ce0bbb885d9c,user,u_74a0b8949115043b27,conv_c86a4d3195b3:3cdc7ad6,38456,技能自动涌现机制_PPT_浅色版.pptx,AI 工作区/成果文件/根据md文件和参考图，生成agent的安-conv_c86a4d3195b3/技能自动涌现机制PPT/技能自动涌现机制_PPT_浅色版.pptx,application/vnd.openxmlformats-officedocument.presentationml.presentation,5527659,workspace,REQUEST_BYTES_OR_EXPLICIT_NOT_FOUND
conv_c86a4d3195b3,76d362d5-0552-4b79-8d05-ce0bbb885d9c,user,u_fd31c45c430eaf2886,conv_c86a4d3195b3:c76f48d2,38462,任务看板 — 功能讲解与演示.docx,对话附件/任务看板 — 功能讲解与演示.docx,application/vnd.openxmlformats-officedocument.wordprocessingml.document,355948,,REQUEST_BYTES_OR_EXPLICIT_NOT_FOUND
conv_c86a4d3195b3,76d362d5-0552-4b79-8d05-ce0bbb885d9c,user,u_ab826a7686dd7b1189,conv_c86a4d3195b3:e0cae446,38715,技能自动涌现机制_PPT_浅色版.pptx,AI 工作区/成果文件/根据md文件和参考图，生成agent的安-conv_c86a4d3195b3/技能自动涌现机制PPT/技能自动涌现机制_PPT_浅色版.pptx,application/vnd.openxmlformats-officedocument.presentationml.presentation,5569701,workspace,REQUEST_BYTES_OR_EXPLICIT_NOT_FOUND
conv_c86a4d3195b3,76d362d5-0552-4b79-8d05-ce0bbb885d9c,user,u_093a8389d7d4b20c7a,conv_c86a4d3195b3:8d2e7845,38731,技能自动涌现机制_PPT_浅色版.pptx,AI 工作区/成果文件/根据md文件和参考图，生成agent的安-conv_c86a4d3195b3/技能自动涌现机制PPT/技能自动涌现机制_PPT_浅色版.pptx,application/vnd.openxmlformats-officedocument.presentationml.presentation,5569701,workspace,REQUEST_BYTES_OR_EXPLICIT_NOT_FOUND
conv_c86a4d3195b3,76d362d5-0552-4b79-8d05-ce0bbb885d9c,user,u_7cc16468725cb15d2d,conv_c86a4d3195b3:8a8618c5,38809,技能自动涌现机制_PPT_浅色版.pptx,AI 工作区/成果文件/根据md文件和参考图，生成agent的安-conv_c86a4d3195b3/技能自动涌现机制PPT/技能自动涌现机制_PPT_浅色版.pptx,application/vnd.openxmlformats-officedocument.presentationml.presentation,5192733,workspace,REQUEST_BYTES_OR_EXPLICIT_NOT_FOUND
conv_40f57f44f612,d5959bdd-0172-4c33-952b-ef6c4d0a5f69,user,u_7e75d0a538ab1576cd,conv_40f57f44f612:9e2b3a36,38398,skill-emergence-ppt-outline (2).md,对话附件/skill-emergence-ppt-outline (2).md,text/markdown,3439,,REQUEST_BYTES_OR_EXPLICIT_NOT_FOUND
conv_40f57f44f612,d5959bdd-0172-4c33-952b-ef6c4d0a5f69,user,u_756b4f0079588e53b9,conv_40f57f44f612:81fa883b,38425,token-saving-ppt-outline.md,对话附件/token-saving-ppt-outline.md,text/markdown,7539,,REQUEST_BYTES_OR_EXPLICIT_NOT_FOUND
conv_feb705f39f56,b37ceae7-21e7-4f6e-a02a-57dfac4b0fe6,user,u_1fd771a340f9c47c34,conv_feb705f39f56:31116716,38477,保密协议（标准集团--西部数控）_TC.docx,对话附件/保密协议（标准集团--西部数控）_TC.docx,application/vnd.openxmlformats-officedocument.wordprocessingml.document,29145,,REQUEST_BYTES_OR_EXPLICIT_NOT_FOUND
conv_feb705f39f56,b37ceae7-21e7-4f6e-a02a-57dfac4b0fe6,user,u_1fd771a340f9c47c34,conv_feb705f39f56:31116716,38477,保密协议（标准集团--西部数控）修改版.docx,对话附件/保密协议（标准集团--西部数控）修改版.docx,application/vnd.openxmlformats-officedocument.wordprocessingml.document,27812,,REQUEST_BYTES_OR_EXPLICIT_NOT_FOUND
conv_420fd0fd1158,b7cf8bab-99fd-472a-977c-a37c7f833148,user,u_f55f0cf10878c8c9e2,conv_420fd0fd1158:db16bcac,38499,科委概念验证专项管理平台_0904 (1).docx,个人知识库/合作项目/科委/科委概念验证专项管理平台_0904 (1).docx,application/vnd.openxmlformats-officedocument.wordprocessingml.document,1539757,workspace,REQUEST_BYTES_OR_EXPLICIT_NOT_FOUND
conv_420fd0fd1158,b7cf8bab-99fd-472a-977c-a37c7f833148,user,u_206fa5bb468587d246,conv_420fd0fd1158:eebcaba3,38544,科委概念验证专项管理平台_0904 (1).docx,个人知识库/合作项目/科委/科委概念验证专项管理平台_0904 (1).docx,application/vnd.openxmlformats-officedocument.wordprocessingml.document,1539757,workspace,REQUEST_BYTES_OR_EXPLICIT_NOT_FOUND
conv_1d728d0e9634,03b9ebf1-0db1-4a77-afa7-e6eb0564e734,user,u_c379ed4d6ac4f1104c,conv_1d728d0e9634:782ee78a,38508,西安爱德克合同-revised.doc,对话附件/西安爱德克合同-revised.doc,application/msword,429568,,REQUEST_BYTES_OR_EXPLICIT_NOT_FOUND
conv_d98e3820c5c0,5eb1a1c6-d647-47fe-8036-9dc731aa0b5c,user,u_d07c376f044cbb7c58,conv_d98e3820c5c0:afd43098,38629,转化门诊专场_领导致辞.docx,对话附件/转化门诊专场_领导致辞.docx,application/vnd.openxmlformats-officedocument.wordprocessingml.document,37821,,REQUEST_BYTES_OR_EXPLICIT_NOT_FOUND
conv_d98e3820c5c0,5eb1a1c6-d647-47fe-8036-9dc731aa0b5c,user,u_2586b974062f86fd55,conv_d98e3820c5c0:e03531c8,38776,【送审稿】转化门诊专场致辞稿.docx,对话附件/【送审稿】转化门诊专场致辞稿.docx,application/vnd.openxmlformats-officedocument.wordprocessingml.document,17732,,REQUEST_BYTES_OR_EXPLICIT_NOT_FOUND
conv_d98e3820c5c0,5eb1a1c6-d647-47fe-8036-9dc731aa0b5c,user,u_d9f32e14689fe4bf8e,conv_d98e3820c5c0:9e7be105,39991,image (8).png,对话附件/image (8).png,image/png,265708,,REQUEST_BYTES_OR_EXPLICIT_NOT_FOUND
conv_d98e3820c5c0,5eb1a1c6-d647-47fe-8036-9dc731aa0b5c,user,u_d9f32e14689fe4bf8e,conv_d98e3820c5c0:9e7be105,39991,image (9).png,对话附件/image (9).png,image/png,432766,,REQUEST_BYTES_OR_EXPLICIT_NOT_FOUND
conv_d98e3820c5c0,5eb1a1c6-d647-47fe-8036-9dc731aa0b5c,user,u_d9f32e14689fe4bf8e,conv_d98e3820c5c0:9e7be105,39991,image (10).png,对话附件/image (10).png,image/png,284875,,REQUEST_BYTES_OR_EXPLICIT_NOT_FOUND
conv_d98e3820c5c0,5eb1a1c6-d647-47fe-8036-9dc731aa0b5c,user,u_d9f32e14689fe4bf8e,conv_d98e3820c5c0:9e7be105,39991,image (11).png,对话附件/image (11).png,image/png,290888,,REQUEST_BYTES_OR_EXPLICIT_NOT_FOUND
conv_d98e3820c5c0,5eb1a1c6-d647-47fe-8036-9dc731aa0b5c,user,u_d9f32e14689fe4bf8e,conv_d98e3820c5c0:9e7be105,39991,中科优势TTFA.0914.pptx,对话附件/中科优势TTFA.0914.pptx,application/vnd.openxmlformats-officedocument.presentationml.presentation,28053424,,REQUEST_BYTES_OR_EXPLICIT_NOT_FOUND
conv_f586a09e7356,03b9ebf1-0db1-4a77-afa7-e6eb0564e734,user,u_f47e3c1c46b58d84c6,conv_f586a09e7356:c92a694d,38656,原料质量保证协议.docx,对话附件/原料质量保证协议.docx,application/vnd.openxmlformats-officedocument.wordprocessingml.document,65766,,REQUEST_BYTES_OR_EXPLICIT_NOT_FOUND
conv_c72721b62d56,5ee08357-1de0-4489-8ee8-6898763c64fa,user,u_f393553113388098d2,conv_c72721b62d56:d7e767f6,38683,【法务总监-投行业务_上海 18-25K】张桂林 10年以上.pdf,对话附件/【法务总监-投行业务_上海 18-25K】张桂林 10年以上.pdf,application/pdf,323920,,REQUEST_BYTES_OR_EXPLICIT_NOT_FOUND
conv_c72721b62d56,5ee08357-1de0-4489-8ee8-6898763c64fa,user,u_3c0e3b16f74ea5fe78,conv_c72721b62d56:75081df8,42576,【法务总监-投行业务_上海 18-25K】赵先生 5年.pdf,对话附件/【法务总监-投行业务_上海 18-25K】赵先生 5年.pdf,application/pdf,208488,,REQUEST_BYTES_OR_EXPLICIT_NOT_FOUND
conv_a96d4e307332,5ee08357-1de0-4489-8ee8-6898763c64fa,user,u_03c7530f803eb60cf4,conv_a96d4e307332:8b7982f7,38816,【【射频类医美设备】质量检测员_上海 8-13K】武雪蕊 10年以上.pdf,对话附件/【【射频类医美设备】质量检测员_上海 8-13K】武雪蕊 10年以上.pdf,application/pdf,99513,,REQUEST_BYTES_OR_EXPLICIT_NOT_FOUND
conv_a96d4e307332,5ee08357-1de0-4489-8ee8-6898763c64fa,user,u_03c7530f803eb60cf4,conv_a96d4e307332:8b7982f7,38816,【【射频类医美设备】质量检测员_上海 8-13K】周晶 10年以上.pdf,对话附件/【【射频类医美设备】质量检测员_上海 8-13K】周晶 10年以上.pdf,application/pdf,88439,,REQUEST_BYTES_OR_EXPLICIT_NOT_FOUND
conv_a96d4e307332,5ee08357-1de0-4489-8ee8-6898763c64fa,user,u_fe38327c79d37d5435,conv_a96d4e307332:2c8f3de5,39343,【【射频类医美设备】质量检测员_上海 8-13K】马运立 10年以上 (2).pdf,对话附件/【【射频类医美设备】质量检测员_上海 8-13K】马运立 10年以上 (2).pdf,application/pdf,140252,,REQUEST_BYTES_OR_EXPLICIT_NOT_FOUND
conv_a96d4e307332,5ee08357-1de0-4489-8ee8-6898763c64fa,user,u_fe38327c79d37d5435,conv_a96d4e307332:2c8f3de5,39343,【【射频类医美设备】质量检测员_上海 8-13K】王珂琦 8年 (2).pdf,对话附件/【【射频类医美设备】质量检测员_上海 8-13K】王珂琦 8年 (2).pdf,application/pdf,175334,,REQUEST_BYTES_OR_EXPLICIT_NOT_FOUND
conv_a96d4e307332,5ee08357-1de0-4489-8ee8-6898763c64fa,user,u_0801fc07605d7f21d4,conv_a96d4e307332:ee10c3b5,39530,【【射频类医美设备】质量检测员_上海 8-13K】田先生 2年.pdf,对话附件/【【射频类医美设备】质量检测员_上海 8-13K】田先生 2年.pdf,application/pdf,106625,,REQUEST_BYTES_OR_EXPLICIT_NOT_FOUND
conv_a96d4e307332,5ee08357-1de0-4489-8ee8-6898763c64fa,user,u_dc7931cc4dfdb7d319,conv_a96d4e307332:e291258d,43059,【【射频类医美设备】质量检测员_上海 8-13K】梁溢心 3年.pdf,对话附件/【【射频类医美设备】质量检测员_上海 8-13K】梁溢心 3年.pdf,application/pdf,232735,,REQUEST_BYTES_OR_EXPLICIT_NOT_FOUND
conv_a96d4e307332,5ee08357-1de0-4489-8ee8-6898763c64fa,user,u_41301511c7ae8ffbf9,conv_a96d4e307332:bdb188d8,43648,【【射频类医美设备】质量检测员_上海 8-13K】刘东 3年.pdf,对话附件/【【射频类医美设备】质量检测员_上海 8-13K】刘东 3年.pdf,application/pdf,903323,,REQUEST_BYTES_OR_EXPLICIT_NOT_FOUND
conv_23d922cfbb5d,b37ceae7-21e7-4f6e-a02a-57dfac4b0fe6,user,u_8e0fef5eb46470491c,conv_23d922cfbb5d:4e627a5f,38825,***HEX***.png,对话附件/***HEX***.png,image/png,107328,,REQUEST_BYTES_OR_EXPLICIT_NOT_FOUND
conv_457fafd7baf1,76d362d5-0552-4b79-8d05-ce0bbb885d9c,user,u_527ff4f21333ab8453,conv_457fafd7baf1:963de187,38855,西游记.txt,个人知识库/西游记.txt,text/plain,2186707,workspace,REQUEST_BYTES_OR_EXPLICIT_NOT_FOUND
conv_457fafd7baf1,76d362d5-0552-4b79-8d05-ce0bbb885d9c,user,u_df57b6beced3d7a46d,conv_457fafd7baf1:6f9a5cfe,38875,西游记.txt,个人知识库/西游记.txt,text/plain,2186707,workspace,REQUEST_BYTES_OR_EXPLICIT_NOT_FOUND
conv_f6c22813efab,76d362d5-0552-4b79-8d05-ce0bbb885d9c,user,u_2af864286c34be875f,conv_f6c22813efab:efefa340,38890,image (4).png,对话附件/image (4).png,image/png,1369120,,REQUEST_BYTES_OR_EXPLICIT_NOT_FOUND
conv_af0afe491f7a,31115e3f-9271-4b34-a25e-726e28b09ffa,user,u_2dabc3678133bc39cc,conv_af0afe491f7a:da27de12,38989,当事人陈述.docx,对话附件/当事人陈述.docx,application/vnd.openxmlformats-officedocument.wordprocessingml.document,929155,,REQUEST_BYTES_OR_EXPLICIT_NOT_FOUND
conv_af0afe491f7a,31115e3f-9271-4b34-a25e-726e28b09ffa,user,u_ea0da7579f3f1a41e0,conv_af0afe491f7a:68b7323e,39477,当事人陈述(1).docx,对话附件/当事人陈述(1).docx,application/vnd.openxmlformats-officedocument.wordprocessingml.document,1066597,,REQUEST_BYTES_OR_EXPLICIT_NOT_FOUND
conv_d789f17826d1,76d362d5-0552-4b79-8d05-ce0bbb885d9c,user,u_81bdebf74e67ecc87a,conv_d789f17826d1:3bd7c2be,39125,image (7).png,对话附件/image (7).png,image/png,725825,,REQUEST_BYTES_OR_EXPLICIT_NOT_FOUND
conv_cb6138865136,8414db33-feee-4461-a402-8ab03b6ecba4,user,u_261124d206f2c2a84c,conv_cb6138865136:caaed98d,39236,会议纪要 (2).docx,对话附件/会议纪要 (2).docx,application/vnd.openxmlformats-officedocument.wordprocessingml.document,15156,,REQUEST_BYTES_OR_EXPLICIT_NOT_FOUND
conv_23a20aafef51,b37ceae7-21e7-4f6e-a02a-57dfac4b0fe6,user,u_331d918d2a58029036,conv_23a20aafef51:d354e0bf,39263,技术转移管理_沙盘推演材料.pdf,对话附件/技术转移管理_沙盘推演材料.pdf,application/pdf,14401324,,REQUEST_BYTES_OR_EXPLICIT_NOT_FOUND
conv_23a20aafef51,b37ceae7-21e7-4f6e-a02a-57dfac4b0fe6,user,u_331d918d2a58029036,conv_23a20aafef51:d354e0bf,39263,09 第2组角色任务书-政府引导基金与国资平台.docx,对话附件/09 第2组角色任务书-政府引导基金与国资平台.docx,application/vnd.openxmlformats-officedocument.wordprocessingml.document,31447,,REQUEST_BYTES_OR_EXPLICIT_NOT_FOUND
conv_23a20aafef51,b37ceae7-21e7-4f6e-a02a-57dfac4b0fe6,user,u_331d918d2a58029036,conv_23a20aafef51:d354e0bf,39263,06 小组角色立场卡.docx,对话附件/06 小组角色立场卡.docx,application/vnd.openxmlformats-officedocument.wordprocessingml.document,29820,,REQUEST_BYTES_OR_EXPLICIT_NOT_FOUND
conv_23a20aafef51,b37ceae7-21e7-4f6e-a02a-57dfac4b0fe6,user,u_331d918d2a58029036,conv_23a20aafef51:d354e0bf,39263,"高盛研报 Generative AI Too much spend, too little benefit.pdf","对话附件/高盛研报 Generative AI Too much spend, too little benefit.pdf",application/pdf,2655787,,REQUEST_BYTES_OR_EXPLICIT_NOT_FOUND
conv_23a20aafef51,b37ceae7-21e7-4f6e-a02a-57dfac4b0fe6,user,u_331d918d2a58029036,conv_23a20aafef51:d354e0bf,39263,斯坦福大学HAI研究院 人工智能指数报告AI Index Report.pdf,对话附件/斯坦福大学HAI研究院 人工智能指数报告AI Index Report.pdf,application/pdf,13059552,,REQUEST_BYTES_OR_EXPLICIT_NOT_FOUND
conv_23a20aafef51,b37ceae7-21e7-4f6e-a02a-57dfac4b0fe6,user,u_eedb653255a6e84279,conv_23a20aafef51:06ee0cc9,40505,小组角色立场卡-第二组政府引导基金国资平台.docx,对话附件/小组角色立场卡-第二组政府引导基金国资平台.docx,application/vnd.openxmlformats-officedocument.wordprocessingml.document,33096,,REQUEST_BYTES_OR_EXPLICIT_NOT_FOUND
conv_23a20aafef51,b37ceae7-21e7-4f6e-a02a-57dfac4b0fe6,user,u_b96de6b7c42367723c,conv_23a20aafef51:1e1d3010,40509,slide_05_条款.png,AI 工作区/成果文件/我现在不是在读交大MTT嘛，现在开学有堂-conv_23a20aafef51/PPT生图版/slide_05_条款.png,image/png,1740835,workspace,REQUEST_BYTES_OR_EXPLICIT_NOT_FOUND
conv_aaccffcc29ce,86b4712b-d230-45a7-9959-2124a30c37fd,user,u_be79e238bff362961e,985f8ebb-ce98-4b66-91b0-d047288cda40,39339,5.南师大王兆寅.pptx,对话附件/5.南师大王兆寅.pptx,application/vnd.openxmlformats-officedocument.presentationml.presentation,259278,,REQUEST_BYTES_OR_EXPLICIT_NOT_FOUND
conv_aaccffcc29ce,86b4712b-d230-45a7-9959-2124a30c37fd,user,u_6c8bdaa95b8791d463,3d721337-069d-4575-b3bd-d59407c8737d,39349,《等我长大》商业计划书0410_***CARD***.pdf,对话附件/《等我长大》商业计划书0410_***CARD***.pdf,application/pdf,25504149,,REQUEST_BYTES_OR_EXPLICIT_NOT_FOUND
conv_263f0677a357,86b4712b-d230-45a7-9959-2124a30c37fd,user,u_cd52a628d13c6e9f4a,66efb38e-892d-4a1f-889b-5f73f4c8bfcb,39363,《等我长大》商业计划书0410_***CARD*** (2).pdf,对话附件/《等我长大》商业计划书0410_***CARD*** (2).pdf,application/pdf,25504149,,REQUEST_BYTES_OR_EXPLICIT_NOT_FOUND
conv_f61a26276c5e,03b9ebf1-0db1-4a77-afa7-e6eb0564e734,user,u_2a728cf0ce6269b184,16e3d288-59b7-4310-ab00-640b09120e68,39378,仲裁裁决告知说明_20260909.docx,对话附件/仲裁裁决告知说明_20260909.docx,application/vnd.openxmlformats-officedocument.wordprocessingml.document,19981,,REQUEST_BYTES_OR_EXPLICIT_NOT_FOUND
conv_f61a26276c5e,03b9ebf1-0db1-4a77-afa7-e6eb0564e734,user,u_2a728cf0ce6269b184,16e3d288-59b7-4310-ab00-640b09120e68,39378,裁决书_20260909.pdf,对话附件/裁决书_20260909.pdf,application/pdf,11346159,,REQUEST_BYTES_OR_EXPLICIT_NOT_FOUND
conv_baa701b59f0a,86b4712b-d230-45a7-9959-2124a30c37fd,user,u_2ea55b8ee104e0cfea,e7775e35-2b3a-452b-ae78-b4e9bc2717e5,39386,【工业AR】瑞欧威尔）.pdf,对话附件/【工业AR】瑞欧威尔）.pdf,application/pdf,6220537,,REQUEST_BYTES_OR_EXPLICIT_NOT_FOUND
conv_a8887dff45c9,03b9ebf1-0db1-4a77-afa7-e6eb0564e734,user,u_a589141c0a41de142c,conv_a8887dff45c9:9b28e19f,39388,关于公司拟终止2024年度定向增发事项的函.pdf,对话附件/关于公司拟终止2024年度定向增发事项的函.pdf,application/pdf,1692201,,REQUEST_BYTES_OR_EXPLICIT_NOT_FOUND
conv_b586102b6372,86b4712b-d230-45a7-9959-2124a30c37fd,user,u_360c36367212ba2e9c,conv_b586102b6372:70909251,39398,《等我长大》商业计划书0410_***CARD*** (4).pdf,对话附件/《等我长大》商业计划书0410_***CARD*** (4).pdf,application/pdf,25504149,,REQUEST_BYTES_OR_EXPLICIT_NOT_FOUND
conv_aad48418bf73,8414db33-feee-4461-a402-8ab03b6ecba4,user,u_501aa3ea38ae00694a,conv_aad48418bf73:3cfd2b3e,39458,Springbok_Onshore Holdco Joint Venture Agreement_Signed【签署版】.pdf,对话附件/Springbok_Onshore Holdco Joint Venture Agreement_Signed【签署版】.pdf,application/pdf,4097526,,REQUEST_BYTES_OR_EXPLICIT_NOT_FOUND
conv_e55b2eb55e5b,03b9ebf1-0db1-4a77-afa7-e6eb0564e734,user,u_49a56f2d48f481c914,conv_e55b2eb55e5b:bb669718,39731,备案证2.pdf,对话附件/备案证2.pdf,application/pdf,532157,,REQUEST_BYTES_OR_EXPLICIT_NOT_FOUND
conv_e55b2eb55e5b,03b9ebf1-0db1-4a77-afa7-e6eb0564e734,user,u_251701900f79d06e0f,conv_e55b2eb55e5b:1eceebaa,39767,投资协议股东特殊权利条款汇总.xls,对话附件/投资协议股东特殊权利条款汇总.xls,application/vnd.ms-excel,37376,,REQUEST_BYTES_OR_EXPLICIT_NOT_FOUND
conv_e55b2eb55e5b,03b9ebf1-0db1-4a77-afa7-e6eb0564e734,user,u_251701900f79d06e0f,conv_e55b2eb55e5b:1eceebaa,39767,璟原股东协议.pdf,对话附件/璟原股东协议.pdf,application/pdf,7691426,,REQUEST_BYTES_OR_EXPLICIT_NOT_FOUND
conv_e55b2eb55e5b,03b9ebf1-0db1-4a77-afa7-e6eb0564e734,user,u_886a51893ba5feff55,conv_e55b2eb55e5b:1a6a0728,40100,实验室5号楼10501租房合同.pdf,对话附件/实验室5号楼10501租房合同.pdf,application/pdf,5007292,,REQUEST_BYTES_OR_EXPLICIT_NOT_FOUND
conv_e55b2eb55e5b,03b9ebf1-0db1-4a77-afa7-e6eb0564e734,user,u_886a51893ba5feff55,conv_e55b2eb55e5b:1a6a0728,40100,实验室5号楼10401租房合同.pdf,对话附件/实验室5号楼10401租房合同.pdf,application/pdf,9043132,,REQUEST_BYTES_OR_EXPLICIT_NOT_FOUND
conv_e55b2eb55e5b,03b9ebf1-0db1-4a77-afa7-e6eb0564e734,user,u_4b22f5fc7359d4840a,conv_e55b2eb55e5b:a3626ac0,40109,关于西安戴维新材料有限公司法律尽职调查报告-202609.doc,对话附件/关于西安戴维新材料有限公司法律尽职调查报告-202609.doc,application/msword,1164800,,REQUEST_BYTES_OR_EXPLICIT_NOT_FOUND
conv_e55b2eb55e5b,03b9ebf1-0db1-4a77-afa7-e6eb0564e734,user,u_09caf54ca3edc07ad6,conv_e55b2eb55e5b:dc982f3d,41221,爱德克美财务尽职调查报告-2026.09.09-v6.docx,对话附件/爱德克美财务尽职调查报告-2026.09.09-v6.docx,application/vnd.openxmlformats-officedocument.wordprocessingml.document,250779,,REQUEST_BYTES_OR_EXPLICIT_NOT_FOUND
conv_e55b2eb55e5b,03b9ebf1-0db1-4a77-afa7-e6eb0564e734,user,u_09caf54ca3edc07ad6,conv_e55b2eb55e5b:dc982f3d,41221,关于西安戴维新材料有限公司法律尽职调查报告（初稿）-20260914.doc,对话附件/关于西安戴维新材料有限公司法律尽职调查报告（初稿）-20260914.doc,application/msword,1312256,,REQUEST_BYTES_OR_EXPLICIT_NOT_FOUND
conv_ef9f47425b00,76d362d5-0552-4b79-8d05-ce0bbb885d9c,user,u_49a57db961a2be6881,conv_ef9f47425b00:9a27b64f,39733,image (9).png,对话附件/image (9).png,image/png,324425,,REQUEST_BYTES_OR_EXPLICIT_NOT_FOUND
conv_75d05fa37605,8414db33-feee-4461-a402-8ab03b6ecba4,user,u_eb48d171a152fd5081,conv_75d05fa37605:78e552de,39783,宁波合钰-合创二期情况说明2026.09.10（草稿版）.docx,对话附件/宁波合钰-合创二期情况说明2026.09.10（草稿版）.docx,application/vnd.openxmlformats-officedocument.wordprocessingml.document,20184,,REQUEST_BYTES_OR_EXPLICIT_NOT_FOUND
conv_c121589a4853,b37ceae7-21e7-4f6e-a02a-57dfac4b0fe6,user,u_a879c01f3b067a1632,80c0c77a-32cd-4e31-a3e6-5fc5a56507c7,40179,GUPLS26_DigitalPoster_210x297mm_V1 (1).pdf,对话附件/GUPLS26_DigitalPoster_210x297mm_V1 (1).pdf,application/pdf,16832720,,REQUEST_BYTES_OR_EXPLICIT_NOT_FOUND
conv_c121589a4853,b37ceae7-21e7-4f6e-a02a-57dfac4b0fe6,user,u_a879c01f3b067a1632,80c0c77a-32cd-4e31-a3e6-5fc5a56507c7,40179,附件2从火种到火炬-让全球知识创造共享价值-马余刚校长7分钟讲话稿V2.docx,对话附件/附件2从火种到火炬-让全球知识创造共享价值-马余刚校长7分钟讲话稿V2.docx,application/vnd.openxmlformats-officedocument.wordprocessingml.document,40793,,REQUEST_BYTES_OR_EXPLICIT_NOT_FOUND
conv_c121589a4853,b37ceae7-21e7-4f6e-a02a-57dfac4b0fe6,user,u_a879c01f3b067a1632,80c0c77a-32cd-4e31-a3e6-5fc5a56507c7,40179,马余刚校长赴港参会7分钟讲话内容研究报告-全球创新网络视角修订版V2.docx,对话附件/马余刚校长赴港参会7分钟讲话内容研究报告-全球创新网络视角修订版V2.docx,application/vnd.openxmlformats-officedocument.wordprocessingml.document,53010,,REQUEST_BYTES_OR_EXPLICIT_NOT_FOUND
conv_965cf7b2c858,b37ceae7-21e7-4f6e-a02a-57dfac4b0fe6,user,u_3caf609f53ec0ff127,conv_965cf7b2c858:79e77e2d,40258,GUPLS26_DigitalPoster_210x297mm_V1 (1) (2).pdf,对话附件/GUPLS26_DigitalPoster_210x297mm_V1 (1) (2).pdf,application/pdf,16832720,,REQUEST_BYTES_OR_EXPLICIT_NOT_FOUND
conv_965cf7b2c858,b37ceae7-21e7-4f6e-a02a-57dfac4b0fe6,user,u_3caf609f53ec0ff127,conv_965cf7b2c858:79e77e2d,40258,附件2从火种到火炬-让全球知识创造共享价值-马余刚校长7分钟讲话稿V2 (2).docx,对话附件/附件2从火种到火炬-让全球知识创造共享价值-马余刚校长7分钟讲话稿V2 (2).docx,application/vnd.openxmlformats-officedocument.wordprocessingml.document,40793,,REQUEST_BYTES_OR_EXPLICIT_NOT_FOUND
conv_965cf7b2c858,b37ceae7-21e7-4f6e-a02a-57dfac4b0fe6,user,u_3caf609f53ec0ff127,conv_965cf7b2c858:79e77e2d,40258,马余刚校长赴港参会7分钟讲话内容研究报告-全球创新网络视角修订版V2 (2).docx,对话附件/马余刚校长赴港参会7分钟讲话内容研究报告-全球创新网络视角修订版V2 (2).docx,application/vnd.openxmlformats-officedocument.wordprocessingml.document,53010,,REQUEST_BYTES_OR_EXPLICIT_NOT_FOUND
conv_965cf7b2c858,b37ceae7-21e7-4f6e-a02a-57dfac4b0fe6,user,u_d479ae191722ebbccf,conv_965cf7b2c858:523784e2,40305,page_004_保护知识的源头.png,AI 工作区/成果文件/你看一下附件几个资料，我要给马校长做一份-conv_965cf7b2c858/PPT图片_v2/page_004_保护知识的源头.png,image/png,2040734,workspace,REQUEST_BYTES_OR_EXPLICIT_NOT_FOUND
conv_f22c3a85ffbb,86b4712b-d230-45a7-9959-2124a30c37fd,user,u_30ba775e542e0f04dc,conv_f22c3a85ffbb:b0e84bb7,40319,2026-09-07_运营总监(CGT创新药方向)_JD(1).docx,个人知识库/合生纪/2026-09-07_运营总监(CGT创新药方向)_JD(1).docx,application/vnd.openxmlformats-officedocument.wordprocessingml.document,16695,workspace,REQUEST_BYTES_OR_EXPLICIT_NOT_FOUND
conv_492855b149be,03b9ebf1-0db1-4a77-afa7-e6eb0564e734,user,u_aa42e7031b5dbfce85,conv_492855b149be:8c8e202c,40329,情况说明.docx,对话附件/情况说明.docx,application/vnd.openxmlformats-officedocument.wordprocessingml.document,15851,,REQUEST_BYTES_OR_EXPLICIT_NOT_FOUND
conv_492855b149be,03b9ebf1-0db1-4a77-afa7-e6eb0564e734,user,u_aa42e7031b5dbfce85,conv_492855b149be:8c8e202c,40329,附件1-2.pdf,对话附件/附件1-2.pdf,application/pdf,83811,,REQUEST_BYTES_OR_EXPLICIT_NOT_FOUND
conv_492855b149be,03b9ebf1-0db1-4a77-afa7-e6eb0564e734,user,u_aa42e7031b5dbfce85,conv_492855b149be:8c8e202c,40329,附件3.pdf,对话附件/附件3.pdf,application/pdf,45365,,REQUEST_BYTES_OR_EXPLICIT_NOT_FOUND
conv_492855b149be,03b9ebf1-0db1-4a77-afa7-e6eb0564e734,user,u_aa42e7031b5dbfce85,conv_492855b149be:8c8e202c,40329,附件2.jpg,对话附件/附件2.jpg,image/jpeg,107442,,REQUEST_BYTES_OR_EXPLICIT_NOT_FOUND
conv_492855b149be,03b9ebf1-0db1-4a77-afa7-e6eb0564e734,user,u_aa42e7031b5dbfce85,conv_492855b149be:8c8e202c,40329,附件2-1.jpg,对话附件/附件2-1.jpg,image/jpeg,188689,,REQUEST_BYTES_OR_EXPLICIT_NOT_FOUND
conv_492855b149be,03b9ebf1-0db1-4a77-afa7-e6eb0564e734,user,u_aa42e7031b5dbfce85,conv_492855b149be:8c8e202c,40329,附加4-2.jpg,对话附件/附加4-2.jpg,image/jpeg,89760,,REQUEST_BYTES_OR_EXPLICIT_NOT_FOUND
conv_492855b149be,03b9ebf1-0db1-4a77-afa7-e6eb0564e734,user,u_aa42e7031b5dbfce85,conv_492855b149be:8c8e202c,40329,附件1.pdf,对话附件/附件1.pdf,application/pdf,159775,,REQUEST_BYTES_OR_EXPLICIT_NOT_FOUND
conv_492855b149be,03b9ebf1-0db1-4a77-afa7-e6eb0564e734,user,u_aa42e7031b5dbfce85,conv_492855b149be:8c8e202c,40329,附件1-1.pdf,对话附件/附件1-1.pdf,application/pdf,111774,,REQUEST_BYTES_OR_EXPLICIT_NOT_FOUND
conv_492855b149be,03b9ebf1-0db1-4a77-afa7-e6eb0564e734,user,u_aa42e7031b5dbfce85,conv_492855b149be:8c8e202c,40329,附件3-1.png,对话附件/附件3-1.png,image/png,83266,,REQUEST_BYTES_OR_EXPLICIT_NOT_FOUND
conv_492855b149be,03b9ebf1-0db1-4a77-afa7-e6eb0564e734,user,u_aa42e7031b5dbfce85,conv_492855b149be:8c8e202c,40329,附件4.jpg,对话附件/附件4.jpg,image/jpeg,56754,,REQUEST_BYTES_OR_EXPLICIT_NOT_FOUND
conv_492855b149be,03b9ebf1-0db1-4a77-afa7-e6eb0564e734,user,u_aa42e7031b5dbfce85,conv_492855b149be:8c8e202c,40329,附件4-1.jpg,对话附件/附件4-1.jpg,image/jpeg,91834,,REQUEST_BYTES_OR_EXPLICIT_NOT_FOUND
conv_492855b149be,03b9ebf1-0db1-4a77-afa7-e6eb0564e734,user,u_aa42e7031b5dbfce85,conv_492855b149be:8c8e202c,40329,附件5.jpg,对话附件/附件5.jpg,image/jpeg,3655942,,REQUEST_BYTES_OR_EXPLICIT_NOT_FOUND
conv_492855b149be,03b9ebf1-0db1-4a77-afa7-e6eb0564e734,user,u_336bed56da7df340ff,conv_492855b149be:9f160920,43474,“耦合剂”库存说明.docx,对话附件/“耦合剂”库存说明.docx,application/vnd.openxmlformats-officedocument.wordprocessingml.document,18955,,REQUEST_BYTES_OR_EXPLICIT_NOT_FOUND
conv_842792a28ee8,edb0fc49-01e2-417f-9d6b-d5115d220cb3,user,u_796def46657ef360e2,acd683ac-1bac-4f28-982a-10d015f1cf92,40364,合生纪康_运营总监(CGT创新药方向)_JD.docx,个人知识库/合生纪康/招聘JD/合生纪康_运营总监(CGT创新药方向)_JD.docx,application/vnd.openxmlformats-officedocument.wordprocessingml.document,16674,workspace,REQUEST_BYTES_OR_EXPLICIT_NOT_FOUND
conv_e6c931407960,b37ceae7-21e7-4f6e-a02a-57dfac4b0fe6,user,u_5d623f6b6b2b9d4806,conv_e6c931407960:2b9a7276,40708,image (19).png,对话附件/image (19).png,image/png,154039,,REQUEST_BYTES_OR_EXPLICIT_NOT_FOUND
conv_60fd9245d56a,b7cf8bab-99fd-472a-977c-a37c7f833148,user,u_0ac40e466cd718ec48,conv_60fd9245d56a:c1792ce3,40747,image.png,对话附件/image.png,image/png,880217,,REQUEST_BYTES_OR_EXPLICIT_NOT_FOUND
conv_4c5077f34395,b37ceae7-21e7-4f6e-a02a-57dfac4b0fe6,user,u_8d0d27d5e28f724337,conv_4c5077f34395:2129facf,40780,Screenshot_20260913_142300_com.tencent.mm.jpg,对话附件/Screenshot_20260913_142300_com.tencent.mm.jpg,image/jpeg,778869,,REQUEST_BYTES_OR_EXPLICIT_NOT_FOUND
conv_4c5077f34395,b37ceae7-21e7-4f6e-a02a-57dfac4b0fe6,user,u_8d0d27d5e28f724337,conv_4c5077f34395:2129facf,40780,mmexport***CARD***.jpg,对话附件/mmexport***CARD***.jpg,image/jpeg,4301861,,REQUEST_BYTES_OR_EXPLICIT_NOT_FOUND
conv_b18cc0aa269f,b37ceae7-21e7-4f6e-a02a-57dfac4b0fe6,user,u_c6b336b22dad7e0a8c,conv_b18cc0aa269f:2c6232c3,40851,Screenshot_20260914_093922_com.tencent.mm.jpg,对话附件/Screenshot_20260914_093922_com.tencent.mm.jpg,image/jpeg,257397,,REQUEST_BYTES_OR_EXPLICIT_NOT_FOUND
conv_23cad87cab61,03b9ebf1-0db1-4a77-afa7-e6eb0564e734,user,u_67c444271c0c21d916,fc4732ba-bf40-4b14-b19d-52dcd6163de4,40872,NON-DISCLOSURE AGREEMENT_Mitsubishi & Manareco (signed).pdf,对话附件/NON-DISCLOSURE AGREEMENT_Mitsubishi & Manareco (signed).pdf,application/pdf,5991545,,REQUEST_BYTES_OR_EXPLICIT_NOT_FOUND
conv_23cad87cab61,03b9ebf1-0db1-4a77-afa7-e6eb0564e734,user,u_946e9f2896dac6555c,b4ca236d-4f05-4fe6-b275-3984b37e2e92,40890,***HEX***.jpg,对话附件/***HEX***.jpg,image/jpeg,352721,,REQUEST_BYTES_OR_EXPLICIT_NOT_FOUND
conv_23cad87cab61,03b9ebf1-0db1-4a77-afa7-e6eb0564e734,user,u_946e9f2896dac6555c,b4ca236d-4f05-4fe6-b275-3984b37e2e92,40890,***HEX***.jpg,对话附件/***HEX***.jpg,image/jpeg,242120,,REQUEST_BYTES_OR_EXPLICIT_NOT_FOUND
conv_9bd89c462ef4,8414db33-feee-4461-a402-8ab03b6ecba4,user,u_3547bdea24d8259c37,conv_9bd89c462ef4:6aa6a860,40937,2026-09-14_中秋带狗两套方案_安吉_象山.md,AI 工作区/成果文件/我准备中秋节周边自驾旅游，有四个人，我和-conv_9bd89c462ef4/2026-09-14_中秋带狗两套方案_安吉_象山.md,text/markdown,7687,workspace,REQUEST_BYTES_OR_EXPLICIT_NOT_FOUND
conv_9bd89c462ef4,8414db33-feee-4461-a402-8ab03b6ecba4,user,u_c9027a3ff3db085c19,conv_9bd89c462ef4:0b1e39e4,45949,image (3).png,对话附件/image (3).png,image/png,1820457,,REQUEST_BYTES_OR_EXPLICIT_NOT_FOUND
conv_9bd89c462ef4,8414db33-feee-4461-a402-8ab03b6ecba4,user,u_d8b0deb8c8c2578c39,conv_9bd89c462ef4:4c5b632a,45954,image (4).png,对话附件/image (4).png,image/png,1340447,,REQUEST_BYTES_OR_EXPLICIT_NOT_FOUND
conv_9bd89c462ef4,8414db33-feee-4461-a402-8ab03b6ecba4,user,u_d8b0deb8c8c2578c39,conv_9bd89c462ef4:4c5b632a,45954,image (5).png,对话附件/image (5).png,image/png,1411272,,REQUEST_BYTES_OR_EXPLICIT_NOT_FOUND
conv_ae3a1cb9b65f,b7cf8bab-99fd-472a-977c-a37c7f833148,user,u_0fa5a1897dd8790547,conv_ae3a1cb9b65f:b25e4342,41890,云计算系统课程教学大纲-初稿V1.0.docx,对话附件/云计算系统课程教学大纲-初稿V1.0.docx,application/vnd.openxmlformats-officedocument.wordprocessingml.document,65272,,REQUEST_BYTES_OR_EXPLICIT_NOT_FOUND
conv_129e16e6d449,b7cf8bab-99fd-472a-977c-a37c7f833148,user,u_877afaa5df8c8df250,conv_129e16e6d449:487dba1e,41050,image (34).png,对话附件/image (34).png,image/png,1077661,,REQUEST_BYTES_OR_EXPLICIT_NOT_FOUND
conv_129e16e6d449,b7cf8bab-99fd-472a-977c-a37c7f833148,user,u_877afaa5df8c8df250,conv_129e16e6d449:e8910870,41088,image (34).png,对话附件/image (34).png,image/png,1077661,,REQUEST_BYTES_OR_EXPLICIT_NOT_FOUND
conv_96e0447519de,b37ceae7-21e7-4f6e-a02a-57dfac4b0fe6,user,u_ca6ebd6465b75c665e,conv_96e0447519de:1d7d7ed7,41112,26M274-孙哲-Orientation心得报告.doc,对话附件/26M274-孙哲-Orientation心得报告.doc,application/msword,30208,,REQUEST_BYTES_OR_EXPLICIT_NOT_FOUND
conv_cb1a14b48745,b37ceae7-21e7-4f6e-a02a-57dfac4b0fe6,user,u_2fec641073dc7295e4,conv_cb1a14b48745:cea8cdd1,41380,BP零能耗辐射制冷超材料涂层-241225.pdf,对话附件/BP零能耗辐射制冷超材料涂层-241225.pdf,application/pdf,16276385,,REQUEST_BYTES_OR_EXPLICIT_NOT_FOUND
conv_cb1a14b48745,b37ceae7-21e7-4f6e-a02a-57dfac4b0fe6,user,u_2fec641073dc7295e4,conv_cb1a14b48745:cea8cdd1,41380,1.pdf,对话附件/1.pdf,application/pdf,4042465,,REQUEST_BYTES_OR_EXPLICIT_NOT_FOUND
conv_cb1a14b48745,b37ceae7-21e7-4f6e-a02a-57dfac4b0fe6,user,u_2fec641073dc7295e4,conv_cb1a14b48745:cea8cdd1,41380,3、高频电场软组织焊接技术产业化（浦东医院）.pptx,对话附件/3、高频电场软组织焊接技术产业化（浦东医院）.pptx,application/vnd.openxmlformats-officedocument.presentationml.presentation,30494436,,REQUEST_BYTES_OR_EXPLICIT_NOT_FOUND
conv_cb1a14b48745,b37ceae7-21e7-4f6e-a02a-57dfac4b0fe6,user,u_e9cb6f9f7977907a06,conv_cb1a14b48745:f710bb7a,41419,image (20).png,对话附件/image (20).png,image/png,72963,,REQUEST_BYTES_OR_EXPLICIT_NOT_FOUND
conv_cb1a14b48745,b37ceae7-21e7-4f6e-a02a-57dfac4b0fe6,user,u_d0e352ccb37d775428,conv_cb1a14b48745:502e1513,41426,image (21).png,对话附件/image (21).png,image/png,264170,,REQUEST_BYTES_OR_EXPLICIT_NOT_FOUND
conv_cb1a14b48745,b37ceae7-21e7-4f6e-a02a-57dfac4b0fe6,user,u_1194c8b5aa973ed972,conv_cb1a14b48745:70fccbf6,41479,image (22).png,对话附件/image (22).png,image/png,271005,,REQUEST_BYTES_OR_EXPLICIT_NOT_FOUND
conv_cb1a14b48745,b37ceae7-21e7-4f6e-a02a-57dfac4b0fe6,user,u_0225846084057012c8,conv_cb1a14b48745:a0dd5e81,41483,以成果转化为导向的医学创新技术概念验证体系框架研究_顾文君.caj,个人工作区/个人/文章/以成果转化为导向的医学创新技术概念验证体系框架研究_顾文君.caj,text/plain,1459616,workspace,REQUEST_BYTES_OR_EXPLICIT_NOT_FOUND
conv_cb1a14b48745,b37ceae7-21e7-4f6e-a02a-57dfac4b0fe6,user,u_0225846084057012c8,conv_cb1a14b48745:a0dd5e81,41483,信息不对称理论视角下技术经纪人推动科技成果转化的耦合机制研究_黄科星.caj,个人工作区/个人/文章/信息不对称理论视角下技术经纪人推动科技成果转化的耦合机制研究_黄科星.caj,text/plain,1402406,workspace,REQUEST_BYTES_OR_EXPLICIT_NOT_FOUND
conv_cb1a14b48745,b37ceae7-21e7-4f6e-a02a-57dfac4b0fe6,user,u_0225846084057012c8,conv_cb1a14b48745:a0dd5e81,41483,分阶段体系化概念验证是科技成果转化的“牛鼻子”_许强.caj,个人工作区/个人/文章/分阶段体系化概念验证是科技成果转化的“牛鼻子”_许强.caj,text/plain,1052676,workspace,REQUEST_BYTES_OR_EXPLICIT_NOT_FOUND
conv_cb1a14b48745,b37ceae7-21e7-4f6e-a02a-57dfac4b0fe6,user,u_0225846084057012c8,conv_cb1a14b48745:a0dd5e81,41483,我国技术经理人培养体系现状与发展建议_陶鹏.caj,个人工作区/个人/文章/我国技术经理人培养体系现状与发展建议_陶鹏.caj,text/plain,942963,workspace,REQUEST_BYTES_OR_EXPLICIT_NOT_FOUND
conv_cb1a14b48745,b37ceae7-21e7-4f6e-a02a-57dfac4b0fe6,user,u_0225846084057012c8,conv_cb1a14b48745:a0dd5e81,41483,我国概念验证活动的实践探索与发展对策_姜新华.caj,个人工作区/个人/文章/我国概念验证活动的实践探索与发展对策_姜新华.caj,text/plain,1279076,workspace,REQUEST_BYTES_OR_EXPLICIT_NOT_FOUND
conv_cb1a14b48745,b37ceae7-21e7-4f6e-a02a-57dfac4b0fe6,user,u_0225846084057012c8,conv_cb1a14b48745:a0dd5e81,41483,技术经理人_科技成果转化的关键角色_迟巍.caj,个人工作区/个人/文章/技术经理人_科技成果转化的关键角色_迟巍.caj,text/plain,1618432,workspace,REQUEST_BYTES_OR_EXPLICIT_NOT_FOUND
conv_cb1a14b48745,b37ceae7-21e7-4f6e-a02a-57dfac4b0fe6,user,u_0225846084057012c8,conv_cb1a14b48745:a0dd5e81,41483,美国大学PoCC协同创新组织模式与借鉴——以“李比希中心”为例_武学超.caj,个人工作区/个人/文章/美国大学PoCC协同创新组织模式与借鉴——以“李比希中心”为例_武学超.caj,text/plain,149466,workspace,REQUEST_BYTES_OR_EXPLICIT_NOT_FOUND
conv_cb1a14b48745,b37ceae7-21e7-4f6e-a02a-57dfac4b0fe6,user,u_0225846084057012c8,conv_cb1a14b48745:a0dd5e81,41483,美国概念验证中心促进成果转化的实践及其启示_张九庆.caj,个人工作区/个人/文章/美国概念验证中心促进成果转化的实践及其启示_张九庆.caj,text/plain,1703246,workspace,REQUEST_BYTES_OR_EXPLICIT_NOT_FOUND
conv_cb1a14b48745,b37ceae7-21e7-4f6e-a02a-57dfac4b0fe6,user,u_0225846084057012c8,conv_cb1a14b48745:a0dd5e81,41483,跨越“死亡之谷”的新尝试——美国“概念验证中心”及对中国的启示_肖广岭.caj,个人工作区/个人/文章/跨越“死亡之谷”的新尝试——美国“概念验证中心”及对中国的启示_肖广岭.caj,text/plain,553891,workspace,REQUEST_BYTES_OR_EXPLICIT_NOT_FOUND
conv_cb1a14b48745,b37ceae7-21e7-4f6e-a02a-57dfac4b0fe6,user,u_0225846084057012c8,conv_cb1a14b48745:a0dd5e81,41483,高校技术经理人胜任力模型构建_蒋林浩.caj,个人工作区/个人/文章/高校技术经理人胜任力模型构建_蒋林浩.caj,text/plain,1472690,workspace,REQUEST_BYTES_OR_EXPLICIT_NOT_FOUND
conv_cb1a14b48745,b37ceae7-21e7-4f6e-a02a-57dfac4b0fe6,user,u_94bb2c59bf065c3e58,conv_cb1a14b48745:c2403db2,41498,美国大学PoCC协同创新组织模式与借鉴——以“李比希中心”为例_武学超.pdf,对话附件/美国大学PoCC协同创新组织模式与借鉴——以“李比希中心”为例_武学超.pdf,application/pdf,254569,,REQUEST_BYTES_OR_EXPLICIT_NOT_FOUND
conv_ac6c02f3aca2,03b9ebf1-0db1-4a77-afa7-e6eb0564e734,user,u_4016d912344f9763db,conv_ac6c02f3aca2:265e81a4,41711,姬海梅劳动争议资料.pdf,对话附件/姬海梅劳动争议资料.pdf,application/pdf,4527547,,REQUEST_BYTES_OR_EXPLICIT_NOT_FOUND
conv_ac6c02f3aca2,03b9ebf1-0db1-4a77-afa7-e6eb0564e734,user,u_4016d912344f9763db,conv_ac6c02f3aca2:265e81a4,41711,人力资源经理岗位录用条件确认书.pdf,对话附件/人力资源经理岗位录用条件确认书.pdf,application/pdf,1024181,,REQUEST_BYTES_OR_EXPLICIT_NOT_FOUND
conv_ac6c02f3aca2,03b9ebf1-0db1-4a77-afa7-e6eb0564e734,user,u_4016d912344f9763db,conv_ac6c02f3aca2:265e81a4,41711,试用期解除劳动合同通知书.pdf,对话附件/试用期解除劳动合同通知书.pdf,application/pdf,1107283,,REQUEST_BYTES_OR_EXPLICIT_NOT_FOUND
conv_ac6c02f3aca2,03b9ebf1-0db1-4a77-afa7-e6eb0564e734,user,u_4016d912344f9763db,conv_ac6c02f3aca2:265e81a4,41711,新员工入职培训签字确认表(1).pdf,对话附件/新员工入职培训签字确认表(1).pdf,application/pdf,315558,,REQUEST_BYTES_OR_EXPLICIT_NOT_FOUND
conv_ac6c02f3aca2,03b9ebf1-0db1-4a77-afa7-e6eb0564e734,user,u_4016d912344f9763db,conv_ac6c02f3aca2:265e81a4,41711,员工考核表.pdf,对话附件/员工考核表.pdf,application/pdf,741593,,REQUEST_BYTES_OR_EXPLICIT_NOT_FOUND
conv_ac6c02f3aca2,03b9ebf1-0db1-4a77-afa7-e6eb0564e734,user,u_4016d912344f9763db,conv_ac6c02f3aca2:265e81a4,41711,终止劳动合同证明书.pdf,对话附件/终止劳动合同证明书.pdf,application/pdf,231945,,REQUEST_BYTES_OR_EXPLICIT_NOT_FOUND
conv_ac6c02f3aca2,03b9ebf1-0db1-4a77-afa7-e6eb0564e734,user,u_4016d912344f9763db,conv_ac6c02f3aca2:265e81a4,41711,关于告知书的回复.pdf,对话附件/关于告知书的回复.pdf,application/pdf,1291865,,REQUEST_BYTES_OR_EXPLICIT_NOT_FOUND
conv_8f4a217f3e6e,8414db33-feee-4461-a402-8ab03b6ecba4,user,u_d2abfbb41b2258c152,conv_8f4a217f3e6e:9346db28,41949,苏州长湾增材创业投资合伙企业（有限合伙）_补充协议_2026年9月11日.pdf,对话附件/苏州长湾增材创业投资合伙企业（有限合伙）_补充协议_2026年9月11日.pdf,application/pdf,4507438,,REQUEST_BYTES_OR_EXPLICIT_NOT_FOUND
conv_8f4a217f3e6e,8414db33-feee-4461-a402-8ab03b6ecba4,user,u_d2abfbb41b2258c152,conv_8f4a217f3e6e:9346db28,41949,合伙人会议决议-变更投资经理-苏州长湾.pdf,对话附件/合伙人会议决议-变更投资经理-苏州长湾.pdf,application/pdf,79901,,REQUEST_BYTES_OR_EXPLICIT_NOT_FOUND
conv_b856a2e1d7d8,31115e3f-9271-4b34-a25e-726e28b09ffa,user,u_7a3e1b71402259e62e,conv_b856a2e1d7d8:a8cf3f0f,41993,智能益生菌用于代谢性疾病的治疗.pdf,对话附件/智能益生菌用于代谢性疾病的治疗.pdf,application/pdf,89219846,,REQUEST_BYTES_OR_EXPLICIT_NOT_FOUND
conv_b856a2e1d7d8,31115e3f-9271-4b34-a25e-726e28b09ffa,user,u_7a3e1b71402259e62e,conv_b856a2e1d7d8:a8cf3f0f,41993,W***CARD***.docx,对话附件/W***CARD***.docx,application/vnd.openxmlformats-officedocument.wordprocessingml.document,20253,,REQUEST_BYTES_OR_EXPLICIT_NOT_FOUND
conv_b856a2e1d7d8,31115e3f-9271-4b34-a25e-726e28b09ffa,user,u_7a3e1b71402259e62e,conv_b856a2e1d7d8:a8cf3f0f,41993,image (12).png,对话附件/image (12).png,image/png,71532,,REQUEST_BYTES_OR_EXPLICIT_NOT_FOUND
conv_b856a2e1d7d8,31115e3f-9271-4b34-a25e-726e28b09ffa,user,u_7a3e1b71402259e62e,conv_b856a2e1d7d8:a8cf3f0f,41993,image (13).png,对话附件/image (13).png,image/png,34506,,REQUEST_BYTES_OR_EXPLICIT_NOT_FOUND
conv_b856a2e1d7d8,31115e3f-9271-4b34-a25e-726e28b09ffa,user,u_28303c0966e5148d28,conv_b856a2e1d7d8:8e2dffd3,43893,上海合生纪康 PPT.pdf,对话附件/上海合生纪康 PPT.pdf,application/pdf,31055262,,REQUEST_BYTES_OR_EXPLICIT_NOT_FOUND
conv_b52657b688df,5ee08357-1de0-4489-8ee8-6898763c64fa,user,u_ca4ca1287cecef5e79,conv_b52657b688df:be34d224,42005,【巡检机器人硬件产品经理（技术）base广州_广州 13-20K】Kiki 7年.pdf,对话附件/【巡检机器人硬件产品经理（技术）base广州_广州 13-20K】Kiki 7年.pdf,application/pdf,538574,,REQUEST_BYTES_OR_EXPLICIT_NOT_FOUND
conv_b52657b688df,5ee08357-1de0-4489-8ee8-6898763c64fa,user,u_8a8187472a5f9b1d11,conv_b52657b688df:a1883a0d,42028,【巡检机器人硬件产品经理（技术）base广州_广州 13-20K】谭银湘 10年以上.pdf,对话附件/【巡检机器人硬件产品经理（技术）base广州_广州 13-20K】谭银湘 10年以上.pdf,application/pdf,353486,,REQUEST_BYTES_OR_EXPLICIT_NOT_FOUND
conv_428105be4386,03b9ebf1-0db1-4a77-afa7-e6eb0564e734,user,u_01342e9fe6473abb66,conv_428105be4386:4f19e8db,42071,美鲸灵 射频皮肤治疗仪和一次性使用治疗头 老化检测合同修订版.pdf,对话附件/美鲸灵 射频皮肤治疗仪和一次性使用治疗头 老化检测合同修订版.pdf,application/pdf,476513,,REQUEST_BYTES_OR_EXPLICIT_NOT_FOUND
conv_428105be4386,03b9ebf1-0db1-4a77-afa7-e6eb0564e734,user,u_955afaffe1e653f96c,conv_428105be4386:4084400d,42167,美鲸灵 射频皮肤治疗仪和一次性使用治疗头 包装运输检测合同修订版.pdf,对话附件/美鲸灵 射频皮肤治疗仪和一次性使用治疗头 包装运输检测合同修订版.pdf,application/pdf,479189,,REQUEST_BYTES_OR_EXPLICIT_NOT_FOUND
conv_9b78a49bd169,bb195a6d-9280-479c-be5c-eac7b2abba5f,user,u_6e974dbdb81e44d538,conv_9b78a49bd169:8e7ab6cd,42094,2025年合生纪康财务报表.xls,对话附件/2025年合生纪康财务报表.xls,application/vnd.ms-excel,33280,,REQUEST_BYTES_OR_EXPLICIT_NOT_FOUND
conv_9b78a49bd169,bb195a6d-9280-479c-be5c-eac7b2abba5f,user,u_6e974dbdb81e44d538,conv_9b78a49bd169:8e7ab6cd,42094,2026年截至6月底合生纪康财务报表.xls,对话附件/2026年截至6月底合生纪康财务报表.xls,application/vnd.ms-excel,33280,,REQUEST_BYTES_OR_EXPLICIT_NOT_FOUND
conv_9b78a49bd169,bb195a6d-9280-479c-be5c-eac7b2abba5f,user,u_6e974dbdb81e44d538,conv_9b78a49bd169:8e7ab6cd,42094,公司财务报表模板.xlsx,对话附件/公司财务报表模板.xlsx,application/vnd.openxmlformats-officedocument.spreadsheetml.sheet,31650,,REQUEST_BYTES_OR_EXPLICIT_NOT_FOUND
conv_38cf4e290f26,edb0fc49-01e2-417f-9d6b-d5115d220cb3,user,u_1c31a23375cbe3315f,374458c6-5976-4afa-8e17-51f8e335a3cc,43556,2026-09-15_合生纪康_中科创星尽调问题回复函（核心IP归属）.docx,AI 工作区/成果文件/请从“合生纪”知识库中调取“专利转让”文-conv_38cf4e290f26/2026-09-15_合生纪康_中科创星尽调问题回复函（核心IP归属）.docx,application/vnd.openxmlformats-officedocument.wordprocessingml.document,39106,workspace,REQUEST_BYTES_OR_EXPLICIT_NOT_FOUND
conv_38cf4e290f26,edb0fc49-01e2-417f-9d6b-d5115d220cb3,user,u_7533b6d3bfb53e779a,5bafee3a-b5fd-4acb-b72e-f5b489a247d8,43560,改LR中科创星-补充问题.docx,对话附件/改LR中科创星-补充问题.docx,application/vnd.openxmlformats-officedocument.wordprocessingml.document,18081,,REQUEST_BYTES_OR_EXPLICIT_NOT_FOUND
conv_0f4134832d8a,86b4712b-d230-45a7-9959-2124a30c37fd,user,u_ce127862c1ac168ce9,conv_0f4134832d8a:4b3741cb,42233,【运营总监（CGT 创新药方向）_上海 25-28K】Haoxiang Min 10年以上.pdf,个人知识库/合生纪/【运营总监（CGT 创新药方向）_上海 25-28K】Haoxiang Min 10年以上.pdf,application/pdf,392321,workspace,REQUEST_BYTES_OR_EXPLICIT_NOT_FOUND
conv_81cdb6776858,31115e3f-9271-4b34-a25e-726e28b09ffa,user,u_d20b774528b0ed1080,conv_81cdb6776858:cf589b7c,42248,中科创星 补充问题20260908(1)(1)(1)(1).docx,对话附件/中科创星 补充问题20260908(1)(1)(1)(1).docx,application/vnd.openxmlformats-officedocument.wordprocessingml.document,22188,,REQUEST_BYTES_OR_EXPLICIT_NOT_FOUND
conv_81cdb6776858,31115e3f-9271-4b34-a25e-726e28b09ffa,user,u_cbe11a39b0787c1b65,conv_81cdb6776858:4acd6673,42276,中科创星 补充问题20260908(1)(1)(1).docx,对话附件/中科创星 补充问题20260908(1)(1)(1).docx,application/vnd.openxmlformats-officedocument.wordprocessingml.document,22188,,REQUEST_BYTES_OR_EXPLICIT_NOT_FOUND
conv_81cdb6776858,31115e3f-9271-4b34-a25e-726e28b09ffa,user,u_94995b615f4bc2c895,conv_81cdb6776858:db83643e,42955,新建文件夹.zip,对话附件/新建文件夹.zip,application/zip,120979193,,REQUEST_BYTES_OR_EXPLICIT_NOT_FOUND
conv_81cdb6776858,31115e3f-9271-4b34-a25e-726e28b09ffa,user,u_94995b615f4bc2c895,conv_81cdb6776858:db83643e,42955,1-研究方案.pdf,对话附件/1-研究方案.pdf,application/pdf,475671,,REQUEST_BYTES_OR_EXPLICIT_NOT_FOUND
conv_81cdb6776858,31115e3f-9271-4b34-a25e-726e28b09ffa,user,u_94995b615f4bc2c895,conv_81cdb6776858:db83643e,42955,2-知情同意书.pdf,对话附件/2-知情同意书.pdf,application/pdf,6596141,,REQUEST_BYTES_OR_EXPLICIT_NOT_FOUND
conv_81cdb6776858,31115e3f-9271-4b34-a25e-726e28b09ffa,user,u_94995b615f4bc2c895,conv_81cdb6776858:db83643e,42955,SMO协议--双歧杆菌-上海市第十人民医院(1).docx,对话附件/SMO协议--双歧杆菌-上海市第十人民医院(1).docx,application/vnd.openxmlformats-officedocument.wordprocessingml.document,42234,,REQUEST_BYTES_OR_EXPLICIT_NOT_FOUND
conv_81cdb6776858,31115e3f-9271-4b34-a25e-726e28b09ffa,user,u_00704438fff955ac88,conv_81cdb6776858:89bc14bc,43302,20.对友商的评价.docx,对话附件/20.对友商的评价.docx,application/vnd.openxmlformats-officedocument.wordprocessingml.document,397670,,REQUEST_BYTES_OR_EXPLICIT_NOT_FOUND
conv_104632b01333,86b4712b-d230-45a7-9959-2124a30c37fd,user,u_48bdabda78d3ca244a,ebb6c76e-9b0f-49a1-af2f-ddecac4c0bfc,42376,【工程菌助理研发工程师_上海 10-13K】南门 2年.pdf,个人知识库/合生纪/【工程菌助理研发工程师_上海 10-13K】南门 2年.pdf,application/pdf,396308,workspace,REQUEST_BYTES_OR_EXPLICIT_NOT_FOUND
conv_104632b01333,86b4712b-d230-45a7-9959-2124a30c37fd,user,u_48bdabda78d3ca244a,ebb6c76e-9b0f-49a1-af2f-ddecac4c0bfc,42376,【工程菌助理研发工程师_上海 10-13K】常先超 26年应届生.pdf,个人知识库/合生纪/【工程菌助理研发工程师_上海 10-13K】常先超 26年应届生.pdf,application/pdf,199936,workspace,REQUEST_BYTES_OR_EXPLICIT_NOT_FOUND
conv_104632b01333,86b4712b-d230-45a7-9959-2124a30c37fd,user,u_48bdabda78d3ca244a,ebb6c76e-9b0f-49a1-af2f-ddecac4c0bfc,42376,【工程菌助理研发工程师_上海 10-13K】曾君瑞 6年.pdf,个人知识库/合生纪/【工程菌助理研发工程师_上海 10-13K】曾君瑞 6年.pdf,application/pdf,163408,workspace,REQUEST_BYTES_OR_EXPLICIT_NOT_FOUND
conv_104632b01333,86b4712b-d230-45a7-9959-2124a30c37fd,user,u_48bdabda78d3ca244a,ebb6c76e-9b0f-49a1-af2f-ddecac4c0bfc,42376,【工程菌助理研发工程师_上海 10-13K】王文欣 2年.pdf,个人知识库/合生纪/【工程菌助理研发工程师_上海 10-13K】王文欣 2年.pdf,application/pdf,280822,workspace,REQUEST_BYTES_OR_EXPLICIT_NOT_FOUND
conv_104632b01333,86b4712b-d230-45a7-9959-2124a30c37fd,user,u_48bdabda78d3ca244a,ebb6c76e-9b0f-49a1-af2f-ddecac4c0bfc,42376,【工程菌助理研发工程师_上海 10-13K】王清雅 1年.pdf,个人知识库/合生纪/【工程菌助理研发工程师_上海 10-13K】王清雅 1年.pdf,application/pdf,427507,workspace,REQUEST_BYTES_OR_EXPLICIT_NOT_FOUND
conv_7e86df5149fc,86b4712b-d230-45a7-9959-2124a30c37fd,user,u_6c57b90ff4b1837748,aa8effa5-8c90-4577-a947-e49d067d70fb,42378,2-星逻智能BP2021.pdf,个人知识库/2-星逻智能BP2021.pdf,application/pdf,8110281,workspace,REQUEST_BYTES_OR_EXPLICIT_NOT_FOUND
conv_7e86df5149fc,86b4712b-d230-45a7-9959-2124a30c37fd,user,u_6dabc1054634482a3e,6fe726ba-0adc-4fd2-84ab-94acc9817ceb,42463,4-北京四季豆-面向全屋智能的新一代PLC-IoT芯片-V1.31.pptx,个人知识库/4-北京四季豆-面向全屋智能的新一代PLC-IoT芯片-V1.31.pptx,application/vnd.openxmlformats-officedocument.presentationml.presentation,7785045,workspace,REQUEST_BYTES_OR_EXPLICIT_NOT_FOUND
conv_b4bfa1b742fd,5ee08357-1de0-4489-8ee8-6898763c64fa,user,u_06e2d83623ed3fd7bd,conv_b4bfa1b742fd:3d244acc,42431,【光电医美设备产品经理（产品+市场）_上海 14-22K】庄凌昀 10年以上.pdf,对话附件/【光电医美设备产品经理（产品+市场）_上海 14-22K】庄凌昀 10年以上.pdf,application/pdf,331308,,REQUEST_BYTES_OR_EXPLICIT_NOT_FOUND
conv_27c27c1a32d5,03b9ebf1-0db1-4a77-afa7-e6eb0564e734,user,u_53bf1f9798f1e93e44,conv_27c27c1a32d5:78f16e3f,42436,***HEX***.jpg,对话附件/***HEX***.jpg,image/jpeg,322755,,REQUEST_BYTES_OR_EXPLICIT_NOT_FOUND
conv_27c27c1a32d5,03b9ebf1-0db1-4a77-afa7-e6eb0564e734,user,u_53bf1f9798f1e93e44,conv_27c27c1a32d5:78f16e3f,42436,***HEX***.jpg,对话附件/***HEX***.jpg,image/jpeg,390522,,REQUEST_BYTES_OR_EXPLICIT_NOT_FOUND
conv_508d1907b033,baa7820b-c46b-4e15-97b0-c20bd7f6022c,user,u_ae2bd5ed567da467a0,conv_508d1907b033:2d1568b6,42512,（博士科技上海-壹十八信息科技）-260825(2).doc,对话附件/（博士科技上海-壹十八信息科技）-260825(2).doc,application/msword,29184,,REQUEST_BYTES_OR_EXPLICIT_NOT_FOUND
conv_8baf9d893d49,5eb1a1c6-d647-47fe-8036-9dc731aa0b5c,user,u_4d71d97bda9ced20ae,conv_8baf9d893d49:c1e4f9b3,42543,（博士科技上海-壹十八信息科技）-260825(2)(1).doc,对话附件/（博士科技上海-壹十八信息科技）-260825(2)(1).doc,application/msword,29184,,REQUEST_BYTES_OR_EXPLICIT_NOT_FOUND
conv_93eb149ca6e5,86b4712b-d230-45a7-9959-2124a30c37fd,user,u_11b24ba838296b81d0,conv_93eb149ca6e5:820c2e1d,42547,蓝丝带高端康养中心_客户端项目介绍(0814).pdf,个人知识库/蓝丝带高端康养中心_客户端项目介绍(0814).pdf,application/pdf,5950728,workspace,REQUEST_BYTES_OR_EXPLICIT_NOT_FOUND
conv_d640957a9820,8414db33-feee-4461-a402-8ab03b6ecba4,user,u_ebc1ccc1f81950bd84,conv_d640957a9820:9ce6408c,42690,会议决议2 (2).docx,对话附件/会议决议2 (2).docx,application/vnd.openxmlformats-officedocument.wordprocessingml.document,14714,,REQUEST_BYTES_OR_EXPLICIT_NOT_FOUND
conv_d640957a9820,8414db33-feee-4461-a402-8ab03b6ecba4,user,u_a705db8c24d6947cb9,conv_d640957a9820:841f204d,43003,***HEX***.png,对话附件/***HEX***.png,image/png,278659,,REQUEST_BYTES_OR_EXPLICIT_NOT_FOUND
conv_66a8dc558785,86b4712b-d230-45a7-9959-2124a30c37fd,user,u_9bf468df901efda292,conv_66a8dc558785:2088c325,42769,【工程菌助理研发工程师_上海 10-13K】张琳 4年.pdf,个人知识库/合生纪/【工程菌助理研发工程师_上海 10-13K】张琳 4年.pdf,application/pdf,401958,workspace,REQUEST_BYTES_OR_EXPLICIT_NOT_FOUND
conv_66a8dc558785,86b4712b-d230-45a7-9959-2124a30c37fd,user,u_9634cf3ac0c2f12a30,2f851508-2146-44fa-8671-582d163431ff,42776,【工程菌助理研发工程师_上海 10-13K】刁硕祺 4年.pdf,个人知识库/合生纪/【工程菌助理研发工程师_上海 10-13K】刁硕祺 4年.pdf,application/pdf,624968,workspace,REQUEST_BYTES_OR_EXPLICIT_NOT_FOUND
conv_66a8dc558785,86b4712b-d230-45a7-9959-2124a30c37fd,user,u_9634cf3ac0c2f12a30,2f851508-2146-44fa-8671-582d163431ff,42776,【工程菌助理研发工程师_上海 10-13K】胡淑琳 1年.pdf,个人知识库/合生纪/【工程菌助理研发工程师_上海 10-13K】胡淑琳 1年.pdf,application/pdf,303089,workspace,REQUEST_BYTES_OR_EXPLICIT_NOT_FOUND
conv_66a8dc558785,86b4712b-d230-45a7-9959-2124a30c37fd,user,u_d7c2a558314cfc447d,conv_66a8dc558785:e12d3251,42778,【工程菌助理研发工程师_上海 10-13K】张琳 4年.pdf,个人知识库/合生纪/【工程菌助理研发工程师_上海 10-13K】张琳 4年.pdf,application/pdf,401958,workspace,REQUEST_BYTES_OR_EXPLICIT_NOT_FOUND
conv_577b961f80e1,03b9ebf1-0db1-4a77-afa7-e6eb0564e734,user,u_c47251d60b9f1d4870,conv_577b961f80e1:8abcc94b,42811,***HEX***.png,对话附件/***HEX***.png,image/png,65264,,REQUEST_BYTES_OR_EXPLICIT_NOT_FOUND
conv_577b961f80e1,03b9ebf1-0db1-4a77-afa7-e6eb0564e734,user,u_c47251d60b9f1d4870,conv_577b961f80e1:8abcc94b,42811,***HEX***.png,对话附件/***HEX***.png,image/png,82659,,REQUEST_BYTES_OR_EXPLICIT_NOT_FOUND
conv_577b961f80e1,03b9ebf1-0db1-4a77-afa7-e6eb0564e734,user,u_c47251d60b9f1d4870,conv_577b961f80e1:8abcc94b,42811,***HEX***.png,对话附件/***HEX***.png,image/png,128940,,REQUEST_BYTES_OR_EXPLICIT_NOT_FOUND
conv_e5aae71aa4d6,b7cf8bab-99fd-472a-977c-a37c7f833148,user,u_1aaed371bb54bfd065,conv_e5aae71aa4d6:e7648e77,42821,TTFA 项目评审内测反馈跟进报告（0916）.docx,对话附件/TTFA 项目评审内测反馈跟进报告（0916）.docx,application/vnd.openxmlformats-officedocument.wordprocessingml.document,241333,,REQUEST_BYTES_OR_EXPLICIT_NOT_FOUND
conv_d85b915effeb,5ee08357-1de0-4489-8ee8-6898763c64fa,user,u_aef0d7d31d3602671e,conv_d85b915effeb:b279bd87,42865,【光电医美设备产品经理（产品+市场）_上海 14-22K】孙镜月 8年.pdf,对话附件/【光电医美设备产品经理（产品+市场）_上海 14-22K】孙镜月 8年.pdf,application/pdf,150727,,REQUEST_BYTES_OR_EXPLICIT_NOT_FOUND
conv_70726a26e739,76d362d5-0552-4b79-8d05-ce0bbb885d9c,user,u_d3a1b97245d1067690,conv_70726a26e739:99689697,43030,德弈申与云知师合作协议_AI赋能课堂教学研修课程_修订版.docx,对话附件/德弈申与云知师合作协议_AI赋能课堂教学研修课程_修订版.docx,application/vnd.openxmlformats-officedocument.wordprocessingml.document,45642,,REQUEST_BYTES_OR_EXPLICIT_NOT_FOUND
conv_5e827f73061e,b37ceae7-21e7-4f6e-a02a-57dfac4b0fe6,user,u_1faf96f24c1accd390,conv_5e827f73061e:01ae7578,43049,康总创业简介.pdf,对话附件/康总创业简介.pdf,application/pdf,1483190,,REQUEST_BYTES_OR_EXPLICIT_NOT_FOUND
conv_5e827f73061e,b37ceae7-21e7-4f6e-a02a-57dfac4b0fe6,user,u_859fe54bb13e099a50,conv_5e827f73061e:4ae04276,43158,生产副总（孙吉祥）.pdf,对话附件/生产副总（孙吉祥）.pdf,application/pdf,218273,,REQUEST_BYTES_OR_EXPLICIT_NOT_FOUND
conv_5e827f73061e,b37ceae7-21e7-4f6e-a02a-57dfac4b0fe6,user,u_d8ea0188e0f0126c4f,d6b602dd-0050-495f-9c09-dd5123d67cdf,43236,郭二运 简历(1).pdf,对话附件/郭二运 简历(1).pdf,application/pdf,74089,,REQUEST_BYTES_OR_EXPLICIT_NOT_FOUND
conv_6128c35ae33c,5ee08357-1de0-4489-8ee8-6898763c64fa,user,u_e69ce0656c74f1ef19,conv_6128c35ae33c:cb809e49,43120,泥炭藓碳汇系统暨产业科技化创新合作框架sy0702N.docx,对话附件/泥炭藓碳汇系统暨产业科技化创新合作框架sy0702N.docx,application/vnd.openxmlformats-officedocument.wordprocessingml.document,427008,,REQUEST_BYTES_OR_EXPLICIT_NOT_FOUND
conv_6128c35ae33c,5ee08357-1de0-4489-8ee8-6898763c64fa,user,u_e69ce0656c74f1ef19,conv_6128c35ae33c:cb809e49,43120,黑马路演-泥炭藓产业化项目0516N.pptx,对话附件/黑马路演-泥炭藓产业化项目0516N.pptx,application/vnd.openxmlformats-officedocument.presentationml.presentation,26080130,,REQUEST_BYTES_OR_EXPLICIT_NOT_FOUND
conv_bfae3d1116da,b37ceae7-21e7-4f6e-a02a-57dfac4b0fe6,user,u_cc7974f5b605b80401,conv_bfae3d1116da:79f2cf5e,43168,西部部件-车铣电主轴.pdf,对话附件/西部部件-车铣电主轴.pdf,application/pdf,2192384,,REQUEST_BYTES_OR_EXPLICIT_NOT_FOUND
conv_bfae3d1116da,b37ceae7-21e7-4f6e-a02a-57dfac4b0fe6,user,u_cc7974f5b605b80401,conv_bfae3d1116da:79f2cf5e,43168,西部动力样册转曲 2026.3.pdf,个人工作区/个人/西部动力样册转曲 2026.3.pdf,application/pdf,153049796,workspace,REQUEST_BYTES_OR_EXPLICIT_NOT_FOUND
conv_bfae3d1116da,b37ceae7-21e7-4f6e-a02a-57dfac4b0fe6,user,u_b18b430ad341a9b700,1aac4518-15c2-44f2-9509-9d946fe8af0f,43238,04刀塔竟品分析表---郭二运.xlsx,对话附件/04刀塔竟品分析表---郭二运.xlsx,application/vnd.openxmlformats-officedocument.spreadsheetml.sheet,43861,,REQUEST_BYTES_OR_EXPLICIT_NOT_FOUND
conv_bfae3d1116da,b37ceae7-21e7-4f6e-a02a-57dfac4b0fe6,user,u_b18b430ad341a9b700,1fd8a306-7e28-4043-9d21-2301c8e3e80d,43240,04刀塔竟品分析表---郭二运.xlsx,对话附件/04刀塔竟品分析表---郭二运.xlsx,application/vnd.openxmlformats-officedocument.spreadsheetml.sheet,43861,,REQUEST_BYTES_OR_EXPLICIT_NOT_FOUND
conv_bfae3d1116da,b37ceae7-21e7-4f6e-a02a-57dfac4b0fe6,user,u_6d991186bd93e63be6,conv_bfae3d1116da:4160e2ed,43320,***HEX***.jpg,对话附件/***HEX***.jpg,image/jpeg,220867,,REQUEST_BYTES_OR_EXPLICIT_NOT_FOUND
conv_bfae3d1116da,b37ceae7-21e7-4f6e-a02a-57dfac4b0fe6,user,u_6d991186bd93e63be6,conv_bfae3d1116da:4160e2ed,43320,西部动力-世界高端工业母机核心功能部件供应商.pptx,对话附件/西部动力-世界高端工业母机核心功能部件供应商.pptx,application/vnd.openxmlformats-officedocument.presentationml.presentation,29769248,,REQUEST_BYTES_OR_EXPLICIT_NOT_FOUND
conv_bfae3d1116da,b37ceae7-21e7-4f6e-a02a-57dfac4b0fe6,user,u_6d991186bd93e63be6,conv_bfae3d1116da:4160e2ed,43320,3_西部动力交流汇报文件（2023.01.06）new(1).pptx,个人工作区/个人/3_西部动力交流汇报文件（2023.01.06）new(1).pptx,application/vnd.openxmlformats-officedocument.presentationml.presentation,146167767,workspace,REQUEST_BYTES_OR_EXPLICIT_NOT_FOUND
conv_bfae3d1116da,b37ceae7-21e7-4f6e-a02a-57dfac4b0fe6,user,u_9d2a77ce0bf40fbb01,conv_bfae3d1116da:c44ebe66,43335,2_8_液压全自动刀塔应用介绍-西部动力2024.pptx,个人工作区/个人/西部数控更新资料/2_8_液压全自动刀塔应用介绍-西部动力2024.pptx,application/vnd.openxmlformats-officedocument.presentationml.presentation,22455226,workspace,REQUEST_BYTES_OR_EXPLICIT_NOT_FOUND
conv_bfae3d1116da,b37ceae7-21e7-4f6e-a02a-57dfac4b0fe6,user,u_9d2a77ce0bf40fbb01,conv_bfae3d1116da:c44ebe66,43335,PSC刀柄Capto系统全面介绍和分析-西部动力2025.pdf,个人工作区/个人/西部数控更新资料/PSC刀柄Capto系统全面介绍和分析-西部动力2025.pdf,application/pdf,2220376,workspace,REQUEST_BYTES_OR_EXPLICIT_NOT_FOUND
conv_bfae3d1116da,b37ceae7-21e7-4f6e-a02a-57dfac4b0fe6,user,u_9d2a77ce0bf40fbb01,conv_bfae3d1116da:c44ebe66,43335,PSC快换系统-西部动力公司介绍.pdf,个人工作区/个人/西部数控更新资料/PSC快换系统-西部动力公司介绍.pdf,application/pdf,1608917,workspace,REQUEST_BYTES_OR_EXPLICIT_NOT_FOUND
conv_bfae3d1116da,b37ceae7-21e7-4f6e-a02a-57dfac4b0fe6,user,u_9d2a77ce0bf40fbb01,conv_bfae3d1116da:c44ebe66,43335,动力刀塔刀座换刀.pdf,个人工作区/个人/西部数控更新资料/动力刀塔刀座换刀.pdf,application/pdf,1730885,workspace,REQUEST_BYTES_OR_EXPLICIT_NOT_FOUND
conv_bfae3d1116da,b37ceae7-21e7-4f6e-a02a-57dfac4b0fe6,user,u_9d2a77ce0bf40fbb01,conv_bfae3d1116da:c44ebe66,43335,自动换刀动力刀塔原理介绍2.pdf,个人工作区/个人/西部数控更新资料/自动换刀动力刀塔原理介绍2.pdf,application/pdf,677101,workspace,REQUEST_BYTES_OR_EXPLICIT_NOT_FOUND
conv_bfae3d1116da,b37ceae7-21e7-4f6e-a02a-57dfac4b0fe6,user,u_9d2a77ce0bf40fbb01,conv_bfae3d1116da:c44ebe66,43335,西部2026-2-8(1).docx,个人工作区/个人/西部数控更新资料/西部2026-2-8(1).docx,application/vnd.openxmlformats-officedocument.wordprocessingml.document,1988386,workspace,REQUEST_BYTES_OR_EXPLICIT_NOT_FOUND
conv_bfae3d1116da,b37ceae7-21e7-4f6e-a02a-57dfac4b0fe6,user,u_68721cc64202c516d3,e16569fd-3e73-41ba-8a76-f7488f796cb5,43554,2026-09-18_整机拆解_竖版_001.png,AI 工作区/成果文件/西部数控下面功能部件公司西部动力，这两份-conv_bfae3d1116da/图片/2026-09-18_整机拆解_竖版_001.png,image/png,2005939,workspace,REQUEST_BYTES_OR_EXPLICIT_NOT_FOUND
conv_bfae3d1116da,b37ceae7-21e7-4f6e-a02a-57dfac4b0fe6,user,u_38872c92ec539e0c73,6e275b70-cf39-45d9-9202-4fee79c950c2,43564,2026-09-18_整机剖面衍生部件_竖版_终版.png,AI 工作区/成果文件/西部数控下面功能部件公司西部动力，这两份-conv_bfae3d1116da/图片/2026-09-18_整机剖面衍生部件_竖版_终版.png,image/png,2697037,workspace,REQUEST_BYTES_OR_EXPLICIT_NOT_FOUND
conv_db5275779f09,b7cf8bab-99fd-472a-977c-a37c7f833148,user,u_6820d9836ab2de2adf,conv_db5275779f09:20265228,43244,全国商业质量监测服务平台 公信力赋能与品牌强国建设项目简介5.11.docx,个人知识库/质量强国/全国商业质量监测服务平台 公信力赋能与品牌强国建设项目简介5.11.docx,application/vnd.openxmlformats-officedocument.wordprocessingml.document,1409168,workspace,REQUEST_BYTES_OR_EXPLICIT_NOT_FOUND
conv_db5275779f09,b7cf8bab-99fd-472a-977c-a37c7f833148,user,u_6820d9836ab2de2adf,conv_db5275779f09:20265228,43244,关于联合共建“质量强国”系列项目的合作方案（杭州超诚）.pdf,个人知识库/质量强国/关于联合共建“质量强国”系列项目的合作方案（杭州超诚）.pdf,application/pdf,395350,workspace,REQUEST_BYTES_OR_EXPLICIT_NOT_FOUND
conv_db5275779f09,b7cf8bab-99fd-472a-977c-a37c7f833148,user,u_6820d9836ab2de2adf,conv_db5275779f09:20265228,43244,2_商业科技质量中心.pdf,个人知识库/质量强国/2_商业科技质量中心.pdf,application/pdf,735658,workspace,REQUEST_BYTES_OR_EXPLICIT_NOT_FOUND
conv_1702b763a7ee,5eb1a1c6-d647-47fe-8036-9dc731aa0b5c,user,u_02cc4060d92946e6b8,conv_1702b763a7ee:b317dd3c,43432,IMG_6961.jpeg,对话附件/IMG_6961.jpeg,image/jpeg,1988830,,REQUEST_BYTES_OR_EXPLICIT_NOT_FOUND
conv_5e5edf7bdf2a,8414db33-feee-4461-a402-8ab03b6ecba4,user,u_b3dff954dab3c8d4f0,conv_5e5edf7bdf2a:9f82a071,43484,会议纪要918.docx,对话附件/会议纪要918.docx,application/vnd.openxmlformats-officedocument.wordprocessingml.document,28687,,REQUEST_BYTES_OR_EXPLICIT_NOT_FOUND
conv_5e5edf7bdf2a,8414db33-feee-4461-a402-8ab03b6ecba4,user,u_b3dff954dab3c8d4f0,conv_5e5edf7bdf2a:9f82a071,43484,20260825_Springbok (Settlement Agreement_Construction Update).pdf,对话附件/20260825_Springbok (Settlement Agreement_Construction Update).pdf,application/pdf,871736,,REQUEST_BYTES_OR_EXPLICIT_NOT_FOUND
conv_c32903955c2b,8414db33-feee-4461-a402-8ab03b6ecba4,user,u_965cef434b6745362f,conv_c32903955c2b:3796fda8,43756,委托人承诺函20260918 清洁(3).docx,对话附件/委托人承诺函20260918 清洁(3).docx,application/vnd.openxmlformats-officedocument.wordprocessingml.document,14836,,REQUEST_BYTES_OR_EXPLICIT_NOT_FOUND
conv_c32903955c2b,8414db33-feee-4461-a402-8ab03b6ecba4,user,u_23ccc353e025423632,conv_c32903955c2b:1011013c,43798,关于云信严重违反信托文件约定的投诉函(1).docx,对话附件/关于云信严重违反信托文件约定的投诉函(1).docx,application/vnd.openxmlformats-officedocument.wordprocessingml.document,22545,,REQUEST_BYTES_OR_EXPLICIT_NOT_FOUND
conv_f4efc3b555dc,5eb1a1c6-d647-47fe-8036-9dc731aa0b5c,user,u_be6a68c1ecb6a4d1ee,conv_f4efc3b555dc:ca14cde7,43779,安徽中科微感股权投资合同--拟签约(1).docx,对话附件/安徽中科微感股权投资合同--拟签约(1).docx,application/vnd.openxmlformats-officedocument.wordprocessingml.document,71356,,REQUEST_BYTES_OR_EXPLICIT_NOT_FOUND
conv_bf4371170343,31115e3f-9271-4b34-a25e-726e28b09ffa,user,u_0d125d1f4251ef786e,conv_bf4371170343:5ffca7ba,43844,合生纪 附件1.华东师范大学“未来产业合伙人”项目任务书.doc,对话附件/合生纪 附件1.华东师范大学“未来产业合伙人”项目任务书.doc,application/msword,416768,,REQUEST_BYTES_OR_EXPLICIT_NOT_FOUND
conv_bf4371170343,31115e3f-9271-4b34-a25e-726e28b09ffa,user,u_0d125d1f4251ef786e,conv_bf4371170343:5ffca7ba,43844,附件1 华东师范大学大零号湾未来产业合伙人专项资助计划项目申请表.docx,对话附件/附件1 华东师范大学大零号湾未来产业合伙人专项资助计划项目申请表.docx,application/vnd.openxmlformats-officedocument.wordprocessingml.document,425011,,REQUEST_BYTES_OR_EXPLICIT_NOT_FOUND
conv_207fc3b8f038,86b4712b-d230-45a7-9959-2124a30c37fd,user,u_f09072198f53fbf59e,conv_207fc3b8f038:98de41bb,43879,【工程菌助理研发工程师_上海 10-13K】秦晨 26年应届生.pdf,个人知识库/合生纪/【工程菌助理研发工程师_上海 10-13K】秦晨 26年应届生.pdf,application/pdf,233687,workspace,REQUEST_BYTES_OR_EXPLICIT_NOT_FOUND
conv_42d00de6119b,b37ceae7-21e7-4f6e-a02a-57dfac4b0fe6,user,u_45daf1f4105bdd1cf0,d8855eb5-a76e-4b4a-940f-9031f056e05e,44008,生树.EvoMind-产品介绍2.0(1).pdf,对话附件/生树.EvoMind-产品介绍2.0(1).pdf,application/pdf,26787064,,REQUEST_BYTES_OR_EXPLICIT_NOT_FOUND
conv_73482e375ce3,31115e3f-9271-4b34-a25e-726e28b09ffa,user,u_1b3a6e468f3d105cdb,conv_73482e375ce3:987c72a7,44023,Source Data 检查(1).xlsx,对话附件/Source Data 检查(1).xlsx,application/vnd.openxmlformats-officedocument.spreadsheetml.sheet,105221,,REQUEST_BYTES_OR_EXPLICIT_NOT_FOUND
conv_73482e375ce3,31115e3f-9271-4b34-a25e-726e28b09ffa,user,u_1b3a6e468f3d105cdb,conv_73482e375ce3:987c72a7,44023,ADJUDICATED_REVIEW(3).html,对话附件/ADJUDICATED_REVIEW(3).html,text/plain,87136,,REQUEST_BYTES_OR_EXPLICIT_NOT_FOUND
conv_73482e375ce3,31115e3f-9271-4b34-a25e-726e28b09ffa,user,u_1b3a6e468f3d105cdb,conv_73482e375ce3:987c72a7,44023,万航NC.pdf,对话附件/万航NC.pdf,application/pdf,1593723,,REQUEST_BYTES_OR_EXPLICIT_NOT_FOUND
conv_73482e375ce3,31115e3f-9271-4b34-a25e-726e28b09ffa,user,u_1b3a6e468f3d105cdb,conv_73482e375ce3:987c72a7,44023,HEAL 陈述(1).docx,对话附件/HEAL 陈述(1).docx,application/vnd.openxmlformats-officedocument.wordprocessingml.document,2170205,,REQUEST_BYTES_OR_EXPLICIT_NOT_FOUND
conv_73482e375ce3,31115e3f-9271-4b34-a25e-726e28b09ffa,user,u_ce5e2f0d9b3ae7ae08,conv_73482e375ce3:1b0140d0,44043,邮件.docx,对话附件/邮件.docx,application/vnd.openxmlformats-officedocument.wordprocessingml.document,16910,,REQUEST_BYTES_OR_EXPLICIT_NOT_FOUND
conv_73482e375ce3,31115e3f-9271-4b34-a25e-726e28b09ffa,user,u_ce5e2f0d9b3ae7ae08,conv_73482e375ce3:1b0140d0,44043,15.Description of the corrections.docx,对话附件/15.Description of the corrections.docx,application/vnd.openxmlformats-officedocument.wordprocessingml.document,392461,,REQUEST_BYTES_OR_EXPLICIT_NOT_FOUND
conv_73482e375ce3,31115e3f-9271-4b34-a25e-726e28b09ffa,user,u_ce5e2f0d9b3ae7ae08,conv_73482e375ce3:1b0140d0,44043,16.Point-to-point.docx,对话附件/16.Point-to-point.docx,application/vnd.openxmlformats-officedocument.wordprocessingml.document,1448488,,REQUEST_BYTES_OR_EXPLICIT_NOT_FOUND
conv_73482e375ce3,31115e3f-9271-4b34-a25e-726e28b09ffa,user,u_18a82e5d2f76f60ee1,conv_73482e375ce3:72e1f5cd,44051,20221110 ABA和GZV 时间梯度 内源HBG.xlsx,对话附件/20221110 ABA和GZV 时间梯度 内源HBG.xlsx,application/vnd.openxmlformats-officedocument.spreadsheetml.sheet,37434,,REQUEST_BYTES_OR_EXPLICIT_NOT_FOUND
conv_73482e375ce3,31115e3f-9271-4b34-a25e-726e28b09ffa,user,u_18a82e5d2f76f60ee1,conv_73482e375ce3:72e1f5cd,44051,20221130 红光光照时间依赖性48h和24h.xlsx,对话附件/20221130 红光光照时间依赖性48h和24h.xlsx,application/vnd.openxmlformats-officedocument.spreadsheetml.sheet,30025,,REQUEST_BYTES_OR_EXPLICIT_NOT_FOUND
conv_73482e375ce3,31115e3f-9271-4b34-a25e-726e28b09ffa,user,u_b24caf280a96295458,95ba3cea-616e-4cf4-9f47-6e302dc93936,45657,Point-by-Point Explanation.docx,对话附件/Point-by-Point Explanation.docx,application/vnd.openxmlformats-officedocument.wordprocessingml.document,1614949,,REQUEST_BYTES_OR_EXPLICIT_NOT_FOUND
conv_73482e375ce3,31115e3f-9271-4b34-a25e-726e28b09ffa,user,u_b24caf280a96295458,95ba3cea-616e-4cf4-9f47-6e302dc93936,45657,Description of corrections v2.docx,对话附件/Description of corrections v2.docx,application/vnd.openxmlformats-officedocument.wordprocessingml.document,1386643,,REQUEST_BYTES_OR_EXPLICIT_NOT_FOUND
conv_0581d60474f4,5ee08357-1de0-4489-8ee8-6898763c64fa,user,u_03994cf151a5287d59,conv_0581d60474f4:3d23a99c,44059,中科微藻融资BP20251117.pdf,对话附件/中科微藻融资BP20251117.pdf,application/pdf,4357185,,REQUEST_BYTES_OR_EXPLICIT_NOT_FOUND
conv_0581d60474f4,5ee08357-1de0-4489-8ee8-6898763c64fa,user,u_03994cf151a5287d59,conv_0581d60474f4:3d23a99c,44059,总裁助理JD.docx,对话附件/总裁助理JD.docx,application/vnd.openxmlformats-officedocument.wordprocessingml.document,15103,,REQUEST_BYTES_OR_EXPLICIT_NOT_FOUND
conv_0581d60474f4,5ee08357-1de0-4489-8ee8-6898763c64fa,user,u_082b0a669a4f0a4223,conv_0581d60474f4:63262436,44079,张志勇的简历.2(2).docx,对话附件/张志勇的简历.2(2).docx,application/vnd.openxmlformats-officedocument.wordprocessingml.document,21713,,REQUEST_BYTES_OR_EXPLICIT_NOT_FOUND
conv_d4acf7a05f6c,b37ceae7-21e7-4f6e-a02a-57dfac4b0fe6,user,u_d5f0031184b25f8874,conv_d4acf7a05f6c:76897154,44245,2026-09-14_技术转移课程论文_全文 (2).docx,对话附件/2026-09-14_技术转移课程论文_全文 (2).docx,application/vnd.openxmlformats-officedocument.wordprocessingml.document,823678,,REQUEST_BYTES_OR_EXPLICIT_NOT_FOUND
conv_4b79f3a7eed1,b37ceae7-21e7-4f6e-a02a-57dfac4b0fe6,user,u_e510b829203234d3d1,conv_4b79f3a7eed1:f32923ee,44275,image (23).png,对话附件/image (23).png,image/png,1751278,,REQUEST_BYTES_OR_EXPLICIT_NOT_FOUND
conv_4b79f3a7eed1,b37ceae7-21e7-4f6e-a02a-57dfac4b0fe6,user,u_e510b829203234d3d1,conv_4b79f3a7eed1:f32923ee,44275,image (24).png,对话附件/image (24).png,image/png,1813963,,REQUEST_BYTES_OR_EXPLICIT_NOT_FOUND
conv_a3372150c827,8414db33-feee-4461-a402-8ab03b6ecba4,user,u_a45befd38ac011f411,conv_a3372150c827:1b17bdc6,44276,20260828-创始人承诺函 - 批注版.docx,对话附件/20260828-创始人承诺函 - 批注版.docx,application/vnd.openxmlformats-officedocument.wordprocessingml.document,38952,,REQUEST_BYTES_OR_EXPLICIT_NOT_FOUND
conv_a3372150c827,8414db33-feee-4461-a402-8ab03b6ecba4,user,u_a45befd38ac011f411,conv_a3372150c827:1b17bdc6,44276,20260828-未来工场投资框架协议-合世家 - 批注版.doc,对话附件/20260828-未来工场投资框架协议-合世家 - 批注版.doc,application/msword,52736,,REQUEST_BYTES_OR_EXPLICIT_NOT_FOUND
conv_a3372150c827,8414db33-feee-4461-a402-8ab03b6ecba4,user,u_a45befd38ac011f411,conv_a3372150c827:1b17bdc6,44276,（20260919）股权转让协议-未来壹投资.docx,对话附件/（20260919）股权转让协议-未来壹投资.docx,application/vnd.openxmlformats-officedocument.wordprocessingml.document,30533,,REQUEST_BYTES_OR_EXPLICIT_NOT_FOUND
conv_a3372150c827,8414db33-feee-4461-a402-8ab03b6ecba4,user,u_a45befd38ac011f411,conv_a3372150c827:1b17bdc6,44276,（20260919）股权转让协议-卢雪源.docx,对话附件/（20260919）股权转让协议-卢雪源.docx,application/vnd.openxmlformats-officedocument.wordprocessingml.document,24117,,REQUEST_BYTES_OR_EXPLICIT_NOT_FOUND
conv_a3372150c827,8414db33-feee-4461-a402-8ab03b6ecba4,user,u_6c7e1b3e8b1c2a523c,conv_a3372150c827:5664d204,44499,20260828-未来工场投资框架协议-合世家.doc,对话附件/20260828-未来工场投资框架协议-合世家.doc,application/msword,47616,,REQUEST_BYTES_OR_EXPLICIT_NOT_FOUND
conv_a3372150c827,8414db33-feee-4461-a402-8ab03b6ecba4,user,u_6c7e1b3e8b1c2a523c,conv_a3372150c827:5664d204,44499,20260828-创始人承诺函.docx,对话附件/20260828-创始人承诺函.docx,application/vnd.openxmlformats-officedocument.wordprocessingml.document,33653,,REQUEST_BYTES_OR_EXPLICIT_NOT_FOUND
conv_6478b612e4a5,b37ceae7-21e7-4f6e-a02a-57dfac4b0fe6,user,u_0c098cdc2ce3467b0c,conv_6478b612e4a5:06a1c734,44324,image (25).png,对话附件/image (25).png,image/png,1871759,,REQUEST_BYTES_OR_EXPLICIT_NOT_FOUND
conv_6478b612e4a5,b37ceae7-21e7-4f6e-a02a-57dfac4b0fe6,user,u_44917a853124def648,2d29d29c-8672-4ae9-bf4e-6fe533853bd5,44437,2026-09-20_内容上移-下半留白_V1.png,AI 工作区/成果文件/帮我修改一下这张图，背景不变，把现有内容-conv_6478b612e4a5/2026-09-20_内容上移-下半留白_V1.png,image/png,1223105,workspace,REQUEST_BYTES_OR_EXPLICIT_NOT_FOUND
conv_712bf7f9bb82,b37ceae7-21e7-4f6e-a02a-57dfac4b0fe6,user,u_277b3c607117ac80e7,conv_712bf7f9bb82:35fd27b0,44333,image (26).png,对话附件/image (26).png,image/png,1426184,,REQUEST_BYTES_OR_EXPLICIT_NOT_FOUND
conv_712bf7f9bb82,b37ceae7-21e7-4f6e-a02a-57dfac4b0fe6,user,u_277b3c607117ac80e7,conv_712bf7f9bb82:35fd27b0,44333,image (27).png,对话附件/image (27).png,image/png,1433652,,REQUEST_BYTES_OR_EXPLICIT_NOT_FOUND
conv_712bf7f9bb82,b37ceae7-21e7-4f6e-a02a-57dfac4b0fe6,user,u_277b3c607117ac80e7,conv_712bf7f9bb82:35fd27b0,44333,image (28).png,对话附件/image (28).png,image/png,1806048,,REQUEST_BYTES_OR_EXPLICIT_NOT_FOUND
conv_712bf7f9bb82,b37ceae7-21e7-4f6e-a02a-57dfac4b0fe6,user,u_acc07feda168899abf,1fc073b1-6346-4b29-8b29-f27846029f70,44372,2026-09-20_记忆安全+Skill安全_合并图_V1.png,AI 工作区/成果文件/帮我把记忆安全和skill安全两张图，合-conv_712bf7f9bb82/2026-09-20_记忆安全+Skill安全_合并图_V1.png,image/png,3776223,workspace,REQUEST_BYTES_OR_EXPLICIT_NOT_FOUND
conv_e234f0e0fcf7,b7cf8bab-99fd-472a-977c-a37c7f833148,user,u_aa686d5eea6a68ccba,conv_e234f0e0fcf7:f7ae4dfe,44447,直通联合国 _ 首届“联通杯”上海市人工智能开源教育创新大赛策划方案 v0.4.docx,个人知识库/教师比赛-联通杯/直通联合国 _ 首届“联通杯”上海市人工智能开源教育创新大赛策划方案 v0.4.docx,application/vnd.openxmlformats-officedocument.wordprocessingml.document,40652,workspace,REQUEST_BYTES_OR_EXPLICIT_NOT_FOUND
conv_fc3a1077aad5,b37ceae7-21e7-4f6e-a02a-57dfac4b0fe6,user,u_5073bda31a0762ab76,e7631690-bc82-4afe-93fe-fb818c5ac9d2,44475,赶着用的BP.pdf,对话附件/赶着用的BP.pdf,application/pdf,6974798,,REQUEST_BYTES_OR_EXPLICIT_NOT_FOUND
conv_f8a56f4505e3,86b4712b-d230-45a7-9959-2124a30c37fd,user,u_e76168cc1f3c5aa8c9,conv_f8a56f4505e3:878fc456,44544,【发酵工艺工程师_上海 15-18K】周陈鑫 26年应届生.pdf,个人知识库/合生纪/【发酵工艺工程师_上海 15-18K】周陈鑫 26年应届生.pdf,application/pdf,895940,workspace,REQUEST_BYTES_OR_EXPLICIT_NOT_FOUND
conv_f8a56f4505e3,86b4712b-d230-45a7-9959-2124a30c37fd,user,u_e76168cc1f3c5aa8c9,conv_f8a56f4505e3:878fc456,44544,【发酵工艺工程师_上海 15-18K】张泽泓 2年.pdf,个人知识库/合生纪/【发酵工艺工程师_上海 15-18K】张泽泓 2年.pdf,application/pdf,1295983,workspace,REQUEST_BYTES_OR_EXPLICIT_NOT_FOUND
conv_f8a56f4505e3,86b4712b-d230-45a7-9959-2124a30c37fd,user,u_e76168cc1f3c5aa8c9,conv_f8a56f4505e3:878fc456,44544,【发酵工艺工程师_上海 15-18K】陈先生 4年.pdf,个人知识库/合生纪/【发酵工艺工程师_上海 15-18K】陈先生 4年.pdf,application/pdf,155615,workspace,REQUEST_BYTES_OR_EXPLICIT_NOT_FOUND
conv_f8a56f4505e3,86b4712b-d230-45a7-9959-2124a30c37fd,user,u_8f58e34e8202b1c316,conv_f8a56f4505e3:27202a24,44559,【发酵工艺工程师_上海 15-18K】王云鹏 5年.pdf,个人知识库/合生纪/【发酵工艺工程师_上海 15-18K】王云鹏 5年.pdf,application/pdf,532221,workspace,REQUEST_BYTES_OR_EXPLICIT_NOT_FOUND
conv_3373780ca687,b37ceae7-21e7-4f6e-a02a-57dfac4b0fe6,user,u_d9a0bad562316a18e2,conv_3373780ca687:18d87ea6,44611,image (29).png,对话附件/image (29).png,image/png,56830,,REQUEST_BYTES_OR_EXPLICIT_NOT_FOUND
conv_358b89401aa7,b37ceae7-21e7-4f6e-a02a-57dfac4b0fe6,user,u_5877a8b66c055ef286,conv_358b89401aa7:011796ec,44721,1.附件1.上海高校产学研联合创新计划项目申报书 -化学院刘晔.doc,对话附件/1.附件1.上海高校产学研联合创新计划项目申报书 -化学院刘晔.doc,application/msword,3113472,,REQUEST_BYTES_OR_EXPLICIT_NOT_FOUND
conv_358b89401aa7,b37ceae7-21e7-4f6e-a02a-57dfac4b0fe6,user,u_5877a8b66c055ef286,conv_358b89401aa7:011796ec,44721,2.附件1.上海高校产学研联合创新计划项目申报书-数学院吕长虹.pdf,对话附件/2.附件1.上海高校产学研联合创新计划项目申报书-数学院吕长虹.pdf,application/pdf,626008,,REQUEST_BYTES_OR_EXPLICIT_NOT_FOUND
conv_358b89401aa7,b37ceae7-21e7-4f6e-a02a-57dfac4b0fe6,user,u_5877a8b66c055ef286,conv_358b89401aa7:011796ec,44721,3.附件1.上海高校产学研联合创新计划项目申报书-生科院张美玲.pdf,对话附件/3.附件1.上海高校产学研联合创新计划项目申报书-生科院张美玲.pdf,application/pdf,954766,,REQUEST_BYTES_OR_EXPLICIT_NOT_FOUND
conv_358b89401aa7,b37ceae7-21e7-4f6e-a02a-57dfac4b0fe6,user,u_5877a8b66c055ef286,conv_358b89401aa7:011796ec,44721,4.附件1.上海高校产学研联合创新计划项目申报书-精密光谱吴光.docx,对话附件/4.附件1.上海高校产学研联合创新计划项目申报书-精密光谱吴光.docx,application/vnd.openxmlformats-officedocument.wordprocessingml.document,1633516,,REQUEST_BYTES_OR_EXPLICIT_NOT_FOUND
conv_358b89401aa7,b37ceae7-21e7-4f6e-a02a-57dfac4b0fe6,user,u_5877a8b66c055ef286,conv_358b89401aa7:011796ec,44721,5.附件1.上海高校产学研联合创新计划项目申报书-计算机谭鑫.pdf,对话附件/5.附件1.上海高校产学研联合创新计划项目申报书-计算机谭鑫.pdf,application/pdf,785491,,REQUEST_BYTES_OR_EXPLICIT_NOT_FOUND
conv_358b89401aa7,b37ceae7-21e7-4f6e-a02a-57dfac4b0fe6,user,u_5877a8b66c055ef286,conv_358b89401aa7:011796ec,44721,6.附件1_上海高校产学研联合创新计划项目申报书-信电学院熊红凯.doc,对话附件/6.附件1_上海高校产学研联合创新计划项目申报书-信电学院熊红凯.doc,application/msword,562829,,REQUEST_BYTES_OR_EXPLICIT_NOT_FOUND
conv_358b89401aa7,b37ceae7-21e7-4f6e-a02a-57dfac4b0fe6,user,u_5877a8b66c055ef286,conv_358b89401aa7:011796ec,44721,7. 附件1.上海高校产学研联合创新计划项目申报书-空间人工智能谭琨.docx,对话附件/7. 附件1.上海高校产学研联合创新计划项目申报书-空间人工智能谭琨.docx,application/vnd.openxmlformats-officedocument.wordprocessingml.document,724962,,REQUEST_BYTES_OR_EXPLICIT_NOT_FOUND
conv_358b89401aa7,b37ceae7-21e7-4f6e-a02a-57dfac4b0fe6,user,u_5877a8b66c055ef286,conv_358b89401aa7:011796ec,44721,8.附件1.上海高校产学研联合创新计划项目申报书-生环学院陆雪琴.doc,对话附件/8.附件1.上海高校产学研联合创新计划项目申报书-生环学院陆雪琴.doc,application/msword,3535872,,REQUEST_BYTES_OR_EXPLICIT_NOT_FOUND
conv_358b89401aa7,b37ceae7-21e7-4f6e-a02a-57dfac4b0fe6,user,u_5877a8b66c055ef286,conv_358b89401aa7:011796ec,44721,9.附件1.上海高校产学研联合创新计划项目申报书-智能交互学院蒯曙光.doc,对话附件/9.附件1.上海高校产学研联合创新计划项目申报书-智能交互学院蒯曙光.doc,application/msword,458240,,REQUEST_BYTES_OR_EXPLICIT_NOT_FOUND
conv_358b89401aa7,b37ceae7-21e7-4f6e-a02a-57dfac4b0fe6,user,u_5877a8b66c055ef286,conv_358b89401aa7:011796ec,44721,20260921 上海高校产学研联合创新计划项目评分表-评分表.docx,对话附件/20260921 上海高校产学研联合创新计划项目评分表-评分表.docx,application/vnd.openxmlformats-officedocument.wordprocessingml.document,135314,,REQUEST_BYTES_OR_EXPLICIT_NOT_FOUND
conv_ac48282044f1,aa72ca11-7a16-4638-b5e2-2ad8492e0e7e,user,u_efec4b32f29ad24eaa,950b190e-db4c-45c1-afbb-b35235bbba0c,44743,image (4).png,对话附件/image (4).png,image/png,122430,,REQUEST_BYTES_OR_EXPLICIT_NOT_FOUND
conv_d2c84054d91a,31115e3f-9271-4b34-a25e-726e28b09ffa,user,u_1e0cf7231c167f49ce,conv_d2c84054d91a:9dd45005,44757,科学数据填写要求(1).docx,对话附件/科学数据填写要求(1).docx,application/vnd.openxmlformats-officedocument.wordprocessingml.document,265052,,REQUEST_BYTES_OR_EXPLICIT_NOT_FOUND
conv_d2c84054d91a,31115e3f-9271-4b34-a25e-726e28b09ffa,user,u_1e0cf7231c167f49ce,conv_d2c84054d91a:9dd45005,44757,科学数据质量自评价报告(2).docx,对话附件/科学数据质量自评价报告(2).docx,application/vnd.openxmlformats-officedocument.wordprocessingml.document,27761,,REQUEST_BYTES_OR_EXPLICIT_NOT_FOUND
conv_d2c84054d91a,31115e3f-9271-4b34-a25e-726e28b09ffa,user,u_1e0cf7231c167f49ce,conv_d2c84054d91a:9dd45005,44757,数据集信息(2).docx,对话附件/数据集信息(2).docx,application/vnd.openxmlformats-officedocument.wordprocessingml.document,269789,,REQUEST_BYTES_OR_EXPLICIT_NOT_FOUND
conv_d2c84054d91a,31115e3f-9271-4b34-a25e-726e28b09ffa,user,u_0f7c35c6e71f1fd641,conv_d2c84054d91a:ce0d69f1,44802,数据表示例.xlsx,对话附件/数据表示例.xlsx,application/vnd.openxmlformats-officedocument.spreadsheetml.sheet,11983,,REQUEST_BYTES_OR_EXPLICIT_NOT_FOUND
conv_d2c84054d91a,31115e3f-9271-4b34-a25e-726e28b09ffa,user,u_090ad51f0feb369831,conv_d2c84054d91a:2872c981,44815,fad4d1dd-ce6b-4ae9-a5d8-9a88bcafff72.png,对话附件/fad4d1dd-ce6b-4ae9-a5d8-9a88bcafff72.png,image/png,51325,,REQUEST_BYTES_OR_EXPLICIT_NOT_FOUND
conv_d2c84054d91a,31115e3f-9271-4b34-a25e-726e28b09ffa,user,u_090ad51f0feb369831,conv_d2c84054d91a:2872c981,44815,2026-09-20_Nature论文原始数据整理表(按指标分类).xlsx,对话附件/2026-09-20_Nature论文原始数据整理表(按指标分类).xlsx,application/vnd.openxmlformats-officedocument.spreadsheetml.sheet,62592,,REQUEST_BYTES_OR_EXPLICIT_NOT_FOUND
conv_d2c84054d91a,31115e3f-9271-4b34-a25e-726e28b09ffa,user,u_28804bc75cb77b92e1,conv_d2c84054d91a:b3dd9af2,44826,2026-09-20_Nature论文原始数据整理表(按指标分类) (1).xlsx,对话附件/2026-09-20_Nature论文原始数据整理表(按指标分类) (1).xlsx,application/vnd.openxmlformats-officedocument.spreadsheetml.sheet,69706,,REQUEST_BYTES_OR_EXPLICIT_NOT_FOUND
conv_d2c84054d91a,31115e3f-9271-4b34-a25e-726e28b09ffa,user,u_3172375633abbb37bd,conv_d2c84054d91a:209d8a11,44833,Source data Extended Data Fig.3-updata.xlsx,对话附件/Source data Extended Data Fig.3-updata.xlsx,application/vnd.openxmlformats-officedocument.spreadsheetml.sheet,34018,,REQUEST_BYTES_OR_EXPLICIT_NOT_FOUND
conv_d2c84054d91a,31115e3f-9271-4b34-a25e-726e28b09ffa,user,u_3172375633abbb37bd,conv_d2c84054d91a:209d8a11,44833,Source data Extended Data Fig.7-updata.xlsx,对话附件/Source data Extended Data Fig.7-updata.xlsx,application/vnd.openxmlformats-officedocument.spreadsheetml.sheet,43723,,REQUEST_BYTES_OR_EXPLICIT_NOT_FOUND
conv_d2c84054d91a,31115e3f-9271-4b34-a25e-726e28b09ffa,user,u_3172375633abbb37bd,conv_d2c84054d91a:209d8a11,44833,Source data Fig. 4-update.xlsx,对话附件/Source data Fig. 4-update.xlsx,application/vnd.openxmlformats-officedocument.spreadsheetml.sheet,36170,,REQUEST_BYTES_OR_EXPLICIT_NOT_FOUND
conv_d2c84054d91a,31115e3f-9271-4b34-a25e-726e28b09ffa,user,u_3172375633abbb37bd,conv_d2c84054d91a:209d8a11,44833,Source data Fig.1-updata.xlsx,对话附件/Source data Fig.1-updata.xlsx,application/vnd.openxmlformats-officedocument.spreadsheetml.sheet,31067,,REQUEST_BYTES_OR_EXPLICIT_NOT_FOUND
conv_d2c84054d91a,31115e3f-9271-4b34-a25e-726e28b09ffa,user,u_3172375633abbb37bd,conv_d2c84054d91a:209d8a11,44833,Supplementary Table 16-update (3).xlsx,对话附件/Supplementary Table 16-update (3).xlsx,application/vnd.openxmlformats-officedocument.spreadsheetml.sheet,49367,,REQUEST_BYTES_OR_EXPLICIT_NOT_FOUND
conv_d2c84054d91a,31115e3f-9271-4b34-a25e-726e28b09ffa,user,u_2bdfb8241aa152a614,bf86f9b6-9817-4e7b-beab-023cb4d27c96,45133,数据集信息(3).docx,对话附件/数据集信息(3).docx,application/vnd.openxmlformats-officedocument.wordprocessingml.document,269789,,REQUEST_BYTES_OR_EXPLICIT_NOT_FOUND
conv_d2c84054d91a,31115e3f-9271-4b34-a25e-726e28b09ffa,user,u_2bdfb8241aa152a614,bf86f9b6-9817-4e7b-beab-023cb4d27c96,45133,葡萄糖传感器数据汇总(1).xlsx,对话附件/葡萄糖传感器数据汇总(1).xlsx,application/vnd.openxmlformats-officedocument.spreadsheetml.sheet,116792,,REQUEST_BYTES_OR_EXPLICIT_NOT_FOUND
conv_db19d985b892,b37ceae7-21e7-4f6e-a02a-57dfac4b0fe6,user,u_c45e19aa7110fc48c7,67abb62d-8b49-41f5-8fd8-6f7a732cdb25,44883,1.附件1.上海高校产学研联合创新计划项目申报书 -化学院刘晔 (2).doc,对话附件/1.附件1.上海高校产学研联合创新计划项目申报书 -化学院刘晔 (2).doc,application/msword,3113472,,REQUEST_BYTES_OR_EXPLICIT_NOT_FOUND
conv_011570125174,03b9ebf1-0db1-4a77-afa7-e6eb0564e734,user,u_15e55a340c25720cb5,conv_011570125174:184a5877,45080,危废处置合同.docx,对话附件/危废处置合同.docx,application/vnd.openxmlformats-officedocument.wordprocessingml.document,39848,,REQUEST_BYTES_OR_EXPLICIT_NOT_FOUND
conv_8534359166ed,b8712a9a-d0a1-4893-a63b-0036e4d194af,user,u_8172a703af70e76161,conv_8534359166ed:c4b9bd67,45095,***HEX***.png,对话附件/***HEX***.png,image/png,403439,,REQUEST_BYTES_OR_EXPLICIT_NOT_FOUND
conv_64e3c6d8bcb3,31115e3f-9271-4b34-a25e-726e28b09ffa,user,u_95590fc14e19f8aeab,conv_64e3c6d8bcb3:1361c902,45137,image (15).png,对话附件/image (15).png,image/png,40267,,REQUEST_BYTES_OR_EXPLICIT_NOT_FOUND
conv_64e3c6d8bcb3,31115e3f-9271-4b34-a25e-726e28b09ffa,user,u_95590fc14e19f8aeab,conv_64e3c6d8bcb3:1361c902,45137,生物实验室装修工程设计方案.docx,对话附件/生物实验室装修工程设计方案.docx,application/vnd.openxmlformats-officedocument.wordprocessingml.document,238657,,REQUEST_BYTES_OR_EXPLICIT_NOT_FOUND
conv_64e3c6d8bcb3,31115e3f-9271-4b34-a25e-726e28b09ffa,user,u_95590fc14e19f8aeab,conv_64e3c6d8bcb3:1361c902,45137,生物实验室装修工程预算 (1).xlsx,对话附件/生物实验室装修工程预算 (1).xlsx,application/vnd.openxmlformats-officedocument.spreadsheetml.sheet,14490,,REQUEST_BYTES_OR_EXPLICIT_NOT_FOUND
conv_64e3c6d8bcb3,31115e3f-9271-4b34-a25e-726e28b09ffa,user,u_6bfdfecc02a6798251,4ae8dbf7-2c93-4a40-b493-43f46ba31ea5,45288,image (16).png,对话附件/image (16).png,image/png,38514,,REQUEST_BYTES_OR_EXPLICIT_NOT_FOUND
conv_88ba9a7ae1cf,b37ceae7-21e7-4f6e-a02a-57dfac4b0fe6,user,u_bcd0c852791eb544c3,conv_88ba9a7ae1cf:d1aff64d,45142,咨询服务协议.docx,对话附件/咨询服务协议.docx,application/vnd.openxmlformats-officedocument.wordprocessingml.document,19068,,REQUEST_BYTES_OR_EXPLICIT_NOT_FOUND
conv_f832299bfc09,b37ceae7-21e7-4f6e-a02a-57dfac4b0fe6,user,u_626175b9bdffd7ba6f,conv_f832299bfc09:8d84df4e,45176,赶着用的BP.pptx,对话附件/赶着用的BP.pptx,application/vnd.openxmlformats-officedocument.presentationml.presentation,55801517,,REQUEST_BYTES_OR_EXPLICIT_NOT_FOUND
conv_f832299bfc09,b37ceae7-21e7-4f6e-a02a-57dfac4b0fe6,user,u_626175b9bdffd7ba6f,conv_f832299bfc09:8d84df4e,45176,赶着用的BP (2).pdf,对话附件/赶着用的BP (2).pdf,application/pdf,7366218,,REQUEST_BYTES_OR_EXPLICIT_NOT_FOUND
conv_f832299bfc09,b37ceae7-21e7-4f6e-a02a-57dfac4b0fe6,user,u_626175b9bdffd7ba6f,conv_f832299bfc09:8d84df4e,45176,附件1 华东师范大学大零号湾未来产业合伙人专项资助计划项目申请表.docx,对话附件/附件1 华东师范大学大零号湾未来产业合伙人专项资助计划项目申请表.docx,application/vnd.openxmlformats-officedocument.wordprocessingml.document,7348469,,REQUEST_BYTES_OR_EXPLICIT_NOT_FOUND
conv_80ad3cd8347e,b37ceae7-21e7-4f6e-a02a-57dfac4b0fe6,user,u_a9df5b9de5c5c015d7,conv_80ad3cd8347e:41f3c9fc,45362,image (30).png,对话附件/image (30).png,image/png,1296173,,REQUEST_BYTES_OR_EXPLICIT_NOT_FOUND
conv_80ad3cd8347e,b37ceae7-21e7-4f6e-a02a-57dfac4b0fe6,user,u_a9df5b9de5c5c015d7,conv_80ad3cd8347e:41f3c9fc,45362,image (31).png,对话附件/image (31).png,image/png,145260,,REQUEST_BYTES_OR_EXPLICIT_NOT_FOUND
conv_80ad3cd8347e,b37ceae7-21e7-4f6e-a02a-57dfac4b0fe6,user,u_8767c5d7e6254e64b7,conv_80ad3cd8347e:06f5ee28,45412,image (32).png,对话附件/image (32).png,image/png,1832988,,REQUEST_BYTES_OR_EXPLICIT_NOT_FOUND
conv_80ad3cd8347e,b37ceae7-21e7-4f6e-a02a-57dfac4b0fe6,user,u_8767c5d7e6254e64b7,conv_80ad3cd8347e:06f5ee28,45412,image (33).png,对话附件/image (33).png,image/png,1474550,,REQUEST_BYTES_OR_EXPLICIT_NOT_FOUND
conv_80ad3cd8347e,b37ceae7-21e7-4f6e-a02a-57dfac4b0fe6,user,u_02475af1126663039b,conv_80ad3cd8347e:bf30e30e,45464,image (34).png,对话附件/image (34).png,image/png,1836471,,REQUEST_BYTES_OR_EXPLICIT_NOT_FOUND
conv_80ad3cd8347e,b37ceae7-21e7-4f6e-a02a-57dfac4b0fe6,user,u_76abdb0ce0b6b3e5e2,conv_80ad3cd8347e:b980f9f2,45487,image (35).png,对话附件/image (35).png,image/png,2266970,,REQUEST_BYTES_OR_EXPLICIT_NOT_FOUND
conv_80ad3cd8347e,b37ceae7-21e7-4f6e-a02a-57dfac4b0fe6,user,u_76abdb0ce0b6b3e5e2,conv_80ad3cd8347e:b980f9f2,45487,image (36).png,对话附件/image (36).png,image/png,2352151,,REQUEST_BYTES_OR_EXPLICIT_NOT_FOUND
conv_80ad3cd8347e,b37ceae7-21e7-4f6e-a02a-57dfac4b0fe6,user,u_76abdb0ce0b6b3e5e2,conv_80ad3cd8347e:b980f9f2,45487,image (37).png,对话附件/image (37).png,image/png,1353581,,REQUEST_BYTES_OR_EXPLICIT_NOT_FOUND
conv_80ad3cd8347e,b37ceae7-21e7-4f6e-a02a-57dfac4b0fe6,user,u_76abdb0ce0b6b3e5e2,conv_80ad3cd8347e:b980f9f2,45487,image (38).png,对话附件/image (38).png,image/png,1943630,,REQUEST_BYTES_OR_EXPLICIT_NOT_FOUND
conv_80ad3cd8347e,b37ceae7-21e7-4f6e-a02a-57dfac4b0fe6,user,u_78607add9f8815114f,conv_80ad3cd8347e:2ad9fdf0,45546,image (39).png,对话附件/image (39).png,image/png,1661347,,REQUEST_BYTES_OR_EXPLICIT_NOT_FOUND
conv_80ad3cd8347e,b37ceae7-21e7-4f6e-a02a-57dfac4b0fe6,user,u_93420e180e65325d26,conv_80ad3cd8347e:e28d66ff,45558,image (40).png,对话附件/image (40).png,image/png,911246,,REQUEST_BYTES_OR_EXPLICIT_NOT_FOUND
conv_80ad3cd8347e,b37ceae7-21e7-4f6e-a02a-57dfac4b0fe6,user,u_2070619abebe6db98e,conv_80ad3cd8347e:f7cad8ad,45562,image (41).png,对话附件/image (41).png,image/png,2612838,,REQUEST_BYTES_OR_EXPLICIT_NOT_FOUND
conv_80ad3cd8347e,b37ceae7-21e7-4f6e-a02a-57dfac4b0fe6,user,u_d18c5250f4929094eb,conv_80ad3cd8347e:0b7353af,45575,image (42).png,对话附件/image (42).png,image/png,2467434,,REQUEST_BYTES_OR_EXPLICIT_NOT_FOUND
conv_80ad3cd8347e,b37ceae7-21e7-4f6e-a02a-57dfac4b0fe6,user,u_d18c5250f4929094eb,conv_80ad3cd8347e:0b7353af,45575,image (43).png,对话附件/image (43).png,image/png,2402731,,REQUEST_BYTES_OR_EXPLICIT_NOT_FOUND
conv_80ad3cd8347e,b37ceae7-21e7-4f6e-a02a-57dfac4b0fe6,user,u_d18c5250f4929094eb,conv_80ad3cd8347e:0b7353af,45575,image (44).png,对话附件/image (44).png,image/png,2883842,,REQUEST_BYTES_OR_EXPLICIT_NOT_FOUND
conv_80ad3cd8347e,b37ceae7-21e7-4f6e-a02a-57dfac4b0fe6,user,u_d18c5250f4929094eb,conv_80ad3cd8347e:0b7353af,45575,image (45).png,对话附件/image (45).png,image/png,2101448,,REQUEST_BYTES_OR_EXPLICIT_NOT_FOUND
conv_80ad3cd8347e,b37ceae7-21e7-4f6e-a02a-57dfac4b0fe6,user,u_c11187355a8a7393f2,a30dbcdb-ae3f-4c93-8a3a-c7cfcf6869af,46197,image (46).png,对话附件/image (46).png,image/png,619076,,REQUEST_BYTES_OR_EXPLICIT_NOT_FOUND
conv_ea7acfe1b937,b37ceae7-21e7-4f6e-a02a-57dfac4b0fe6,user,u_5d914ff7383bef13f0,9525b0af-51d8-477e-8da8-324d552ef92e,45612,12-保密协议（我方为信息接收方）.docx,对话附件/12-保密协议（我方为信息接收方）.docx,application/vnd.openxmlformats-officedocument.wordprocessingml.document,29977,,REQUEST_BYTES_OR_EXPLICIT_NOT_FOUND
conv_16a8192f4cb6,5eb1a1c6-d647-47fe-8036-9dc731aa0b5c,user,u_e574b2f4f671b9c6d9,conv_16a8192f4cb6:c49ba172,45633,中科微感尽职调查报告0907_Ethan.docx,个人知识库/中科微感/融资相关/宁波工业研究院（中控）/中科微感尽职调查报告0907_Ethan.docx,application/vnd.openxmlformats-officedocument.wordprocessingml.document,2086393,workspace,REQUEST_BYTES_OR_EXPLICIT_NOT_FOUND
conv_16a8192f4cb6,5eb1a1c6-d647-47fe-8036-9dc731aa0b5c,user,u_3248519344ab2cf845,conv_16a8192f4cb6:fd49084d,45754,【TC18】中科微感尽职调查报告0923.docx,对话附件/【TC18】中科微感尽职调查报告0923.docx,application/vnd.openxmlformats-officedocument.wordprocessingml.document,2061624,,REQUEST_BYTES_OR_EXPLICIT_NOT_FOUND
conv_260e843f12e3,b37ceae7-21e7-4f6e-a02a-57dfac4b0fe6,user,u_38089488d032d0f78e,conv_260e843f12e3:6ac573f1,45641,***HEX*** (2).jpg,对话附件/***HEX*** (2).jpg,image/jpeg,144329,,REQUEST_BYTES_OR_EXPLICIT_NOT_FOUND
conv_260e843f12e3,b37ceae7-21e7-4f6e-a02a-57dfac4b0fe6,user,u_46ef61f838179e2238,conv_260e843f12e3:a2b5a09c,45652,***HEX***.jpg,对话附件/***HEX***.jpg,image/jpeg,2044214,,REQUEST_BYTES_OR_EXPLICIT_NOT_FOUND
conv_447987002020,b37ceae7-21e7-4f6e-a02a-57dfac4b0fe6,user,u_c2eec0f59e7d92a11e,conv_447987002020:95926329,45696,***HEX***.jpg,对话附件/***HEX***.jpg,image/jpeg,2044214,,REQUEST_BYTES_OR_EXPLICIT_NOT_FOUND
conv_f30a9ea3a925,b37ceae7-21e7-4f6e-a02a-57dfac4b0fe6,user,u_4de343b35ba5257acb,conv_f30a9ea3a925:7d2ee33c,45712,***HEX*** (2).jpg,对话附件/***HEX*** (2).jpg,image/jpeg,2044214,,REQUEST_BYTES_OR_EXPLICIT_NOT_FOUND
conv_a76fd035bbbc,8414db33-feee-4461-a402-8ab03b6ecba4,user,u_417f78335d8e15e37b,conv_a76fd035bbbc:49c64f73,45765,***HEX***.jpg,对话附件/***HEX***.jpg,image/jpeg,272317,,REQUEST_BYTES_OR_EXPLICIT_NOT_FOUND
conv_a76fd035bbbc,8414db33-feee-4461-a402-8ab03b6ecba4,user,u_914008d028e004b83e,conv_a76fd035bbbc:865586ee,45898,***HEX***.jpg,对话附件/***HEX***.jpg,image/jpeg,354985,,REQUEST_BYTES_OR_EXPLICIT_NOT_FOUND
conv_49b6714ab55b,b37ceae7-21e7-4f6e-a02a-57dfac4b0fe6,user,u_0f81934b3acf1dc4dc,conv_49b6714ab55b:edf9d79d,45781,PMR Fillable Form.pdf,对话附件/PMR Fillable Form.pdf,application/pdf,217895,,REQUEST_BYTES_OR_EXPLICIT_NOT_FOUND
conv_f98f35e79944,76d362d5-0552-4b79-8d05-ce0bbb885d9c,user,u_aceae47ba2e98e35da,conv_f98f35e79944:a62c7057,45799,20260824-181133.png,对话附件/20260824-181133.png,image/png,1989089,,REQUEST_BYTES_OR_EXPLICIT_NOT_FOUND
conv_fc7e55401376,b8712a9a-d0a1-4893-a63b-0036e4d194af,user,u_2656bf6965d733d078,conv_fc7e55401376:afd4ed54,45835,seedance-2.0.zip,对话附件/seedance-2.0.zip,application/zip,38420516,,REQUEST_BYTES_OR_EXPLICIT_NOT_FOUND
conv_fc7e55401376,b8712a9a-d0a1-4893-a63b-0036e4d194af,user,u_49a2c48a9e81571520,d2b86a5c-c641-49c5-af0d-bbbc776a7a9b,45861,美神归位 第三版 (2).docx,对话附件/美神归位 第三版 (2).docx,application/vnd.openxmlformats-officedocument.wordprocessingml.document,53802,,REQUEST_BYTES_OR_EXPLICIT_NOT_FOUND
conv_8c0bfd90a38e,b7cf8bab-99fd-472a-977c-a37c7f833148,user,u_cbc1fbf6ee0b5221f1,conv_8c0bfd90a38e:5b4418e1,45941,基地自评估报告.docx,对话附件/基地自评估报告.docx,application/vnd.openxmlformats-officedocument.wordprocessingml.document,53804,,REQUEST_BYTES_OR_EXPLICIT_NOT_FOUND
conv_6f0b034387f1,76d362d5-0552-4b79-8d05-ce0bbb885d9c,user,u_1969ef4a79c9e8f13a,1507d405-bcda-40ef-81eb-ccf01edbe538,45983,img_v3_0214p_0162df36-b294-4b73-b1b1-13ac3ba2c3ag.png,对话附件/img_v3_0214p_0162df36-b294-4b73-b1b1-13ac3ba2c3ag.png,image/png,1989089,,REQUEST_BYTES_OR_EXPLICIT_NOT_FOUND
conv_731ed57dd54e,b239b771-e5b5-4181-8735-fed76b495f19,user,u_83a787048772879efb,conv_731ed57dd54e:b2f84020,46011,26.5.19第17期转化门诊会议纪要.docx,对话附件/26.5.19第17期转化门诊会议纪要.docx,application/vnd.openxmlformats-officedocument.wordprocessingml.document,20127,,REQUEST_BYTES_OR_EXPLICIT_NOT_FOUND
conv_731ed57dd54e,b239b771-e5b5-4181-8735-fed76b495f19,user,u_83a787048772879efb,conv_731ed57dd54e:b2f84020,46011,华师大概念验证项目专场门诊信息汇总 20260923.pdf,对话附件/华师大概念验证项目专场门诊信息汇总 20260923.pdf,application/pdf,261962,,REQUEST_BYTES_OR_EXPLICIT_NOT_FOUND
conv_206cc3f2c91c,76d362d5-0552-4b79-8d05-ce0bbb885d9c,user,u_dbede2b0efdad923d7,conv_206cc3f2c91c:ba9d9157,46033,光的折射-课堂观察报告.html,对话附件/光的折射-课堂观察报告.html,text/plain,33769,,REQUEST_BYTES_OR_EXPLICIT_NOT_FOUND
conv_613c5c688f09,5eb1a1c6-d647-47fe-8036-9dc731aa0b5c,user,u_3e74fc251cb7ba4c95,conv_613c5c688f09:704811d8,46130,中科芯飞-股东协议20260924.docx,对话附件/中科芯飞-股东协议20260924.docx,application/vnd.openxmlformats-officedocument.wordprocessingml.document,117359,,REQUEST_BYTES_OR_EXPLICIT_NOT_FOUND
conv_613c5c688f09,5eb1a1c6-d647-47fe-8036-9dc731aa0b5c,user,u_272dbfa921c348f4f1,conv_613c5c688f09:02d16b0b,46137,中科芯飞-股东协议20260924_clean.docx,对话附件/中科芯飞-股东协议20260924_clean.docx,application/vnd.openxmlformats-officedocument.wordprocessingml.document,98287,,REQUEST_BYTES_OR_EXPLICIT_NOT_FOUND
conv_60925fa3f733,03b9ebf1-0db1-4a77-afa7-e6eb0564e734,user,u_2739dde8f905ff618b,conv_60925fa3f733:0cd2ba5b,46142,委托生产协议.docx,对话附件/委托生产协议.docx,application/vnd.openxmlformats-officedocument.wordprocessingml.document,15207,,REQUEST_BYTES_OR_EXPLICIT_NOT_FOUND
conv_af9683641117,5eb1a1c6-d647-47fe-8036-9dc731aa0b5c,user,u_ab49d975543a0da475,c237ebb2-261e-4858-93cb-71205fc2e984,46147,中科芯飞-股东协议20260924_clean (2).docx,对话附件/中科芯飞-股东协议20260924_clean (2).docx,application/vnd.openxmlformats-officedocument.wordprocessingml.document,97936,,REQUEST_BYTES_OR_EXPLICIT_NOT_FOUND
conv_af9683641117,5eb1a1c6-d647-47fe-8036-9dc731aa0b5c,user,u_ab49d975543a0da475,c237ebb2-261e-4858-93cb-71205fc2e984,46147,【TC18】1.中科芯飞-增资协议20260924_clean.docx,对话附件/【TC18】1.中科芯飞-增资协议20260924_clean.docx,application/vnd.openxmlformats-officedocument.wordprocessingml.document,82747,,REQUEST_BYTES_OR_EXPLICIT_NOT_FOUND
conv_d24eb9cf5172,b37ceae7-21e7-4f6e-a02a-57dfac4b0fe6,user,u_1ef48ba71f65594f57,32ebddd1-9b58-4ddc-9e4c-0575f2db0b6b,46159,02-隐私政策-草案v2.md,对话附件/02-隐私政策-草案v2.md,text/markdown,22314,,REQUEST_BYTES_OR_EXPLICIT_NOT_FOUND
conv_fa46a4502e37,86b4712b-d230-45a7-9959-2124a30c37fd,user,u_b62030d54852bcf917,4ef32aa5-1ef9-42c2-9aee-dca22b4b443c,46181,11_上海威蓝基本情况介绍.pdf,个人知识库/11_上海威蓝基本情况介绍.pdf,application/pdf,1785492,workspace,REQUEST_BYTES_OR_EXPLICIT_NOT_FOUND
conv_fa46a4502e37,86b4712b-d230-45a7-9959-2124a30c37fd,user,u_2119ffee0b2d09fb03,e041cf8e-2f1f-4730-a66e-ea38c71d2cec,46183,2021哈工大机器人智能护理床BP.pptx,个人知识库/2021哈工大机器人智能护理床BP.pptx,application/vnd.openxmlformats-officedocument.presentationml.presentation,24612912,workspace,REQUEST_BYTES_OR_EXPLICIT_NOT_FOUND
conv_01c834d89914,b7cf8bab-99fd-472a-977c-a37c7f833148,user,u_05af7b03564e630d91,conv_01c834d89914:ec746a72,46209,image (35).png,对话附件/image (35).png,image/png,352201,,REQUEST_BYTES_OR_EXPLICIT_NOT_FOUND
conv_6d69c3fec1b7,5eb1a1c6-d647-47fe-8036-9dc731aa0b5c,user,u_9755fa0ab1e25b1c29,262c9f69-b6a7-4fa2-83c0-247cda5b8450,46210,生合万物-A轮增资协议-清洁版-0923.docx,对话附件/生合万物-A轮增资协议-清洁版-0923.docx,application/vnd.openxmlformats-officedocument.wordprocessingml.document,84650,,REQUEST_BYTES_OR_EXPLICIT_NOT_FOUND
conv_6d69c3fec1b7,5eb1a1c6-d647-47fe-8036-9dc731aa0b5c,user,u_9755fa0ab1e25b1c29,262c9f69-b6a7-4fa2-83c0-247cda5b8450,46210,生合万物-A轮股东协议-清洁版-0923.docx,对话附件/生合万物-A轮股东协议-清洁版-0923.docx,application/vnd.openxmlformats-officedocument.wordprocessingml.document,95010,,REQUEST_BYTES_OR_EXPLICIT_NOT_FOUND
conv_a8922f4056c9,76d362d5-0552-4b79-8d05-ce0bbb885d9c,user,u_913a1e771a71ffd8cb,conv_a8922f4056c9:c14d618e,46300,2026-09-24_国巡技能清单与对接报价表.md,对话附件/2026-09-24_国巡技能清单与对接报价表.md,text/markdown,7372,,REQUEST_BYTES_OR_EXPLICIT_NOT_FOUND
