session_id,primary,secondary,confidence,evidence_user,reason,review_basis
conv_dcf0172311e7,EDU,ASSIST|OFFICE|KNOW,high,u_da44930f502abbe3c6,教师赋能演示及技能库操作,digest
conv_e09b70c51b19,TECH,KNOW|COMM|EDU,high,u_364803d696bfdeb066,代码提交分析并含差旅规则查询,digest
conv_9f975ffa392f,ASSIST,NEWS|KNOW,high,u_3ae4ee81b442e2e667,技能安装删除与浏览器试用,digest
conv_cd063fc38900,EDU,ASSIST|NEWS,high,u_f161d4ef2225acb999,清明教案及技能测试新闻检索,digest
conv_063a04c2c4c3,EDU,,high,u_fbf154fd094510a0bb,小学李白诗词检索,digest
conv_8bf9b42a552b,BIZ,ASSIST|OFFICE,high,u_78aafacac44476cc32,面向企业客户的产品销售方案,digest
conv_6ee9d2692bf7,KNOW,ASSIST,high,u_dfa68cc7722ef8817a,导入整理知识库文章,digest
conv_d6b0c7bc236d,OFFICE,,medium,u_e083b60fd0dfa19eb5,文件分析报告未明领域,digest
conv_6e2871c187fb,EDU,,high,u_c21db7c8db454ac1aa,改进已有教案,digest
conv_aca434f0afe1,EDU,,high,u_6abcfe2218d00ff487,脑机接口科学简介,digest
conv_972e0e8aee81,KNOW,ASSIST,high,u_3e89f746f276ceac79,笔记复制及助手设定,digest
conv_5b2e93575fab,UNCLEAR,,low,u_6f7657765da0edbabb,仅说总结未见对象,digest
conv_bcae4fd64969,OFFICE,,high,u_e565caa55aad5d5a34,文章修订与宣传文案,digest
conv_b767f5d4b276,TECH,UNCLEAR,medium,u_79ecdab4ffa54719d8,命令操作及不明内容查询,digest
conv_9bc7947f7ce1,TECH,,high,u_b257ed649644398a3a,开发HTML小游戏,digest
conv_567a2331adcf,EDU,TECH|ASSIST,high,u_147cc9e30ebc31e26c,教案课件及脚本兼容排障,digest
conv_67daacb9eaf3,EDU,,high,u_42472efe72fe8add85,化学教案生成,digest
conv_c67149c8b898,HR,TECH|OFFICE,medium,u_4e8d043a8cd9288152,招聘岗位描述及开发年终汇报,digest
conv_628bf36b5ca1,UNCLEAR,,low,u_19f6bcac31b52d65e4,问候数字无明确任务,digest
conv_24bc635473a8,KNOW,ASSIST,high,u_96be0165d88529abf7,导入IMA笔记及续传,digest
conv_024067633c4b,ASSIST,,high,u_4bd59f1eb56b688ad3,安装OpenMAIC技能,digest
conv_83820ac2bbbe,KNOW,,high,u_d3518bc10583b170f2,整理初始化知识库,digest
conv_6cedf31d582f,KNOW,LIFE,high,u_d3518bc10583b170f2,知识库整理及烧烤摆摊方案,digest
conv_bea45da55326,EDU,ASSIST|COMM,high,u_9fc489f3fd5ee24a14,教案PPT及提醒配置,digest
conv_4d61ea2f1b27,KNOW,ASSIST|COMM,high,u_9557add04c1d43a6c5,笔记导入与下班提醒,digest
conv_576b570b2ec8,ASSIST,KNOW|TECH|OFFICE,high,u_510e114aac197baddb,技能迭代安装及开发周报,digest
conv_a7ef85b309ff,HR,COMM|ASSIST,high,u_6dd217035fed9d5c90,简历评估夹杂提醒测试,digest
conv_71629b81db24,EDU,KNOW|COMM|TECH,high,u_d684ffd3e8aaf18f59,音乐教学交互页面及周报,digest
conv_19838badd924,BIZ,ASSIST,high,u_f1ad88347af1f714b9,创业比赛政府项目申报规划,digest
conv_693d25f8ecb8,TECH,ASSIST,high,u_437fcf26159d2fde93,需求拆解并创建开发工作项,digest
conv_e3b94df5df53,COMM,,high,u_550a86caf13cfe04dc,创建公司会议与日程提醒,digest
conv_4448d3641146,KNOW,,high,u_9557add04c1d43a6c5,导入Get笔记,digest
conv_a55496da173c,ASSIST,,medium,u_136ba569ae68cf0753,仅给出Gitee技能仓库链接,digest
conv_7893658c367e,TECH,ASSIST|KNOW,high,u_bb49eb776970f3df10,创建Gitee工作项及功能需求,digest
conv_002ae6938a37,TECH,,high,u_bb49eb776970f3df10,创建并分配Gitee任务,digest
conv_ac2f97823b42,ASSIST,,medium,u_73f5d400f3e9b49474,工作区命令操作,digest
conv_de6607e7ed2f,BIZ,ASSIST|DATA|COMM,high,u_acfd8f0fd3c713878e,企业背景调查及财务日程,digest
conv_62e982a33b5f,TECH,,high,u_4a822856a828b16b5d,网络检查命令测试,digest
conv_1a7cb3948e4c,TECH,,high,u_a2f9f95c39f1f011d7,命令执行与网络测试,digest
conv_86cc825e7cea,ASSIST,,high,u_dae52986938c7cd616,PromptGuard工具测试,digest
conv_59a22e8bccac,LIFE,BIZ|ASSIST,high,u_17e7e4250a064cee25,个人烧烤摆摊规划并沉淀经验,digest
conv_ffce143443d1,EDU,ASSIST,high,u_135dc891fbab72a504,面向小学生的教学短视频,digest
conv_4bc7c073280e,TECH,,high,u_8c5f99738c936abab7,OpenClaw沙箱文件读取排障,digest
conv_a0b7ef9df7f7,ASSIST,,high,u_5220cae5c53c0817d1,查询工作区路径,digest
conv_073150ee30be,TECH,ASSIST|KNOW|OFFICE,high,u_a9a1fac649a61e8a3c,研发工作项统计及周报生成,digest
conv_f70fa609d707,ASSIST,COMM,high,u_c8b1e5ab6809743fcc,企业微信CLI安装及群读取,digest
conv_3dd437ee6658,BIZ,ASSIST,high,u_af9b3bd4a2a0a786a4,国内企业云市场调查,digest
conv_6f39da151b65,NEWS,ASSIST|TECH,high,u_be26965aaee54e008a,AI新闻汇总及搜索故障定位,digest
conv_5ed09dcd2114,BIZ,NEWS|ASSIST,high,u_af9b3bd4a2a0a786a4,企业云市场份额兼热点查询,digest
conv_245a7b03a18b,HR,OFFICE,high,u_2fe76eb8f78af802b8,绩效考核与组织岗位设计,digest
conv_4c7e5185ca4c,LEGAL,HR,high,u_72d929334221327ae9,合同风险审查兼采购绩效,digest
conv_fa44bab61e43,NEWS,,high,u_92c0da53004e5747cd,暴雨新闻检索汇总,digest
conv_23bffc5f1e1b,LEGAL,ASSIST,high,u_cc70c38d62eed3e909,课程委托合同立场修正,digest
conv_3445e28d0e24,BIZ,ASSIST|KNOW,high,u_cb2eb740fcc8fc6466,云服务份额调研兼知识库操作,digest
conv_c5a3fbe6b211,HR,ASSIST,high,u_21bca45528e78035c6,简历筛选评估,digest
conv_8d3c54ab20bb,TECH,NEWS|EDU|ASSIST|COMM,high,u_6d0f5a7e1db3a21018,代码分析并配置资讯定时推送,digest
conv_1d2a22064d86,BIZ,,high,u_b70b8f02532c2d686b,创业大赛与政府项目申报检索,digest
conv_cba361a0d239,OFFICE,ASSIST,high,u_fd045a808f3e2283d5,科普图解插画生成,digest
conv_61034c4c6675,OFFICE,ASSIST,high,u_0d2e088760f44d0c2f,批量图片文档合并及水印调整,digest
conv_f6f1a12fe53c,ASSIST,,high,u_afb0c2f14c7f5271af,安装HR技能未执行招聘任务,digest
conv_8d186f951c61,KNOW,,high,u_28d8e518f4e228bd27,初始化检索知识库,digest
conv_04b9900c5c1d,BIZ,,high,u_96f05f726234158dc4,企业创业大赛政府申报检索,digest
conv_3b44b5fbbf6e,COMM,,high,u_b32fea3e4944dec011,创建运营人事会议提醒,digest
conv_c952411dbdfe,BIZ,,high,u_96f05f726234158dc4,企业创业大赛政府申报检索,digest
conv_636c1fb1b552,EDU,,high,u_1ffc727f541e5ff39d,语文课程学习要点文档,digest
conv_fc89e44545b4,EDU,,high,u_3d577acc618235d301,物理测量课程逐字稿,digest
conv_8a7834f95138,NEWS,COMM|LIFE,high,u_f039ae8777fdf0904e,AI热点定时汇总兼日记,digest
conv_25c0d5cc4fd4,LEGAL,OFFICE|COMM,high,u_e58f20713e35556e4f,文件法律风险分析兼会议提醒,digest
conv_3475f26df3d6,COMM,,high,u_c7c40880753e61f040,创建运营会议提醒,digest
conv_8a33cb4b071c,UNCLEAR,,low,u_e63bcb80d4f23be20b,仅说这个人可以不缺判断对象,digest
conv_d7fef15d12fa,HR,BIZ,high,u_e1148b4b90c67f0575,企业AI公司组织岗位配置,digest
conv_70f8b039a873,LEGAL,HR,high,u_3ecd926cd85606addc,孕期解除劳动合同成本咨询,digest
conv_f5d7f89883e2,OFFICE,,medium,u_0c1d8f5de7ffa46a8f,通用文件分析未明业务领域,digest
conv_956c87eca622,LEGAL,OFFICE,high,u_4db64a26d77244d8bc,股东名册变更填写,digest
conv_95916c359d7f,NEWS,OFFICE|ASSIST,high,u_20b0d2bd330e8d1749,国际动态查询兼绘图测试,digest
conv_9bfd4928da60,NEWS,,high,u_6c43d74ddfaf631484,当日股票市场信息查询,digest
conv_ad8d5cab61e5,LEGAL,,high,u_8f540407e061aac2e1,签署风险评估含误角色自述,digest
conv_fe8e6682fa62,BIZ,OFFICE,high,u_2aa641f468a5b525c0,专项资金申请路演演示,digest
conv_ed07dc361fc8,BIZ,,medium,u_0a8aa98195de86742e,项目申报背景未见任务指令,expanded
conv_49134274a38b,HR,,high,u_7fa4f6428676e7121a,后端招聘流程题库和评分,digest
conv_e17409b249a6,HR,,high,u_22d5fc068294904339,两份简历共同亮点总结,digest
conv_4e5891d04866,DATA,LEGAL,high,u_8800dab34fa7163ffe,三表财务模型兼所得税咨询,digest
conv_859a9d4744f2,OFFICE,,medium,u_9a27c58b56df4e77f3,未明领域文件风险分析,digest
conv_37a7fae29001,LEGAL,,high,u_ea90296476a05eb3e9,签署人风险评估,digest
conv_345eab51e00b,BIZ,,medium,u_814ba30f38a8a833f2,项目风险评估但项目未知,digest
conv_e3d8dd0683ed,LEGAL,,high,u_ea90296476a05eb3e9,签署人风险评估,digest
conv_09da2b5bffec,LEGAL,,high,u_ea90296476a05eb3e9,签署人风险评估,digest
conv_a413673d4a41,COMM,ASSIST,high,u_0ccf848028465c5780,下班提醒及无具体目标技能请求,digest
conv_142d76650dda,LEGAL,,high,u_63200acf62768aba55,协议风险点分析,digest
conv_0b258a2d669d,LEGAL,,high,u_b3e6bc815f19a52774,协议风险点分析,digest
conv_bba19cc3bca6,LEGAL,,high,u_9998b8ea1c658a0ffd,协议风险点分析,digest
conv_be8d15073865,LEGAL,,high,u_9998b8ea1c658a0ffd,协议风险及规避建议,digest
conv_986647175445,LEGAL,,high,u_5a799f66b7a76008b1,协议风险点分析,digest
conv_92c5e909d5ba,LEGAL,,high,u_d6922be0e586a4de22,协议文档风险分析,digest
conv_77bea0b4dd7a,EDU,KNOW,high,u_e01f0948ecda94995b,小学清明教案及知识库整理,digest
conv_ab073f3d4049,KNOW,OFFICE,high,u_d3518bc10583b170f2,知识库整理兼文件内容风险,digest
conv_ecb06a371522,KNOW,,high,u_d3518bc10583b170f2,整理知识库,digest
conv_40eb4affb7fd,ASSIST,,high,u_c107f69e98e83e5401,安装技能包,digest
conv_55acc04fcf79,UNCLEAR,,low,u_5e5a546003c97dc1a8,数字测试无可见任务,digest
conv_450c97147cdd,NEWS,COMM,high,u_e3989c7ebf1e40a2a2,定时查询金价看板,digest
conv_dbe753f9f607,BIZ,,high,u_6e0048ce8773d2ba65,公司股东信息查询,digest
conv_f1eae34d87e3,ASSIST,,high,u_6f4cfb9d4dc7f7b1aa,助手身份及上下文查询,digest
conv_583b1e285fca,ASSIST,,high,u_25e83ce7d05d95938b,助手称呼设定测试,digest
conv_35d8062b7376,ASSIST,,high,u_50b1ae8fa376a27dd9,助手称呼设定测试,digest
conv_f4602fe5ac79,LEGAL,,high,u_4df7e2defa77d01563,协议风险判断,digest
conv_1369fc5a95fd,OFFICE,,medium,u_3c82a60562564a6638,文件解读业务域未知,digest
conv_de1d6b525369,LEGAL,,high,u_2f2db344ca334a732b,协议主要内容分析,digest
conv_646d3f4ded2c,OFFICE,,medium,u_df4873b639d5c330dd,文件内容解读业务域未知,digest
conv_8374b9d73f57,ASSIST,,high,u_50b1ae8fa376a27dd9,助手称呼设定测试,digest
conv_50a11a0fdc5c,OFFICE,ASSIST,high,u_b60521f3934bc440f6,展板视觉设计及生图修订,digest
conv_9b126dfabd04,ASSIST,,high,u_7fd624121a18433ae0,查询当前模型,digest
conv_7ba0e0439045,OFFICE,HR,high,u_ad2762e9e307d25fba,展板海报设计兼招聘宣传,digest
conv_c7115885773a,NEWS,ASSIST|COMM,high,u_c3244a80b0e352b207,AI资讯摘要及定时推送配置,digest
conv_7280f3693c03,HR,,high,u_04e3917072462beb98,岗位职责简历匹配和招聘筛选,digest
conv_c452502dba53,HR,OFFICE,high,u_b129d5d8a58e484bd8,简历筛选兼展板制作,digest
conv_d3cabbe74862,DATA,BIZ,high,u_a78b15c78966f6d636,财务报表经营分析,digest
conv_7c90fd36e5bf,BIZ,,high,u_578cd9c37636cd775f,投资价值判断和关注要点,digest
conv_2f75e4f55a18,OFFICE,ASSIST,high,u_0c9364ce6c673b85c7,攻防箭推广动画制作,digest
conv_59c6e7735b71,OFFICE,,high,u_63d90122bc37d8299d,公众号封面图制作,digest
conv_7f22f382e293,BIZ,,high,u_e51d5c8598c945ae28,科技成果投资孵化筛选,digest
conv_214aed9afe2e,EDU,,high,u_b938914d10c3ce41d2,科学技术系统概念解释,digest
conv_61d7cc938e6d,BIZ,,high,u_80abddca17b966cef5,投资孵化项目价值分析,digest
conv_6d96fae27990,EDU,ASSIST|OFFICE|COMM,high,u_0357554f9b4663e1a9,论文数据审核及报告迭代,digest
conv_a268096e979d,KNOW,ASSIST,high,u_5c2357aeeab25e88b8,知识库整理兼模型查询,digest
conv_3bfd87c56765,ASSIST,OFFICE,high,u_df17070d3fcfc825ce,模型身份核验及对话总结,digest
conv_68f1d97e36b5,BIZ,DATA|LEGAL,high,u_bcb594becd5c94201e,估值敏感性分析和对赌条款,digest
conv_a91dfc6d0713,KNOW,COMM|OFFICE,high,u_31da657c4e9f6cb86d,导入笔记兼提醒与文件解读,digest
conv_f8514c1e581a,LEGAL,,high,u_40836ea0e18934164f,合法税务筹划与主体变更,digest
conv_58c06c2fe01d,HR,,high,u_da613133e0624872ac,前端岗位简历筛选,digest
conv_946d32d6e89b,HR,,high,u_389e0c9dfb18892166,后端岗位批量简历筛选,digest
conv_45e57ea5db1e,OFFICE,,high,u_8c97f5b7a381675587,计划书仅重设计配色,digest
conv_bebf10fc7e18,HR,,high,u_23755a7a099d88337c,后端岗位批量简历筛选,digest
conv_0503838df11d,HR,KNOW|ASSIST,high,u_4f2ae2acec0bc82972,简历评估兼知识库技能操作,digest
conv_bb67b3039ec2,HR,,high,u_fe908dd11967821601,临床经理简历匹配与面试题,digest
conv_d6475abe2258,HR,KNOW|COMM|ASSIST,high,u_8713d89aed14354059,简历评估兼提醒与知识库,digest
conv_a0acca374419,KNOW,,high,u_d3518bc10583b170f2,整理知识库,digest
conv_f7c708bf6afb,HR,,high,u_daa9d9a3ab57ed9d29,前端录用判断和职业发展,digest
conv_95b21907a300,ASSIST,,high,u_74544412458ef7e05c,查询工作区宿主路径,digest
conv_3ada2d9f53bf,EDU,COMM|NEWS,high,u_6176a404eef7d425d2,语文教案兼午休金价提醒,digest
conv_4e1b9507c122,NEWS,KNOW|ASSIST,high,u_30fd76e43ccc09e248,AI新闻汇总至飞书,digest
conv_9b4e2088c6bf,BIZ,,high,u_9045ce7806f7cfa094,科技成果投资价值分析,digest
conv_80e86b5805f5,OFFICE,ASSIST,high,u_562c39f02f6454398a,射箭推广脚本和图片制作,digest
conv_79ca65c436ba,HR,,high,u_c4ff605e0e2a561896,学习三份简历未明筛选标准,digest
conv_ee979d0d59fb,DATA,,high,u_280b16f9a810641338,新旧项目表格信息差异核对,digest
conv_45f703ea1ccc,HR,,high,u_dd719ba9b81032722d,后端岗位简历筛选,digest
conv_f71f86e2f9f4,HR,,high,u_b68dc96213de261550,后端岗位简历筛选,digest
conv_c0c78dafec9c,OFFICE,,high,u_508d8722aa0dec7709,国际会议PPT封面生图,digest
conv_30474e7027ac,OFFICE,,high,u_508d8722aa0dec7709,国际会议PPT封面生图,digest
conv_2eaea927aa1f,COMM,ASSIST,high,u_ccf9eef39339ff3b1d,预约腾讯会议,digest
conv_0c4d5e5a33a8,COMM,,high,u_a2deaa04fd271b08f4,会议预约及提前提醒,digest
conv_ad07600e5b01,OFFICE,ASSIST,high,u_acbd4b02c932fe3d76,图片OCR内容识别,digest
conv_5f409449437d,OFFICE,,high,u_9b6f20cdd5927a6612,识别图片内容,digest
conv_6df7a6815921,TECH,LIFE,high,u_4b24a5d5bc30605ff9,Windows磁盘格式化排障,digest
conv_0817b37dc981,KNOW,,high,u_5c2357aeeab25e88b8,整理知识库,digest
conv_21063e379350,KNOW,COMM,high,u_06ef5b1f0145c382a3,笔记导入及工作讨论提醒,digest
conv_d5047f96985d,TECH,OFFICE|COMM,high,u_284e28c921f6abb739,研发技术周报发布飞书,digest
conv_7c09ae1a1aad,KNOW,,high,u_5c2357aeeab25e88b8,整理知识库,digest
conv_2817265d88c6,OFFICE,BIZ,high,u_22d76cb68a20543da4,识别手签人名并查背景,digest
conv_e637010e3cc7,NEWS,,medium,u_f0ffce78beaabb40b3,事故消息仅陈述未见操作目标,digest
conv_fa8adda38d0c,NEWS,ASSIST,high,u_31d92ed748c58f507c,事故新闻权威核实和简报,digest
conv_bd88857b0159,NEWS,,high,u_666feb94d6f112deb2,获奖日期主办方精确查询,digest
conv_4377ee09b26e,NEWS,,high,u_92b5d5e21126a571c1,社交媒体转发消息核实,digest
conv_3d1ab6fc0480,NEWS,ASSIST,high,u_a139a4e2759743c46f,当日股票行情查询,digest
conv_c67fe6e24b4d,NEWS,ASSIST,high,u_92b5d5e21126a571c1,新闻真实性核查兼模型状态,digest
conv_3487c465a260,NEWS,ASSIST,high,u_ed0295a6fa4ec30b18,股票行情与检索能力查询,digest
conv_dcb9efdfa49a,NEWS,,high,u_92b5d5e21126a571c1,社交媒体转发消息真实性核查,digest
conv_de462a75d1e4,TECH,ASSIST|KNOW,high,u_80147ff9653d84c939,研发模块需求规划兼飞书对接,digest
conv_253f45113419,OFFICE,,high,u_7625c3aa3685afa178,创建飞书文档未给具体内容,digest
conv_6347576535a5,EDU,TECH,high,u_0b5289b633e1a97519,物理作用力HTML演示,digest
conv_adc77063b575,OFFICE,,high,u_92763c443832cab205,绘制华师大校门,digest
conv_8714afcf3204,OFFICE,,high,u_92763c443832cab205,绘制华师大校门,digest
conv_f1e547631e03,OFFICE,,high,u_691f26418de55ed3c1,卡通蝌蚪图片生成,digest
conv_7f2caa83860f,HR,,high,u_2307740d182aa2c3c4,候选人匹配与面试清单,digest
conv_2c64cda62a40,EDU,,high,u_0b5289b633e1a97519,物理作用力HTML演示,digest
conv_5e17aa09db7c,LIFE,LEGAL,high,u_03984fd5454d7037b5,个人信用卡盗刷应对咨询,digest
conv_d416261a283e,HR,OFFICE,high,u_502f0ac82149ff9a2f,组织盘点员工问卷结构优化,digest
conv_e35903a5c526,EDU,,high,u_61cccce29363d0a350,摩擦力教学演示动画,digest
conv_25f59d660ad2,EDU,,high,u_f80b3b263ab4f748c3,化学反应演示动画,digest
conv_cba364c8feae,HR,,high,u_ac388c864b6ca9b7b6,候选人毕业时间及资料汇总,digest
conv_8805f85ed434,HR,,high,u_708926ca6e946cf414,医美器械岗位面试问题,digest
conv_6c6f4d5e40ee,OFFICE,ASSIST|LIFE,high,u_c8a44240e161a041f7,文件解读兼时间时区查询,digest
conv_e31e2cb7678b,HR,,high,u_636412e5dc266d2f9f,后端工程师简历筛选,digest
conv_c872b4fe1f8f,HR,,high,u_324f8f38668f692a66,技术经理人职称咨询,digest
conv_15e56f4ac60b,HR,,high,u_b02832a63f3e91be92,前端岗位简历筛选,digest
conv_c0ad21ccaf5d,EDU,DATA|ASSIST,high,u_aa36aec52f637c6476,科研数据审查和报告,digest
conv_8d9fc90a248a,HR,,high,u_1a48bd12647c6b5608,益生菌研发助理简历筛选,digest
conv_a78844b68f3d,ASSIST,,high,u_4b4c70402472e74328,查询概念验证报告技能,digest
conv_35fde4c7bfb8,BIZ,OFFICE,high,u_48fcd1458415c713b5,概念验证报告撰写,digest
conv_ef03550765dd,BIZ,OFFICE,high,u_e52ae3f13b287978ba,概念验证报告修改导出,digest
conv_593775136ce2,EDU,KNOW,high,u_913106efbe003c54d5,论文数据质量审查,digest
conv_2800f7d02600,BIZ,,high,u_4002e08e9c3d19381a,投资视角项目评估,digest
conv_fba4b9437378,OFFICE,,high,u_152f0c96d5c65e91e6,幽默风格文案改写,digest
conv_289696b3789c,ASSIST,TECH,high,u_a58043764625de0151,技能下载及服务器命令测试,digest
conv_1297c74c3e35,EDU,HR|OFFICE,high,u_cff5b7f4d3a987b380,数据智审兼简历阅读,digest
conv_3c7308af3676,EDU,ASSIST,high,u_5b3355073b7ebd0555,高中遗传规律教学网页,digest
conv_c3275a9358c1,ASSIST,,high,u_41a1113627002c1ef4,当前模型查询,digest
conv_666784033938,EDU,TECH|ASSIST,high,u_46d7be815b205b8d5c,生物教学HTML兼平台安全测试,digest
conv_60dce04e5f40,ASSIST,,high,u_a58043764625de0151,下载列出前端设计技能,digest
conv_8a594fd46217,KNOW,,high,u_d3518bc10583b170f2,知识库整理及记忆查看,digest
conv_b688e45cc6a3,ASSIST,,high,u_f8509ce501007fd8bd,下载HR技能列出文件,digest
conv_e1394bb92ca8,EDU,DATA|ASSIST,high,u_8829ee822ecbefdc8a,教师数字素养问卷调研分析,digest
conv_254f8638a685,EDU,OFFICE|ASSIST,high,u_1d8d20e9a7bc68dbf2,论文数据审核及PDF水印,digest
conv_ab3863a19fb2,OFFICE,ASSIST,high,u_706d7aa0c3603403b8,PDF水印尺寸迭代并总结技能,digest
conv_b34d3845b817,BIZ,OFFICE,high,u_05074dc4ff956f1914,项目概念验证报告撰写,digest
conv_885854b82f34,OFFICE,,high,u_aab9e4c7fe8d6472ff,文件加水印,digest
conv_470d66397a7d,OFFICE,,high,u_cf08ea8b0e8f41eb6a,文件水印内容样式设置,digest
conv_765c20cde1f6,OFFICE,ASSIST,high,u_5e8f25c6b3370f35e3,PDF中文水印排障与技能更新,digest
conv_59bebaeb3bab,ASSIST,OFFICE,high,u_f31ab5889b69ff2ef3,配置密钥查询技能导出及文件审查,digest
conv_5785a8ce4b6a,OFFICE,,high,u_5e8f25c6b3370f35e3,PDF加水印,digest
conv_8339875f170d,OFFICE,ASSIST,high,u_6b275860d6bad6a65e,文件水印及技能使用询问,digest
conv_2b9e9c0c5202,OFFICE,ASSIST,high,u_638bdf30f9bd059eb3,文件水印及默认技能偏好,digest
conv_88a0774cb062,OFFICE,ASSIST,high,u_aa537ca23ef569a25c,文件水印及默认技能偏好,digest
conv_f69cc62066f1,OFFICE,ASSIST,high,u_4da752ddedd685638e,水印字体迭代与经验保存,digest
conv_f34d1eb4b810,OFFICE,ASSIST,high,u_92f16a395e74908a44,水印制作兼技能安装,digest
conv_60a01d8fdce7,EDU,,high,u_bf3c462d7700b2330a,太阳系科普HTML动画,digest
conv_d1ef29d65e7a,EDU,OFFICE,high,u_88e09e2f5e1d618a95,教育项目成果官方汇报,digest
conv_2e5ebc80c255,HR,,high,u_60cdedb04fba3bb5a1,岗位简历筛选含安全包装,digest
conv_e7ba7bb57e7c,EDU,DATA|ASSIST,high,u_be1f02af40621418c8,科研论文原始数据交叉核查,digest
conv_2d49ad7e7177,HR,ASSIST,high,u_162cb5585b9a8422c7,临床经理招聘关键词和岗位技能,digest
conv_f01a04f4059d,HR,ASSIST,high,u_ff432ef2c04efa482e,采购岗位描述更新及简历匹配,digest
conv_b952ca821b23,LEGAL,EDU|OFFICE,high,u_7257061380290407f9,开源许可分析兼论文数据审核,digest
conv_a9ed333e7694,HR,,high,u_f80c6448cf4d9190a6,两份简历阅读,digest
conv_e97e4ded4556,HR,,high,u_c7caa7c8843fc50ac7,临床经理岗位简历筛选,digest
conv_0471e84eb55a,HR,,high,u_c1ebcdd4cd05fec090,科研助理招聘及候选比较,digest
conv_8a146adfec32,EDU,,high,u_d7ff27581f327bc18e,济南的冬天教案制作,digest
conv_8113f92a63c0,EDU,,high,u_f927da2bb4e8419f45,太阳系科普演示动画,digest
conv_bb5fd9d54d25,EDU,,high,u_8e9fda6ecfb6a9bc37,太阳系科普演示动画,digest
conv_c32c1e68baee,BIZ,,high,u_8be7b37d039337c8de,企业AI赋能产线方案调研,digest
conv_80ce11dd162c,EDU,OFFICE,high,u_94611bc199ac2f5aef,对外培训定位与介绍材料,digest
conv_c4d47b40b366,BIZ,HR|ASSIST|OFFICE|EDU,high,u_05e74e680ae9bbb753,用户画像销售话术兼招聘流程,digest
conv_c41ebd39b457,BIZ,EDU,high,u_983c60479d932946a4,企业尽调与概念验证分析,digest
conv_54133f1be693,OFFICE,,high,u_fe3c5998b390bcd1d1,报告转为演讲PPT,digest
conv_9a01ad5a8c91,LIFE,KNOW|OFFICE,high,u_ea3dbc466f16d25988,中英文日记模板及存放,digest
conv_e6fdd2e394f4,DATA,EDU,high,u_295c456d62e3114c7e,学校表单去漏核对行政区归属,digest
conv_1e7f38d9104c,OFFICE,,high,u_e2a19f268d99a5d688,文件一句话摘要,digest
conv_d702dce9aea0,OFFICE,,high,u_140db6c50bc4e4c4f1,产品宣传视频脚本迭代,digest
conv_478c70865520,LIFE,,high,u_410f6dac5314cf1e52,晚餐安排,digest
conv_0b513e1b672a,EDU,ASSIST,high,u_2ebcb6c2890aaa468c,技能生成研究及研究助手配置,digest
conv_a16010f04b10,EDU,ASSIST|KNOW|OFFICE,high,u_a937bc853a964aff8b,研究基线实验与论文撰写,digest
conv_13fe75fa739b,OFFICE,,high,u_eaf113dcde69dbb85f,华东师范大学校门绘图,digest
conv_d973893a0b74,BIZ,TECH|EDU|OFFICE,high,u_eb7c9b126eaaff0485,语音产品竞品及集成需求设计,digest
conv_0465a450028a,BIZ,OFFICE|ASSIST|NEWS,high,u_0996a87f2e58a9f275,创业战略及内容运营规划,digest
conv_6f49be523ffa,EDU,ASSIST,high,u_e9fdb695c34fc30c87,论文红线审查及审查技能配置,digest
conv_76ede267a04a,EDU,ASSIST,high,u_7a5902d0e24ee13f61,教师AI能力评价方法研究,digest
conv_ca2369adba0b,LIFE,OFFICE,high,u_d0ddd3d20bd2c3cf11,学生自评典型事例润色,digest
conv_e17f873c3068,BIZ,ASSIST|OFFICE,high,u_b4f502b063178f48cb,早期与成熟公司投资判断,digest
conv_9fe4b6a60daa,ASSIST,,high,u_e90c66d285cfb9cf5a,下载科研评审技能,digest
conv_5a094a146e3a,BIZ,KNOW|ASSIST,high,u_f4db373a15fe10d17d,AI量化交易研究兼资料操作,digest
conv_5ffcfbd5fb69,BIZ,,high,u_d1b69426d43cbc1d0d,AI量化交易研究,digest
conv_643d484ad21a,BIZ,KNOW,high,u_e5f2200624b2978c6b,AI量化交易研究兼知识库,digest
conv_f3eb9b1e831c,BIZ,KNOW,high,u_3c25d965b8a799d29d,量化交易研究及记忆查询,digest
conv_37b1a047ccc5,EDU,,medium,u_d6fe43e414ef7eff46,电池专利分析具体目的未知,digest
conv_c1ce48280769,EDU,,high,u_78d1f020a8525753f7,太阳系科普HTML动画,digest
conv_a78e498eea8d,EDU,,high,u_78d1f020a8525753f7,太阳系科普HTML动画,digest
conv_d8448984d033,OFFICE,,medium,u_5a2cbf1a6ec5b81bfd,审查报告生成但对象不明,digest
conv_f066a0b5ae1d,OFFICE,,medium,u_e6b016d42f71312000,审查报告生成但对象不明,digest
conv_5f36dde87ab8,EDU,,high,u_fc8970f4b4059412ed,论文数据质量审查,digest
conv_00b903a3ebe9,EDU,,high,u_143759e3a72b1fa1c7,论文数据质量审查,digest
conv_6ad7c7eaf079,OFFICE,ASSIST,medium,u_c00e110fa6a92178cd,报告审查及对比具体领域未知,digest
conv_b8618dade74b,EDU,,high,u_fc8970f4b4059412ed,论文数据质量审查,digest
conv_77ac8a695c37,EDU,NEWS|COMM,high,u_60b159c0bbacc92bc9,定时追踪高校顶刊论文,digest
conv_a01a23912186,NEWS,,high,u_24dbbf8387f83d0f33,AI资讯推送摘要,digest
conv_09ee1c37b94c,NEWS,KNOW,high,u_4fab7e79626a55bc0d,一周AI资讯摘要兼记忆查看,digest
conv_d72d8c5fdd4f,KNOW,,high,u_3964fbe23ee4c55441,基于聊天记录回顾本周活动,digest
conv_63914080dfaf,KNOW,OFFICE,high,u_5c2357aeeab25e88b8,知识库整理及PDF重新生成,digest
conv_246b5e915810,EDU,LEGAL,high,u_22a48d67fcecc2fee9,课程作业需求设计兼基金审查,digest
conv_9e7f8c1f3083,KNOW,,high,u_5c2357aeeab25e88b8,整理知识库,digest
conv_62b59deb8bd3,EDU,ASSIST,high,u_0fa13c0e8525c50842,论文审核及技能重试,digest
conv_c19f3434fa4f,EDU,,high,u_cc599886616536724f,论文审核,digest
conv_8748935e7377,OFFICE,,high,u_540f937b29a6149398,产品介绍文档审阅,digest
conv_bd7db8dabd3c,KNOW,,high,u_5c2357aeeab25e88b8,整理知识库,digest
conv_ec8d4abd9de7,KNOW,,high,u_5c2357aeeab25e88b8,整理知识库,digest
conv_d9c8b76a2dae,KNOW,,high,u_5c2357aeeab25e88b8,整理知识库,digest
conv_639563c765e9,OFFICE,,high,u_883f9e910ce80ee1aa,报告审阅领域未知,digest
conv_80740772eeb5,ASSIST,COMM,high,u_5553041ddfb0d50675,平台安全测试兼下班提醒,digest
conv_cf90ee4b2907,KNOW,,high,u_5c2357aeeab25e88b8,整理知识库,digest
conv_9af1f51c4560,OFFICE,,medium,u_a0cc47c752a0b3fbd1,审阅并导出文档领域未知,digest
conv_27ed3bb8f04f,KNOW,,high,u_5c2357aeeab25e88b8,整理知识库,digest
conv_76e4be35112f,EDU,KNOW,high,u_2d172404d6ecc3ce3d,论文数据质量审查及知识库,digest
conv_3e2b7b34534f,EDU,,high,u_d41d54cbb9bc575dac,论文数据质量审查,digest
conv_cedd7472177e,LIFE,NEWS|ASSIST,high,u_3ae678b792a8ae31f5,餐厅食物地址评论汇总,digest
conv_6cdcaf5433ea,NEWS,ASSIST,medium,u_1e81d676dfe41a0fbd,网页信息抓取具体主题未明,digest
conv_d6918e9034d3,LIFE,OFFICE|ASSIST,high,u_58375f60d150a7f0b9,旅行行程图册及经验沉淀,digest
conv_ef55dcd8789d,ASSIST,,high,u_e1b4190ce242b4a5af,下载科研技能包,digest
conv_3091cd80dbb4,EDU,ASSIST|OFFICE,high,u_90e59bcd1b4b2f6d65,脑机文献检索和科研技能测试,digest
conv_6e05298eec39,EDU,,high,u_c97c39f666451f1fe4,论文数据审查并导出报告,digest
conv_6fc7603b4f73,EDU,,high,u_677a3ec239706788ad,包装内原问题为论文数据审查,expanded
conv_6b24fb79bb00,KNOW,,high,u_2818e1de1651e52fd0,知识库整理兼不明格式咨询,digest
conv_bd88f614a510,KNOW,,high,u_5c2357aeeab25e88b8,整理知识库,digest
conv_67a9ccb4c303,BIZ,OFFICE,high,u_fb6cc68321cd97cee7,AI量化交易演示材料,digest
conv_491ff62e803b,EDU,,high,u_6c470597a8db8af2b6,教师培养能力与职称指标评价,digest
conv_13e38f017a30,HR,,high,u_ea313bc22437d2b1ae,后端工程师简历筛选,digest
conv_29a71bbedc21,EDU,,high,u_2dd343445f0120849d,机器学习概念及学习资料,digest
conv_41714c5a51d3,EDU,,high,u_2c012f486aa6204d85,教授论文检索和论文审核,digest
conv_73bd367dbdbf,ASSIST,UNCLEAR,high,u_06c77c9c0cb66b26d0,助手身份及不明计划查询,digest
conv_e9b349be9fc3,BIZ,OFFICE,high,u_ded5b813f9a102f30e,投标文件扩写及公司抬头更新,digest
conv_f075f2e6dfea,BIZ,NEWS|LIFE|OFFICE,high,u_483402138a470183b7,产品竞品分析兼体检与热点,digest
conv_4a378f051f47,HR,,high,u_baea82d85c8c8e7f93,前端工程师简历筛选,digest
conv_371a64fe50a1,EDU,,high,u_2e39113dbc98e17f9a,论文源数据与质量审查,digest
conv_5e32c5929830,EDU,,high,u_a85932b30785f325aa,论文审核,digest
conv_0355f1cdd002,COMM,NEWS,high,u_0edf64f948ce0faaf4,吃饭下班午休与新闻提醒,digest
conv_bd39d19c227c,DATA,OFFICE,high,u_1b0db042719cd2647d,表格数据及文档内容分析,digest
conv_ac76ebbc45cb,NEWS,OFFICE,high,u_928331359adddd0892,今日金价查询并生成文档,digest
conv_5bf71abe3d2c,NEWS,OFFICE,high,u_134d6bf09da4603b0c,今日金价查询并生成文档,digest
conv_a888b4c97f1c,KNOW,,high,u_d3518bc10583b170f2,知识库与记忆整理收录,digest
conv_4dd6bb0ca0a9,OFFICE,,high,u_8bb12789cc65eb4c7c,PPT压缩为单页,digest
conv_d3b35bbaf6ed,LIFE,OFFICE,high,u_b14f265c2dd8b6bf51,亲子自驾游完整行程图册,digest
conv_d52c86d7ea48,EDU,,high,u_80abc4058e3f16d3ff,语文教案生成,digest
conv_21de4e1cd007,EDU,,high,u_dc0a4d172842ea9dbb,口语训练英语教案,digest
conv_1484e8af3800,LIFE,,high,u_e97cc9ca8fee613661,端午亳州旅行餐食规划,digest
conv_27a5d2df0f04,LIFE,OFFICE|ASSIST,high,u_b5cfb3fb72c007d2c3,亳州旅行行程与图片制作,digest
conv_f0d878d4053a,OFFICE,,high,u_b5681b3cf61d150771,项目介绍压缩为单页PPT,digest
conv_383a91943829,OFFICE,,high,u_ce8655cf22afac1a91,项目介绍压缩为单页PPT,digest
conv_7e7d3c01d5af,OFFICE,,high,u_24bcb1a62175c61355,项目介绍压缩为单页PPT,digest
conv_b9d192f88ea5,OFFICE,,high,u_d997616107374e5324,项目介绍压缩为单页PPT,digest
conv_09e225ee61ad,OFFICE,,high,u_d997616107374e5324,项目介绍压缩为单页PPT,digest
conv_6c5c4efafced,EDU,,high,u_ae582e95bb788fa280,量子力学论文写作,digest
conv_bd5bd7f58c93,EDU,,high,u_627d13e846e24770af,材料计算物理论文写作,digest
conv_ab37e83e24c8,LIFE,COMM,high,u_1fb35ed606c93a8a77,定时生成苏州旅行计划,digest
conv_05569cdad92c,EDU,,high,u_a554890d9591a97873,材料化学论文写作,digest
conv_0117987f8760,LIFE,,high,u_a2d32ec90688d5d736,当天天气咨询,digest
conv_7538f7469cbe,HR,,high,u_7730ef148612f15cb9,医美采购经理简历筛选,digest
conv_3dd6019a60a3,OFFICE,,high,u_d9d6191395c50f344b,基于报告生成图片,digest
conv_56aa032f17a8,TECH,OFFICE,high,u_1bf85de44318e3a77d,输入法动态皮肤产品开发,digest
conv_abba8995a3a6,TECH,ASSIST,high,u_ff6e58792ada27d7c1,按需求进行代码开发,digest
conv_2e03834fce5c,ASSIST,,high,u_8b3f8603a07265bb7e,检查文件是否存在,digest
conv_add7e6b70a20,UNCLEAR,,low,u_d39ed0f5c547f9dd03,仅附件续处理无可见目标,digest
conv_ea9b88b23b98,HR,ASSIST,high,u_1fe5a4e3e8c9825395,前端工程师招聘流程,digest
conv_047555b8a77f,EDU,,high,u_0d82af23b4d5b4c1ec,硕士生导师招生指标方案评价,expanded
conv_c6f75a2f2618,ASSIST,,high,u_54c34f26abb6a8d4bd,安装技能商店与浏览器技能,digest
conv_8b3d572e9c17,OFFICE,,high,u_f9a91f4d0bb02f3c71,非遗元素盲盒产品生图,digest
conv_007d40b3886f,EDU,OFFICE,high,u_073a91359cd5a0be3e,高校基金申报形式审查清单,digest
conv_221f18eb70c5,EDU,,high,u_f8e5b4f57ea7e947eb,研究生开题报告评审,digest
conv_617351bdbbec,UNCLEAR,,low,u_19f6bcac31b52d65e4,仅问候无任务,digest
conv_eca9c2676037,EDU,,high,u_ca190ffacba5e8673a,太阳系教学HTML,digest
conv_e2ecbc6378d2,OFFICE,,high,u_1784e18fa2a434a8f5,华师大校门图片生成,digest
conv_d44142937e38,TECH,,high,u_c0f2d6cfa89618a8c1,网页我的世界游戏开发,digest
conv_535bbdb37dc6,LEGAL,,high,u_ed3a1d5c079f04e791,技术服务合同免税政策咨询,digest
conv_fb33437938a8,HR,,high,u_5c6cdaa3f387c7e115,前端工程师招聘简历筛选,digest
conv_06d3b452f1d2,HR,,high,u_3dbb7e5f980331f990,后端工程师招聘简历筛选,digest
conv_dd2a679e1b52,EDU,,high,u_73e407260118ff97e4,论文介绍与问题评审,digest
conv_4e162c7672f8,BIZ,OFFICE,high,u_99f177ef9001218cbc,招标文件响应与标书制作,digest
conv_1c0d9eac8df9,OFFICE,,high,u_dfd3c81fb7f064edac,凤凰文创盲盒设计生图,digest
conv_12b4ea8ff451,OFFICE,TECH|ASSIST,high,u_5b51a88fac27fc5348,盲盒设计图及3D建模文件,digest
conv_afaa4576fb6d,OFFICE,ASSIST|BIZ,high,u_c1ed9f1baebdba7359,产品图片改风格及技能管理,digest
conv_1bf8f5ab6844,BIZ,OFFICE,high,u_84b6e18bc208348286,AI软件产品宣传视频案例检索,digest
conv_299aa1b64659,OFFICE,,high,u_18a7f21258bf4a56bd,图片风格配色标题修改,digest
conv_1695d8fd2aca,OFFICE,ASSIST,high,u_1f3802ce253b9a3842,图片风格配色标题修改,digest
conv_d8fbcde67f8c,ASSIST,,high,u_b9df2ca651d32b4a73,科研技能安装使用说明,digest
conv_0fd9153df042,EDU,OFFICE,high,u_e092511058feb7c30c,论文组会PPT制作,digest
conv_83ece9c50c5b,EDU,,high,u_e9938673c2656c06d5,期刊勘误信写作,digest
conv_f539633216ff,LIFE,,high,u_adab870896c6f0b435,地址邮编查询,digest
conv_f3899c95bced,EDU,LEGAL|OFFICE,high,u_2df237be8c8cdf0846,审稿回复专利草案与学术图,digest
conv_4f2166e19a21,EDU,OFFICE,high,u_1436f1f7d2277f05c5,论文审稿评估及双语PDF,digest
conv_b6fdc6fd06f6,KNOW,COMM|ASSIST,high,u_0656aeb62d54d3c55e,知识库整理兼下班提醒,digest
conv_fcfb51a85b55,ASSIST,,high,u_d9e5d8bc862f45afef,论文技能安装与使用查询,digest
conv_7993eeb902fe,ASSIST,NEWS,high,u_2f3ec5837a3fdc0625,企业个人技能管理和模型价格,digest
conv_8768b45e6be3,ASSIST,,high,u_3efbe91ebb2cba2abc,企业技能管理策略分析,digest
conv_b60543ef082b,ASSIST,,high,u_b73753623a1226eaa8,查找名人话题讨论技能,digest
conv_61455080acde,ASSIST,,high,u_24aa71c910dd606dae,真实用户发起技能管理辩论,digest
conv_7be8a0b341b5,NEWS,COMM|OFFICE,high,u_b5a287cb8a6f29a2d1,AI资讯自动推送修改,digest
conv_f3f23594ca10,BIZ,OFFICE,high,u_7bb5a3bad5811b3b2e,公司项目研究及介绍图,digest
conv_5848e79bc83a,BIZ,,high,u_21237c445cd8f3f99a,公司融资与股东查询,digest
conv_28cc7559789d,TECH,,high,u_9b1f3019a5d8e82bb3,根据开发变更创建工作项,expanded
conv_143452559f75,TECH,ASSIST|COMM,high,u_430fdf64ed18c9fb97,研发缺陷需求分类建单,digest
conv_0e044ee4939b,TECH,,high,u_d25818a0f8c6c69298,Windows磁盘空间清理排障,digest
conv_4bfa8b7c264c,LIFE,,high,u_aaaf0b43a7b819699f,赴玉树航班转机方案,digest
conv_08457c6c88dc,OFFICE,,high,u_894efa035e67af475c,文创凤凰盲盒设计生图,digest
conv_05cd858151a0,EDU,OFFICE,high,u_86591af11e76b898f2,人工智能发展史教学PPT,digest
conv_b1207ff6818a,BIZ,OFFICE,high,u_242ac0d1e2073e0a35,世界杯盲盒创业计划及设计,digest
conv_aed339d701a8,EDU,TECH,high,u_568b66789c00ee0fad,儿童汉字学习网页,digest
conv_7bd66d286bf2,OFFICE,,high,u_18034524bf80671d2c,球员盲盒系列及产品介绍,digest
conv_d0f34d1af8da,OFFICE,,high,u_18e963091684b7e396,产品图片画册及PDF合并,digest
conv_600eff249286,BIZ,OFFICE,high,u_935bbe868617440552,世界杯产品创业及视觉品牌,digest
conv_158e9b7436ea,EDU,TECH,high,u_881161e3ea6a5d6106,教育产品需求设计,digest
conv_2c2d2c4d0df1,COMM,,high,u_ef85e8da923e4a153a,邮箱授权配置与发送测试,digest
conv_94a2c0df9209,HR,,high,u_4e8d043a8cd9288152,招聘岗位描述生成,digest
conv_bc4bb2ab92da,COMM,,high,u_29847035e8d2db4463,测试邮件发送,digest
conv_cd1a2871756a,HR,OFFICE|COMM|ASSIST,high,u_8a8faae01c5d039dc9,AI全栈岗位JD及招聘邮件,digest
conv_87720849b6d2,ASSIST,,high,u_ac90bf2a23872f862d,公文格式技能安装删除,digest
conv_298ecdab62b0,BIZ,DATA|OFFICE,high,u_960ac4ceeb0c51eb41,标书编制报价调整兼问卷工具,digest
conv_b690cb0329cb,ASSIST,,high,u_679cf3f6444cb335cd,旅行技能打包导出,expanded
conv_f86228cc1241,ASSIST,,high,u_073f91530501e151bf,查询助手身份,digest
conv_3267a1dd85aa,BIZ,,high,u_a51d59d421854f3654,成果转化项目分析与提问,digest
conv_98d45aba0065,TECH,OFFICE|BIZ|KNOW|EDU,high,u_4127e7eb758268059a,软件平台需求报价及文档设计,digest
conv_de780b6ee019,BIZ,,high,u_4456e773cf03fca57f,项目路演评价及成果转化建议,digest
conv_3a5cf1988000,COMM,,high,u_29847035e8d2db4463,发送测试邮件,digest
conv_987ef318052a,ASSIST,,high,u_5d0c3ce849ee1f4fe5,安装及卸载技能,digest
conv_badb85c94e9c,UNCLEAR,,low,u_f3705eb2587c4883e2,只有数字回复无可见目标,digest
conv_f4619ddcd27d,EDU,,high,u_11cd5f72a75dd59de0,教育软件白名单咨询,digest
conv_749baacff5ca,LEGAL,,medium,u_27a7a417c53e7f1325,乙方技术交付标准补充,digest
conv_2c3193eb1cd6,BIZ,NEWS,high,u_5f0056a41c0684b9c5|u_1aaa5eb026faaf409b|u_adf10729de183d7cf0|u_8fe982f1bc15480c5f,病理AI创业规划兼新闻理解,digest
conv_3a4f18d72252,OFFICE,ASSIST,high,u_eadbd2a6b8c8a8ef3f|u_363497c2213ba08adb|u_3660f7244b7416c92f,文档转PPT兼技能安装,digest
conv_a3988f16cc4d,OFFICE,,high,u_845d91c121261d5bca,新闻摘要生成海报,digest
conv_3f2f18da4d3f,LEGAL,,high,u_b6692d40de2c495c08|u_2ac593ec96f22eaf2a|u_20d0c78323be38e5e4,乙方技术协议交付风险修订,digest
conv_ffe83d76198a,OFFICE,TECH,high,u_46ff9965f8335336e2|u_634afa22be1d6ca97d|u_0502c91981fe948cc7,摘要生图兼API可用性排查,digest
conv_7485225ea7e3,BIZ,,high,u_38bec2345ee0b974b3,技术先进性及产业化评估,digest
conv_26d4ec4d7c25,BIZ,OFFICE,high,u_6fb98c94302df6f503|u_e0d9097abec9b718aa|u_1ba9f065d7dbbf1c0a|u_b1f54ae1505bc94343,孵化投资风险调研兼文章选题,digest
conv_6a3dfb1d1ebc,EDU,,high,u_84e716b58dd0bd7ef7|u_64facd586a59c4d208,查找下载通信超表面论文,digest
conv_61a472bf9ac9,BIZ,,high,u_b78fcdf994f6edb60c|u_67c15abb5fe32b611d|u_3aae1de89df979b7c5,概念验证及技术转化评估报告,digest
conv_770819efaa18,EDU,,high,u_4074743bb831bfc9ad|u_2f63d5c303e3499fb0,论文质量及科研诚信审查,digest
conv_27abfa260f9c,HR,,high,u_3cde31ae9849364266|u_f9a21e36731261eea2,向学校人事处提出人员申请,digest
conv_50da7dabddba,BIZ,OFFICE|TECH|KNOW,high,u_6dd66295fd23e74131|u_9d2eb5e4fbb261d7b0|u_6d94541468fc13aa89|u_367579dd9113c04d53,企业产品叙事兼文章与记忆管理,digest
conv_d4d7037451a5,BIZ,,high,u_5e0b4d202bad8b7b14|u_652130be554e0aaea6|u_48d77b160e32acf67e,企业产品定位及商业计划书,digest
conv_a49d5bb92bc6,OFFICE,,high,u_2d3aa8a21807d8c3da|u_ed3c54f28c850923cd|u_d7761f6cf6c614bfe1,逐页绘图并修复PDF拼接,digest
conv_c2e28f5e5a97,BIZ,,medium,u_d69de57eaff68ebb35,明确成果转化评估但要求稀疏,digest
conv_2bb96bd4181c,HR,BIZ,high,u_86dd5fc068f2ee942a|u_e394780d55c8b6d449,360问卷工具咨询兼公司简介,digest
conv_22735168dc9c,HR,EDU,high,u_c3e42718fbfdfa9b56|u_f200857ed888e35289|u_e2de9a68fabbeea80b,商务员工评价招聘兼教学评分表,digest
conv_165f28715224,HR,,high,u_662e2dde6ad8553de0|u_bf82f0143192bfa029|u_b1f0f692b60711957b,岗位JD与多候选人匹配,digest
conv_5c2f401a22a3,BIZ,,high,u_5a39411776ffcb4152|u_54f36f405fb9582782,企业产品BP逐页设计,digest
conv_24de551a33dd,EDU,,high,u_401eb4a19cad41be21|u_4a2d3a9a470a8d09d0,培训学员寄语文字润色,digest
conv_f4b82e638325,OFFICE,COMM,high,u_63301d16664bfc359b|u_8afefb49f33b42ab8a|u_d60bf61727404363fc|u_efd0e4852090353798,公众号文章迭代及定时产物查找,digest
conv_c06891110200,OFFICE,,high,u_687ca054393ba27edb,指定构图风格生成插画,digest
conv_079666ce3ba0,OFFICE,ASSIST|TECH|KNOW,high,u_ce6294eb7a1a493324|u_b09c48889063308fb2|u_c33798feccc2473baa|u_67a1704848f00e17db|u_ba6d1ad2542bb51777,公众号写作排版发布与风格管理,digest
conv_cde87bf0074c,HR,,high,u_ab1196134953d44bc0|u_0a5b9803b0a6f1bb59,采购经理岗位与简历推荐,digest
conv_bbc7e627eae3,COMM,,high,u_6770b9c692401e9c6b|u_877a6a42ad3400941a|u_d47ac37b0d3d5519bb|u_452e6b18bbb8c141e6,配置多邮箱并发送邮件,digest
conv_010ad4ece7b3,BIZ,,high,u_eb6437c85f7f83c32b|u_10034395b4bcf06f3a|u_3138f4d5810e0eac79|u_2ed6304319bcdd8c3e,国潮盲盒创业策划及品牌设计,digest
conv_257e11139b3f,EDU,,high,u_2302e2c841cc7d5496,制作期末评分表,digest
conv_7bdaa160b3ec,COMM,,high,u_c1e82e4a9a5a2a867b,配置邮箱及测试发送,digest
conv_988394fa37c8,COMM,,high,u_c1e82e4a9a5a2a867b,获取邮箱授权及测试发送,digest
conv_8118bc81c93e,BIZ,,high,u_9c977a57f4f3fd8f8f,多专家讨论盲盒创业方向,digest
conv_d2db5a908289,BIZ,,high,u_8015f9828ffe72771d|u_7595cdaa8203c9a216|u_f6b837e2a6c633cf1a|u_54e082fe83b5b51850,山海经盲盒产品及品牌策划,digest
conv_46bd7ecbd688,COMM,,high,u_6770b9c692401e9c6b|u_3ee9d201c5b3e5abd6,配置邮箱后发送培训邮件,digest
conv_30771578f57c,BIZ,,high,u_13de4ad3751c3f8e8f|u_3c6c4f278a8a16d1fd|u_1d72da39cfc37d69f5,盲盒产品与十页商业计划书,digest
conv_ec7b4ec1f15b,LEGAL,,high,u_dd9bab42dea318ea4b|u_7e43f6da9a3ee55623|u_3a71ae6955304d2e6e,闭源软件授权合同开源清单风险,digest
conv_96d73907a02d,LIFE,,high,u_243034e7651115cd64|u_bb7891757ee6b536a3|u_9546a9dfe0b148ef99,机场购物位置及手机号国家代码,digest
conv_cbc028e87deb,COMM,,high,u_597d6652770aadeecd,获取邮箱授权及发送测试邮件,digest
conv_78444c079e5a,COMM,,high,u_63c2bb8c6a92909392,配置163邮箱并发送邮件,digest
conv_3e3096406ea1,COMM,,high,u_3ae1550840ee3813f9,发送163邮箱测试邮件,digest
conv_8dbc2e14c3fc,BIZ,,high,u_822d79043c374c2dc0|u_74ebf6ddd983f8a51f|u_f897962d84fbbd1a55,启东成果转化产业调研及汇报,digest
conv_497a2363eddb,EDU,,high,u_2029d8e29b54148c01|u_568c7277024e1b770e|u_09fb18b1a25d9da825,暑期学术营课程与教育基地宣传,digest
conv_343600b6d59a,HR,,high,u_2c05ce973450d2ad67|u_04132312570203e7ac,个人简历优化及岗位申请材料,digest
conv_83c932e8eaeb,OFFICE,,high,u_177dd100a009a3b606,整理过往项目典型案例文案,digest
conv_75aba8f45e3a,COMM,KNOW|ASSIST,high,u_88de5557cebbe06ca6|u_8d5b1c31da4d672664|u_d3518bc10583b170f2,定时提醒兼知识库整理与模型问询,digest
conv_4451b5c4da2e,COMM,BIZ|KNOW,high,u_723ce4bb51311a6bcb|u_88318e56c065d42057|u_9924718b08893c75e5,定时任务修改兼企业关系查询,digest
conv_34245f16faa5,COMM,ASSIST,high,u_63dd1a6599ff98c071|u_798968b51b95e5c1c3,午休提醒兼助手称呼配置,digest
conv_68708ebff46f,COMM,,high,u_f3c53bac0e54d6a1eb,创建下班提醒,digest
conv_c2859a4a40a4,COMM,,high,u_12cf20a0da75e8529b,配置邮箱与发送测试邮件,digest
conv_e550d6d0330d,COMM,,high,u_976ed2201f4a41e4c5,创建下班定时提醒,digest
conv_382275cb15c8,KNOW,,high,u_d3518bc10583b170f2,整理知识库,digest
conv_55a0d29bd6d2,UNCLEAR,,low,u_19f6bcac31b52d65e4,只有问候无具体任务,digest
conv_19a94d4123f0,UNCLEAR,,low,u_19f6bcac31b52d65e4,只有问候无具体任务,digest
conv_c3df2f18e9c9,COMM,,high,u_35f1ae765f56dc21ec,配置126邮箱并发送测试邮件,digest
conv_6731cc9aa7a0,COMM,,high,u_35f1ae765f56dc21ec|u_99f2133d199d23d7c8,邮箱发送并附加用户文件,digest
conv_1fe545b6b26b,NEWS,,high,u_700999fc74e07bf1a3,收集当日新闻并输出摘要,digest
conv_cfe72b191f56,UNCLEAR,,low,u_19f6bcac31b52d65e4,只有问候无具体任务,digest
conv_9b10d0f86224,OFFICE,ASSIST,medium,u_af579e0df2e9690bba|u_29c038d40240d11ab4,文件审核兼模型身份询问,digest
conv_bb3f86d4bbce,COMM,,high,u_d9eff7226d8926f148,向126邮箱发送文件,digest
conv_8d1a58c5b821,COMM,,high,u_d1ebb73e11c002e7f2,向126邮箱发送文件,digest
conv_8370d5c66053,OFFICE,ASSIST,high,u_11e32691adf98e04d5|u_404bb08872aab6a643,产品说明书审查与重写,expanded
conv_5c2f833a1659,ASSIST,,high,u_7fd624121a18433ae0,询问助手模型身份,digest
conv_1e9bf69784fd,UNCLEAR,,low,,清理重试后无可见用户请求,digest
conv_b4e35d65e58e,OFFICE,,high,u_0bc432a92359213bd0,用于系统压测的企业工作台生图,digest
conv_55752893b837,OFFICE,,high,u_abc395e59ef617ed42|u_cb54cbc4cb06068a17,企业使用说明书评审及改稿,expanded
conv_ccb676d266ce,OFFICE,,high,u_70be2419cf5935d0ce,系统压测要求的企业工作台生图,digest
conv_d828d7185e86,OFFICE,,high,u_357d439c70a7e821a3,生成企业工作台图片,digest
conv_0484aa7e032d,OFFICE,,high,u_357d439c70a7e821a3,生成企业工作台图片,digest
conv_b02b4c5d10e2,UNCLEAR,,low,,清理重试后无可见用户请求,digest
conv_8afe28c15daf,OFFICE,,high,u_357d439c70a7e821a3,生成企业工作台图片,digest
conv_006c1e9f8bf0,OFFICE,,high,u_357d439c70a7e821a3,生成企业工作台图片,digest
conv_a222b7fe3e39,OFFICE,,high,u_357d439c70a7e821a3,生成企业工作台图片,digest
conv_6176cb2a1bea,OFFICE,,high,u_357d439c70a7e821a3,生成企业工作台图片,digest
conv_ab9d3c7b3eb5,OFFICE,,high,u_357d439c70a7e821a3,生成企业工作台图片,digest
conv_a322a78919b3,OFFICE,,high,u_357d439c70a7e821a3,生成企业工作台图片,digest
conv_43344c1d624a,OFFICE,,high,u_357d439c70a7e821a3,生成企业工作台图片,digest
conv_316742f9e7f2,COMM,,high,u_6770b9c692401e9c6b,配置126邮箱并发送测试邮件,digest
conv_1bce921c6f7b,EDU,,high,u_e9bb62883c3ece96e0,小学开学第一课图片型PPT,digest
conv_4de1f8d1c987,EDU,,high,u_e9bb62883c3ece96e0,小学开学第一课图片型PPT,digest
conv_4cd029506eb5,EDU,,high,u_e9bb62883c3ece96e0,小学开学第一课图片型PPT,digest
conv_2095a3e454f2,EDU,,high,u_e9bb62883c3ece96e0,小学开学第一课图片型PPT,digest
conv_743a2a4ed77e,EDU,,high,u_e9bb62883c3ece96e0,小学开学第一课图片型PPT,digest
conv_70cad24899f6,EDU,,high,u_e9bb62883c3ece96e0,小学开学第一课图片型PPT,digest
conv_84d107e9e67a,EDU,,high,u_e9bb62883c3ece96e0,小学开学第一课图片型PPT,digest
conv_9af60347581d,EDU,,high,u_04f3001fa354d65213,小学开学第一课图片型PPT,digest
conv_2d9833d90ec3,EDU,,high,u_e9bb62883c3ece96e0,小学开学第一课图片型PPT,digest
conv_afd6692df4ab,EDU,,high,u_e9bb62883c3ece96e0,小学开学第一课图片型PPT,digest
conv_e1913774325a,EDU,,high,u_f9bd28b14c4b27433e,小学课件直接交付无需确认,digest
conv_ed7d6b939145,EDU,,high,u_c466efda30213dadbf,小学课件直接交付无需确认,digest
conv_5b7c07622ba3,EDU,,high,u_bfdd9f2f7832abb989,小学课件直接交付无需确认,digest
conv_bff5c75a4fcd,EDU,,high,u_bfdd9f2f7832abb989,小学课件直接交付无需确认,digest
conv_33b2d5386dd3,EDU,,high,u_c466efda30213dadbf,小学课件直接交付无需确认,digest
conv_4a400f6ef2c9,EDU,,high,u_bfdd9f2f7832abb989,小学课件直接交付无需确认,digest
conv_80c0ba2c2e7e,EDU,,high,u_bfdd9f2f7832abb989,小学课件直接交付无需确认,digest
conv_32c21a54c659,EDU,,high,u_c466efda30213dadbf,小学课件直接交付无需确认,digest
conv_2063896bb9c9,EDU,,high,u_c466efda30213dadbf,小学课件直接交付无需确认,digest
conv_f6a5e3b35c32,EDU,,high,u_bfdd9f2f7832abb989,小学课件直接交付无需确认,digest
conv_526530db0103,EDU,,high,u_bfdd9f2f7832abb989,小学课件直接交付无需确认,digest
conv_cf39e97307ba,EDU,,high,u_c466efda30213dadbf,小学课件直接交付无需确认,digest
conv_5fb41cd228d3,EDU,,high,u_c466efda30213dadbf,小学课件直接交付无需确认,digest
conv_28683e4a0a38,EDU,,high,u_bfdd9f2f7832abb989,一年级开学教学课件,digest
conv_a5ae34a9eba9,EDU,,high,u_bfdd9f2f7832abb989,一年级开学教学课件,digest
conv_45fbe028d43d,EDU,,high,u_c466efda30213dadbf,一年级开学教学课件,digest
conv_d67773c0cac8,EDU,COMM|ASSIST|OFFICE,high,u_c466efda30213dadbf,教学课件并设置提醒与技能,digest
conv_b1c31894d276,EDU,OFFICE,high,u_c466efda30213dadbf,教学课件及独立图片识读,digest
conv_f2b900c33421,EDU,,high,u_bfdd9f2f7832abb989,一年级开学教学课件,digest
conv_10cf68fbd1f3,EDU,,high,u_c466efda30213dadbf,一年级开学教学课件,digest
conv_0966271ea5c9,EDU,,high,u_c466efda30213dadbf,一年级开学教学课件,digest
conv_a071061ce0a7,EDU,,high,u_e3f6915d67b21aca76,量子力学科研论文写作,digest
conv_589813f393e6,TECH,,high,u_59ec0850d496895ad5,制作可运行的贪吃蛇游戏,digest
conv_ded32a098c17,ASSIST,EDU,high,u_06ead1463404be15b3,封装读书方法教学技能,digest
conv_a3d3ac1b426f,TECH,,high,u_2aa07e380d035baaec,制作HTML魂斗罗游戏,digest
conv_2e1d20b1fc34,HR,,high,u_743cbdceceb20b3f25,设计后端候选人面试,digest
conv_ece7b3def89c,KNOW,,high,u_a3a58749a200a6a0c3,整理知识库,digest
conv_f67b1da7ae8d,OFFICE,,medium,u_fc94d28de50769306e,阅读资料并请求评审,expanded
conv_48bad126c8f3,COMM,,high,u_7016bec8223ad9ebff,配置授权并发送测试邮件,digest
conv_fcbd82ba1426,KNOW,,high,u_d3518bc10583b170f2,整理知识库,digest
conv_36908a419d8f,OFFICE,,medium,u_646f3a2be20fca1c51,概述指定文件内容,digest
conv_43bdd0d5f779,COMM,OFFICE,high,u_63cb0478a86f31327a,发送邮件并生成识读图片,digest
conv_23812b8e2ac6,OFFICE,,medium,u_56dcf7fb8fae145d24,文件审阅目标明确但领域未知,digest
conv_5a54df807856,EDU,,high,u_f49343b973acad076d,论文数据质量与科研诚信审查,digest
conv_de5b62882d40,EDU,,high,u_eb8ebe99d3266dab26,包装下原请求为论文数据智审,digest
conv_9f02159beda5,EDU,,high,u_77275d6d3a8535f1c2,论文数据质量与科研诚信审查,digest
conv_f4571399ca70,EDU,COMM,high,u_ae371730295bbbdd00,论文审核并设下班提醒,digest
conv_cc021b31849c,EDU,,high,u_2448ac27dd83fb4b34,比较学生设计思维作业提交,digest
conv_6e4ea693d7fd,COMM,,high,u_ce413483b953553739,授权并发送测试邮件,digest
conv_cb794eecdfcd,EDU,,high,u_dc3a3e926af2ee7de6,人工智能发展史教学课件,digest
conv_1f1e1d0c2247,BIZ,,high,u_c00ec9f43214454081,DCF企业估值及敏感性分析,digest
conv_2354b031ed8c,NEWS,,high,u_4551f16e033de84135,检索近日新闻并导出,digest
conv_95c7e222dc40,NEWS,,high,u_af8e9899b44a939172,检索昨日新闻并导出,digest
conv_949b2118bffe,UNCLEAR,,low,u_94d026646a0f94cbe3,仅问候与测试数字,digest
conv_db903c616f0e,DATA,OFFICE,high,u_7bc5e0666c5779bb39,分析科技成果赋权表并制报告,digest
conv_ffc05940d1e8,UNCLEAR,,low,u_97c010d7cb17e20752,仅测试数字,digest
conv_51382a27bd75,OFFICE,,high,u_1e7cc621f274cb46f5,资料概述并制作PPT及转换PDF,digest
conv_29592b02e4b4,UNCLEAR,,low,u_abdae2f63182e44aab,对象不明的教育背景追问,digest
conv_4761e405a27e,UNCLEAR,,low,u_1231a78367aad22cd1,对象与任务内容不可见,digest
conv_33a026154646,BIZ,,high,u_1b468df0b0592616c9,企业工商背景查询,digest
conv_7b0ea502fdac,OFFICE,ASSIST|KNOW,high,u_42aab7a13deac44a39,公众号及PPT制作并修订技能,digest
conv_0f76bd2b6805,NEWS,,high,u_3a66d44cffe94d88ae,收集今日新闻,digest
conv_308db455267f,NEWS,TECH,high,u_05d70ce4c2e910b83a,新闻检索及制作游戏,digest
conv_d3fbd10a6a4b,OFFICE,NEWS|COMM,high,u_bcee92726d2d2f07a0,生成图片并设新闻定时任务,digest
conv_d9749935c36f,BIZ,ASSIST,medium,u_41fe8b5a075c2a39ab,了解需求分析方法并查技能,digest
conv_3c73988f8b3a,NEWS,COMM,high,u_28260f89705d2c815d,定时AI新闻及发送邮件,digest
conv_1c5d5d968cf1,COMM,,high,u_e9625fbb12c686ea78,授权并发送邮件,digest
conv_0bdb5bac6ace,KNOW,,high,u_3544f2911bb30aa5d5,查看已存记忆,digest
conv_db4d78062400,COMM,,high,u_6770b9c692401e9c6b,授权并发送测试邮件,digest
conv_b83dcd4b4762,COMM,OFFICE,high,u_6770b9c692401e9c6b,发送邮件及制作技能说明图,digest
conv_46f9798a1ef7,COMM,,high,u_12515a924e40c4f7c2,授权并按模板发送附件邮件,digest
conv_4be7342d0195,BIZ,KNOW|ASSIST,high,u_6dfb4e6b470f803e87,教育产品经营定位与竞争调研,digest
conv_10e318e08bdf,HR,,high,u_7fb20f01c3e7d3c39f,设计绩效考核与调薪制度,digest
conv_485c08d4b5bd,UNCLEAR,,low,u_19f6bcac31b52d65e4,仅问候无任务目标,digest
conv_5200f68f4feb,COMM,OFFICE,high,u_9f8aed73182e2dde37,撰写发布会邀请函并邮件发送,digest
conv_31676d431fb8,BIZ,OFFICE|KNOW|COMM,high,u_b3872f5e31fa591653,股权转让会计处理及材料交付,digest
conv_221003603779,HR,,high,u_5e5c59a5f14fe7b3d7,简历与后端岗位匹配筛选,digest
conv_a67233b76a8f,OFFICE,,high,u_4df0989199f9d42505,培训技术支持总结汇报制作,digest
conv_7b7f10cf43b0,OFFICE,,high,u_085b93603e7c9dc8ec,提取商务亮点制作引流页面,digest
conv_2134ac4116e5,HR,,high,u_9c75b4802c0c071502,AI后端岗位候选人筛选,digest
conv_772d12d0f96d,BIZ,,high,u_b59dd5c1174e16a952,查询企业收入来源,digest
conv_ec3c504c57ab,HR,,high,u_f0b45f5e203e2e1cfc,采购岗位简历匹配,digest
conv_6ec3c423cb28,DATA,,high,u_b5dd62f3f0e41bcf5d,细化费用清单金额与依据,digest
conv_61f48b530b7b,HR,,high,u_aadc47de28bc7a4ef0,医疗器械岗位候选人筛选,digest
conv_2c50af66823f,HR,,high,u_b6609b779d82e4f6ff,前端岗位候选人筛选,digest
conv_b0766d5cdf61,TECH,,high,u_430f8d853af2bb2328,制作交互房屋设计网页,digest
conv_69d3e6ed7587,OFFICE,NEWS|COMM,high,u_e220f5563ac0325039,充值指南排版并设新闻提醒,digest
conv_8c54fb0573e0,OFFICE,,high,u_7feb68e02b314ff1f8,将充值指南转PDF并改善断页,digest
conv_0cdfdfa63567,OFFICE,,high,u_2e0c2b0f5d460a90e8,按具体构图生成足球图片,digest
conv_b82c332f5f54,ASSIST,EDU,high,u_287df152b5317da9ab,技能安装并阅读科研论文,digest
conv_c73796a246dc,EDU,BIZ,high,u_0560c55de88e80f8ff,设计课程并另做公司尽调,digest
conv_e9c4a9f895ed,OFFICE,ASSIST,high,u_12ed9c3d2d7ca208c8,生成图片并排查模型配置,digest
conv_8877913be879,BIZ,DATA,high,u_ac4294c94734c44e55,竞品战略研究及市场行情查询,digest
conv_589e599dc77a,TECH,OFFICE,high,u_48098b09e63c1cf2be,核查代码贡献并制作年度汇报,digest
conv_939654a97123,EDU,,high,u_40f425b01d37a300bf,优化创新创业教学设想,digest
conv_1c5121229313,OFFICE,COMM,high,u_2ecddbbdb7817a0776,生成图片并定时制作音乐材料,digest
conv_6927ef7cb83b,EDU,,high,u_0de04af546e8c8e002,论文数据质量与诚信审查,digest
conv_ead44b4aebf0,LEGAL,EDU|COMM|KNOW,high,u_72279f5aed239fe644,清偿顺序咨询及研究日报记忆,digest
conv_c4ff8ca97f32,LIFE,,high,u_e284eb7316798557fb,解释日常用语含义,digest
conv_3a75f212d7e5,ASSIST,EDU,high,u_77279f2c96fd1842b5,封装与演示学习时间管理技能,digest
conv_b0dc3e81c8dc,LIFE,,high,u_f507cf39b43d746c13,东北美食旅行行程规划,digest
conv_4815e06ca049,BIZ,ASSIST,high,u_0a4d86776f65c051d1,软件项目工时报价并沉淀技能,digest
conv_b4c2962f1747,EDU,BIZ,high,u_1f7cb4bb33480cfa47,教育试点申报并制作产品BP,digest
conv_817857256a11,EDU,,high,u_d60b60a63d68e14624,清明诗词小学教学图片,digest
conv_639119e2e624,LIFE,,high,u_e743b225b284322590,个人上海旅游攻略,digest
conv_7e03d9a4cf85,LIFE,,high,u_160f4a37ae5e9972c0,上海旅游攻略PPT,digest
conv_2bd200526fe5,HR,KNOW,high,u_9cb617bbbfe7c4c53e,简历拒信并整理知识库,digest
conv_e0cc09d72959,HR,,high,u_c4ec6bf737c76ac4de,后端岗位简历筛选,digest
conv_071f0f0277ac,HR,,high,u_fa681e8cff469a92d3,后端岗位简历筛选,digest
conv_c65151b56d23,HR,,high,u_cbff7d476b73f8676c,商务拓展候选人筛选,digest
conv_23c04b59afa6,HR,,high,u_e4c53bc4bf8d8288e0,商务招聘及面试框架,digest
conv_5cebb0b81936,HR,,high,u_f0731dc9488905a8ef,后端岗位简历筛选,digest
conv_c4dc1412df06,HR,,high,u_45f7abfd49bf350b8e,采购岗位简历筛选,digest
conv_538d05aa1ac0,HR,,high,u_7d296c03c49fa4caa7,组织架构与岗位职责设计,digest
conv_f74f7410ccfd,DATA,,high,u_b81eafdd4b98b8335e,按银行日记账编制会计凭证,digest
conv_bf54448ce875,HR,,high,u_3af025f8bbff22a344,部门职责与岗位说明书制作,digest
conv_e3161ddb4075,BIZ,TECH|EDU,high,u_0eeec42fa86c80b355,论文检测网站需求与项目报价,digest
conv_23a12ab71383,LIFE,BIZ,high,u_dd9f95475fc4db146f,合伙人关系沟通与合作规划,digest
conv_948cdaa668ef,DATA,,high,u_55b78683def71f688c,银行日记账生成会计凭证,digest
conv_bfa0261e8952,ASSIST,,high,u_23d868e7f8d02837a3,打包已有旅行技能,digest
conv_7a890f3ac3c9,ASSIST,,high,u_38591bea40aec75f25,请求安装技能,digest
conv_5d14615979c7,LIFE,,high,u_c304e19e899f8d4782,大阪至和歌山团队旅行规划,digest
conv_0bd84931683d,ASSIST,NEWS,high,u_d2c9aa75e10ebaf3e5,安装评估技能及热点查询,digest
conv_42f5f2a23775,BIZ,,high,u_98f6874825e492d960,查询项目进展与商业资源关联,digest
conv_1e8e6e53ac34,KNOW,,high,u_de9444234e701cbf30,整理知识库,digest
conv_1f70175010f7,ASSIST,,high,u_2c764b10f7aa755a4d,定时任务失败排查与超时设置,digest
conv_6802694e2036,BIZ,COMM,high,u_e5dea8537988f84d0d,定时投融资事件研究报告,digest
conv_875d81eee726,BIZ,,high,u_df8ae45cfdfedb1e5f,养殖行业痛点与系统价值分析,digest
conv_d0e3a089c055,BIZ,EDU,medium,u_c52542dd1ad2954fca,评估时间序列研究转化价值,digest
conv_15f0f4d89d3f,EDU,,high,u_4ff1cf2c93bd6c56aa,优化教师数字素养活动材料,digest
conv_ed750b23610d,LIFE,,high,u_f3c92da5d053240c97,车辆空调噪声咨询,digest
conv_96514de856c0,EDU,,high,u_33d10adeacf5ce839a,科研概念验证项目评价反馈,digest
conv_14b8d28fb801,UNCLEAR,,low,u_39d7f42708e2e91a5e,仅给军用软件名无明确操作,digest
conv_b661a2b210a9,NEWS,,high,u_eb7fa5c9e19725192d,查航天发射直播与回收时间,digest
conv_13ee9e5f9697,BIZ,EDU,high,u_d177253359aab8e0d6,高速相机技术差距及商业机会,digest
conv_7ff0f80b4a5c,DATA,,high,u_b852c78b001739f0d9,会计损益结转咨询,digest
conv_07d2d9c4266f,BIZ,,high,u_dda44a9c091331a670,科研免疫治疗项目商业价值,digest
conv_20dd49e27f25,BIZ,,high,u_fdd0521d928329e3dc,科研技术及饵料项目商用评价,digest
conv_f9f4cc0a8b38,BIZ,,high,u_1993e548eb757ce28a,科研抗菌治疗项目商业价值,digest
conv_dd68892b11e9,EDU,,high,u_8034e9a2f47c1d604a,石斑鱼养殖科研论文选题讨论,digest
conv_52ab93c12a48,BIZ,,high,u_507ce0aa87ae861241,植物源蛋白项目商业前景,digest
conv_880a615a6c7b,BIZ,,high,u_9cfc86f669ad93cfc2,废塑料技术商业应用前景,digest
conv_c9f4db4e5372,BIZ,,high,u_efbc7d6e60758f3238,视障导航项目商业前景,digest
conv_d7b76e8bd461,BIZ,,high,u_791b81a812b4a9820c,电池隔火材料商业前景,digest
conv_70394b694181,BIZ,,high,u_81115f53fd88e99212,脑智能评估系统商业前景,digest
conv_cae4e426653f,BIZ,,high,u_fc9a45192eed31c8a6,可穿戴设备商业前景,digest
conv_1f01a66fa85c,BIZ,,high,u_237de8dcdd57d23850,工业监测系统商业前景,digest
conv_78d62a67dca0,EDU,,high,u_474f867dd67edd512d,科研概念验证项目优劣评价,digest
conv_388ccceeac6a,NEWS,KNOW,high,u_3fc51a0be6066fa85a,查询AI热点并整理知识库,digest
conv_e5c7e28a572b,EDU,BIZ|LEGAL,high,u_e5b2eaaf59735a29f2,课程设计及竞赛商业知识产权,digest
conv_69ee59997792,NEWS,COMM,high,u_9824e94c417c286638,设置AI热点早报定时任务,digest
conv_ebd31d802493,OFFICE,,high,u_6885d55c645d69f88c,把指定热点新闻绘制成图片,digest
conv_838dbbd03671,COMM,,high,u_e4fa4a91f258658327,发送邮件测试与授权配置,digest
conv_526e4b625656,OFFICE,COMM,high,u_11d183cdb226897de2,融资汇总视觉制作及定时更新,digest
conv_90f0a9bfcda3,BIZ,,medium,u_e204c6f4b625d39021,指定研究机构信息查询,digest
conv_276e97b595fc,OFFICE,,high,u_1ae40cd9fa1c948e74,合并国内外内容并展示公司标识,digest
conv_d8a1afbb6261,BIZ,,high,u_57f0725a3c5bc8809f,查询湖南律所规模,digest
conv_e1abd4bbdef6,BIZ,,high,u_388c009a4e41df203a,寻找PE阶段政府引导基金,digest
conv_2d9785e74cc9,EDU,,high,u_df947fd1c82b2f3e14,核对两份成绩单是否匹配,digest
conv_41874c950938,OFFICE,,high,u_efffcae723e1f7c8ed,浓缩项目合作到款计划文本,digest
conv_048674ddbdcd,OFFICE,,high,u_f5dea45ba3b4ec2bc7,公司标识设计与配色迭代,digest
conv_a52e0748557e,DATA,,high,u_a6d94187457e373a8a,股权转让银行记录编制分录,digest
conv_29d3bbe4f89c,BIZ,LEGAL,high,u_d9bd410652989ef30e,创业竞赛规则与硬件数据权属,digest
conv_6318c0ad05d5,BIZ,EDU|OFFICE|KNOW,high,u_37191e24c0dfc6f12a,核聚变行业研究及解释视频制作,digest
conv_3ab8a0fb6f1d,TECH,,medium,u_46520bcca7cfa0f38b,咨询AI生成图片检测技术,digest
conv_e3bae72c47a1,EDU,,high,u_db3cd70a90ec3a5bec,论文查重文件水印咨询,digest
conv_aabdd747c639,LIFE,,high,u_5ef52f1bbfab8a9b4e,航空贵宾室同行资格咨询,digest
conv_6f9964f1a35e,HR,,high,u_659e5679fe4962a19e,后端岗位八份简历筛选,digest
conv_d6bd4b7b8289,EDU,,high,u_91f74f8c4258851b5a,制作四年级古诗教案,digest
conv_89047a8a2890,BIZ,,high,u_ae6a6719bb09908344,投资项目真实性及可投性判断,digest
conv_e153e826314b,OFFICE,COMM|KNOW,high,u_ef7968dfad3265501e,总结汇报PPT及邮件知识库操作,digest
conv_fbc466c9dfb1,DATA,KNOW,high,u_df0295a08057eb8dc1,股权调整账务分录与知识库整理,digest
conv_1abb9b63fab8,OFFICE,,high,u_42ddf96a71df5933b1,修改乙方回复专家意见文档,expanded
conv_b4adad3e5e84,ASSIST,TECH,high,u_f51f3861639633cbb0,PRD技能创建优化并生成需求文档,digest
conv_73c2457a4444,HR,,high,u_057d0aa59a59758fe0,后端岗位简历筛选,digest
conv_ed15a7e62fc8,DATA,OFFICE,high,u_84c7afc39017f26c60,分析企业问卷与用户使用数据,digest
conv_0286cd54e494,BIZ,,high,u_b1879343bf7307abc1,行业趋势研究及投资备忘录,digest
conv_55c080af5636,OFFICE,,high,u_8d73699fddbb79a139,校对项目沟通文字记录,digest
conv_9f6d50d799ed,OFFICE,,high,u_b0b481c7ed46680f8d,将已有使用分析写成正式报告,digest
conv_eef53786cca7,ASSIST,,high,u_15c26704bef2a0d05a,主动设置助手创作人格,digest
conv_2dff0a98f3d5,HR,BIZ,high,u_7d49df042dc7a6c906,产品运营岗位定位与招聘JD,digest
conv_993b0303d2fe,ASSIST,,high,u_22e3a462027788fe97,安装Gitee代理技能,digest
conv_f8e6690dc34e,ASSIST,,high,u_94797b2017e0925b34,主动设置助手创作人格,digest
conv_274ca834bbd0,DATA,OFFICE,high,u_ae96ce04f486989156,财务报表分录及身份图片填表,digest
conv_f018675b60ff,OFFICE,KNOW,high,u_1498cd1963750cae7f,保存逐页提示并绘制PPT图片,digest
conv_cc0954e39572,HR,,high,u_89bb968263aff12f03,产品运营岗位候选人筛选,digest
conv_30403ed1c446,HR,,high,u_43e837ef0ca8d0a540,人才申报单位推荐函,digest
conv_a6b0659f80fd,OFFICE,KNOW,high,u_3cddbff3b8739c37f0,保存提示并制作全套演示图片,digest
conv_6afa471cb8bd,BIZ,OFFICE,high,u_f827e91ec51189cf7d,企业股东查询并制作宣传图,digest
conv_184c226c5423,KNOW,OFFICE,high,u_3811fb642aa0dd28e3,回查三天活动并整理工作记录,digest
conv_a8c9e0a91b64,EDU,,high,u_6e54a530c490629323,寻找用户访谈教学案例,digest
conv_e65a794ba74b,UNCLEAR,,low,u_8eecfb3fa3299297e9,仅问候无任务,digest
conv_b7ba5440d5ed,ASSIST,,high,u_b5266783dd35772484,主动配置创作人格,digest
conv_4dff386a54ac,HR,KNOW,high,u_828f832f10262be830,招聘面试评估并保存面试记录,digest
conv_2dc9cce94529,OFFICE,,high,u_c16d1ecf0151d25994,浓缩文件问题定义并修改文档,digest
conv_e1f6193e48c8,EDU,,high,u_1754ef2939c895bdaf,高校实力就业升学对标,digest
conv_a787eef546c3,DATA,,high,u_d97cfb5f58a49aad37,平台使用量与账单统计报告,digest
conv_6ebe8e1cb53e,DATA,,high,u_bf821c14dee25abb91,客户账号资源消耗账单汇总,digest
conv_7f7ed36bdd37,BIZ,,high,u_2741821ba098122d9e,企业优势及赴港上市可行性,digest
conv_c905e21d3e8d,BIZ,,high,u_38b3df413fe9102ee6,中国股市政策底市场底分析,digest
conv_0654e7f191cf,EDU,BIZ|OFFICE|COMM|LIFE,high,u_50cd134b9b7f684d38,课程海报评审及企业研究邮件,digest
conv_e0ea2802f1e7,ASSIST,KNOW|NEWS,high,u_3191efb72a5d7838b9,人格与提示冲突排查及记忆新闻,digest
conv_e1268e2d935d,HR,,high,u_71c429661be66a64a4,AI产品岗位简历筛选,digest
conv_edc9bbda3d45,DATA,ASSIST,high,u_359579bf17a0e646a8,产品反馈表分析并沉淀技能,digest
conv_aa7a828cecf9,KNOW,NEWS|COMM|EDU,high,u_27842f692696a73193,笔记知识库整理及新闻教学任务,digest
conv_8aceda2d9422,BIZ,HR,high,u_f8f693ba1d6b0efc7e,机器人企业研究及招聘评估,digest
conv_f53a77925865,HR,,high,u_95c135b18cddc794bb,AI产品岗位简历筛选,digest
conv_de8e5263bc49,HR,,high,u_57f548c8415bb5d2b3,医疗器械产品岗位简历筛选,digest
conv_89f924603721,ASSIST,,high,u_b7d1e223447f50403c,了解已存在技能的审核能力,digest
conv_cc1fb6784019,HR,,high,u_a2a3b4b8696ca00c0e,临床管理岗位简历筛选,digest
conv_3826e9551bbb,EDU,,high,u_f73501a6a02aa816ee,科研质量评估指标解释与整理,digest
conv_a47df5b9e92d,HR,,high,u_45b4c2ffaa277080bd,后端岗位简历筛选,digest
conv_3780fed773b1,ASSIST,,high,u_e3414d3ff023057ee5,切换多种助手人格,digest
conv_dd0ca1b95895,TECH,,high,u_58868a26e407662673,下载位置反馈及产品体验改进,digest
conv_b593fd6024ec,EDU,,high,u_4b10f9bd42de8c8452,高中数学课标教案模板,digest
conv_ec362ccc37b2,EDU,,high,u_03c0eaf9570bd60ce7,高校综合实力与就业升学比较,digest
conv_511db6d42dd6,EDU,ASSIST,high,u_dd722a8189ce9309df,高校就业研究及文件输出技能,digest
conv_46e26e1f4765,UNCLEAR,,low,u_c4a794dea20cae46ef,仅问候无任务,digest
conv_778bb56fc693,HR,,high,u_5cf80af38bd4768adf,产品岗位简历匹配评估,digest
conv_d24cd2217f67,OFFICE,,high,u_d96b5ba90fa7a56386,查找图片高清版本,digest
conv_af2aec99426f,OFFICE,ASSIST|BIZ,high,u_8cbf385be7d3292b42,课程影像剪辑脚本及模型产品咨询,digest
conv_22ef3f8a5b1d,TECH,,high,u_5a51d5173d74197478,产品科研申报功能入口设计,digest
conv_f9609f371c59,BIZ,LEGAL|COMM|LIFE|KNOW,high,u_858c607fce43cd45f1,合作资源尽调战略及合约沟通,digest
conv_d9f4dacbc28d,BIZ,,high,u_45babf62f1a95e3cf3,明确企业产品核心痛点定位,digest
conv_4a1c138b80e0,BIZ,,high,u_657a8672c0bd14e8f3,投资与行业供需退出研究,digest
conv_7ee2fcb0fa23,ASSIST,,high,u_11130607a8491f5b59,主动配置创作人格,digest
conv_0c7af9f7e430,HR,,high,u_ea1a20068363c8d03f,AI产品岗位简历筛选,digest
conv_eb5b67d8034a,DATA,,high,u_78ac690ab024335606,销售数据字段及描述统计,digest
conv_c618f1f9fb24,OFFICE,,high,u_9490045a4c99cdb99c,图片原样转单页PPT,digest
conv_d0622b2b40fe,ASSIST,,high,u_08227113045bf973d4,询问助手当前模型,digest
conv_c5dcd58f612e,OFFICE,,high,u_ec38fa582151ba1173,图片转可编辑PPT,digest
conv_271afc5da7d7,BIZ,ASSIST,high,u_dce20f5719773079b5,工商查询并安装排查相关技能,digest
conv_c73acc83eff3,EDU,,high,u_2f3d39db8721a4c87b,中学生生物实验课件,digest
conv_d24699626ce3,BIZ,OFFICE|ASSIST,high,u_61469f82be0b1f6455,企业信息查询及宣传图制作,digest
conv_0932fbcb8569,EDU,,high,u_9b0d856f5b7ed87b1f,制作生物分子实验教学图片,digest
conv_743061bd79ec,UNCLEAR,,low,u_73017773a72d5aa905,仅问候无任务,digest
conv_bef70ee7b697,KNOW,,high,u_0e36f38193075e2e5a,查询并整理IMA产品经理笔记,digest
conv_d0b93a4ff64e,BIZ,ASSIST,high,u_6a9aedd17d2cc3cbf0,企业工商查询及相关技能安装,digest
conv_955ff0e3a0f7,EDU,TECH|HR|ASSIST,high,u_9da103778c2d4300ae,实验教学并写部署指引招聘JD,digest
conv_d29e1fb0d436,BIZ,ASSIST,high,u_7220063d5c602880d5,企业工商查询及登录技能排障,digest
conv_733ff682bace,UNCLEAR,,low,u_9ab918ae65ebca7f08,仅问候无任务,digest
conv_cadab6a4bb36,COMM,ASSIST,high,u_34b815d547a49acb36,日历提醒及当日安排查询,digest
conv_9a2a546a25e0,EDU,ASSIST,high,u_a5692233381800b541,小学语文教案及技能位置查询,digest
conv_59024c2ff574,BIZ,,high,u_abe0f436c66bea909c,EvoMind产品销售诉求,digest
conv_2af1f4a23421,KNOW,,medium,u_371394bd2bdf85f354,了解当前知识库主要内容,digest
conv_c24e8aafefe2,ASSIST,,high,u_5ddb28244caa40af15,询问助手能力,digest
conv_c653c0000362,ASSIST,,high,u_81b238372888614c62,安装企业查询技能,digest
conv_29325dd2d985,BIZ,LEGAL|OFFICE,high,u_0525d8c140c09ad7b1,上市竞品分析及需求变更沟通,digest
conv_dbc02e0c62f0,ASSIST,EDU,high,u_e6e75f7da7bcb7ec2e,核对论文审核技能并调整维度,digest
conv_17127f4c363e,BIZ,ASSIST,high,u_b604bbe38c9265d3ac,查询工商信息并安装技能,digest
conv_8fa8be214b9b,BIZ,ASSIST|TECH,high,u_eec006a779d15adb37,企业工商查询及MCP配置,digest
conv_514f6d8693d2,OFFICE,,high,u_5bbaa723b4d7458776,客户阶段汇报PPT逐页修订,digest
conv_b15887780f3c,ASSIST,BIZ|OFFICE,high,u_887c29f76425f77cb1,企业查询技能安装比较与测试,digest
conv_7b0f42be7687,ASSIST,BIZ|OFFICE,high,u_bb2d6234aa2f72f3c7,企业查询技能安装比較与测试,digest
conv_e785906dc669,OFFICE,LEGAL,high,u_d4fa3955445d15bdd5,商品视觉设计及广告表述合规,digest
conv_9d7c7cd16e66,HR,,high,u_612b5428230bf11788,科技金融人员岗位JD,digest
conv_8db3b8a31958,UNCLEAR,,low,u_19f6bcac31b52d65e4,仅问候无任务,digest
conv_9ff4bfac6770,KNOW,,high,u_a29462563a195aa2ab,回顾当天任务,digest
conv_6ec1fe3b232e,UNCLEAR,,low,u_d8e2f14f5f7a14aed2,项目对象与评价目的不足,digest
conv_6767cce50244,BIZ,,medium,u_fe95786643e2f5cf13,请求人物背景查询,digest
conv_3a1a6f557a95,NEWS,OFFICE|COMM|ASSIST,high,u_b3f9c49135d8cb1c9e,AI热点检索并制PPT发邮件,digest
conv_979687e08e23,NEWS,OFFICE,high,u_cfb17c50f4c322a76a,AI热点检索及配图,digest
conv_90e543b2e886,KNOW,,high,u_e8df08988810970651,查看并从最近会话更新记忆,digest
conv_d44c571a317f,KNOW,ASSIST,high,u_35d09518608df82a61,更新历史记忆及初始化文件,digest
conv_690b29952981,NEWS,,high,u_bcb00aef6ac20edbb4,查询今日AI热点,digest
conv_67f1689ddf0e,LIFE,,high,u_bb8ab7a286d59c56f5,福冈个人旅行酒店比较,digest
conv_0166bc150833,OFFICE,,high,u_0eb0c29fe03cf86ec8,制作Rhino宣传图片,digest
conv_12fc39ca6b57,HR,,high,u_0afc53b98760028d33,产品岗位简历匹配,digest
conv_d83252ae38aa,OFFICE,,high,u_b1c1e686ac3f2847c5,修正图片乱码,digest
conv_ba17ea1e9b2e,OFFICE,,medium,u_42a8e67954c0e63c03,读取并概述文件内容,digest
conv_67ca44d4a4a1,BIZ,,high,u_0d7031a78bf4ee02f2,项目尽调问题清单,digest
conv_80a93aaff78b,TECH,,high,u_69f587caf8e6b7bea8,制作并反复调试角色扮演游戏,digest
conv_5bf3cadb38c0,LEGAL,ASSIST,high,u_c823890efe4985ab34,按PRD更新技术合同内容,digest
conv_7df2a2fe5a12,NEWS,OFFICE,high,u_fd9e8d8117945e2f72,AI热点新闻检索及图像制作,digest
conv_052e24c34b9d,EDU,KNOW,high,u_d34f5aec615ff03d82,记录学生手册供考试答题,digest
conv_a23ce9b33b5b,COMM,,high,u_c9b9117cd79d008744,读取通知并设置截止日期提醒,digest
conv_6f403630f4d5,BIZ,,high,u_49a8c9de0863135f48,科技成果撮合平台经营分析,digest
conv_d1025b450634,HR,KNOW,high,u_c95ddc221df4f1d3a1,教育产品经理面试及节点回查,digest
conv_2d755771f0da,LEGAL,ASSIST|BIZ,high,u_7cf25d263e41759de8,技术合同技能优化及竞品报价,digest
conv_ba9209bcc8df,EDU,,high,u_0c354e0283aa891416,人工智能行业课程作业写作,digest
conv_34b56ae9c535,TECH,,high,u_f3614ef2a5b0886a72,制作三国横版游戏并排障,digest
conv_f272a48caec1,BIZ,,high,u_8e98ae750f3540f2de,查询科技企业申报要求,digest
conv_9f957d375a3c,BIZ,,high,u_9b97de1f62779cb542,寻找AI教育活跃投资机构,digest
conv_4084bdf37c76,UNCLEAR,,low,u_660394c3a6fe92aca4,仅泛称合作点对象不可见,digest
conv_dd79868b770b,EDU,LIFE,high,u_568a4e40c79e73a9a3,月球基地设计答辩及乐高搭建,digest
conv_be057918b86a,BIZ,,high,u_19fe2cb58457b04469,查询企业董事长及背景,digest
conv_692eb36fe8af,HR,,high,u_f30002459e399d1339,后端岗位简历筛选,digest
conv_a34b4d5a16a2,OFFICE,,high,u_4558d5289fa187ca95,云知师品牌头像设计迭代,digest
conv_b5e6f3d3bab9,DATA,,high,u_ded6685703b7fe89f6,表格字符脱敏,digest
conv_9c7276cba6b3,OFFICE,ASSIST,high,u_d2e10c8b3ca05a1e97,客户说明文档及汇报配图制作,digest
conv_bbc616c87ca2,EDU,,high,u_231f599826a0d1f692,总结八年级数学分式内容,digest
conv_be93478eb297,BIZ,,high,u_1ec309ff35650c808d,企业获客策略咨询,digest
conv_52dfe7748f87,DATA,,high,u_5eea3747ded89069ab,公司多年度现金流汇总表处理,digest
conv_84285a261397,BIZ,OFFICE,high,u_cd8f42917f99440018,企业竞争估值分析及报告结构,digest
conv_a3ec6234422a,EDU,,high,u_4951a0a900eaa0055d,梳理学生端教育应用场景,digest
conv_1c97d2555405,ASSIST,KNOW,high,u_9c12f6a71230a238fb,对接飞书知识库,digest
conv_2c6000fce9b3,BIZ,EDU|TECH|KNOW|OFFICE|LIFE,high,u_3594954a021b25eeed,经营战略及课程插件用户画像,digest
conv_9deb486b438b,BIZ,,high,u_48a0ca71d9d8f9796f,无人机巡检行业与技术市场,digest
conv_d6280d2e17a6,LIFE,,high,u_49f6cdce356cf71d0a,查询低磷肉类饮食信息,digest
conv_39ee73dad7d3,LEGAL,BIZ|DATA,high,u_bd8312d6010a0f84e9|u_6a5388fc6b7a72c113|u_1e885c691cdc488b20,销售合规及合同兼财务分析,digest
conv_1abc2b301924,ASSIST,,high,u_0332917214fbdb9c49,设置个人助手人格及边界,digest
conv_fcee61c6481d,BIZ,LIFE|TECH|ASSIST|COMM,high,u_7c10aa671504b0261d|u_a5270fe0b04f6564eb|u_4cef2a245115c5333a|u_8e942532104c0c504a|u_21e06791a1bbd4e80f,财务税务兼生活技术和提醒任务,digest
conv_d464c520f707,OFFICE,,high,u_6a9911fe056fd73593|u_bdad31ffcbd37cbd03,项目宣传视频脚本生成,digest
conv_9dcf4da08633,BIZ,EDU,high,u_ee8116a570e5e4d2ef|u_5a3de0c8ebf1f2e0ff|u_14cee2b469456901f0,公司行业投资评估兼燃料电池研究,digest
conv_8e704f119abe,OFFICE,,high,u_dbaab4301a4aa0d437|u_ef6f775779bb21af5a|u_015a9a179421f46669,整合公司PPT并多轮修复版式,digest
conv_4a2da8d3a8da,TECH,,high,u_a079f210f5a251b2ae|u_9142412fa2ab40a614|u_ae8b8fb2c1ce548389,成果转化平台HTML原型设计,digest
conv_1c49b4ff69dd,OFFICE,,high,u_238ab501d741bfca38,视频工程导出到剪映编辑,digest
conv_6c48bf880731,LEGAL,,high,u_f1d823fad24d86df9f,依据合同主张空调故障赔偿,digest
conv_e13d8257bf0f,BIZ,,high,u_36b63f51e37c4fa661|u_6dce8ffc69363aaa43|u_af93df7d6c9b81fad1|u_52af3fc939152a79fc,高达盲盒产品系列与包装企划,digest
conv_706422e52fff,TECH,,high,u_c715fe00ee13d68b19|u_bae33b66c722ee2aa5|u_edcbbba006960e3d8c,Windows键位映射及游戏按键排障,digest
conv_dfdb61deda75,OFFICE,,high,u_c4b4027567fd16cd83,猫图片转换水彩风格,digest
conv_da1f7d904ff2,HR,,high,u_6b34a436fafce41d50,商务拓展岗位简历推荐,digest
conv_874f133d1919,TECH,,high,u_b6eaf96e7a8f991806,QQ浏览器下载不响应排障,digest
conv_20d5b2c4f5aa,BIZ,,medium,u_188d98f9d2e09647a2,项目评审关注点梳理,digest
conv_579e557ec04f,LEGAL,,high,u_96c67b31489aa21827|u_ebb872389c80923587|u_01c2a751375538786f|u_3b184682f3dd341a8a,多份融资保密协议风险及修订,digest
conv_69148bb26513,LEGAL,,high,u_e2a2a8ab49c609b474|u_f71575be66f4d3de26,采购合同主体变更补充协议,digest
conv_6f4fad2b911f,BIZ,DATA|LIFE|OFFICE|HR,high,u_d3dffd44cb9d3ed456|u_0645a889bff1358555|u_fb397d75357aff4c65|u_9d48d6fe573d35be3e|u_0bc795a6659f6ea708,财务税务兼表格生活及辞职文书,digest
conv_ae3627d8a84b,BIZ,OFFICE|NEWS,high,u_39b9d4137d132517e8|u_7b90dde3d4288b4058|u_4c35e7ec5462f2695b|u_53f868fff4e44d4c1a|u_4b0fb890c4e7c0fbfe,财务转型投资研究兼政策信息整理,digest
conv_4f4ef4b79804,LIFE,,high,u_6647f02b52e0328d1c,询问个人股市公众号可靠性,digest
conv_12afb60bc758,BIZ,,high,u_c5ed6b5ce12527c215|u_fbe70f53c722bfab49|u_609ef2729e423852df|u_0031ec06b017731e40,生物企业背景技术融资尽调,digest
conv_1caa4df498cc,BIZ,,high,u_2a75d21ecb8a5ca702,整合成果转化项目亮点及融资,digest
conv_7f6fea7668f9,BIZ,,high,u_2acc6514e52dc5895f,查找同业公司的项目BP,digest
conv_ac64a14e656f,NEWS,,high,u_1830a0ef704f13e600|u_9c0c37692fdca09776|u_fea1207eb366501acf,国内外新闻检索及摘要解释,digest
conv_b69071f509d3,NEWS,LIFE|OFFICE|TECH,high,u_fc62d071e1b51d1212|u_a9a8d8927ab84e7e4d|u_3fb8ccf184708101e6|u_34311f24823d896015|u_3343354866d16a4797,AI新闻兼股票问询识图生图,digest
conv_ce98bb35ce1e,BIZ,,medium,u_ed6b8a35742d8d29af,参赛项目介绍建议,digest
conv_c33a2405a616,LIFE,,high,u_d000c934cee7469f75|u_cf435f3333101502ce,心理自评量表及测试,digest
conv_983139a0de52,OFFICE,,medium,u_d1340eca0390ff2fd0,询问动图与视频制作能力,digest
conv_395a52163219,OFFICE,,high,u_af59121f9d06e6cf62|u_0e1d0cffe81cdf7125|u_31c4a4a6e73b337420|u_fa379e7efb61bab239,网络小说选题大纲及章节写作,digest
conv_9ac6d14f0ae5,ASSIST,,high,u_d11f923625cedadb2a,查询组织成员token权限,digest
conv_a8721290b989,BIZ,,high,u_367df9e43242688934|u_3cc280dda43ec592be|u_38ade39b7c6c5abdb1|u_95180fe498e712ddb1,成果转化价值评估维度体系,digest
conv_05a1114102cf,TECH,,high,u_46424c6495ccd2f3c1|u_5b29e758ba0341ec7c|u_63d48418b4d2c63232|u_4170888d1d98583a84,管理平台PRD架构原型及汇报,digest
conv_1c5e6b392159,HR,,high,u_f07efbffdcfec38d05|u_e841f905c413153a6b|u_abf813645cb5ffe491|u_5c02cd157f53116c14,软件岗位多批简历筛选,digest
conv_9a4530fee647,HR,,high,u_8473b759f1978a13ca,医美产品经理简历匹配,digest
conv_f9a02361c038,BIZ,HR,high,u_462405983348d00d69|u_47cf6f42b2e10c480e|u_eb7032b047cb6e2031|u_4f30c4dff22af441f5,技术转化项目信息及医院标书,digest
conv_3dd6155f18fc,DATA,,high,u_7e7901eb014302959e|u_2723dddea5bc04d9b7|u_de6cf2e5da9b079314|u_190e61f783c8154221|u_dd0e351a54e8d56044,多周token排名增长率与周报,digest
conv_aac2202c868c,EDU,OFFICE|KNOW,high,u_d8292450bc5f05c685|u_4f52ae796f68e78155|u_b99d2d48ee9a4d7e8b|u_4bed6b350672cdfcd9|u_2c897613f70b4ee9ed|u_c9fe1a9a1252df341e,教学案例奖项设计兼画像与IP,digest
conv_a54838487747,BIZ,,high,u_234b4c740b5a118064|u_7e35ce7c2b0bda51b3,企业高管职业背景及案例尽调,digest
conv_58cbbc1e3d0a,EDU,,high,u_d8b7f5f1d76ef9c98f|u_b3ee45fbc55945ce47|u_e677d9d844b7ea9ef5|u_377d636672b70da621,教师能力与青少年AI活动策划,digest
conv_a196d952691c,OFFICE,,high,u_ee0ce9d9de3d23c38a|u_65d175d43123558612|u_6f6741f7980401334b,分镜高清图片及动图制作,digest
conv_c90bb002011a,OFFICE,,medium,u_faf85294edfb9a853c,指定企业立场审阅文件未见领域,digest
conv_5531621c6237,LEGAL,BIZ,high,u_f7448062409d03eb6f|u_fb9ad67d804cead304|u_5cc1473044e40f647d|u_ac0cc4312b346a3680,股东身份变化及税务合规咨询,digest
conv_62c16b4032bf,LEGAL,,high,u_a1e623b30069ba4cd1|u_358974eb5278e966fb|u_af571727c295e75c02|u_e5c5f9776b049a1e94,销售渠道协议及反贿赂条款修订,digest
conv_4380f019d4cf,TECH,,medium,u_2aa82125b0f5517c86|u_7b5600073282ec0746|u_e92c70ceeef67bec06,检查功能描述与软件模块匹配,digest
conv_1c289044d62b,LEGAL,,high,u_ae2998b5caae330abf|u_4c7773798c4f1b8911|u_68c3dea26d41dd2711,合同审核及条款补充,digest
conv_3cf0f7358f02,HR,,high,u_22f91ca4815e7bd0ce|u_6b36fa48fee7d8eb16,商务岗位简历对比推荐面试,digest
conv_e497d1970d81,HR,ASSIST,high,u_34b831991a114ffe54|u_a0e09fc773ea94eb0f|u_67b25b200aa5bb50d8|u_c324ca0d954d12ae24,BD候选人筛选与面试提纲,digest
conv_0b962128eb65,BIZ,,high,u_190ade149cb4a3968e,解释经营现金流财务指标,digest
conv_194d78b87905,HR,,high,u_312588d2c09e7c8cde|u_5d53039fc0470fce23|u_7a22d8d4e7f394dbc2,法务岗位简历对比及推荐,digest
conv_056a7255a9bc,ASSIST,,high,u_22f495e9455d8dc070|u_af7eff254946064513|u_f82ac94cbdcfa8450e,安装并移动技能目录,digest
conv_eaf2e429a225,OFFICE,ASSIST,high,u_9119afaff2c9a8530f|u_eb158376114fa3a651|u_060b6ad9f04c00e04e,产品介绍视频修订兼人格配置,digest
conv_c1cb525d2414,OFFICE,,high,u_292e0ee5039b659405,解压案例素材到工作区,digest
conv_bb5e39c2a2aa,OFFICE,,high,u_e75cf058fca6a47429,解压附件到指定文件夹,digest
conv_dfc17606c803,DATA,,high,u_0e1c2d1fb07e177262,财务源表一致性审计及溯源,digest
conv_230c66505a14,EDU,,high,u_1d290902e63e9626e7,泥炭藓研发计划与经费安排,digest
conv_5abf992fe03e,OFFICE,,high,u_6b8a67d36f1ea5f086,部门案例截图制作图片PPT,digest
conv_fd3b83a1061c,OFFICE,,high,u_e77c8f9f2138920852,企业部门协同科技概念图,digest
conv_1ec77749aa65,OFFICE,,high,u_f61a210f4f7bca4512,材料整理为规范Word不改事实,digest
conv_85bac8c8af6e,DATA,,high,u_4c1b9abf446eac3b63,预算异常交易公式与管理看板,digest
conv_71b145de3304,BIZ,,high,u_f806057b501bda7ad6,AI客服投入ROI与回收期论证,digest
conv_a4b444ef90b2,BIZ,,high,u_fdae967142930d56a1,客户拜访标准操作流程,digest
conv_60936d7d143e,HR,,high,u_96a4b3a8f9c6700004|u_10397c2900b0226fb2,法务简历匹配及香港员工入职,digest
conv_201631a6dabf,LEGAL,,high,u_5f1bfc0432253c7ec4,绩效政策劳动法合规审核,digest
conv_6e00ca9901d4,OFFICE,,medium,u_bdda6988b40b79db01,按附件依据打分及指定格式评价,digest
conv_fee286579ecd,HR,,high,u_c9b563592063e1562a,裁岗离职处理与补偿交接流程,digest
conv_9ff5e9d7e874,HR,,high,u_9e8bf604d7282136e0,SaaS公司季度绩效考核方案,digest
conv_5088c71b9194,HR,,high,u_73bf16643006b6a1e0,高级前端岗位招聘流程设计,digest
conv_b66a59b58652,HR,,high,u_0ab802c0a79b7a0f4b,技术岗位30天新员工培训,digest
conv_ccf77916e240,TECH,,high,u_68cdadc3d42b0bf66b|u_1c75f074a38950d6d6,技术架构图重绘与复杂化,digest
conv_4da8ee446e3a,HR,,high,u_c6afe5d034b0e82c49|u_0945928ef29244b8d2,招聘流程及可填写评分表,digest
conv_d628331d380b,OFFICE,,medium,u_c99b21b22d9711febf|u_232b4a1ec2f943815e,关联交易表内容补充与简化,digest
conv_baa17fbb85ec,DATA,,high,u_3ea8f9f584f02fcd74,三张财务报表公式联动及校验,digest
conv_3ae75a94697f,DATA,,high,u_5fe643e95a1e073939,DCF估值预测及敏感性分析,digest
conv_88c15f68fcd5,DATA,,high,u_c8c0f7a9adcbbeca39,DCF估值预测及敏感性分析,digest
conv_f128041d3dc7,TECH,ASSIST,high,u_25838985880dea96af|u_5c476258b7ffc31084|u_d171af569964a65d30|u_f1b20a1c517887d902,模型对比网页开发及技能安装,digest
conv_326207f68ae1,KNOW,,high,u_cfa2ca449c44398cc5,知识库文件向量化价值咨询,digest
conv_000329fc9167,LEGAL,,high,u_af2fc3b40ebf5a9470,合同风险条款识别及底线对照,digest
conv_63cd088280e4,LEGAL,,high,u_8d79dceb02f37ad579,高风险签约决策矩阵及审批,digest
conv_ddbd2b72cd94,LEGAL,,high,u_d20e36f9f2dcca47d1,高风险签约决策矩阵及审批,digest
conv_1603dabeb270,EDU,,high,u_f0331d23c0ceeb8a4f,查找膜片钳科研平台及服务,digest
conv_3a2929dd4123,BIZ,,high,u_b6671eaffeb260fdd1,模拟公司竞争格局与市场定位,digest
conv_d374a80f6dc6,EDU,,high,u_1325957bc1c9237b92|u_7f3577e1319c971fcd,膜片钳科研服务调研及报告,digest
conv_1765ca7d99bb,TECH,,high,u_0cb6973f048ca6c454|u_955472ce5f94f04bec,购物车转化问题及界面原型优化,digest
conv_815933aa43c7,HR,,high,u_0b2542c9c112d5c3ea|u_c69101109f3bcc8014,后端工程岗位简历对比推荐,digest
conv_dc141d50dd59,COMM,,high,u_2f4ec22539d8fc30f1,附件邮件发送及授权确认,digest
conv_91d7eae7f753,BIZ,,high,u_6508e0dd55e8e6fc29,按招标要求起草投标文件,digest
conv_f5e696fd661b,OFFICE,KNOW,high,u_981ee543407f3443a8|u_9ec2217ee41331266f,图片PPT改制兼知识库整理,digest
conv_23adf8fd855f,LEGAL,OFFICE,high,u_f009568ecc83f22244|u_0f64be0eee3bf02107|u_e839000550538e0567,国外专利付款申报及地址翻译,digest
conv_0c5f19d450fa,ASSIST,,high,u_bc03943cfea576e3c0,搭建采购报价单生成技能,digest
conv_bf7c7b128edf,TECH,,high,u_800387858a17fa11bc,K12学习平台HTML与CSS界面,digest
conv_9f52e89fe262,BIZ,HR|DATA|LEGAL|OFFICE,high,u_f3f49cf2b6a6b597b3|u_6aebbf7c474e3170e6|u_773ff0112d820ef0e6|u_f9ce18073ae756b2f9|u_f16f9d5f644bc15fb2|u_a210ac532ccc64774d,企业经营及财务测算兼制度文书,digest
conv_049156fe4bfc,OFFICE,,high,u_3dfc2680db5d32654d,季度业务汇报PPT生成,digest
conv_e4524ffbc723,HR,,high,u_22e1aa0061ba1027cd,临床项目经理岗位JD制定,digest
conv_e982ce5c14b0,OFFICE,,high,u_cf2eea6c4bd7482f8b,提取PDF正文,digest
conv_bc9366497601,OFFICE,,high,u_56f0ce29ce8126fd8f,提取PDF正文,digest
conv_920face391e5,BIZ,,high,u_c6d252452cffcaafe4,销售竞争对比卡及适用边界,digest
conv_737c4b010b18,OFFICE,,medium,u_5555daed09739a017e|u_94dc37eab7c003cb58,明确交付为科委汇报PPT逐页内容及生图；项目流程修订属同一汇报背景，不另计独立开发目标,expanded
conv_8ca69d6ae5ea,LEGAL,,high,u_aa577f2d41b98ebc5f,乙方合同审核及完善,digest
conv_c1ad314b1771,OFFICE,,medium,u_49c5466be1145a5b03,基于附件补填另两份附件,digest
conv_e428a2831260,ASSIST,,high,u_3ae5650ef1a61d7650|u_5956bfeac36ead3640,知识笔记技能凭证配置,digest
conv_97579cceae5e,TECH,OFFICE|ASSIST,high,u_686df876d4e962656b|u_3c3bfcfb709699c5e7|u_063c0b47fbd4574b20|u_ef7628e038243347a4|u_fc9b74da0921f0db83,视频课程插件开发兼PPT和翻译,digest
conv_459d2d4c662a,TECH,COMM,high,u_2a243854e3707b8ec1|u_112536d12c4258d5bb|u_b60503151dae144cee,技能PoC复核整改及邮件交付,digest
conv_8b8570891486,LEGAL,,high,u_73332371814f34326c|u_c63d260e6d6114041d,保密协议核查并修订Word,digest
conv_4af767266aac,ASSIST,,high,u_c31aa3bb2eb58abb52,安装公众号发布技能,digest
conv_6fb29f5be5cb,HR,BIZ,high,u_a7226ac14a1a09e7a9|u_f4bc438a03d018a016|u_bcf93a03a69ceae6a8,专家入库个人履历及股票代码,digest
conv_3fe46a755f7b,UNCLEAR,,low,u_73017773a72d5aa905|u_7f9d76e1c267a6f0c2,问候及查看上下文无明确任务,digest
conv_51ff44422ce5,OFFICE,,high,u_7c840d733d7d67e9f3|u_1a7ecc1051c9a403fc,核聚变主题PPT背景生图,digest
conv_7526ed3636a0,COMM,,high,u_91d09de2e978152c60,设定会议时间提醒,digest
conv_a999f104e767,TECH,COMM,high,u_da051e7f1915a80f3d|u_eb0a0e17cb969fe304|u_45e10a0eba1da98b52,公众号凭证安全测试及邮件交付,digest
conv_b50bfc1a5e3e,EDU,,high,u_f154701fcd3d6f4303,论文29维审查清单转表格,digest
conv_a2364c686db7,BIZ,,high,u_a8b3d98a68003ac5d2,科技转化报告平台域名命名,digest
conv_b17e628f68dc,ASSIST,LIFE,high,u_d0a2bff4468134614a|u_2c5a262ff74d4567ea,助手回复风格配置兼生物识图,digest
conv_478764074702,HR,,high,u_459e9dac6c97c3de4d|u_3c0e302af5a71540ef,公司群同事离职祝福文案,digest
conv_67e989e61842,BIZ,,high,u_f4b5b9bbb73160b72c|u_0b3487120e3526bd68|u_af663a4cf2a62887c3,公司行业及估值汇报反复修订,digest
conv_a4a614339e1f,EDU,,high,u_b004ee32097af068c2|u_16f5a9a03780a9794d,查找深度研究benchmark及参赛,digest
conv_1cb56954fbb3,BIZ,,high,u_337cac66a1f59920b3|u_6e95344d45c51a2a78|u_f8d5e69009b7ab4bd7,微软季度财报战略分析报告,digest
conv_2e74260e9cc9,UNCLEAR,,low,u_c31c23162685f88bb1,只有这是在干啥无对象依据,digest
conv_6dcabb7eaa6c,BIZ,,high,u_d82ddb09e0f28fe624|u_c312f019d8fca38004,增材制造痛点及碳纤维前景,digest
conv_8487ad8077f4,BIZ,LEGAL,high,u_184d601d9f9c05073e|u_5e6b0d47bf906c03b2|u_5a6d76d37130109c55,企业AI应用及投资资金合规,digest
conv_19680ac4434e,BIZ,,high,u_1411eb747b5233c975|u_d9c9c86861398d2548|u_42a8624e879250821d|u_a6a12cd910d84cab42,机器人投资初筛提问及风险汇报,digest
conv_257dffc8682f,BIZ,,high,u_a2773688cbbc175841|u_35beda8b4e8da2d248,AI短剧行业竞争及小团队成本,digest
conv_2680d1b5f71e,HR,BIZ,high,u_14b1ecd3ccca93325e|u_ed864a19fe9d0fd6a5,求职者公司介绍兼办公地点查询,digest
conv_2536c05a3a96,LIFE,,high,u_859815d0e4fa669ffe,查找商场周边商品店铺,digest
conv_8416abba6493,BIZ,,high,u_dede82f0d7225297bc,脑机接口技术行业及投资研究,digest
conv_97100bdcb068,LEGAL,,high,u_ff6d15b2b4eef310d7,公司立场TS协议重大风险审核,digest
conv_0c737ce414b9,BIZ,,medium,u_e66e2bee5d9090d30d|u_8dff912937bea096c9|u_92fd67b633d950f143,投资数据安全及产业方向背景,digest
conv_db09358aab86,HR,BIZ,high,u_43f600b73d5a3d6811|u_3326571653b6a9e619|u_2a634485eeaaaa7f90|u_776e50c45e9f626762,岗位JD薪资及招聘匹配,digest
conv_15bf426031fc,BIZ,DATA|OFFICE|LEGAL,high,u_412b2a86f0fe135f1d|u_2b6dc5c79df6b9d74e|u_f3c8fc2ad073fff953|u_18048dbbe036ff0835|u_d8f950c08414a309b4,企业上市研究兼财务海报与合规,digest
conv_32570f971950,LEGAL,,high,u_8404d9c9648105babd|u_7c43f8ce4d79f27c69|u_e18579e7031ee55256|u_28c32805a4a5cf2aff,投资TS与承诺函共管账户修订,digest
conv_6b1d5998b0e7,NEWS,,high,u_dca4d37fe63ead763e|u_90044e3cd363ccaaff,AI热点新闻及配图课件,digest
conv_3865e13a3e1c,NEWS,,high,u_1c82571a6d2f0045ed|u_60f48dc960574ddbc6,AI热点新闻及配图,digest
conv_461e2d0f1ef1,ASSIST,OFFICE|NEWS,high,u_c6ef5f7376f5374d93|u_2fe78ad55dc2b88a62|u_a36fca026f88414642|u_3c89d8251d3c8c4842|u_2c8d5d1c0f8e76c17b,飞书授权共享配置及CLI说明PPT,digest
conv_315b16c7b8ce,LEGAL,,high,u_a78ea2749bb0dd1315|u_373749415afc9c9886|u_cb0ffa8a6aeebc2a7c,开曼控股香港金融机构设立合规,digest
conv_c6fc21e35678,BIZ,,high,u_08a681a80923defe6a|u_62c8b9e7b62060c575,医疗早期项目介绍及交流提问,digest
conv_22c169c14c36,BIZ,,high,u_25d3de9984c7cc42be|u_6c9456c1c73f65cf33,医疗企业介绍及沟通问题,digest
conv_05a433473107,HR,,high,u_725373fd609b8505e6|u_900eb8b530bb3ff68c,法务岗位简历匹配及面试推荐,digest
conv_6bd36d8775c5,OFFICE,COMM|ASSIST,high,u_892541a18d3379aa39|u_07854690a0d05c5296|u_52b5ff6a8039272d7e|u_46277e65bc16bee897,虚拟人视频制作与飞书交付,digest
conv_8a639758269d,NEWS,,high,u_4c7099982bb1053f63|u_3e77ec6d157759626d,新闻收集及图片PPT,digest
conv_e71276ba785b,HR,,high,u_787e50861428f23194,医美设备产品经理简历筛选,digest
conv_5d1d5410135d,ASSIST,,high,u_a1ed2123661bbfab6f|u_0ab7df274889a9cbeb|u_74268c5f9fc2dbf326,查询安装及了解技能使用,digest
conv_0592d8887b3d,LIFE,,high,u_82e57ff81c4315394a,晚餐计划及HTML呈现,digest
conv_42afc8c572f9,NEWS,COMM|ASSIST,high,u_2dbf0b0ac5d2c351b3|u_b803fccbf9307d9896|u_3d19ead2fccb735eca|u_b57c674d4f93e1d57c,AI综合周报自动定时邮件发送,digest
conv_b6f82f7b4d96,BIZ,,high,u_9836643002ab3b7c2f|u_a58c365a94a4c2995e|u_76aab154e977fe9275,商业计划书迭代及材料可信核对,digest
conv_0efb58eb1ff1,BIZ,,high,u_08e54da7d48d28e6b1,公司产品优势及未来规划概要,digest
conv_f5005161c357,NEWS,,high,u_a8e2d45439cac23245|u_09f8089084dde89fab,当日AI热点及图片PPT,digest
conv_0e3d37287c9d,BIZ,,high,u_0d53c45af58fff13d7,一级市场投资项目分析维度,digest
conv_a9304334a810,HR,BIZ,high,u_a78b37a3c473df6cf1|u_e49396db8644855cef|u_5b1fcb9a7d02d572f1|u_bb099bd912351299e4|u_4469cd53013afbce0d,机器人招聘JD薪资简历及竞品,digest
conv_7bab70b2c925,BIZ,,high,u_523c1dd72ca9bb3432|u_a2ad982ec6698a7a03|u_7160153984387e7c7e,多项目答辩成果转化投资提问,digest
conv_c08aefce64c5,OFFICE,,high,u_2527352c4eafc73af9|u_6b316546f1a988825c|u_832017757cee4cd8f7,参考图片生成动作与表情图,digest
conv_2102c00e9b45,OFFICE,,high,u_122461c73effde89e6|u_87db50ac44cbbb2c0d,公众号喜报封面生成,digest
conv_bcf6044319f6,EDU,DATA,high,u_b5ae94441dc9961183|u_8b3dad17908ae993c8|u_7af4aff549f29b2374|u_52de1c2e519d9c76e3|u_9de9a0e633b82de344,经营模拟沙盘需求成本销售决策,digest
conv_050cdce318d9,HR,BIZ,high,u_4a1a298ba02d643364|u_5853e278bb25ba757b|u_4b4cc8450dc71d9f35|u_2d474e28d97bf182dc,硬件产品经理筛选兼高管背景,digest
conv_95d1bff6aaab,NEWS,,high,u_6e7bcc9b4c84be744d|u_5eb4afda6148baf678,当天及前一天AI热点新闻,digest
conv_f451b5126679,BIZ,,high,u_54b61b923453760293|u_7b16901d21e2a31437,境外银行账户字段及汇款信息,digest
conv_3a5014f38553,BIZ,LEGAL,high,u_235e7259db9b74dd01|u_aac90215e62b267865|u_4594c61134b0a3b63c,成果评价机构权威性及申报判断,digest
conv_591e521ac565,LEGAL,,high,u_9530eb729445e033c4|u_a8f79ab168c4ffb4cf|u_e1886d9e0c995e4c5e,投资承诺函责任条款审核修订,digest
conv_f033a81b921f,BIZ,,high,u_8b37e957192006b919,轨道巡检机器人销售竞争卡,digest
conv_e5c0c9f1cd6c,ASSIST,,high,u_96e658da0f85c6baa8,企业微信接入咨询,digest
conv_aefc8e3134ca,EDU,,high,u_361e4b5799e3d1e516|u_b369996a88a0d95301,Nature论文检索及审查,digest
conv_ec2e122cb01d,TECH,,high,u_e8266c9ce96567938b|u_24ab6edf01a39bbf83,笔记本重启默认屏幕排障,digest
conv_126d0b31d3fa,OFFICE,,high,u_09860de430092f2c51|u_83f045e7eb9af422dc|u_cec660cd315cd81a46|u_58c2655478b8f444aa,企业应用案例单页图迭代,digest
conv_39f277ef5502,BIZ,LEGAL|TECH,high,u_640359700e17b5e10e|u_cc3f59bf74d5d5c197|u_fa09d77a55a9bb295d|u_47c3eb9ab8bdfacfc8,财务分录兼年报整改及软件排障,digest
conv_fbf6d789df0f,LEGAL,,high,u_2a79a7eb836fa4e7b7,目标公司股东协议法律风险审核,digest
conv_7c24f6692dad,ASSIST,,high,u_0eedfb7330571a91d6,钉钉企业认证费用询问,digest
conv_70e8edb87e06,LEGAL,,high,u_458c6348e2b35c2250|u_c4c6b5e27a854085fe,上市财务资助及乙方保密协议,digest
conv_9132ec6b4bf0,OFFICE,BIZ,high,u_b17f2069eef8e2dd3a|u_f884fb54876e9ec000|u_88dd043ec80e59a55e|u_a34fffdcdecd7068d0,会议纪要润色兼债权转让解释,digest
conv_170be448a556,BIZ,,high,u_e06625e84671d15b5d|u_9baf9f83760905231b,客户与信托缴款通知版本比对,digest
conv_37f67058e5a6,OFFICE,,high,u_35a2927728ce50c015,参考图片生成产品图,digest
conv_941120f650f2,OFFICE,ASSIST,high,u_b726a66e4c9c2b5da7|u_04ff1cee7fc5f7f107|u_2d86d149f8e4ecf156|u_b643595c8e706f4ff8,产品logo场景生图兼技能定位,digest
conv_3fb6b3eb1269,EDU,,high,u_cde46180b37042a9dc|u_1c05ab68590883b73f|u_839de70a54de0b1030,授课PPT生成及页内容提取,digest
conv_9f17c99fde01,OFFICE,,high,u_11d93b521b2d6100da,提取PPT指定页内容,digest
conv_dfeccf18e9af,LIFE,,high,u_42604f8276641185c7,个人slogan创意咨询,digest
conv_304ba9918572,OFFICE,,high,u_77173b5d6fe2569a08,商务文字英译,digest
conv_82a1029925ae,ASSIST,,high,u_5fe23aa3ee0fcbeba8,查询生图模型单次费用,digest
conv_2e198f6ce53c,HR,,high,u_5e09c9bb9963470251|u_a481445830d64bfa45|u_83e893bae8a05d55e5|u_ef4aac1853daf456e5,人力负责人多批简历筛选及推荐,digest
conv_d296b8df4dfc,OFFICE,,medium,u_9c78f78501f6a633d6,按附件依据打分并填写意见,digest
conv_0945c1554661,OFFICE,,medium,u_cafba348ff0b72c24e,按附件依据打分并填写意见,digest
conv_2a6e0203ce09,LEGAL,,high,u_e9065110dab1ae3120|u_e319988c8fec6d8b1f|u_fa09c07821fdb6ecb3|u_80b3a0b29aacfa4a1a|u_620a63777f0e42bd06,申办方临床合同审核及付款责任,digest
conv_0f55f4349bf7,LEGAL,OFFICE,high,u_b2e403989cc5badc64|u_6801e7e6b3b2b377d1|u_80d390eb79da72e4d0|u_dc6a98c092aee44857,债权出让方案法律路径兼会议纪要,digest
conv_7e006bfa0a66,BIZ,,high,u_2b0ca919380fabbb06,查询上海研发转化功能平台,digest
conv_bfd9c1c53d28,ASSIST,,high,u_6b727823edd30c997b|u_8a21dbe8d4fd8a189c|u_17ca300964b40db37b,确认creator技能身份及位置,digest
conv_f4011929e7d4,LIFE,,high,u_56ae5d0e044372d66c|u_07b5fd5b4d05687745,游戏名称与开发公司咨询,digest
conv_3126a0980266,LEGAL,,high,u_12827522355b9ee9fc|u_7adea3efe43293bfac,接收方合同审核与直接修订,digest
conv_0d28a549f675,OFFICE,,high,u_629892abb4fa519ad6|u_6632edd9c75e6d33c7,产品场景图片及广告语设计,digest
conv_de8c70890684,LEGAL,,high,u_239842df24f491e0d4|u_635084efeffb034b96|u_9c0b2844b7cdc32a17,股东协议审查及代表责任修订,digest
conv_93bc0bdf1c57,KNOW,COMM|OFFICE,high,u_af804e0ac95a4d89ff|u_d3e499a2f19ae2a30d|u_f7f0f482501bcacd16,整理个人使用画像兼识图邮件,digest
conv_64a5d39a2db8,OFFICE,,high,u_155030b2c0fae22681,图片内容识别,digest
conv_bf6e13e97b7e,OFFICE,,high,u_b9bc3e75d66ad3fcc5,企业宣传图片标题标识替换,digest
conv_fd211e07f1dc,OFFICE,,high,u_46b368ef134e66665d,企业宣传图局部图片与文字替换,digest
conv_4e2a5f3f6545,LIFE,COMM,high,u_480989b9d2bf0db4d8|u_140012076bd12a9ec5|u_e61b136d7c00855477|u_de22b8045e9fcaa06f,福冈旅行行程配图及邮件交付,digest
conv_931fbc79d13c,NEWS,,high,u_1c82571a6d2f0045ed|u_95f76faaa55843a65e,当日AI热点及摘要配图,digest
conv_0097ccc80b2d,LEGAL,,high,u_9712bf128f9091100e|u_aead4669f654594a87|u_2d0324dcb8b2a44923,上市管理制度估值报告及免责声明,digest
conv_f1362216ac2f,KNOW,,high,u_ef4c16faabc237b8f8|u_52bf4c1a613024275b,解释已选知识图谱节点,digest
conv_0abdcf713f92,EDU,DATA,high,u_6ad5f2f32cd4a41475|u_839bd0432fad54502d|u_b9b8d237300a8d85bf|u_9cf4ad2385e1967f74|u_f2658f47a4bf1bdd1b,经营模拟跨季度研发生产销售测算,digest
conv_ff6e82c65308,LEGAL,,high,u_5c0a252748621a6d7f|u_496c8450d750e6b1f2|u_aafda7f52021affd73,合伙协议员工激励持股平台修订,digest
conv_520cd3813908,ASSIST,COMM,high,u_6ac45f3af728ad8f78|u_e6c2f4c3b9c569325b|u_f4407171fe6fe9d86f,邮件技能内容打包及配置发送,digest
conv_02ef9fcd2a19,ASSIST,,high,u_7815952fa201c538f4,请求查询本地配置凭据,digest
conv_024a98a9e88d,TECH,,high,u_bba74261fe813e2207|u_3a21af393f89f4233e,系统命令与拦截机制测试,digest
conv_1598eea568d0,NEWS,,high,u_64d37768b522b0890c,查询当日AI热点新闻,digest
conv_f45181b3b8fb,ASSIST,,high,u_a31ad37078c4164a24|u_1d929b0730e5f026ac,请求打包邮件技能到工作区,digest
conv_59e5ac728e02,OFFICE,,high,u_c367751fb6cce7cd34,图片内容识别,digest
conv_60dc573f2126,OFFICE,,high,u_4aab0bbbb584001799,图片内容识别,digest
conv_8f3f0f50ed96,COMM,LIFE,high,u_d0023a56a8e18e5d83|u_457c76955d4153ffbc,地点查询及定时安排,digest
conv_da7d6a0140d5,BIZ,COMM|ASSIST,high,u_d4f294ce083f0f1e37|u_3d66d6418b92341d46|u_efa16900c29a4e0970|u_539bd97a2e1d496ea5,相控阵行业报告兼邮件服务连接,digest
conv_b692170f084d,LEGAL,,high,u_417fda1507775868ba|u_a2cfe76e7770f69690,协议审核及中文翻译,digest
conv_f1adba6c8d85,BIZ,,high,u_c106dc4a0198921740,查询AI赛道企业融资进展,digest
conv_ad3b60841448,EDU,,high,u_ac3b36a857babe1a06|u_37635f2ae6f0cd204b|u_944fe3ea54a4e3edf2|u_68c6b354f03d2db7ba,深度研究和Agent榜单调研,digest
conv_12303335d17b,LEGAL,,high,u_9b84560781b0f659d2|u_5baabe004c5a8613ab|u_13a35da6b62cdb458a,多轮融资协议股东特殊权利审核,digest
conv_18b7452951f7,UNCLEAR,,low,u_cb280986e670e9c08a|u_cc63ee5f13dd382543,只有美化优化未见对象和标准,digest
conv_ff2af7890f38,BIZ,,high,u_57a41fc33e777d6875,机器人市场竞争格局调研,digest
conv_d9fab7f384b4,BIZ,,high,u_35ba3ccf12868bd595|u_5a8c8464f21896e21d|u_fec866c7b1a411b755,合成生物行业长报告及图表汇报,digest
conv_57d9f1d61b01,OFFICE,COMM,high,u_bc8284ffc34c021605|u_8bc5d6b7bfe7be6431|u_ffc998aceb134b96c4|u_5a1abb97cf74c804f7|u_dc95e61bbd71623862,AI设计文件清晰度修复及邮件交付,digest
conv_a9e6bd1941ea,LEGAL,,high,u_1bab5d8b079fb81fe7,说明文件细化及法律表述规范,digest
conv_a11b380fbe26,EDU,,high,u_2c69a8bcce96c815da,职业院校教师人数趋势,digest
conv_b6573abf3f8d,BIZ,,high,u_c46f6e6647d22c1a03,实验模型产业及前景,digest
conv_a4d2af651668,BIZ,,high,u_598f3218d85069c710,投资绩效指标释义,digest
conv_381f48864647,LEGAL,,high,u_8717ddcd387be8fa42,债转股协议起草修订,digest
conv_c8099c04b860,OFFICE,,high,u_5459ab8886c38ee049,提取已给分享链接的文档,expanded
conv_c19fda1c10e1,LEGAL,,high,u_612d1e1833eba47755,可转债条款审查,digest
conv_b10b34077d72,LEGAL,,high,u_f3d649b747c9b18828,竞业义务法律分析,digest
conv_97afc9662a43,ASSIST,,high,u_214b62d2ad48e6e04a,安装抢票技能,digest
conv_657689911479,ASSIST,,high,u_a8e85460c0869177e3,安装代抢票技能,digest
conv_495ce24cf535,HR,,high,u_58e22738728c308046,候选人岗位匹配评估,digest
conv_bb4071bfb7f1,COMM,,high,u_db7801b6570541b34b,创建腾讯会议,digest
conv_2516d83adafb,KNOW,,high,u_776081df047c734b8f,查找会议纪要,digest
conv_7fe404bd2fb1,KNOW,TECH,high,u_a59bea3e3dd16a9f71,项目记忆与聊天汇集,digest
conv_a08c766fa806,OFFICE,DATA,high,u_f2697c7ada8eda5512,财务演示修改美化,digest
conv_e8db180459dc,HR,,high,u_198a27f8cd54d6485d,生产总监岗位说明,digest
conv_1a8d350c4f22,BIZ,,high,u_f97411531f68818b4c,企业及投资机构调研,digest
conv_eb6cdb8d75c3,EDU,BIZ,high,u_0a76e18deaff534890,高校概念验证项目评审,digest
conv_3280f99385a1,EDU,,high,u_ebe6aaa96c3fbb98f3,高校脑机接口项目了解,digest
conv_6467d83a88d1,BIZ,LIFE,high,u_7e19306521d349f6c8,企业人员合作背景调研,digest
conv_c449dbd85983,OFFICE,LEGAL,high,u_99561d487f879c9a59,信托联络变更说明函,digest
conv_d4f0a5483b87,EDU,,high,u_b76589e2dc657fbf84,高校验证项目汇报结构,digest
conv_a31a48be0eef,OFFICE,EDU,high,u_d9dccfadf3c040cbb6,AI指数报告视频转PPT,digest
conv_568c394527f8,LIFE,EDU,high,u_6c1a3b462eb2997559,消费游戏及摄影咨询,digest
conv_075d1d056ef3,LEGAL,,high,u_74de177eb24332126c,交货违约与解约分析,digest
conv_921e729447bb,OFFICE,,high,u_5ee1ac65b1c9a4e050,参照文章设计写作指令,digest
conv_43f0daa73651,LEGAL,,high,u_db79ec6e3e9e159092,境外投资结构合规,digest
conv_dea08980348e,OFFICE,EDU,high,u_5ccf3b7c14e8a25dcf,论文科普公众号制作,digest
conv_0e5f49df8fb6,OFFICE,BIZ,high,u_9eea0b8aa398984c20,科普视频及传播策划,digest
conv_2d85bcabcb65,TECH,,high,u_871161edb4b2973528,开发浏览器跑酷游戏,digest
conv_89122b5fe58e,KNOW,EDU,high,u_29571d6051755b8aea,查找文档及参考文献,digest
conv_db79df29d8c3,KNOW,,high,u_29571d6051755b8aea,定位指定文档,digest
conv_9e23d54a01b2,BIZ,,high,u_79c9344a81d77be9e1,技术经理人现状比较,digest
conv_f95e59fa2a26,BIZ,COMM,high,u_7a24e76971444c40d5,投资项目评估及邮件发送,digest
conv_f1d62ddb0453,COMM,,high,u_1d8c5b3e98695b9cfe,视频完成后飞书发送,digest
conv_870b933e9ff8,OFFICE,COMM,high,u_c596e4aff86eba8f10,生成视频并飞书发送,digest
conv_977222180c98,COMM,,high,u_dae100032a1b1918aa,发送视频给指定人员,digest
conv_ce924f9f86fc,EDU,,medium,u_a100dfd6d5e64ed4f8,了解项目及成员,digest
conv_1d184e5920ae,LIFE,KNOW|OFFICE,high,u_81eda4f55612a540bf,整理个人资料绘制画像,digest
conv_bdc2eba9ff39,EDU,,high,u_af9a2de742c56da83a,学生3D打印作业评估,digest
conv_3a27f499e502,OFFICE,,high,u_d68cacfb6866728b48,创建3D打印介绍文档,digest
conv_8e26cf39a820,OFFICE,,medium,u_8140d89dd98946e0b9,解释已指向文件的内容,digest
conv_b9e7fb1a14d1,LIFE,KNOW|EDU|BIZ|OFFICE,high,u_f157074962fc4d7357,个人画像及多项项目查询,digest
conv_af84dab3ef9e,EDU,,high,u_b2240584897daa3aae,了解学生团队项目,digest
conv_f2c7eafcee01,EDU,,high,u_8bccaa71e45c31bdce,学生3D打印作业分析,digest
conv_a26db494d50b,BIZ,OFFICE|EDU,high,u_0b8d17cb3bb254be66,教育项目商业计划制作,digest
conv_feb7c0fed490,OFFICE,BIZ,high,u_1dc56ae4a86b01a8a5,产品册翻译与参会分析,digest
conv_211006dd61b2,BIZ,COMM,high,u_746b99f7ecfa17c6bb,投资企业背景深度调研,digest
conv_228ebd613017,LEGAL,,high,u_a39262e12a5b921c86,促进条例修订比较,digest
conv_add3892808ba,LEGAL,,high,u_690c8a31e851ecfbe3,境外合资投资合规分析,digest
conv_b132854c6589,LIFE,OFFICE,high,u_1bd09815d38241e9c2,厦漳家庭旅行行程,digest
conv_a612b5379cac,OFFICE,EDU,high,u_83c9b43df4a45742fc,教学视频剪辑渲染,digest
conv_aa39a0edc534,BIZ,LEGAL,high,u_9069cd26e5969fec89,并购方案与投资评估,digest
conv_c7c9955f80d8,EDU,COMM,high,u_a515f69009634a30ea,高校生医项目参赛评估,digest
conv_b6ece15c4c44,LEGAL,,high,u_91ae3b3a93903cb333,合作协议修订与资质,digest
conv_15221652e821,OFFICE,,high,u_46d2aaa935a5bc4f5e,Word改对比表排版,digest
conv_e5eadb9c491f,HR,,high,u_e16576be346ead546d,生产岗位简历与薪资评估,digest
conv_222c1d76547a,HR,,high,u_c0cf5c6da882dbc58c,人事总监候选人评估,digest
conv_708cfd0f4384,LEGAL,,high,u_19c18b3e7fa1b6eab3,发债法律意见要求,digest
conv_cb146a3b90b3,EDU,,high,u_4cc261a91a78233a40,教育探究与做中学政策,digest
conv_8ed19e4b1550,LEGAL,,high,u_722d2e3c0099b5bd33,境外资金管理法律分析,digest
conv_2b8fd8fdd8bc,HR,LEGAL,high,u_162ca9d39391d868e7,岗位匹配及劳动税务咨询,digest
conv_5d441d270818,LEGAL,BIZ,high,u_5e571bd33e3b3480b4,股权退出税务与上市指标,digest
conv_769c8e9a7039,BIZ,DATA,high,u_f7aa088a921d9f2276,融资问题与公司回复分析,digest
conv_61447b378f5d,OFFICE,,high,u_5d351e8bd620461e93,文件文字与逻辑复核,digest
conv_366ab6b1766a,OFFICE,,high,u_8713d4da06727b48ae,公司介绍转演示,digest
conv_383e0a3ecde7,LEGAL,,high,u_6d429aeae159f8175e,基金投资期缴款规则,digest
conv_b3d8a26f0bb3,ASSIST,,high,u_91312f35645be4f74e,安装健身教练技能,digest
conv_0df36094b90c,HR,,high,u_9c8e049024de71fb4b,机械工程师招聘评估,digest
conv_e6b626437ab1,NEWS,LEGAL,high,u_efd08eaaf98c7f605a,明星事件事实与法律责任,digest
conv_61ba37b1a086,OFFICE,,medium,u_f15fd4a10b49b762db,文件风险审查但领域未明,digest
conv_16f5d4a35c7e,BIZ,,high,u_f741d3b859015966c2,融资机构筛选与推荐,digest
conv_ed0d158f38e3,LEGAL,,high,u_4fc383c9a1ff6d5d01,专利缴费义务与恢复,digest
conv_ac19206253a9,LEGAL,BIZ,high,u_ba946b2389fe01eb10,科研合作与采购合同起草,digest
conv_342c46e71042,LEGAL,LIFE,high,u_bb1d4099f92504365a,离婚财产分割协议,digest
conv_602668379442,LEGAL,,high,u_219745af1e676a1511,分拆担保与协议复核,digest
conv_54cea560f23d,BIZ,OFFICE,high,u_09a926da9060c61e75,企业IPO会总结发言,digest
conv_2ff337f34ddc,OFFICE,,high,u_7494edbdf4dbb38075,会议纪要整理排版,digest
conv_becece127443,OFFICE,,high,u_5ffa8be863d3c569d8,月度工作汇报制作,digest
conv_32462bbf9e28,NEWS,EDU,high,u_dca4d37fe63ead763e,AI新闻与学生项目查询,digest
conv_0341af69e1b8,LEGAL,ASSIST,high,u_91d6a766ffe5874ca7,商标核查及公众号认证,digest
conv_f7e2139afd98,LEGAL,,high,u_50da711e9070efa7da,税务身份变更委托书,digest
conv_ce34559870b8,OFFICE,,high,u_b8288111e42ea0cc0d,项目推进报告定期更新,digest
conv_e48f8e93d4b8,LEGAL,,high,u_4c6e9f6bfe318d8973,重整期间董事辞任,digest
conv_6395ac98e982,OFFICE,,high,u_b44cc5bdecbb8a5973,将文档通俗概述,digest
conv_2d8b571e6392,LEGAL,,high,u_4eb463f8a499e3f7ec,乙方协议审查修订,digest
conv_334d1d9c5397,OFFICE,,high,u_63317a652fc3732020,政府支持提案凝练,digest
conv_79790ad87ce5,OFFICE,ASSIST,high,u_7084b0e9f8fcc62798,机器人品牌公众号推文,expanded
conv_9e9b2c3bd66a,LEGAL,,high,u_cce928e42fff0de449,专利代理责任与恢复,digest
conv_fafb4f4f16ce,LEGAL,,high,u_6039797f7fa1c76e44,投资人立场协议审阅,digest
conv_7abb2a35e889,OFFICE,,high,u_54b730c56f2c2dc703,产品摄影与文档建议,digest
conv_2274302db0fc,UNCLEAR,,low,u_89343ac305262c385e,仅要求继续处理附件,digest
conv_4ed990e03c60,DATA,BIZ,high,u_91cc53b5d5108ccc6d,市场线索清洗标准化,digest
conv_c597d0b7cd1f,BIZ,,high,u_593d31c0b4f4d4763e,医疗企业团队竞争力,digest
conv_398c9eb6bfa0,KNOW,,high,u_063aca62eb2cc07d5d,列举共享工作区文件,digest
conv_e6be76f9ef11,BIZ,OFFICE,high,u_5985e7d092e98f0ef6,行业情报与竞品周报,digest
conv_6205973ae0f0,LEGAL,,high,u_fe7f8b114a1757c7ad,母婴服务协议多工具审阅,digest
conv_f03920966d3a,KNOW,,high,u_d06cc27ced0ccc4d31,读取共享项目目录,digest
conv_6b5a4c48a759,BIZ,LEGAL,high,u_877a390bda52487b67,潜在合作主体与意图调研,digest
conv_568d6666fd4d,OFFICE,,high,u_5846af3e540f1659da,周会纪要与行动项,digest
conv_b7492b0c52cb,BIZ,,high,u_5fa66206d65819fcae,企业可比融资估值分析,digest
conv_1c9068de8dbb,KNOW,,high,u_51aa833f356447ccaf,访问共享项目目录,digest
conv_5257d244a423,BIZ,KNOW|OFFICE|COMM,high,u_27ff0890ba60dfea91,上市公司调研及合作方案,digest
conv_824301168628,LEGAL,HR,high,u_5f0e73e4c6e217500b,健康问题拒录用风险,digest
conv_c1a1217e30cf,UNCLEAR,,low,u_700cc83888aca1ad40,仅提及未明技能处理,digest
conv_452be08f0c06,LEGAL,OFFICE,high,u_e31a1ce35585bb8f63,公司治理新规培训制作,digest
conv_ed5fe145b4b8,BIZ,OFFICE,high,u_1eaca2d72e198de9ee,本周行业竞品情报,digest
conv_490bd389dffc,BIZ,,high,u_1d8389ec95af444fbb,生医科研产业合作评估,digest
conv_7f74f1470eac,BIZ,EDU|LEGAL,high,u_cf8ea249abe5329ee0,青少年AI赛事盈利模式,digest
conv_be78f2b2475f,LEGAL,HR,high,u_77a903ddc0eb54dc75,员工股权转让税务评估,digest
conv_4024be190b45,OFFICE,,medium,u_65942be1f9eb953041,制度及评估表完善,digest
conv_7f5a1845d742,BIZ,,high,u_d5aca2dc7f4b963414,参展评估预算与执行计划,digest
conv_e3ba4e591e36,LEGAL,,high,u_261cc7dc52224ee7ee,股票质押融资合规,digest
conv_4cb425ee30e3,LIFE,OFFICE,high,u_20a4fc30502ff23437,手机价格与购买时机,digest
conv_5f2d94a73a6d,LEGAL,,high,u_cff55524f0f79ccf82,客户税务安排,digest
conv_dbc77ee37469,LEGAL,,high,u_289f2e2012b311f2a5,合同风险逐条修订,digest
conv_7182a1210183,EDU,,high,u_b01714c4a03471ddbf,国际学术合作邀请评估,digest
conv_9b330b6fbf9f,BIZ,,high,u_57693f7dc771f63e99,会议转写销售机会提取,digest
conv_bce9cfd14cfb,EDU,,high,u_e1323a54c39823f5a7,高校科研人员项目介绍,digest
conv_47738bdeea0b,BIZ,,high,u_03adb010e2fd712ba7,销售机会与下一步行动,digest
conv_c53070032f4c,BIZ,,high,u_2101dd96bb796a0fe5,招标要求与响应核查,digest
conv_acd161b3af95,OFFICE,,high,u_42c81f7f897181ee8c,客户个性化冷邮件文案,digest
conv_7bb080270114,HR,,high,u_bcde624eb240f55927,工程师职级划分命名,digest
conv_e27d804e80f0,BIZ,,high,u_65b0828dc7e0801237,售前需求与产品能力核对,digest
conv_0908308cfd4f,LEGAL,COMM,high,u_ac2aad5c16339fdb34,基金延期风险及邮件回复,digest
conv_280e260d249b,BIZ,EDU|LIFE,high,u_9ff5fdd605e5c57dfd,生物工艺代工企业调研,digest
conv_972104f90063,LEGAL,,high,u_de5a26c6183cb567bb,国资基金稀释审批程序,digest
conv_512bed807235,LEGAL,,high,u_ec3821f6c1cbc1457f,股权出让方合同审阅,digest
conv_bd36f8dbbbc5,BIZ,LEGAL|OFFICE,high,u_225e87b7caf1bfdd9d,产业研究院建设模式方案,digest
conv_31fe5a08f6ee,OFFICE,,high,u_b269a207d5cc1751ae,公司介绍及PPT制作,digest
conv_1c2398f73029,BIZ,,high,u_0621ceaedb18dd59fe,需求响应能力一致性核查,digest
conv_cd6025af97b5,LEGAL,,high,u_797a963f4092440065,临床试验协议合规修订,digest
conv_b375a499c0bf,LEGAL,HR,high,u_15b9d44f128f47a308,工会社保职责与维权,digest
conv_c8f2ef80ef0d,BIZ,,high,u_fa62d046b82c33f4b7,统一客户技术需求与来源,digest
conv_03644b5f89cd,EDU,,high,u_332bb80c18659b91c3,国家智慧教育平台归属,digest
conv_cc52f7f19444,OFFICE,,high,u_d0d1b8f2c004a793f3,润色教育产品宣传句,digest
conv_0400aac342b0,OFFICE,,high,u_ebc5d931ad9d00d26c,教育宣传句改写,digest
conv_891fe04595b8,BIZ,,high,u_9a5ac95f338c15de27,现场工程勘察客户方案,digest
conv_ac00eb28fce5,TECH,,medium,u_b5ac9688391f3edfb7,发布阻断及数据矛盾检查,digest
conv_279b5eb3a290,HR,,high,u_66d0323e3af2c89b27,医美产品岗位招聘评估,digest
conv_94bf306bbbff,BIZ,,high,u_f707d73cece7d9ea4b,研发任务拆分与里程碑,digest
conv_63a92ea9ec3c,LEGAL,HR,high,u_1621e938a6493dd2b6,员工手册公示与职代会,digest
conv_77e95f792ca5,DATA,OFFICE,high,u_bd7d9de693f26aa860,招股书财务数据分析,digest
conv_03ba7e355b1a,BIZ,,high,u_0546f6b26c7b3abb1f,提前发货风险与审批建议,digest
conv_7869bf27d70b,BIZ,,high,u_4eb2b3f96ec4bddacd,定制研发评估材料核查,digest
conv_2cbe4886ace2,BIZ,OFFICE,high,u_7aa7f419390987fd62,施工条件核对及方案草拟,digest
conv_a3014b47a923,ASSIST,LEGAL,high,u_29ef24e6c81a4f7920,小程序迁移授权办理,digest
conv_458a877ca5fb,BIZ,DATA,high,u_ae37162da70c217fbf,工程物料清单与ERP导入,digest
conv_0b0148a0ac67,OFFICE,,high,u_fa07270f972f6f8560,图片指定文字修改,digest
conv_3ce805d56cb7,ASSIST,,medium,u_3baaec359b3bb0f8f8,确认当前模型,digest
conv_806f49c1eb88,OFFICE,,high,u_1c4abcf6928ae0f0c4,图片文字修改与取回,digest
conv_85e569be9d66,HR,,high,u_9e741fd1fa52cdaa0a,法务岗位简历评估,digest
conv_6e5773a541e8,LEGAL,,high,u_154ce27ab0d403020c,未约定定金返还请求,digest
conv_ce10104da0fa,BIZ,,high,u_a8bac0f3920e15bacb,现场异常验收与复盘,digest
conv_4ef7c6bd0b7f,LEGAL,,high,u_845e1644c204916f95,基金回款分配税务依据,digest
conv_3228c207eaef,BIZ,,medium,u_ee2557e4379e69d950,德国工厂地理距离,digest
conv_8c0acf0215b8,HR,,high,u_bfe7dfef576675c6ca,质检岗位面试推荐,digest
conv_2aadae5164e6,BIZ,,high,u_740a80db3746d42674,项目晨报逾期与周报,digest
conv_d6a1190f249d,BIZ,,high,u_2b1179b65d300f327b,项目启动包WBS编排,digest
conv_6fbc715f4b2d,COMM,,high,u_bed11712021e3acec8,QQ邮件发送文件包,digest
conv_ebeb45b88d28,BIZ,,high,u_93cfd16b84225ea01b,排产建议与发货核对,digest
conv_e1c02601c14a,DATA,BIZ,high,u_e7af1479572d4eaafa,BOM库存齐套测算,digest
conv_2b5c66ef9795,NEWS,OFFICE,high,u_76282e385db9041ccb,AI新闻检索配图,digest
conv_a12f08316927,NEWS,OFFICE,high,u_3118d959b4e90bf7b3,AI新闻检索与内容生成,digest
conv_eed394ac5c09,LEGAL,BIZ,high,u_4bb9e54fc7da2ae2e8,危化生产许可及融资比较,digest
conv_96469f69e0fa,EDU,BIZ,high,u_3efccc68ce5bb8974f,师范教师培训合作价值,digest
conv_189e925c8811,BIZ,DATA,high,u_f3acecea96475f11ef,供应交期预警与风险卡,digest
conv_4ceaacdfd316,OFFICE,,high,u_e91c4cf17727ebf760,推荐信邮件回复拟稿,digest
conv_9a05b37ae6e2,BIZ,DATA,high,u_56a9ccb9a77e2ff9b7,请购数量与供应商比价,digest
conv_6ee81dae7445,EDU,BIZ,high,u_1f1eccb3607a035ac8,数字素养培训合作框架,digest
conv_d23bc6d66dd2,BIZ,,high,u_a067bba7b2b7df6e12,公司业务诈骗风险核查,digest
conv_8685cb6739a8,BIZ,,high,u_1f7b28a93501dde4d1,管理层项目风险问答,digest
conv_88a7fc20ecb8,HR,,high,u_98ff2d64d998a71a83,职级薪酬序列定位,digest
conv_4a4208b3f83f,BIZ,,high,u_503842a819287c8e01,经营管理层数据简报,digest
conv_81cbeb7e8662,BIZ,KNOW,high,u_88d3224fdd308cf6e8,经营会前项目风险研判,digest
conv_efab8f8a2afe,EDU,,high,u_d6e92c4a27b31b4fc6,高校教授与科研项目介绍,digest
conv_c69533844fd2,BIZ,,high,u_e8538327e6f7874613,识别植物肉公司及出海,digest
conv_3ccdb2ea652d,BIZ,,high,u_b7e663a08362505e58,核查投资控股企业,digest
conv_0fe0d1df3dce,KNOW,ASSIST,high,u_c92fef9b0d3fb240ac,技能产物定位归档,digest
conv_72306f4646bc,NEWS,OFFICE,high,u_ef27bfb031b611be58,AI新闻检索与配图,digest
conv_a209de7a1934,BIZ,OFFICE,high,u_d636362f065dc210e8,科技成果转化平台策划,digest
conv_a8ac4e40664d,HR,LEGAL,high,u_9d308d170093f82ba0,HR培训制度问答合规,digest
conv_d3c4e38f75a9,KNOW,,high,u_8cf84b5e72be4d6271,知识图谱关联信息查询,digest
conv_3392d4358cd7,HR,KNOW,high,u_a38d2ebc861485377a,产品经理筛选及产物去重,digest
conv_3c4095da6674,OFFICE,,high,u_5e5aba96a1e3477085,会议纪要与行动表,digest
conv_2c4b21fc7f5c,EDU,,high,u_acfdf328edaba61293,论文质量与学术规范审核,digest
conv_fe3bd84392e1,EDU,,high,u_eddd8569dc8f673f0e,古诗教学课件插图,digest
conv_8236dc8d0f34,OFFICE,,high,u_07861b7027825e10ab,通用职场汇报PPT,digest
conv_a26647fbd170,OFFICE,,high,u_e9058ba35c227c7592,根据内容生成PPT,digest
conv_9af718324272,NEWS,,high,u_d227c45b1516702074,AI热点新闻,digest
conv_e62526e330bb,NEWS,OFFICE,high,u_92f9529875484dd204,AI新闻与图片型PPT,digest
conv_4f9408d2cd63,LEGAL,LIFE,high,u_74f18c1e261580a6c7,婚前财产与彩礼归属,digest
conv_1344d32a1970,LEGAL,,high,u_8dee8528673351861d,股权出让协议付款修订,digest
conv_8e2e43b43eb2,EDU,BIZ,high,u_fc6805786a2557143a,企业AI培训课程与问卷,digest
conv_849a4af1be2e,LEGAL,,high,u_dee4f691edab4d4730,交割付款条件统一修改,digest
conv_f94b7d92bac0,OFFICE,,high,u_6c3e664fab237e8026,图片增添人物,digest
conv_bfc446b95374,OFFICE,,medium,u_52481776d25b092181,制作可记录提交人的问卷,digest
conv_5f075465256c,LEGAL,,high,u_a6dbd6d74103c9ac31,化工生产资质合规,digest
conv_2cd68de4c686,LEGAL,,high,u_2a6b7620335042f226,保密协议审阅,digest
conv_65081b0339d6,LEGAL,BIZ,high,u_49639792fc908077e6,报价回购交易权义风险,digest
conv_622d3811c315,LEGAL,,high,u_2650db98fae29267cf,保密协议条款修订,digest
conv_b8e9e6e38770,DATA,,high,u_dc708115cfad3c4f20,财务三表勾稽检查,digest
conv_8d9cdb4ec6a3,NEWS,,high,u_ea29bbe0b519ae9475,AI新闻与模型评测信息,digest
conv_da63a6b7ae0b,BIZ,OFFICE,high,u_838b36eb83f3fa3afe,融资会前机构信息与沟通,digest
conv_9b0bf37e6849,EDU,KNOW,high,u_2afaf9fea4bfae7015,论文格式优化及文件归档,digest
conv_e410ae458ee3,HR,,high,u_c8e6695a6ff436ace9,质检候选人简历筛选,digest
conv_6f012bcbe542,TECH,,high,u_e8e9e24a98e2ba5ec8,mac截图快捷键,digest
conv_6b6e094ce548,NEWS,,high,u_7f4c8815f67c5974d7,市长辞任新闻查询,digest
conv_62fa8c2274fe,LIFE,,high,u_86c7b9b127e62c4629,新婚礼物推荐,digest
conv_891e0ea26e8d,EDU,TECH,high,u_6b8adfe95d5cfaf3fa,初中物理互动网页开发,digest
conv_2d12a63ea24f,COMM,ASSIST,high,u_adf08f1a188ae501d1,授权码配置与测试邮件,digest
conv_6bbfd6c2fbe3,LEGAL,,high,u_458e96dafdddf1bd43,投资承诺函起草,digest
conv_70bcd084140b,OFFICE,BIZ,high,u_17458547713fcc16f0,企业介绍与服务场景设计,digest
conv_3dd33d9ff1ac,EDU,,high,u_86df753989ad212086,物理教学课题申报,digest
conv_c3b2b4885f8a,EDU,,high,u_a2c5962fa82264adf7,物理实验教学科研申报,digest
conv_e2f318f3b6fb,BIZ,,high,u_152f926a76f45008aa,软件企业业务背景调研,digest
conv_3c675452bafd,ASSIST,,high,u_2666600d13d9319122,设置后续用户称呼,digest
conv_78bc97377b59,ASSIST,,medium,u_50ed4ac6c6b20deaaf,询问助手对用户身份的认知,digest
conv_2670b00882a9,KNOW,,high,u_ccb377a8a6c6830385,整理跨AI协作个人画像,digest
conv_f73f079b717c,KNOW,,high,u_5956c0d313598f161a,长期使用画像整理,digest
conv_6414805c6fa7,BIZ,DATA|EDU,high,u_79e0a72c17d15178ea,项目申报预算及科研报告,digest
conv_dcc82bb0ac51,NEWS,OFFICE,high,u_50d6cc96b8215c1a75,AI新闻与简报制作,digest
conv_111e30a393ca,OFFICE,,high,u_146aa57d61b99c6cfd,中试平台PPT与错字检查,digest
conv_4aa44049ecdb,EDU,,high,u_1b6fdb0aa7f88c71e6,技术转移讲师背景评价,digest
conv_3318a37a783c,LIFE,,high,u_5bc4f6f2291e69a83c,玩偶悬挂方案与购物,digest
conv_ca7f9a3dbef3,OFFICE,,high,u_5c015c82720a6d87b5,民宿场景画册效果图,digest
conv_924a5bb1f831,LEGAL,,high,u_da4a01a80ba6ef51e1,查询被执行人记录,digest
conv_6cccc27c6040,ASSIST,,high,u_fce8cb0732429042e2,游戏技能查询安装使用,digest
conv_a53e75e3ce15,TECH,,high,u_6aa33c17f4e74fa2e2,Unity角色控制器开发,digest
conv_407defafacbb,BIZ,,high,u_dc9e5c3310e91e45ad,创投从业人员背景比较,digest
conv_322d1e6346d3,LIFE,TECH,high,u_eb30325938aa96a942,旅行游戏攻略及内存排障,digest
conv_29609478ce7c,BIZ,EDU,high,u_a033dff088e1204646,投资尽调与药物文献,digest
conv_067433fd2015,EDU,,high,u_7490d6c56513375001,阅读邓稼先教案,digest
conv_c86b3a8429e4,EDU,,high,u_5a30c7890b84fd7101,视频知识点教学PPT大纲,digest
conv_037dda45be43,EDU,,high,u_16f2471404e497b421,学生组作业提交核查,digest
conv_ead311b7be20,EDU,KNOW,high,u_bff1550915bff42b28,学习型PPT及图谱查看,digest
conv_8775cedfb0af,NEWS,OFFICE,high,u_27e277ed47f3c592e8,AI热点与图片型PPT,digest
conv_f7228441fff3,OFFICE,,high,u_bf9be6130990e11c63,演讲稿OCR翻译与停顿,digest
conv_33de710017e4,EDU,,high,u_24469dfc6f13c3ea7a,查看学生组作业内容,digest
conv_cb9b9338ddf4,OFFICE,,high,u_46ff5987ffae19b797,图片日文翻译,digest
conv_04d4f8d415e0,TECH,EDU,high,u_37b517336d5657a346,部署英语对话语音AI,digest
conv_0a3672480ff7,BIZ,KNOW,high,u_f37a682972b2ba2a90,企业调研与项目会议资料,digest
conv_a8d3ad85a09e,LEGAL,HR,high,u_080fd0eef9766dac5d,劳动合同工时薪酬修订,digest
conv_03c85694b87e,OFFICE,,high,u_71376c3c183090797f,船舱设备剖面配图,digest
conv_c73551a790c0,BIZ,OFFICE,high,u_30b0f0bb0c494e2b59,上市公司深度分析内容,digest
conv_fb9c30fa9f46,EDU,,high,u_10e4ecef6709b998e4,学生手册与考试答题,digest
conv_6a30a04c00a2,OFFICE,BIZ,high,u_2988f1f0b66427cf42,产业全景内容提示词,digest
conv_b3580ae8a753,OFFICE,,high,u_66f772ae3a34ee68be,GPU机柜拆解比较配图,digest
conv_50a246b3f0e3,LEGAL,,high,u_ed63a450284a5a4561,境外合资投资税务,digest
conv_f7ae916abc7a,LEGAL,HR,high,u_c7d2a3d821049dd815,传媒兼职雇佣合同,digest
conv_5ca3f6271b31,DATA,BIZ,high,u_3579026912bc9fb784,专项资金预算测算,digest
conv_8009fe3233b2,NEWS,,high,u_df288e8915e26e83dd,今日AI热点,digest
conv_19d90530d45a,BIZ,LEGAL|OFFICE,high,u_25b90da573bd162aa9,医美企业产业竞争调研,digest
conv_cec9b66e0a45,LEGAL,HR,high,u_a434436d656645d684,未离职员工入职风险,digest
conv_2a3f403f7fa3,LEGAL,OFFICE,high,u_eb65cddacd02c5ca50,司法事件信托影响说明,digest
conv_8ea470804bed,OFFICE,BIZ,high,u_1184592c08aa0d9f29,企业客户产品优势演示,digest
conv_8cf38825ed7f,LEGAL,ASSIST,high,u_a45e7f98b11b6f9c8d,小程序主体变更公证,digest
conv_c66817e26410,BIZ,EDU|LEGAL,high,u_706a062b33049c4b53,合成生物管线立项调研,digest
conv_59b38f4a538c,LEGAL,HR,high,u_2cb621833445022998,用工风险培训课件,digest
conv_9ce276e66b3e,BIZ,LEGAL,high,u_f5cce4dadf7444e6e5,产业合作及融资架构,digest
conv_d1f719a47afb,OFFICE,,high,u_67f7033e62947e7608,会议记录整理成文档,digest
conv_618342b677cf,OFFICE,TECH,high,u_038d0fa6bbbd1b0cea,客户安检技术说明文档,digest
conv_dca388ba673f,ASSIST,,medium,u_596206ed79efb3ac2b,语音代理安装使用求助,digest
conv_ea0ccf4fff58,OFFICE,,high,u_a21da2674068e26c5a,短语中译英,digest
conv_fa4a166df896,OFFICE,,high,u_7921cca5ea068492ac,短语英译中,digest
conv_225bd23012eb,ASSIST,,high,u_470a98b3de449e6b58,ElevenAgents配置与ID,digest
conv_961f12d62317,OFFICE,,high,u_0d0d3bab1ed7b176e1,教学产品宣传资料制作,digest
conv_6cdcdffc91e8,HR,,high,u_f3d986471a46dbe6ca,创新药运营总监JD,digest
conv_9333da28ade3,EDU,,high,u_fbb2aa976c6ede21a3,上海教师人数,digest
conv_c86a4d3195b3,OFFICE,,high,u_2b19ea7a29223f755d,智能体产品演示PPT,digest
conv_40f57f44f612,OFFICE,COMM,high,u_7e75d0a538ab1576cd,飞书产品讲解文档,digest
conv_feb705f39f56,LEGAL,LIFE,high,u_1fd771a340f9c47c34,保密协议对比与签署,digest
conv_26369e950fd0,LEGAL,,high,u_a1b56da39f8f316d35,劳动仲裁应诉授权文件,digest
conv_420fd0fd1158,OFFICE,,high,u_f55f0cf10878c8c9e2,公文格式PDF转换,digest
conv_1d728d0e9634,LEGAL,,high,u_c379ed4d6ac4f1104c,合同违约与解除权修改,digest
conv_d98e3820c5c0,OFFICE,EDU,high,u_d07c376f044cbb7c58,转化门诊致辞及荣誉命名,digest
conv_f586a09e7356,LEGAL,,high,u_f47e3c1c46b58d84c6,供应商重大风险合同修订,digest
conv_c72721b62d56,HR,,high,u_f393553113388098d2,法务岗位简历匹配,digest
conv_0862474221d5,ASSIST,,high,u_96cbc1e50a2000d9cd,安装教师技能,digest
conv_a96d4e307332,HR,,high,u_03c7530f803eb60cf4,质检人才推荐评估,digest
conv_23d922cfbb5d,OFFICE,COMM,high,u_8e0fef5eb46470491c,企业图片文档制作与发送,digest
conv_457fafd7baf1,EDU,,high,u_527ff4f21333ab8453,西游记叙事章节分析,digest
conv_f6c22813efab,OFFICE,,high,u_2af864286c34be875f,安全架构图与宣传文案,digest
conv_af0afe491f7a,EDU,,high,u_2dabc3678133bc39cc,论文疑点调查陈述与责任,digest
conv_d789f17826d1,OFFICE,,high,u_81bdebf74e67ecc87a,修改图片元素,digest
conv_53da91aa300a,LEGAL,,high,u_1a6daea154d3a5dd11,境外公司开户与牌照,digest
conv_cb6138865136,OFFICE,,high,u_261124d206f2c2a84c,会议纪要及名称修正,digest
conv_35cc9bcdb344,BIZ,,high,u_b368b5f62eb71fac1d,产业研究所人员背景,digest
conv_23a20aafef51,EDU,,high,u_331d918d2a58029036,技术转移课程沙盘材料,digest
conv_aaccffcc29ce,OFFICE,,high,u_be79e238bff362961e,产品演示PPT完善,digest
conv_3f93a3d4407b,LIFE,,high,u_e8ae46e1a57e88a4bd,肌酐与饮品咨询,digest
conv_1632fc0fb366,OFFICE,,high,u_9f52b1687115aec711,投资退出事实说明润色,digest
conv_263f0677a357,OFFICE,,high,u_cd52a628d13c6e9f4a,产品PPT内容完善,digest
conv_7b4456e53d70,COMM,,high,u_9c43325b1be7915807,定期会议与提醒,digest
conv_6a128d61a692,OFFICE,,high,u_af862775588d697687,颁奖口播个人介绍,digest
conv_f61a26276c5e,OFFICE,,high,u_2a728cf0ce6269b184,文档中译英交付,digest
conv_baa701b59f0a,OFFICE,,high,u_2ea55b8ee104e0cfea,补充产品PPT,digest
conv_a8887dff45c9,LEGAL,,high,u_a589141c0a41de142c,上市公司股东函件审阅,digest
conv_b586102b6372,OFFICE,,high,u_360c36367212ba2e9c,商业PPT内容更新,digest
conv_aad48418bf73,LEGAL,,high,u_501aa3ea38ae00694a,合资协议全文翻译,digest
conv_8b2134082a31,NEWS,,high,u_8731309192abc4af93,AI热点新闻,digest
conv_cf795067f125,BIZ,,high,u_ed31b5575f7792fb55,创投人员与企业调研,digest
conv_5138176e8aae,EDU,LEGAL,high,u_7da678984d8d3705cc,活菌创新药研发规划,digest
conv_e55b2eb55e5b,LEGAL,,high,u_ae23e08b967f7e8975,土地许可尽调与合同风险,digest
conv_545a2e5f5bbf,OFFICE,,high,u_1ab65d35fc926fa499,个人简介拟稿,digest
conv_e82e26f84d4c,BIZ,,high,u_c717383effa891baa6,企业实际关联查询,digest
conv_ef9f47425b00,OFFICE,,high,u_760b0e476283b5a4d6,活动电脑手机宣传图,digest
conv_75d05fa37605,LEGAL,,high,u_eb48d171a152fd5081,基金出款情况法律说明,digest
conv_770fbe87a9e9,LEGAL,,high,u_75591a8170ea7da824,公司董事长任免表决,digest
conv_7b2ff7973887,NEWS,OFFICE,high,u_40ea8b52dea3e7516e,AI新闻与配图,digest
conv_101152d551df,EDU,,high,u_878c18268f8d3606bd,高校定位与课程目标,digest
conv_1f231384d8c5,PLATFORM,,high,u_29899ae046f4773bf2,仅多智能体角色注入,digest
conv_0df07debbfc9,LEGAL,,high,u_4f8966407ba1d53558,基金风控负责人履职,digest
conv_c121589a4853,OFFICE,,high,u_a879c01f3b067a1632,校长大会PPT制作,digest
conv_9911fe5be25a,PLATFORM,,high,u_cfdfa97da0e40b7e1c,多智能体话题模拟,digest
conv_965cf7b2c858,OFFICE,,high,u_3caf609f53ec0ff127,校长演讲图片型PPT,digest
conv_2f4c1f78f51d,OFFICE,,high,u_b7b73195d45a8a0502,公司软件服务介绍,digest
conv_f8fbad6b2b4c,EDU,,high,u_57df8bed892add10ca,科研项目负责人更换,digest
conv_f22c3a85ffbb,HR,,high,u_30ba775e542e0f04dc,岗位JD及人才搜索词,digest
conv_492855b149be,LEGAL,,high,u_aa42e7031b5dbfce85,化妆品备案销售合规,digest
conv_2f8395c374a9,BIZ,,medium,u_8af472fd785fbe5b98,地方人员背景查询,digest
conv_802ad1a70b06,LEGAL,,high,u_8b367a524415bed405,基本户借款协议起草,digest
conv_842792a28ee8,HR,,high,u_796def46657ef360e2,招聘JD匹配搜索词,digest
conv_cfddda1a07c5,LIFE,,high,u_cba7be16dbccfe6f9f,医美提升填充咨询,digest
conv_e9d33b4c9671,LIFE,,high,u_d746846fd73861d82c,医美产品咨询,digest
conv_24f6efb2a9ba,LEGAL,,high,u_4550ac6889be59341f,信托投资责任条款沟通,digest
conv_ec36f69187ef,NEWS,,high,u_97c74c1f84f5891456,AI新闻,digest
conv_2007f7ec09fb,BIZ,LIFE|OFFICE,high,u_3155f922e24990e91d,创业合伙经营与情绪沟通,digest
conv_142034e9c692,BIZ,,high,u_bd75a0fc6079409cf0,企业收购交易结构,digest
conv_7c038820b32f,TECH,,high,u_a6fbebd5f366b50398,开发马里奥赛车游戏,digest
conv_e6c931407960,LIFE,LEGAL,high,u_5d623f6b6b2b9d4806,中国驾照日本租车,digest
conv_0066cb5f2347,OFFICE,,high,u_8205e4616aa4a307ee,高达桌面壁纸迭代,digest
conv_60fd9245d56a,EDU,TECH,high,u_0ac40e466cd718ec48,小学词汇闯关评测系统,digest
conv_a75d251be71d,BIZ,,high,u_9d5324b47842865533,行业协会与负责人背景,digest
conv_4c5077f34395,OFFICE,,high,u_8d0d27d5e28f724337,个人集体照片合成,digest
conv_b18cc0aa269f,BIZ,,high,u_c6b336b22dad7e0a8c,地方招商与资金能力,digest
conv_23cad87cab61,LEGAL,OFFICE,high,u_67c444271c0c21d916,NDA及函件翻译,digest
conv_9bd89c462ef4,LIFE,OFFICE,high,u_f26824c5ce2f5e0892,带宠物自驾旅行方案,digest
conv_ae3a1cb9b65f,EDU,NEWS,high,u_de69f23b1255fe168e,云计算课程与实训设计,digest
conv_129e16e6d449,EDU,,high,u_a6ce16e9452e389cec,医工转化研究与培训PPT,digest
conv_645d720d5986,KNOW,OFFICE,high,u_f4c6c6547a3e76e17f,历史工作数字画像,digest
conv_d8b5b08a7226,LEGAL,BIZ,high,u_79b13fc0934af77918,上市公司拆分上市路径,digest
conv_96e0447519de,EDU,,high,u_ca6ebd6465b75c665e,技术转移学习心得,digest
conv_c9683c89dd69,BIZ,,high,u_7983112d9ae46bf317,采购平台询价定义,digest
conv_d028e3823c37,BIZ,,high,u_b38a01ac36efc8f3f7,金融综合服务商背景,digest
conv_cb1a14b48745,EDU,,high,u_5b967cc4bc61d52151,技术转移课程论文写作,digest
conv_d89a1fa72fc7,PLATFORM,,high,u_5396eda5ea7283e66e,脑暴角色注入,digest
conv_e8ac435ceb94,PLATFORM,,high,u_2eef62dd072db81626,多智能体角色模拟,digest
conv_b864a42b22de,PLATFORM,,high,u_c311dd3773d4fac4d2,模拟论文辩论提示,digest
conv_2a18a3d5990b,PLATFORM,,high,u_a66ba5cbf0b7719e29,多智能体会议角色内容,digest
conv_34ac7cf74900,LEGAL,,high,u_b09f1f814b146919a6,上市公司合资审核要求,digest
conv_df43a7947117,BIZ,OFFICE,high,u_9a4cb0355f9f4b2b6f,金融中介合作可靠性,digest
conv_ac6c02f3aca2,LEGAL,ASSIST,high,u_4016d912344f9763db,劳动仲裁答辩与证据,digest
conv_230d8ea9a582,OFFICE,,high,u_e172c643da447801fb,同学经济讨论回复拟稿,digest
conv_908bedb54ca2,EDU,LEGAL|BIZ,high,u_d01a95987ae7d72657,抗体成果FTO与竞争分析,digest
conv_a35504560c30,PLATFORM,,high,u_94210274c907d7286f,仅多智能体辩论角色,digest
conv_d97309631ff8,LIFE,,high,u_574455e4e9d57a5f7a,家人体温咳嗽咨询,digest
conv_7792f7618c43,UNCLEAR,,high,u_918b81abe259f8be91,仅问候没有任务,digest
conv_8f4a217f3e6e,LEGAL,,high,u_d2abfbb41b2258c152,补全合伙人签署页,digest
conv_b856a2e1d7d8,EDU,,high,u_7a3e1b71402259e62e,成果转化比赛项目材料,digest
conv_b52657b688df,HR,,high,u_ca4ca1287cecef5e79,硬件产品经理简历评估,digest
conv_428105be4386,LEGAL,,high,u_01342e9fe6473abb66,检测合同审阅批注,digest
conv_9b78a49bd169,DATA,,high,u_6e974dbdb81e44d538,财务报表填表与勾稽,digest
conv_38cf4e290f26,LEGAL,COMM,high,u_db8cda146dd1053d3e,科研专利转化尽调回复,digest
conv_acf82df2f685,DATA,,high,u_367d758ebc5df91f66,反馈状态分析图文核对,digest
conv_0f4134832d8a,HR,,high,u_f8b131f8ead65fb318,创新药运营岗位招聘,digest
conv_81cdb6776858,BIZ,EDU,high,u_d20b774528b0ed1080,生医企业尽调与技术回应,digest
conv_1418c5e1d2f2,BIZ,EDU|OFFICE,high,u_04851f9fe7e6118a70,AI赛事商业合作发起,digest
conv_104632b01333,HR,,high,u_b1cb5cf8ffbbd40645,工程菌助研JD匹配,digest
conv_7e86df5149fc,OFFICE,,high,u_6c57b90ff4b1837748,PPT文字图片优化,digest
conv_3773c80d4c15,BIZ,,high,u_7873bee0cd4fcd3b17,健康企业经理背景照片,digest
conv_b4bfa1b742fd,HR,,high,u_06e2d83623ed3fd7bd,医美产品经理简历匹配,digest
conv_27c27c1a32d5,OFFICE,,high,u_53bf1f9798f1e93e44,身份证照片合并PDF,digest
conv_80be4b9a6b15,LEGAL,,high,u_ced926b1f2302821b7,企业股转与资金侵占风险,digest
conv_508d1907b033,LEGAL,,high,u_ae2bd5ed567da467a0,公司协议审核,digest
conv_8baf9d893d49,LEGAL,,medium,u_4d71d97bda9ced20ae,合作文件风险审查,digest
conv_93eb149ca6e5,OFFICE,,high,u_11b24ba838296b81d0,康养介绍转公众号,digest
conv_a03dea31c0df,EDU,,high,u_f7046b5b362404dc16,临床研究IST术语,digest
conv_bc2d018c5453,NEWS,OFFICE,high,u_616d0485d8160c4aa9,AI新闻与图片生成,digest
conv_d640957a9820,BIZ,LEGAL|OFFICE,high,u_e4cce97e7b8d9193f8,投资项目沟通与财务分析,digest
conv_66a8dc558785,HR,EDU|OFFICE,high,u_529d418b01130f8e3b,助研招聘及知识备考咨询,digest
conv_577b961f80e1,LEGAL,BIZ,high,u_c47251d60b9f1d4870,软件使用许可风险应对,digest
conv_e5aae71aa4d6,BIZ,COMM,high,u_1aaed371bb54bfd065,项目培训验收会议安排,digest
conv_d85b915effeb,HR,,high,u_aef0d7d31d3602671e,医美产品经理重新评估,digest
conv_a9555e31ad2d,LEGAL,,high,u_9234bd1e5e2652a046,背靠背服务费结算批注,digest
conv_6c6b8f142a57,LEGAL,,high,u_c94e434252592ecebf,公司清算解散程序,digest
conv_70726a26e739,LEGAL,,high,u_d3a1b97245d1067690,乙方CTO技术合同风险审核,digest
conv_1accb9ac9604,BIZ,,high,u_22185c83067e28db89,企业线上获取工商底档,digest
conv_5e827f73061e,HR,,high,u_1faf96f24c1accd390|u_859fe54bb13e099a50|u_eda1c08e89c56db6b2|u_d8ea0188e0f0126c4f,多名管理人员履历介绍整理,digest
conv_6128c35ae33c,BIZ,,high,u_e69ce0656c74f1ef19|u_235d855bc8a96f20c3|u_abaa79680b5c761a11|u_48e0d926b53da2d599,泥炭藓产业化客户市场与收益,digest
conv_24e59c8da83e,COMM,,high,u_e3f07fb27f7e75ec7f|u_a15d2543e2c518f5da,商业联系邮件措辞润色,digest
conv_bfae3d1116da,BIZ,,high,u_3a3e25d17f674e6008|u_6d265789bf4f3b0b5e|u_3ce698aeb5f4366e51|u_f5d760026a3464fbaf|u_2d42166fa1a96a4c41,核心部件竞争优势及五年规划,digest
conv_db5275779f09,BIZ,LEGAL,high,u_6820d9836ab2de2adf|u_366ef72495cc0cffe8|u_dfb5b498c599b9a6b2|u_e86281cf0231ffdd05|u_884689771e75dfbae7,培训合作商业方案及分成合同,digest
conv_dcd336e008eb,BIZ,,high,u_d467a751b1b0effa51,机构背景及组织档案公开调研,digest
conv_bdd382a20e7e,BIZ,HR,high,u_6d2b807b2326be0daf|u_633189d9e1a7131068,AI产品比较及FDE招募模式,digest
conv_1702b763a7ee,DATA,,high,u_879c31ff2153663650,明确目标为增资估值与资本金计算；另一图片故障问题领域不可见，不推断软件排障,expanded
conv_5df4e40db2ac,BIZ,,high,u_bbf38780dbb873e296|u_551c415bcf9088dc26,企业业务介绍及名称核对,digest
conv_5e5edf7bdf2a,OFFICE,,high,u_b3dff954dab3c8d4f0|u_4802d2799a38e6c1bd|u_6ab3592da4f513e2d9|u_1115cbc219264909ba,会议录音纪要归纳及事实纠正,digest
conv_1a03efb7d475,NEWS,,high,u_63bcf8369cbbf32eb4|u_e529495e8afe4e931c|u_dae4843cd844ca1260,国际冲突历史背景及新闻解释,digest
conv_5bff0ded32bc,COMM,ASSIST,high,u_b142645317df72c5fc|u_55b4fd7106dd701118|u_84bc30e9bcf7e40496,周期例会提醒与企业微信连接,digest
conv_96e941b921d4,BIZ,,high,u_f22502522069c81974,制作企业股东名册表,digest
conv_c32903955c2b,LEGAL,,high,u_965cef434b6745362f|u_8be08b63d45345933f|u_23ccc353e025423632,基金承诺函风险及投诉文件,digest
conv_f4efc3b555dc,LEGAL,,high,u_be6a68c1ecb6a4d1ee,股权投资合同错字及风险检查,digest
conv_cd842db578bb,NEWS,,high,u_1c82571a6d2f0045ed|u_abc5727d2ba8c4060e|u_d19c83dd0ac178c696,AI热点及相关图片文件查询,digest
conv_bf4371170343,BIZ,,high,u_0d125d1f4251ef786e|u_f168135d6bffb616b7,产业合伙人项目延续资助申请,digest
conv_207fc3b8f038,HR,,high,u_2723cae8e1cd75976b|u_f09072198f53fbf59e,工程菌研发岗位简历匹配,digest
conv_578d7210cf5c,COMM,,high,u_cbb4c68b17b331225a|u_241ed9a86e9a6ac1cb,定时PR检查及成员任务安排,digest
conv_42d00de6119b,BIZ,LEGAL,high,u_e174feb8f0c48489da|u_0245d28edb4bbfe7d4|u_c9901b479f7c9696b6|u_9568c42a20ba532e0b,企业渠道报价经销政策及风险,digest
conv_73482e375ce3,EDU,,high,u_1b3a6e468f3d105cdb|u_ce5e2f0d9b3ae7ae08|u_18a82e5d2f76f60ee1|u_b24caf280a96295458,论文异常数据复核及更正材料,digest
conv_0581d60474f4,HR,,high,u_03994cf151a5287d59|u_082b0a669a4f0a4223,总裁助理JD完善及简历推荐,digest
conv_b57f25e98e16,BIZ,,high,u_079a2b1d8f306c5731|u_01806707ff8810350b,企业及负责人业务模式核查,digest
conv_4a6c07710498,LEGAL,,high,u_23961a9977cf2be489|u_22f5d32d3b8308f7ef|u_f8a1698cf1ae12fa41|u_28c702312b9b12d499,BVI设立香港开户税务及架构,digest
conv_34843d227bc0,BIZ,,medium,u_b53e6546e208dcb1b8,介绍自身企业但信息范围未明,digest
conv_12ac99dd2fa7,BIZ,,high,u_cfb07037ca29b9f7b8|u_e1dbab7660d15da897|u_67c6c33678deddcd4c,FDE企业转型社区定位命名,digest
conv_d4acf7a05f6c,EDU,,high,u_d5f0031184b25f8874,技术转移论文方法框架证据深化,digest
conv_4b79f3a7eed1,OFFICE,,high,u_e510b829203234d3d1|u_a1b05b2e1fdea99dc4,图片内容改浅色背景及配色,digest
conv_a3372150c827,LEGAL,,high,u_a45befd38ac011f411|u_3ba02f02ef9ede88f7|u_6c7e1b3e8b1c2a523c|u_6a766a88bfa12a53bc|u_e7f4fc7a445f1937d4,股权转让交割实缴及补充协议,digest
conv_6478b612e4a5,OFFICE,,high,u_0c098cdc2ce3467b0c|u_44917a853124def648|u_0a72ab04d7698daa49,图片内容上移留白及横向排版,digest
conv_712bf7f9bb82,OFFICE,,high,u_277b3c607117ac80e7|u_acc07feda168899abf,两份安全框架图合并及文字修复,digest
conv_c0f717af53db,BIZ,EDU,high,u_9e023e2ed4aad298ad|u_121e1da8e196b0ff83|u_01a9acfc5f3924152d,工程菌工艺供应商及活菌药管线,digest
conv_e234f0e0fcf7,EDU,,high,u_aa686d5eea6a68ccba,教师教育创新竞赛赛道修改,digest
conv_fc3a1077aad5,BIZ,,high,u_5073bda31a0762ab76|u_1d082f2e7e955dd0bd|u_efa09a48482169c909,BP融资规划与资金用途页设计,digest
conv_d63850a7e569,TECH,,high,u_4a3bcf480997160034,Clash请求错误排查,digest
conv_f8a56f4505e3,HR,,high,u_4a4f9a08aad8ddb7e0|u_e76168cc1f3c5aa8c9|u_8f58e34e8202b1c316,发酵工艺岗位多候选人筛选,digest
conv_d47248e6b734,EDU,NEWS,high,u_21cdc88e0ef7ee5879|u_5b666a3a8f25972ae9,企业AI培训课程调研及GEO解释,digest
conv_3373780ca687,OFFICE,,medium,u_d9a0bad562316a18e2,为企业填写图片中信息,digest
conv_00416a23f1c6,BIZ,,high,u_81659c9af5b80991e9,项目申报核心成员及合伙人介绍,digest
conv_d7e9adec36b1,UNCLEAR,,low,u_d07d7606286f0b3dfc,只有问候无具体任务,digest
conv_ecce61dca057,PLATFORM,,medium,u_a0cbc3761201249c3c|u_8c04d3342d4c11ed1f,仅见多智能体辩论模板与角色输出,expanded
conv_7ba5c3b70950,OFFICE,,high,u_6079c73b5744fa5cd6|u_4273eb69857cfec87c|u_e7fcd7ecc66c8cf980,数字分身对话后要求致歉函图像,digest
conv_358b89401aa7,EDU,BIZ,high,u_5877a8b66c055ef286|u_aa520f496efc044b21|u_4de10a5e1a8ecbb477|u_1803a211bb22a54fb2,产学研项目评分排名及转化评审,digest
conv_ac48282044f1,OFFICE,,medium,u_efec4b32f29ad24eaa,要求对图片圈注但依据有限,digest
conv_d2c84054d91a,EDU,,high,u_1e0cf7231c167f49ce|u_8461319198ebb99426|u_d8748cd1ad2bdc03cb|u_28804bc75cb77b92e1|u_9b73c5b69bedc08e9d,科研结题数据整理及共享说明,digest
conv_746b08119c13,PLATFORM,,medium,u_edced2185ee9bcec21|u_78b66d6b00213226af,数字分身模板内私人信息问询,expanded
conv_db19d985b892,BIZ,,medium,u_c45e19aa7110fc48c7,投资人提问但目标对象有限,digest
conv_fbed0e8da465,LEGAL,EDU,high,u_be7274a17a4a70fd9e|u_1803a211bb22a54fb2|u_72389d911bfd52622d,股东会议公证兼项目评分调整,digest
conv_9f67bf8019c8,EDU,,high,u_6e06c60902f7a3b1fa,学术项目名称优化,digest
conv_1e64618d1f98,BIZ,,high,u_7443b9c72a334b5441|u_fddf17766e71a02877,海南鼓励产业目录及创投条目,digest
conv_e17789e7b661,BIZ,,high,u_611945f8ea9f022516|u_cd55723b2e875ab563,菌粉代理价格销量及预算建议,digest
conv_d888846b9507,KNOW,,high,u_fb5c446fa1b0705c03,整理知识库,digest
conv_011570125174,LEGAL,,high,u_15e55a340c25720cb5|u_7d0b9c55ddd685bcb1,委托方危废合同风险及排他修订,digest
conv_8534359166ed,OFFICE,,high,u_a78cd852aa4b973274|u_8172a703af70e76161,角色图片生成及动画视频,digest
conv_64e3c6d8bcb3,DATA,,high,u_95590fc14e19f8aeab|u_6bfdfecc02a6798251,实验室装修设备预算及时间计划,digest
conv_88ba9a7ae1cf,LEGAL,,high,u_bcd0c852791eb544c3,乙方咨询协议法务意见逐项修订,digest
conv_08abf2306e29,NEWS,,high,u_a42039196c2eaa4c1c|u_5a34e1058567fa2efe,当日AI热点及配图,digest
conv_6e3989c7b1d4,NEWS,,high,u_c5af87e5db8ca1b8f0|u_5a34e1058567fa2efe,当日AI热点及配图,digest
conv_f832299bfc09,BIZ,,high,u_626175b9bdffd7ba6f|u_b74dbb815e4138a65d|u_81217ae2076dcccec0|u_ed806344f339837a05,企业项目申报答辩及可编辑BP,digest
conv_7e58ed8b6d98,LIFE,,high,u_cc75f16a9c2114893a|u_8ac58ac8687e771356|u_7208898cac96a8cec0,假期电车自驾住宿充电路线,digest
conv_84a9a48adff2,LIFE,,high,u_14cf3818e6209f50ac|u_399b8fa2a5925d1df1|u_6ecf478b6c62841554,父母手机选型及价格走势,digest
conv_80ad3cd8347e,OFFICE,,high,u_a9df5b9de5c5c015d7|u_245993a04b4d9460ae|u_93420e180e65325d26|u_6ce6d0f1fe5abdd9d0,多张图片字体背景与局部统一,digest
conv_57c3d07d05d9,KNOW,,high,u_48ee788ea604184346,整理知识库,digest
conv_c1ff27acc817,BIZ,,high,u_c106b214cc20568777|u_dfa605c1d04002ecde,近红外成像染料需求市场及企业,digest
conv_5c832aa54583,BIZ,,high,u_a67187c663757c55c8,研究机构人员资质背景查找,digest
conv_1709ad6d3256,NEWS,,high,u_57dc65d7f140cd3233,当日AI新闻摘要文档,digest
conv_ea7acfe1b937,LEGAL,,high,u_5d914ff7383bef13f0,披露方保密协议修改位置建议,digest
conv_c23da33bb24a,LEGAL,,high,u_75c5d4a9554cd80f21|u_7881a71c7d5f69fb86|u_a7606806bf1977bdb9|u_0228dcf473ba2dff16,离职员工持股份额变更争议,digest
conv_3cb39bbfe904,BIZ,,high,u_481f7e733bfb234c68|u_a8d163761484b36196|u_fbf368a7a7fc2c08d4|u_af71fce1d5ea933588,教授资质及企业机构背景,digest
conv_16a8192f4cb6,BIZ,,medium,u_e574b2f4f671b9c6d9|u_3248519344ab2cf845,回看公司尽调报告要求稀疏,digest
conv_dc423b17107e,COMM,,high,u_6277fe0b6101cff0dd,班级群职业导师转发消息撰写,digest
conv_260e843f12e3,OFFICE,LIFE,high,u_38089488d032d0f78e|u_8394abe8ab56aae5c1|u_f2da737bb46072577b|u_790f49b103b296282b,同学人物海报及粉丝团规则,digest
conv_447987002020,BIZ,,high,u_c2eec0f59e7d92a11e,人物粉丝经济周边产品策划,digest
conv_e312a461efd7,COMM,,high,u_46fc233c31e2dc6a15|u_4f066552043c8e1c83,创建单次任务并指定超时时间,digest
conv_f30a9ea3a925,BIZ,,high,u_4de343b35ba5257acb|u_1d22ef0e2df0e26c41|u_0e83f816dc28a5c419|u_18762b29baeba7e5c2,人物IP周边方案及卡通形象,digest
conv_a76fd035bbbc,LIFE,,high,u_417f78335d8e15e37b|u_7495853ef1b85ef1f7|u_b7298c5112dc83890b|u_e9628959df63ebb086,四人带宠物安吉旅游手绘行程,digest
conv_49b6714ab55b,LEGAL,OFFICE,high,u_0f81934b3acf1dc4dc|u_d5239305f96500a398,英文文件签署风险兼地址翻译,digest
conv_f98f35e79944,TECH,OFFICE,high,u_aceae47ba2e98e35da|u_5fd1fc5317a87f3ed1,参考图片生成高保真HTML,digest
conv_b0a83c4daf70,BIZ,,medium,u_8a7976d0fcc5413f24,研究院负责人背景查询短线索,digest
conv_fc7e55401376,OFFICE,ASSIST,high,u_2656bf6965d733d078|u_49a2c48a9e81571520|u_c2dddce228a4ef97b9,安装剧本技能并创作短剧,digest
conv_cc5c4da28eca,NEWS,,high,u_db83dc1753736b9560|u_f57b1526899e5999f2,AI新闻及配图,digest
conv_8c0bfd90a38e,EDU,,medium,u_cbc1fbf6ee0b5221f1,基地自评报告安全部分补充,digest
conv_6f0b034387f1,TECH,,high,u_1969ef4a79c9e8f13a,根据上传图生成HTML页面,digest
conv_731ed57dd54e,OFFICE,,high,u_83a787048772879efb|u_6e259595786b2a78aa,获取录音并生成指定格式纪要,digest
conv_206cc3f2c91c,EDU,,high,u_dbede2b0efdad923d7|u_a6ea4101d234abd5a3,课堂观察报告生图及海报,digest
conv_d53a390f43dd,BIZ,EDU,high,u_d6b4b252d99348c1d3|u_740d42d785f44d36a4|u_f7617770f56857e185|u_b16c7252821b4465a6,IP企业合作及青少年AI课程模式,digest
conv_71b25ae5e611,BIZ,,high,u_1cc5f5514010ba2262|u_51f0646250a6a8a9e3|u_997c6fcbfdafe645f2,地方志AI辅助需求及介入方案,digest
conv_f1466cdd5366,BIZ,,high,u_ba56d0c452d0978d0e,企业产品对标Palantir,digest
conv_613c5c688f09,LEGAL,,high,u_3e74fc251cb7ba4c95|u_272dbfa921c348f4f1,创始股东立场股东协议审核,digest
conv_60925fa3f733,LEGAL,BIZ,high,u_2739dde8f905ff618b|u_d427a3fe56d9a10873|u_00f16ce31e67fc35fc|u_e004a1734cafb31a97,委托生产合同及许可证兼市场价,digest
conv_af9683641117,LEGAL,,high,u_ab49d975543a0da475,创始股东增资及股东协议评估,digest
conv_d24eb9cf5172,LEGAL,,medium,u_4af1caaea71ed3955e,企业敏感数据及服务部署边界补充,digest
conv_174f5621d4ca,NEWS,,high,u_17708194a1f526706d,当日AI热点新闻,digest
conv_fa46a4502e37,BIZ,,high,u_b62030d54852bcf917|u_2119ffee0b2d09fb03|u_49908013c58e2cb1ac,公司内容介绍补充并制作汇报,digest
conv_80a5790617be,BIZ,,high,u_ff110579c196ec1905|u_469a6e8b8323ada020|u_4f13697aa97946b5ba,多个技术项目成果转化建议,digest
conv_01c834d89914,OFFICE,,high,u_05af7b03564e630d91,单页融资图片版式优化,digest
conv_6d69c3fec1b7,LEGAL,,high,u_9755fa0ab1e25b1c29,创始团队立场多协议评估,digest
conv_ff0171d8be85,LEGAL,,high,u_b91747d65a01eda8f8,反稀释补偿条款比较及谈判,digest
conv_a8922f4056c9,BIZ,,high,u_913a1e771a71ffd8cb|u_d45292568614a8252c|u_c2947d397ad8a76053,企业技能对接报价及人日调整,digest
conv_b90e515e92ec,BIZ,LEGAL,high,u_23eda651288541a80d|u_3304c56ddbc8e9ed13|u_15661caac1e34449d1|u_535409a5dcfc8651cc|u_4f3b74851f0a68efa9,教育运营与FDE公司股权合作架构,digest
conv_dd1143c9d710,OFFICE,,high,u_747a0eeb633279fa2b,民族及非遗传承人词汇英译,digest
