DEPRECATED: The legacy builder is deprecated and will be removed in a future release.
            Install the buildx component to build images with BuildKit:
            https://docs.docker.com/go/buildx/

Sending build context to Docker daemon  5.505MB
Step 1/30 : FROM ubuntu:24.04
 ---> a853f94d2263
Step 2/30 : ARG NODE_VERSION=22.18.0
 ---> Running in d9590277ec57
 ---> Removed intermediate container d9590277ec57
 ---> 485d0d149e8d
Step 3/30 : ARG PLAYWRIGHT_VERSION=1.60.0
 ---> Running in 4ae223ff902e
 ---> Removed intermediate container 4ae223ff902e
 ---> 0adf07809c38
Step 4/30 : ARG PLAYWRIGHT_MCP_VERSION=0.0.79
 ---> Running in 84836d30c7d7
 ---> Removed intermediate container 84836d30c7d7
 ---> 390e64a20489
Step 5/30 : ARG CLAUDE_CODE_VERSION=2.1.177
 ---> Running in deb5a41ac5a1
 ---> Removed intermediate container deb5a41ac5a1
 ---> a86609ceac0b
Step 6/30 : ARG CODEX_VERSION=0.145.0
 ---> Running in 25fb2ba05645
 ---> Removed intermediate container 25fb2ba05645
 ---> aaa071280fe2
Step 7/30 : ARG CLAUDE_CODE_PROXY_REF=acabbf6bb6ec33bb31ce17ca90ba83dbd16239aa
 ---> Running in de0f7725005a
 ---> Removed intermediate container de0f7725005a
 ---> ce0cd125ffa4
Step 8/30 : ARG PLAYWRIGHT_DOWNLOAD_HOST=
 ---> Running in 1ccad08570ee
 ---> Removed intermediate container 1ccad08570ee
 ---> 181347fcba11
Step 9/30 : ENV DEBIAN_FRONTEND=noninteractive     PYTHONUNBUFFERED=1     LANG=C.UTF-8     PLAYWRIGHT_DOWNLOAD_HOST=${PLAYWRIGHT_DOWNLOAD_HOST}     PLAYWRIGHT_BROWSERS_PATH=/ms-playwright     DISPLAY=:99     RB_PIPELINE_DIR=/workspace/RecreationBench     RB_OUTPUT_DIR=/tmp/recreationbench-output
 ---> Running in 77ab9f69c8c1
 ---> Removed intermediate container 77ab9f69c8c1
 ---> 915387a705df
Step 10/30 : RUN apt-get update && apt-get install -y --no-install-recommends         python3 python3-pip python3-venv python3-dev         curl ca-certificates git unzip xz-utils rsync jq util-linux sudo         build-essential pkg-config         xvfb x11-utils openbox xfce4 x11vnc novnc websockify netcat-openbsd         libnspr4 libnss3 libatk1.0-0 libatk-bridge2.0-0 libcups2 libdrm2         libxkbcommon0 libxcomposite1 libxdamage1 libxfixes3 libxrandr2 libgbm1         libpango-1.0-0 libcairo2 libasound2t64 fonts-liberation     && rm -rf /var/lib/apt/lists/*
 ---> Running in aa5a678d3904
Get:1 http://archive.ubuntu.com/ubuntu noble InRelease [256 kB]
Get:2 http://security.ubuntu.com/ubuntu noble-security InRelease [126 kB]
Get:3 http://archive.ubuntu.com/ubuntu noble-updates InRelease [126 kB]
Get:4 http://security.ubuntu.com/ubuntu noble-security/multiverse amd64 Packages [50.0 kB]
Get:5 http://archive.ubuntu.com/ubuntu noble-backports InRelease [126 kB]
Get:6 http://security.ubuntu.com/ubuntu noble-security/restricted amd64 Packages [1943 kB]
Get:7 http://archive.ubuntu.com/ubuntu noble/main amd64 Packages [1808 kB]
Get:8 http://archive.ubuntu.com/ubuntu noble/universe amd64 Packages [19.3 MB]
Get:9 http://security.ubuntu.com/ubuntu noble-security/main amd64 Packages [1318 kB]
Get:10 http://security.ubuntu.com/ubuntu noble-security/universe amd64 Packages [1543 kB]
Get:11 http://archive.ubuntu.com/ubuntu noble/multiverse amd64 Packages [331 kB]
Get:12 http://archive.ubuntu.com/ubuntu noble/restricted amd64 Packages [117 kB]
Get:13 http://archive.ubuntu.com/ubuntu noble-updates/main amd64 Packages [1688 kB]
Get:14 http://archive.ubuntu.com/ubuntu noble-updates/universe amd64 Packages [2162 kB]
Get:15 http://archive.ubuntu.com/ubuntu noble-updates/restricted amd64 Packages [2127 kB]
Get:16 http://archive.ubuntu.com/ubuntu noble-updates/multiverse amd64 Packages [56.2 kB]
Get:17 http://archive.ubuntu.com/ubuntu noble-backports/universe amd64 Packages [36.0 kB]
Get:18 http://archive.ubuntu.com/ubuntu noble-backports/multiverse amd64 Packages [671 B]
Get:19 http://archive.ubuntu.com/ubuntu noble-backports/main amd64 Packages [49.0 kB]
Fetched 33.2 MB in 8s (4081 kB/s)
Reading package lists...
Reading package lists...
Building dependency tree...
Reading state information...
util-linux is already the newest version (2.39.3-9ubuntu6.6).
The following additional packages will be installed:
  adduser adwaita-icon-theme at-spi2-common binutils binutils-common
  binutils-x86-64-linux-gnu bzip2 cpp cpp-13 cpp-13-x86-64-linux-gnu
  cpp-x86-64-linux-gnu dbus dbus-bin dbus-daemon dbus-session-bus-common
  dbus-system-bus-common dbus-user-session dconf-gsettings-backend
  dconf-service desktop-file-utils docutils-common dpkg-dev exo-utils
  fontconfig fontconfig-config fonts-urw-base35 g++ g++-13
  g++-13-x86-64-linux-gnu g++-x86-64-linux-gnu gcc gcc-13 gcc-13-base
  gcc-13-x86-64-linux-gnu gcc-x86-64-linux-gnu git-man gtk-update-icon-cache
  hicolor-icon-theme humanity-icon-theme ieee-data libaom3 libapparmor1
  libargon2-1 libasan8 libasound2-data libasyncns0 libatomic1 libatspi2.0-0t64
  libavahi-client3 libavahi-common-data libavahi-common3 libbinutils libblas3
  libbrotli1 libbsd0 libc-dev-bin libc6-dev libcairo-gobject2 libcares2
  libcc1-0 libcolord2 libcrypt-dev libcryptsetup12 libctf-nobfd0 libctf0
  libcurl3t64-gnutls libcurl4t64 libdatrie1 libdbus-1-3 libdbusmenu-glib4
  libdbusmenu-gtk3-4 libdconf1 libdeflate0 libdevmapper1.02.1 libdpkg-perl
  libdrm-amdgpu1 libdrm-common libdrm-intel1 libedit2 libelf1t64 libepoxy0
  liberror-perl libexif12 libexo-2-0 libexo-common libexpat1 libexpat1-dev
  libfdisk1 libflac12t64 libfontconfig1 libfontenc1 libfreetype6 libfribidi0
  libgarcon-1-0 libgarcon-common libgarcon-gtk3-1-0 libgcc-13-dev
  libgdbm-compat4t64 libgdbm6t64 libgdk-pixbuf-2.0-0 libgdk-pixbuf2.0-common
  libgfortran5 libgif7 libgl1 libgl1-mesa-dri libglib2.0-0t64 libglvnd0
  libglx-mesa0 libglx0 libgomp1 libgprofng0 libgraphite2-3 libgs-common
  libgs10 libgs10-common libgssapi-krb5-2 libgtk-3-0t64 libgtk-3-common
  libgtop-2.0-11 libgtop2-common libgudev-1.0-0 libharfbuzz0b
  libheif-plugin-aomdec libheif1 libhwasan0 libhwy1t64 libice6 libicu74
  libid3tag0 libidn12 libijs-0.35 libimagequant0 libimlib2t64 libisl23 libitm1
  libjansson4 libjbig0 libjbig2dec0 libjpeg-turbo8 libjpeg8 libjq1
  libjs-jquery libjs-sphinxdoc libjs-underscore libjson-c5 libjxl0.7
  libk5crypto3 libkeybinder-3.0-0 libkeyutils1 libkmod2 libkrb5-3
  libkrb5support0 liblapack3 liblcms2-2 libldap2 liblerc4 libllvm20 liblsan0
  liblzo2-2 libmp3lame0 libmpc3 libmpfr6 libmpg123-0t64 libnghttp2-14
  libnode109 libnotify4 libobrender32v5 libobt2v5 libogg0 libonig5
  libopenjp2-7 libopus0 libpam-systemd libpangocairo-1.0-0 libpangoft2-1.0-0
  libpangoxft-1.0-0 libpaper1 libpciaccess0 libperl5.38t64 libpixman-1-0
  libpkgconf3 libpng16-16t64 libpolkit-gobject-1-0 libpopt0 libpsl5t64
  libpulse-mainloop-glib0 libpulse0 libpython3-dev libpython3-stdlib
  libpython3.12-dev libpython3.12-minimal libpython3.12-stdlib
  libpython3.12t64 libquadmath0 libraqm0 libreadline8t64 librsvg2-2 librtmp1
  libsasl2-2 libsasl2-modules-db libsensors-config libsensors5 libsframe1
  libsharpyuv0 libsm6 libsndfile1 libspectre1 libsqlite3-0 libssh-4 libssl3t64
  libstartup-notification0 libstdc++-13-dev libsystemd-shared libtcl8.6
  libthai-data libthai0 libthunarx-3-0 libtiff6 libtk8.6 libtsan2 libubsan1
  libunwind8 libupower-glib3 libuv1t64 libvncclient1 libvncserver1 libvorbis0a
  libvorbisenc2 libvulkan1 libwayland-client0 libwayland-cursor0
  libwayland-egl1 libwebp7 libwebpdemux2 libwebpmux3 libwnck-3-0
  libwnck-3-common libx11-6 libx11-data libx11-xcb1 libxau6 libxaw7
  libxcb-dri3-0 libxcb-glx0 libxcb-present0 libxcb-randr0 libxcb-render0
  libxcb-shape0 libxcb-shm0 libxcb-sync1 libxcb-util1 libxcb-xfixes0 libxcb1
  libxcursor1 libxdmcp6 libxext6 libxfce4panel-2.0-4 libxfce4ui-2-0
  libxfce4ui-common libxfce4ui-utils libxfce4util-common libxfce4util7
  libxfconf-0-3 libxfont2 libxft2 libxi6 libxinerama1 libxkbfile1
  libxklavier16 libxml2 libxmu6 libxmuu1 libxpm4 libxpresent1 libxrender1
  libxres1 libxshmfence1 libxss1 libxt6t64 libxtst6 libxv1 libxxf86dga1
  libxxf86vm1 libyaml-0-2 linux-libc-dev lto-disabled-list make media-types
  mesa-libgallium net-tools netbase node-acorn node-busboy
  node-cjs-module-lexer node-undici node-xtend nodejs openssl patch perl
  perl-modules-5.38 pkgconf pkgconf-bin poppler-data python-babel-localedata
  python3-babel python3-certifi python3-cffi-backend python3-chardet
  python3-cryptography python3-dateutil python3-debtcollector
  python3-deprecated python3-dnspython python3-docutils python3-eventlet
  python3-greenlet python3-idna python3-importlib-metadata python3-iso8601
  python3-jwcrypto python3-minimal python3-monotonic python3-more-itertools
  python3-msgpack python3-netaddr python3-netifaces python3-novnc
  python3-numpy python3-oslo.config python3-oslo.context python3-oslo.i18n
  python3-oslo.log python3-oslo.serialization python3-oslo.utils
  python3-packaging python3-pbr python3-pil python3-pip-whl
  python3-pkg-resources python3-pyasyncore python3-pyinotify python3-pyparsing
  python3-requests python3-rfc3986 python3-roman python3-setuptools
  python3-setuptools-whl python3-six python3-stevedore
  python3-typing-extensions python3-tz python3-urllib3 python3-websockify
  python3-wheel python3-wrapt python3-yaml python3-zipp python3.12
  python3.12-dev python3.12-minimal python3.12-venv readline-common
  rpcsvc-proto sgml-base shared-mime-info systemd systemd-dev systemd-sysv tcl
  tcl8.6 thunar thunar-data tk tk8.6 tzdata ubuntu-mono ucf x11-common
  x11-xkb-utils x11-xserver-utils xauth xfce4-appfinder xfce4-helpers
  xfce4-panel xfce4-pulseaudio-plugin xfce4-session xfce4-settings xfconf
  xfdesktop4 xfdesktop4-data xfonts-encodings xfonts-utils xfwm4 xkb-data
  xml-core xserver-common zlib1g-dev
Suggested packages:
  liblocale-gettext-perl cron quota ecryptfs-utils binutils-doc gprofng-gui
  bzip2-doc cpp-doc gcc-13-locales cpp-13-doc debian-keyring
  fonts-freefont-otf | fonts-freefont-ttf fonts-texgyre g++-multilib
  g++-13-multilib gcc-13-doc gcc-multilib manpages-dev autoconf automake
  libtool flex bison gdb gcc-doc gcc-13-multilib gdb-x86-64-linux-gnu
  gettext-base git-daemon-run | git-daemon-sysvinit git-doc git-email git-gui
  gitk gitweb git-cvs git-mediawiki git-svn alsa-utils libasound2-plugins
  glibc-doc colord cups-common gnupg | sq | sqop | pgpainless-cli
  | sequoia-chameleon-gnupg bzr gdbm-l10n low-memory-monitor krb5-doc
  krb5-user gvfs libheif-plugin-libde265 libheif-plugin-x265
  libheif-plugin-ffmpegdec libheif-plugin-jpegdec libheif-plugin-jpegenc
  libheif-plugin-j2kdec libheif-plugin-j2kenc libheif-plugin-rav1e
  libheif-plugin-svtenc liblcms2-utils notification-daemon opus-tools pciutils
  pulseaudio librsvg2-bin lm-sensors libstdc++-13-doc devhelp iso-codes
  make-doc npm python-nova fonts-dejavu libxml2-dev tint2
  openbox-gnome-session openbox-kde-session ed diffutils-doc perl-doc
  libterm-readline-gnu-perl | libterm-readline-perl-perl
  libtap-harness-archive-perl poppler-utils ghostscript fonts-japanese-mincho
  | fonts-ipafont-mincho fonts-japanese-gothic | fonts-ipafont-gothic
  fonts-arphic-ukai fonts-arphic-uming fonts-nanum python3-doc python3-tk
  python-cryptography-doc python3-cryptography-vectors
  python-debtcollector-doc python3-trio python3-aioquic python3-h2
  python3-httpx python3-httpcore docutils-doc fonts-linuxlibertine
  | ttf-linux-libertine texlive-lang-french texlive-latex-base
  texlive-latex-recommended python-eventlet-doc python-greenlet-dev
  python-greenlet-doc ipython3 python-netaddr-docs python3-nova gfortran
  python3-pytest python-oslo.log-doc python-pil-doc python-pyinotify-doc
  python-pyparsing-doc python3-openssl python3-socks python-requests-doc
  python-setuptools-doc python3-brotli python3.12-doc binfmt-support
  readline-doc openssh-client openssh-server python3-braceexpand sgml-base-doc
  systemd-container systemd-homed systemd-userdbd systemd-boot libfido2-1
  libip4tc2 libqrencode4 libtss2-esys-3.0.2-0 libtss2-mu-4.0.1-0 libtss2-rc0
  libtss2-tcti-device0 polkitd tcl-tclreadline thunar-archive-plugin
  thunar-media-tags-plugin gvfs-backends zip mesa-utils nickle cairo-5c
  xorg-docs-core xfce4-goodies xfce4-power-manager fortune-mod debhelper
Recommended packages:
  librsvg2-common fakeroot gnupg | sq | sqop | pgpainless-cli
  | sequoia-chameleon-gnupg libalgorithm-merge-perl
  fonts-liberation-sans-narrow less ssh-client alsa-ucm-conf
  alsa-topology-conf at-spi2-core manpages manpages-dev libc-devtools dmsetup
  libfile-fcntllock-perl liblocale-gettext-perl liburi-perl
  libgdk-pixbuf2.0-bin libglib2.0-data xdg-user-dirs fonts-droid-fallback
  libgtk-3-bin libheif-plugin-aomenc javascript-common krb5-locales
  libldap-common libpaper-utils publicsuffix libsasl2-modules upower
  mesa-vulkan-drivers | vulkan-icd libxfce4util-bin nodejs-doc obconf
  | obconf-qt scrot python3-pygments python3-olefile networkd-dispatcher
  systemd-timesyncd | time-daemon systemd-resolved libnss-systemd gvfs
  policykit-1-gnome | polkit-1-auth-agent thunar-volman tumbler udisks2 luit
  desktop-base tango-icon-theme xfce4-notifyd xorg pavucontrol pulseaudio
  | pipewire-pulse light-locker | xfce4-screensaver | xscreensaver
  | gnome-screensaver | mate-screensaver colord elementary-xfce-icon-theme
  greybird-gtk-theme xiccd xfonts-base
The following NEW packages will be installed:
  adduser adwaita-icon-theme at-spi2-common binutils binutils-common
  binutils-x86-64-linux-gnu build-essential bzip2 ca-certificates cpp cpp-13
  cpp-13-x86-64-linux-gnu cpp-x86-64-linux-gnu curl dbus dbus-bin dbus-daemon
  dbus-session-bus-common dbus-system-bus-common dbus-user-session
  dconf-gsettings-backend dconf-service desktop-file-utils docutils-common
  dpkg-dev exo-utils fontconfig fontconfig-config fonts-liberation
  fonts-urw-base35 g++ g++-13 g++-13-x86-64-linux-gnu g++-x86-64-linux-gnu gcc
  gcc-13 gcc-13-base gcc-13-x86-64-linux-gnu gcc-x86-64-linux-gnu git git-man
  gtk-update-icon-cache hicolor-icon-theme humanity-icon-theme ieee-data jq
  libaom3 libapparmor1 libargon2-1 libasan8 libasound2-data libasound2t64
  libasyncns0 libatk-bridge2.0-0t64 libatk1.0-0t64 libatomic1 libatspi2.0-0t64
  libavahi-client3 libavahi-common-data libavahi-common3 libbinutils libblas3
  libbrotli1 libbsd0 libc-dev-bin libc6-dev libcairo-gobject2 libcairo2
  libcares2 libcc1-0 libcolord2 libcrypt-dev libcryptsetup12 libctf-nobfd0
  libctf0 libcups2t64 libcurl3t64-gnutls libcurl4t64 libdatrie1 libdbus-1-3
  libdbusmenu-glib4 libdbusmenu-gtk3-4 libdconf1 libdeflate0
  libdevmapper1.02.1 libdpkg-perl libdrm-amdgpu1 libdrm-common libdrm-intel1
  libdrm2 libedit2 libelf1t64 libepoxy0 liberror-perl libexif12 libexo-2-0
  libexo-common libexpat1 libexpat1-dev libfdisk1 libflac12t64 libfontconfig1
  libfontenc1 libfreetype6 libfribidi0 libgarcon-1-0 libgarcon-common
  libgarcon-gtk3-1-0 libgbm1 libgcc-13-dev libgdbm-compat4t64 libgdbm6t64
  libgdk-pixbuf-2.0-0 libgdk-pixbuf2.0-common libgfortran5 libgif7 libgl1
  libgl1-mesa-dri libglib2.0-0t64 libglvnd0 libglx-mesa0 libglx0 libgomp1
  libgprofng0 libgraphite2-3 libgs-common libgs10 libgs10-common
  libgssapi-krb5-2 libgtk-3-0t64 libgtk-3-common libgtop-2.0-11
  libgtop2-common libgudev-1.0-0 libharfbuzz0b libheif-plugin-aomdec libheif1
  libhwasan0 libhwy1t64 libice6 libicu74 libid3tag0 libidn12 libijs-0.35
  libimagequant0 libimlib2t64 libisl23 libitm1 libjansson4 libjbig0
  libjbig2dec0 libjpeg-turbo8 libjpeg8 libjq1 libjs-jquery libjs-sphinxdoc
  libjs-underscore libjson-c5 libjxl0.7 libk5crypto3 libkeybinder-3.0-0
  libkeyutils1 libkmod2 libkrb5-3 libkrb5support0 liblapack3 liblcms2-2
  libldap2 liblerc4 libllvm20 liblsan0 liblzo2-2 libmp3lame0 libmpc3 libmpfr6
  libmpg123-0t64 libnghttp2-14 libnode109 libnotify4 libnspr4 libnss3
  libobrender32v5 libobt2v5 libogg0 libonig5 libopenjp2-7 libopus0
  libpam-systemd libpango-1.0-0 libpangocairo-1.0-0 libpangoft2-1.0-0
  libpangoxft-1.0-0 libpaper1 libpciaccess0 libperl5.38t64 libpixman-1-0
  libpkgconf3 libpng16-16t64 libpolkit-gobject-1-0 libpopt0 libpsl5t64
  libpulse-mainloop-glib0 libpulse0 libpython3-dev libpython3-stdlib
  libpython3.12-dev libpython3.12-minimal libpython3.12-stdlib
  libpython3.12t64 libquadmath0 libraqm0 libreadline8t64 librsvg2-2 librtmp1
  libsasl2-2 libsasl2-modules-db libsensors-config libsensors5 libsframe1
  libsharpyuv0 libsm6 libsndfile1 libspectre1 libsqlite3-0 libssh-4
  libstartup-notification0 libstdc++-13-dev libsystemd-shared libtcl8.6
  libthai-data libthai0 libthunarx-3-0 libtiff6 libtk8.6 libtsan2 libubsan1
  libunwind8 libupower-glib3 libuv1t64 libvncclient1 libvncserver1 libvorbis0a
  libvorbisenc2 libvulkan1 libwayland-client0 libwayland-cursor0
  libwayland-egl1 libwebp7 libwebpdemux2 libwebpmux3 libwnck-3-0
  libwnck-3-common libx11-6 libx11-data libx11-xcb1 libxau6 libxaw7
  libxcb-dri3-0 libxcb-glx0 libxcb-present0 libxcb-randr0 libxcb-render0
  libxcb-shape0 libxcb-shm0 libxcb-sync1 libxcb-util1 libxcb-xfixes0 libxcb1
  libxcomposite1 libxcursor1 libxdamage1 libxdmcp6 libxext6
  libxfce4panel-2.0-4 libxfce4ui-2-0 libxfce4ui-common libxfce4ui-utils
  libxfce4util-common libxfce4util7 libxfconf-0-3 libxfixes3 libxfont2 libxft2
  libxi6 libxinerama1 libxkbcommon0 libxkbfile1 libxklavier16 libxml2 libxmu6
  libxmuu1 libxpm4 libxpresent1 libxrandr2 libxrender1 libxres1 libxshmfence1
  libxss1 libxt6t64 libxtst6 libxv1 libxxf86dga1 libxxf86vm1 libyaml-0-2
  linux-libc-dev lto-disabled-list make media-types mesa-libgallium net-tools
  netbase netcat-openbsd node-acorn node-busboy node-cjs-module-lexer
  node-undici node-xtend nodejs novnc openbox openssl patch perl
  perl-modules-5.38 pkg-config pkgconf pkgconf-bin poppler-data
  python-babel-localedata python3 python3-babel python3-certifi
  python3-cffi-backend python3-chardet python3-cryptography python3-dateutil
  python3-debtcollector python3-deprecated python3-dev python3-dnspython
  python3-docutils python3-eventlet python3-greenlet python3-idna
  python3-importlib-metadata python3-iso8601 python3-jwcrypto python3-minimal
  python3-monotonic python3-more-itertools python3-msgpack python3-netaddr
  python3-netifaces python3-novnc python3-numpy python3-oslo.config
  python3-oslo.context python3-oslo.i18n python3-oslo.log
  python3-oslo.serialization python3-oslo.utils python3-packaging python3-pbr
  python3-pil python3-pip python3-pip-whl python3-pkg-resources
  python3-pyasyncore python3-pyinotify python3-pyparsing python3-requests
  python3-rfc3986 python3-roman python3-setuptools python3-setuptools-whl
  python3-six python3-stevedore python3-typing-extensions python3-tz
  python3-urllib3 python3-venv python3-websockify python3-wheel python3-wrapt
  python3-yaml python3-zipp python3.12 python3.12-dev python3.12-minimal
  python3.12-venv readline-common rpcsvc-proto rsync sgml-base
  shared-mime-info sudo systemd systemd-dev systemd-sysv tcl tcl8.6 thunar
  thunar-data tk tk8.6 tzdata ubuntu-mono ucf unzip websockify x11-common
  x11-utils x11-xkb-utils x11-xserver-utils x11vnc xauth xfce4 xfce4-appfinder
  xfce4-helpers xfce4-panel xfce4-pulseaudio-plugin xfce4-session
  xfce4-settings xfconf xfdesktop4 xfdesktop4-data xfonts-encodings
  xfonts-utils xfwm4 xkb-data xml-core xserver-common xvfb xz-utils zlib1g-dev
The following packages will be upgraded:
  libssl3t64
1 upgraded, 435 newly installed, 0 to remove and 2 not upgraded.
Need to get 268 MB of archives.
After this operation, 1072 MB of additional disk space will be used.
Get:1 http://archive.ubuntu.com/ubuntu noble-updates/main amd64 libssl3t64 amd64 3.0.13-0ubuntu3.16 [1945 kB]
Get:2 http://archive.ubuntu.com/ubuntu noble-updates/main amd64 libpython3.12-minimal amd64 3.12.3-1ubuntu0.17 [839 kB]
Get:3 http://archive.ubuntu.com/ubuntu noble-updates/main amd64 libexpat1 amd64 2.6.1-2ubuntu0.6 [98.9 kB]
Get:4 http://archive.ubuntu.com/ubuntu noble-updates/main amd64 python3.12-minimal amd64 3.12.3-1ubuntu0.17 [2335 kB]
Get:5 http://archive.ubuntu.com/ubuntu noble-updates/main amd64 python3-minimal amd64 3.12.3-0ubuntu2.1 [27.4 kB]
Get:6 http://archive.ubuntu.com/ubuntu noble/main amd64 media-types all 10.1.0 [27.5 kB]
Get:7 http://archive.ubuntu.com/ubuntu noble/main amd64 netbase all 6.4 [13.1 kB]
Get:8 http://archive.ubuntu.com/ubuntu noble-updates/main amd64 tzdata all 2026c-0ubuntu0.24.04.1 [280 kB]
Get:9 http://archive.ubuntu.com/ubuntu noble/main amd64 readline-common all 8.2-4build1 [56.5 kB]
Get:10 http://archive.ubuntu.com/ubuntu noble/main amd64 libreadline8t64 amd64 8.2-4build1 [153 kB]
Get:11 http://archive.ubuntu.com/ubuntu noble-updates/main amd64 libsqlite3-0 amd64 3.45.1-1ubuntu2.8 [702 kB]
Get:12 http://archive.ubuntu.com/ubuntu noble-updates/main amd64 libpython3.12-stdlib amd64 3.12.3-1ubuntu0.17 [2071 kB]
Get:13 http://archive.ubuntu.com/ubuntu noble-updates/main amd64 python3.12 amd64 3.12.3-1ubuntu0.17 [651 kB]
Get:14 http://archive.ubuntu.com/ubuntu noble-updates/main amd64 libpython3-stdlib amd64 3.12.3-0ubuntu2.1 [10.1 kB]
Get:15 http://archive.ubuntu.com/ubuntu noble-updates/main amd64 python3 amd64 3.12.3-0ubuntu2.1 [23.0 kB]
Get:16 http://archive.ubuntu.com/ubuntu noble-updates/main amd64 libapparmor1 amd64 4.0.1really4.0.1-0ubuntu0.24.04.8 [51.4 kB]
Get:17 http://archive.ubuntu.com/ubuntu noble/main amd64 libargon2-1 amd64 0~20190702+dfsg-4build1 [20.8 kB]
Get:18 http://archive.ubuntu.com/ubuntu noble-updates/main amd64 libdevmapper1.02.1 amd64 2:1.02.185-3ubuntu3.2 [139 kB]
Get:19 http://archive.ubuntu.com/ubuntu noble/main amd64 libjson-c5 amd64 0.17-1build1 [35.3 kB]
Get:20 http://archive.ubuntu.com/ubuntu noble-updates/main amd64 libcryptsetup12 amd64 2:2.7.0-1ubuntu4.2 [266 kB]
Get:21 http://archive.ubuntu.com/ubuntu noble-updates/main amd64 libfdisk1 amd64 2.39.3-9ubuntu6.6 [146 kB]
Get:22 http://archive.ubuntu.com/ubuntu noble-updates/main amd64 libkmod2 amd64 31+20240202-2ubuntu7.2 [51.8 kB]
Get:23 http://archive.ubuntu.com/ubuntu noble-updates/main amd64 libsystemd-shared amd64 255.4-1ubuntu8.17 [2077 kB]
Get:24 http://archive.ubuntu.com/ubuntu noble-updates/main amd64 systemd-dev all 255.4-1ubuntu8.17 [107 kB]
Get:25 http://archive.ubuntu.com/ubuntu noble-updates/main amd64 systemd amd64 255.4-1ubuntu8.17 [3475 kB]
Get:26 http://archive.ubuntu.com/ubuntu noble-updates/main amd64 systemd-sysv amd64 255.4-1ubuntu8.17 [11.9 kB]
Get:27 http://archive.ubuntu.com/ubuntu noble/main amd64 libpopt0 amd64 1.19+dfsg-1build1 [28.6 kB]
Get:28 http://archive.ubuntu.com/ubuntu noble-updates/main amd64 rsync amd64 3.2.7-1ubuntu1.5 [443 kB]
Get:29 http://archive.ubuntu.com/ubuntu noble-updates/main amd64 perl-modules-5.38 all 5.38.2-3.2ubuntu0.6 [3110 kB]
Get:30 http://archive.ubuntu.com/ubuntu noble/main amd64 libgdbm6t64 amd64 1.23-5.1build1 [34.4 kB]
Get:31 http://archive.ubuntu.com/ubuntu noble/main amd64 libgdbm-compat4t64 amd64 1.23-5.1build1 [6710 B]
Get:32 http://archive.ubuntu.com/ubuntu noble-updates/main amd64 libperl5.38t64 amd64 5.38.2-3.2ubuntu0.6 [4864 kB]
Get:33 http://archive.ubuntu.com/ubuntu noble-updates/main amd64 perl amd64 5.38.2-3.2ubuntu0.6 [231 kB]
Get:34 http://archive.ubuntu.com/ubuntu noble/main amd64 poppler-data all 0.4.12-1 [2060 kB]
Get:35 http://archive.ubuntu.com/ubuntu noble/main amd64 sgml-base all 1.31 [11.4 kB]
Get:36 http://archive.ubuntu.com/ubuntu noble/main amd64 adduser all 3.137ubuntu1 [101 kB]
Get:37 http://archive.ubuntu.com/ubuntu noble-updates/main amd64 openssl amd64 3.0.13-0ubuntu3.16 [1004 kB]
Get:38 http://archive.ubuntu.com/ubuntu noble-updates/main amd64 ca-certificates all 20260601~24.04.1 [139 kB]
Get:39 http://archive.ubuntu.com/ubuntu noble-updates/main amd64 libdbus-1-3 amd64 1.14.10-4ubuntu4.1 [210 kB]
Get:40 http://archive.ubuntu.com/ubuntu noble-updates/main amd64 dbus-bin amd64 1.14.10-4ubuntu4.1 [39.3 kB]
Get:41 http://archive.ubuntu.com/ubuntu noble-updates/main amd64 dbus-session-bus-common all 1.14.10-4ubuntu4.1 [80.5 kB]
Get:42 http://archive.ubuntu.com/ubuntu noble-updates/main amd64 dbus-daemon amd64 1.14.10-4ubuntu4.1 [118 kB]
Get:43 http://archive.ubuntu.com/ubuntu noble-updates/main amd64 dbus-system-bus-common all 1.14.10-4ubuntu4.1 [81.6 kB]
Get:44 http://archive.ubuntu.com/ubuntu noble-updates/main amd64 dbus amd64 1.14.10-4ubuntu4.1 [24.3 kB]
Get:45 http://archive.ubuntu.com/ubuntu noble-updates/main amd64 libpam-systemd amd64 255.4-1ubuntu8.17 [235 kB]
Get:46 http://archive.ubuntu.com/ubuntu noble-updates/main amd64 dbus-user-session amd64 1.14.10-4ubuntu4.1 [9968 B]
Get:47 http://archive.ubuntu.com/ubuntu noble-updates/main amd64 libbsd0 amd64 0.12.1-1build1.1 [41.2 kB]
Get:48 http://archive.ubuntu.com/ubuntu noble-updates/main amd64 libelf1t64 amd64 0.190-1.1ubuntu0.1 [57.8 kB]
Get:49 http://archive.ubuntu.com/ubuntu noble/main amd64 libfribidi0 amd64 1.0.13-3build1 [26.1 kB]
Get:50 http://archive.ubuntu.com/ubuntu noble-updates/main amd64 libglib2.0-0t64 amd64 2.80.0-6ubuntu3.9 [1547 kB]
Get:51 http://archive.ubuntu.com/ubuntu noble-updates/main amd64 libkrb5support0 amd64 1.20.1-6ubuntu2.10 [34.9 kB]
Get:52 http://archive.ubuntu.com/ubuntu noble-updates/main amd64 libk5crypto3 amd64 1.20.1-6ubuntu2.10 [81.9 kB]
Get:53 http://archive.ubuntu.com/ubuntu noble/main amd64 libkeyutils1 amd64 1.6.3-3build1 [9490 B]
Get:54 http://archive.ubuntu.com/ubuntu noble-updates/main amd64 libkrb5-3 amd64 1.20.1-6ubuntu2.10 [348 kB]
Get:55 http://archive.ubuntu.com/ubuntu noble-updates/main amd64 libgssapi-krb5-2 amd64 1.20.1-6ubuntu2.10 [143 kB]
Get:56 http://archive.ubuntu.com/ubuntu noble-updates/main amd64 libicu74 amd64 74.2-1ubuntu3.1 [10.9 MB]
Get:57 http://archive.ubuntu.com/ubuntu noble-updates/main amd64 libxml2 amd64 2.9.14+dfsg-1.3ubuntu3.9 [765 kB]
Get:58 http://archive.ubuntu.com/ubuntu noble/main amd64 libyaml-0-2 amd64 0.2.5-1build1 [51.5 kB]
Get:59 http://archive.ubuntu.com/ubuntu noble/main amd64 netcat-openbsd amd64 1.226-1ubuntu2 [44.3 kB]
Get:60 http://archive.ubuntu.com/ubuntu noble/main amd64 python3-cffi-backend amd64 1.16.0-2build1 [77.3 kB]
Get:61 http://archive.ubuntu.com/ubuntu noble/main amd64 python3-netifaces amd64 0.11.0-2build3 [18.1 kB]
Get:62 http://archive.ubuntu.com/ubuntu noble-updates/main amd64 python3-pkg-resources all 68.1.2-2ubuntu1.2 [168 kB]
Get:63 http://archive.ubuntu.com/ubuntu noble/main amd64 python3-yaml amd64 6.0.1-2build2 [123 kB]
Get:64 http://archive.ubuntu.com/ubuntu noble/main amd64 shared-mime-info amd64 2.4-4 [474 kB]
Get:65 http://archive.ubuntu.com/ubuntu noble-updates/main amd64 sudo amd64 1.9.15p5-3ubuntu5.24.04.3 [949 kB]
Get:66 http://archive.ubuntu.com/ubuntu noble/main amd64 ucf all 3.0043+nmu1 [56.5 kB]
Get:67 http://archive.ubuntu.com/ubuntu noble-updates/main amd64 xkb-data all 2.41-2ubuntu1.1 [397 kB]
Get:68 http://archive.ubuntu.com/ubuntu noble-updates/main amd64 libdrm-common all 2.4.125-1ubuntu0.1~24.04.2 [9250 B]
Get:69 http://archive.ubuntu.com/ubuntu noble-updates/main amd64 libdrm2 amd64 2.4.125-1ubuntu0.1~24.04.2 [41.4 kB]
Get:70 http://archive.ubuntu.com/ubuntu noble/main amd64 libedit2 amd64 3.1-20230828-1build1 [97.6 kB]
Get:71 http://archive.ubuntu.com/ubuntu noble/main amd64 libjansson4 amd64 2.14-2build2 [32.8 kB]
Get:72 http://archive.ubuntu.com/ubuntu noble-updates/main amd64 libnghttp2-14 amd64 1.59.0-1ubuntu0.4 [74.6 kB]
Get:73 http://archive.ubuntu.com/ubuntu noble-updates/main amd64 libpng16-16t64 amd64 1.6.43-5ubuntu0.6 [189 kB]
Get:74 http://archive.ubuntu.com/ubuntu noble/main amd64 libpsl5t64 amd64 0.21.2-1.1build1 [57.1 kB]
Get:75 http://archive.ubuntu.com/ubuntu noble/main amd64 libsensors-config all 1:3.6.0-9build1 [5546 B]
Get:76 http://archive.ubuntu.com/ubuntu noble/main amd64 libsensors5 amd64 1:3.6.0-9build1 [26.6 kB]
Get:77 http://archive.ubuntu.com/ubuntu noble/main amd64 libuv1t64 amd64 1.48.0-1.1build1 [97.3 kB]
Get:78 http://archive.ubuntu.com/ubuntu noble/main amd64 libxau6 amd64 1:1.0.9-1build6 [7160 B]
Get:79 http://archive.ubuntu.com/ubuntu noble/main amd64 libxdmcp6 amd64 1:1.1.3-0ubuntu6 [10.3 kB]
Get:80 http://archive.ubuntu.com/ubuntu noble/main amd64 libxcb1 amd64 1.15-1ubuntu2 [47.7 kB]
Get:81 http://archive.ubuntu.com/ubuntu noble/main amd64 libx11-data all 2:1.8.7-1build1 [115 kB]
Get:82 http://archive.ubuntu.com/ubuntu noble/main amd64 libx11-6 amd64 2:1.8.7-1build1 [650 kB]
Get:83 http://archive.ubuntu.com/ubuntu noble/main amd64 libxext6 amd64 2:1.3.4-1build2 [30.4 kB]
Get:84 http://archive.ubuntu.com/ubuntu noble/main amd64 libxkbcommon0 amd64 1.6.0-1build1 [122 kB]
Get:85 http://archive.ubuntu.com/ubuntu noble/main amd64 libxmuu1 amd64 2:1.1.3-3build2 [8958 B]
Get:86 http://archive.ubuntu.com/ubuntu noble/main amd64 xauth amd64 1:1.1.2-1build1 [25.6 kB]
Get:87 http://archive.ubuntu.com/ubuntu noble-updates/main amd64 xz-utils amd64 5.6.1+really5.4.5-1ubuntu0.3 [267 kB]
Get:88 http://archive.ubuntu.com/ubuntu noble-updates/main amd64 libgdk-pixbuf2.0-common all 2.42.10+dfsg-3ubuntu3.3 [8302 B]
Get:89 http://archive.ubuntu.com/ubuntu noble/main amd64 libjpeg-turbo8 amd64 2.1.5-2ubuntu2 [150 kB]
Get:90 http://archive.ubuntu.com/ubuntu noble/main amd64 libjpeg8 amd64 8c-2ubuntu11 [2148 B]
Get:91 http://archive.ubuntu.com/ubuntu noble-updates/main amd64 libdeflate0 amd64 1.19-1build1.1 [43.9 kB]
Get:92 http://archive.ubuntu.com/ubuntu noble/main amd64 libjbig0 amd64 2.1-6.1ubuntu2 [29.7 kB]
Get:93 http://archive.ubuntu.com/ubuntu noble/main amd64 liblerc4 amd64 4.0.0+ds-4ubuntu2 [179 kB]
Get:94 http://archive.ubuntu.com/ubuntu noble/main amd64 libsharpyuv0 amd64 1.3.2-0.4build3 [15.8 kB]
Get:95 http://archive.ubuntu.com/ubuntu noble/main amd64 libwebp7 amd64 1.3.2-0.4build3 [230 kB]
Get:96 http://archive.ubuntu.com/ubuntu noble-updates/main amd64 libtiff6 amd64 4.5.1+git230720-4ubuntu2.5 [200 kB]
Get:97 http://archive.ubuntu.com/ubuntu noble-updates/main amd64 libgdk-pixbuf-2.0-0 amd64 2.42.10+dfsg-3ubuntu3.3 [147 kB]
Get:98 http://archive.ubuntu.com/ubuntu noble-updates/main amd64 gtk-update-icon-cache amd64 3.24.41-4ubuntu1.3 [51.9 kB]
Get:99 http://archive.ubuntu.com/ubuntu noble/main amd64 hicolor-icon-theme all 0.17-2 [9976 B]
Get:100 http://archive.ubuntu.com/ubuntu noble/main amd64 humanity-icon-theme all 0.6.16 [1282 kB]
Get:101 http://archive.ubuntu.com/ubuntu noble/main amd64 ubuntu-mono all 24.04-0ubuntu1 [151 kB]
Get:102 http://archive.ubuntu.com/ubuntu noble/main amd64 adwaita-icon-theme all 46.0-1 [723 kB]
Get:103 http://archive.ubuntu.com/ubuntu noble/main amd64 at-spi2-common all 2.52.0-1build1 [8674 B]
Get:104 http://archive.ubuntu.com/ubuntu noble-updates/main amd64 binutils-common amd64 2.42-4ubuntu2.10 [240 kB]
Get:105 http://archive.ubuntu.com/ubuntu noble-updates/main amd64 libsframe1 amd64 2.42-4ubuntu2.10 [15.7 kB]
Get:106 http://archive.ubuntu.com/ubuntu noble-updates/main amd64 libbinutils amd64 2.42-4ubuntu2.10 [577 kB]
Get:107 http://archive.ubuntu.com/ubuntu noble-updates/main amd64 libctf-nobfd0 amd64 2.42-4ubuntu2.10 [98.0 kB]
Get:108 http://archive.ubuntu.com/ubuntu noble-updates/main amd64 libctf0 amd64 2.42-4ubuntu2.10 [94.5 kB]
Get:109 http://archive.ubuntu.com/ubuntu noble-updates/main amd64 libgprofng0 amd64 2.42-4ubuntu2.10 [849 kB]
Get:110 http://archive.ubuntu.com/ubuntu noble-updates/main amd64 binutils-x86-64-linux-gnu amd64 2.42-4ubuntu2.10 [2463 kB]
Get:111 http://archive.ubuntu.com/ubuntu noble-updates/main amd64 binutils amd64 2.42-4ubuntu2.10 [18.2 kB]
Get:112 http://archive.ubuntu.com/ubuntu noble-updates/main amd64 libc-dev-bin amd64 2.39-0ubuntu8.9 [20.4 kB]
Get:113 http://archive.ubuntu.com/ubuntu noble-updates/main amd64 linux-libc-dev amd64 6.8.0-146.146 [1540 kB]
Get:114 http://archive.ubuntu.com/ubuntu noble/main amd64 libcrypt-dev amd64 1:4.4.36-4build1 [112 kB]
Get:115 http://archive.ubuntu.com/ubuntu noble/main amd64 rpcsvc-proto amd64 1.4.2-0ubuntu7 [67.4 kB]
Get:116 http://archive.ubuntu.com/ubuntu noble-updates/main amd64 libc6-dev amd64 2.39-0ubuntu8.9 [2126 kB]
Get:117 http://archive.ubuntu.com/ubuntu noble-updates/main amd64 gcc-13-base amd64 13.3.0-6ubuntu2~24.04.1 [51.6 kB]
Get:118 http://archive.ubuntu.com/ubuntu noble-updates/main amd64 libisl23 amd64 0.26-3build1.1 [680 kB]
Get:119 http://archive.ubuntu.com/ubuntu noble-updates/main amd64 libmpfr6 amd64 4.2.1-1build1.1 [353 kB]
Get:120 http://archive.ubuntu.com/ubuntu noble-updates/main amd64 libmpc3 amd64 1.3.1-1build1.1 [54.6 kB]
Get:121 http://archive.ubuntu.com/ubuntu noble-updates/main amd64 cpp-13-x86-64-linux-gnu amd64 13.3.0-6ubuntu2~24.04.1 [10.7 MB]
Get:122 http://archive.ubuntu.com/ubuntu noble-updates/main amd64 cpp-13 amd64 13.3.0-6ubuntu2~24.04.1 [1042 B]
Get:123 http://archive.ubuntu.com/ubuntu noble/main amd64 cpp-x86-64-linux-gnu amd64 4:13.2.0-7ubuntu1 [5326 B]
Get:124 http://archive.ubuntu.com/ubuntu noble/main amd64 cpp amd64 4:13.2.0-7ubuntu1 [22.4 kB]
Get:125 http://archive.ubuntu.com/ubuntu noble-updates/main amd64 libcc1-0 amd64 14.2.0-4ubuntu2~24.04.1 [48.0 kB]
Get:126 http://archive.ubuntu.com/ubuntu noble-updates/main amd64 libgomp1 amd64 14.2.0-4ubuntu2~24.04.1 [148 kB]
Get:127 http://archive.ubuntu.com/ubuntu noble-updates/main amd64 libitm1 amd64 14.2.0-4ubuntu2~24.04.1 [29.7 kB]
Get:128 http://archive.ubuntu.com/ubuntu noble-updates/main amd64 libatomic1 amd64 14.2.0-4ubuntu2~24.04.1 [10.5 kB]
Get:129 http://archive.ubuntu.com/ubuntu noble-updates/main amd64 libasan8 amd64 14.2.0-4ubuntu2~24.04.1 [3027 kB]
Get:130 http://archive.ubuntu.com/ubuntu noble-updates/main amd64 liblsan0 amd64 14.2.0-4ubuntu2~24.04.1 [1322 kB]
Get:131 http://archive.ubuntu.com/ubuntu noble-updates/main amd64 libtsan2 amd64 14.2.0-4ubuntu2~24.04.1 [2772 kB]
Get:132 http://archive.ubuntu.com/ubuntu noble-updates/main amd64 libubsan1 amd64 14.2.0-4ubuntu2~24.04.1 [1184 kB]
Get:133 http://archive.ubuntu.com/ubuntu noble-updates/main amd64 libhwasan0 amd64 14.2.0-4ubuntu2~24.04.1 [1641 kB]
Get:134 http://archive.ubuntu.com/ubuntu noble-updates/main amd64 libquadmath0 amd64 14.2.0-4ubuntu2~24.04.1 [153 kB]
Get:135 http://archive.ubuntu.com/ubuntu noble-updates/main amd64 libgcc-13-dev amd64 13.3.0-6ubuntu2~24.04.1 [2681 kB]
Get:136 http://archive.ubuntu.com/ubuntu noble-updates/main amd64 gcc-13-x86-64-linux-gnu amd64 13.3.0-6ubuntu2~24.04.1 [21.1 MB]
Get:137 http://archive.ubuntu.com/ubuntu noble-updates/main amd64 gcc-13 amd64 13.3.0-6ubuntu2~24.04.1 [494 kB]
Get:138 http://archive.ubuntu.com/ubuntu noble/main amd64 gcc-x86-64-linux-gnu amd64 4:13.2.0-7ubuntu1 [1212 B]
Get:139 http://archive.ubuntu.com/ubuntu noble/main amd64 gcc amd64 4:13.2.0-7ubuntu1 [5018 B]
Get:140 http://archive.ubuntu.com/ubuntu noble-updates/main amd64 libstdc++-13-dev amd64 13.3.0-6ubuntu2~24.04.1 [2420 kB]
Get:141 http://archive.ubuntu.com/ubuntu noble-updates/main amd64 g++-13-x86-64-linux-gnu amd64 13.3.0-6ubuntu2~24.04.1 [12.2 MB]
Get:142 http://archive.ubuntu.com/ubuntu noble-updates/main amd64 g++-13 amd64 13.3.0-6ubuntu2~24.04.1 [16.0 kB]
Get:143 http://archive.ubuntu.com/ubuntu noble/main amd64 g++-x86-64-linux-gnu amd64 4:13.2.0-7ubuntu1 [964 B]
Get:144 http://archive.ubuntu.com/ubuntu noble/main amd64 g++ amd64 4:13.2.0-7ubuntu1 [1100 B]
Get:145 http://archive.ubuntu.com/ubuntu noble/main amd64 make amd64 4.3-4.1build2 [180 kB]
Get:146 http://archive.ubuntu.com/ubuntu noble-updates/main amd64 libdpkg-perl all 1.22.6ubuntu6.6 [268 kB]
Get:147 http://archive.ubuntu.com/ubuntu noble-updates/main amd64 bzip2 amd64 1.0.8-5.1ubuntu0.1 [34.6 kB]
Get:148 http://archive.ubuntu.com/ubuntu noble/main amd64 patch amd64 2.7.6-7build3 [104 kB]
Get:149 http://archive.ubuntu.com/ubuntu noble/main amd64 lto-disabled-list all 47 [12.4 kB]
Get:150 http://archive.ubuntu.com/ubuntu noble-updates/main amd64 dpkg-dev all 1.22.6ubuntu6.6 [1074 kB]
Get:151 http://archive.ubuntu.com/ubuntu noble/main amd64 build-essential amd64 12.10ubuntu1 [4928 B]
Get:152 http://archive.ubuntu.com/ubuntu noble/main amd64 libbrotli1 amd64 1.1.0-2build2 [331 kB]
Get:153 http://archive.ubuntu.com/ubuntu noble-updates/main amd64 libsasl2-modules-db amd64 2.1.28+dfsg1-5ubuntu3.1 [20.4 kB]
Get:154 http://archive.ubuntu.com/ubuntu noble-updates/main amd64 libsasl2-2 amd64 2.1.28+dfsg1-5ubuntu3.1 [53.2 kB]
Get:155 http://archive.ubuntu.com/ubuntu noble-updates/main amd64 libldap2 amd64 2.6.10+dfsg-0ubuntu0.24.04.1 [198 kB]
Get:156 http://archive.ubuntu.com/ubuntu noble/main amd64 librtmp1 amd64 2.4+20151223.gitfa8646d.1-2build7 [56.3 kB]
Get:157 http://archive.ubuntu.com/ubuntu noble-updates/main amd64 libssh-4 amd64 0.10.6-2ubuntu0.5 [191 kB]
Get:158 http://archive.ubuntu.com/ubuntu noble-updates/main amd64 libcurl4t64 amd64 8.5.0-2ubuntu10.15 [343 kB]
Get:159 http://archive.ubuntu.com/ubuntu noble-updates/main amd64 curl amd64 8.5.0-2ubuntu10.15 [227 kB]
Get:160 http://archive.ubuntu.com/ubuntu noble-updates/main amd64 libdconf1 amd64 0.40.0-4ubuntu0.1 [39.6 kB]
Get:161 http://archive.ubuntu.com/ubuntu noble-updates/main amd64 dconf-service amd64 0.40.0-4ubuntu0.1 [27.6 kB]
Get:162 http://archive.ubuntu.com/ubuntu noble-updates/main amd64 dconf-gsettings-backend amd64 0.40.0-4ubuntu0.1 [22.1 kB]
Get:163 http://archive.ubuntu.com/ubuntu noble/main amd64 desktop-file-utils amd64 0.27-2build1 [53.8 kB]
Get:164 http://archive.ubuntu.com/ubuntu noble/main amd64 xml-core all 0.19 [20.3 kB]
Get:165 http://archive.ubuntu.com/ubuntu noble/main amd64 docutils-common all 0.20.1+dfsg-3 [132 kB]
Get:166 http://archive.ubuntu.com/ubuntu noble/universe amd64 libexo-common all 4.18.0-1build4 [4054 B]
Get:167 http://archive.ubuntu.com/ubuntu noble/main amd64 libatk1.0-0t64 amd64 2.52.0-1build1 [55.3 kB]
Get:168 http://archive.ubuntu.com/ubuntu noble-updates/main amd64 libfreetype6 amd64 2.13.2+dfsg-1ubuntu0.1 [402 kB]
Get:169 http://archive.ubuntu.com/ubuntu noble/main amd64 fonts-liberation all 1:2.1.5-3 [1603 kB]
Get:170 http://archive.ubuntu.com/ubuntu noble/main amd64 libfontenc1 amd64 1:1.1.8-1build1 [14.0 kB]
Get:171 http://archive.ubuntu.com/ubuntu noble/main amd64 x11-common all 1:7.7+23ubuntu3 [21.7 kB]
Get:172 http://archive.ubuntu.com/ubuntu noble/main amd64 xfonts-encodings all 1:1.0.5-0ubuntu2 [578 kB]
Get:173 http://archive.ubuntu.com/ubuntu noble/main amd64 xfonts-utils amd64 1:7.7+6build3 [94.4 kB]
Get:174 http://archive.ubuntu.com/ubuntu noble/main amd64 fonts-urw-base35 all 20200910-8 [11.0 MB]
Get:175 http://archive.ubuntu.com/ubuntu noble/main amd64 fontconfig-config amd64 2.15.0-1.1ubuntu2 [37.3 kB]
Get:176 http://archive.ubuntu.com/ubuntu noble/main amd64 libfontconfig1 amd64 2.15.0-1.1ubuntu2 [139 kB]
Get:177 http://archive.ubuntu.com/ubuntu noble/main amd64 libpixman-1-0 amd64 0.42.2-1build1 [279 kB]
Get:178 http://archive.ubuntu.com/ubuntu noble/main amd64 libxcb-render0 amd64 1.15-1ubuntu2 [16.2 kB]
Get:179 http://archive.ubuntu.com/ubuntu noble/main amd64 libxcb-shm0 amd64 1.15-1ubuntu2 [5756 B]
Get:180 http://archive.ubuntu.com/ubuntu noble/main amd64 libxrender1 amd64 1:0.9.10-1.1build1 [19.0 kB]
Get:181 http://archive.ubuntu.com/ubuntu noble/main amd64 libcairo2 amd64 1.18.0-3build1 [566 kB]
Get:182 http://archive.ubuntu.com/ubuntu noble/main amd64 libxi6 amd64 2:1.8.1-1build1 [32.4 kB]
Get:183 http://archive.ubuntu.com/ubuntu noble/main amd64 libatspi2.0-0t64 amd64 2.52.0-1build1 [80.5 kB]
Get:184 http://archive.ubuntu.com/ubuntu noble/main amd64 libatk-bridge2.0-0t64 amd64 2.52.0-1build1 [66.0 kB]
Get:185 http://archive.ubuntu.com/ubuntu noble/main amd64 libcairo-gobject2 amd64 1.18.0-3build1 [127 kB]
Get:186 http://archive.ubuntu.com/ubuntu noble-updates/main amd64 liblcms2-2 amd64 2.14-2ubuntu0.1 [161 kB]
Get:187 http://archive.ubuntu.com/ubuntu noble/main amd64 libcolord2 amd64 1.4.7-1build2 [149 kB]
Get:188 http://archive.ubuntu.com/ubuntu noble-updates/main amd64 libavahi-common-data amd64 0.8-13ubuntu6.2 [30.1 kB]
Get:189 http://archive.ubuntu.com/ubuntu noble-updates/main amd64 libavahi-common3 amd64 0.8-13ubuntu6.2 [23.4 kB]
Get:190 http://archive.ubuntu.com/ubuntu noble-updates/main amd64 libavahi-client3 amd64 0.8-13ubuntu6.2 [26.8 kB]
Get:191 http://archive.ubuntu.com/ubuntu noble-updates/main amd64 libcups2t64 amd64 2.4.7-1.2ubuntu7.14 [274 kB]
Get:192 http://archive.ubuntu.com/ubuntu noble/main amd64 libepoxy0 amd64 1.5.10-1build1 [220 kB]
Get:193 http://archive.ubuntu.com/ubuntu noble-updates/main amd64 libgraphite2-3 amd64 1.3.14-2ubuntu0.24.04.1 [73.4 kB]
Get:194 http://archive.ubuntu.com/ubuntu noble/main amd64 libharfbuzz0b amd64 8.3.0-2build2 [469 kB]
Get:195 http://archive.ubuntu.com/ubuntu noble/main amd64 fontconfig amd64 2.15.0-1.1ubuntu2 [180 kB]
Get:196 http://archive.ubuntu.com/ubuntu noble/main amd64 libthai-data all 0.1.29-2build1 [158 kB]
Get:197 http://archive.ubuntu.com/ubuntu noble/main amd64 libdatrie1 amd64 0.2.13-3build1 [19.0 kB]
Get:198 http://archive.ubuntu.com/ubuntu noble/main amd64 libthai0 amd64 0.1.29-2build1 [18.9 kB]
Get:199 http://archive.ubuntu.com/ubuntu noble/main amd64 libpango-1.0-0 amd64 1.52.1+ds-1build1 [231 kB]
Get:200 http://archive.ubuntu.com/ubuntu noble/main amd64 libpangoft2-1.0-0 amd64 1.52.1+ds-1build1 [42.5 kB]
Get:201 http://archive.ubuntu.com/ubuntu noble/main amd64 libpangocairo-1.0-0 amd64 1.52.1+ds-1build1 [28.8 kB]
Get:202 http://archive.ubuntu.com/ubuntu noble/main amd64 libwayland-client0 amd64 1.22.0-2.1build1 [26.4 kB]
Get:203 http://archive.ubuntu.com/ubuntu noble/main amd64 libwayland-cursor0 amd64 1.22.0-2.1build1 [10.4 kB]
Get:204 http://archive.ubuntu.com/ubuntu noble/main amd64 libwayland-egl1 amd64 1.22.0-2.1build1 [5628 B]
Get:205 http://archive.ubuntu.com/ubuntu noble/main amd64 libxcomposite1 amd64 1:0.4.5-1build3 [6320 B]
Get:206 http://archive.ubuntu.com/ubuntu noble/main amd64 libxfixes3 amd64 1:6.0.0-2build1 [10.8 kB]
Get:207 http://archive.ubuntu.com/ubuntu noble/main amd64 libxcursor1 amd64 1:1.2.1-1build1 [20.7 kB]
Get:208 http://archive.ubuntu.com/ubuntu noble/main amd64 libxdamage1 amd64 1:1.1.6-1build1 [6150 B]
Get:209 http://archive.ubuntu.com/ubuntu noble/main amd64 libxinerama1 amd64 2:1.1.4-3build1 [6396 B]
Get:210 http://archive.ubuntu.com/ubuntu noble/main amd64 libxrandr2 amd64 2:1.5.2-2build1 [19.7 kB]
Get:211 http://archive.ubuntu.com/ubuntu noble-updates/main amd64 libgtk-3-common all 3.24.41-4ubuntu1.3 [1426 kB]
Get:212 http://archive.ubuntu.com/ubuntu noble-updates/main amd64 libgtk-3-0t64 amd64 3.24.41-4ubuntu1.3 [2913 kB]
Get:213 http://archive.ubuntu.com/ubuntu noble/universe amd64 libxfce4util-common all 4.18.1-2build3 [60.5 kB]
Get:214 http://archive.ubuntu.com/ubuntu noble/universe amd64 libxfce4util7 amd64 4.18.1-2build3 [29.8 kB]
Get:215 http://archive.ubuntu.com/ubuntu noble/universe amd64 libexo-2-0 amd64 4.18.0-1build4 [248 kB]
Get:216 http://archive.ubuntu.com/ubuntu noble/universe amd64 libxfce4ui-common all 4.18.4-1build4 [237 kB]
Get:217 http://archive.ubuntu.com/ubuntu noble/main amd64 libice6 amd64 2:1.0.10-1build3 [41.4 kB]
Get:218 http://archive.ubuntu.com/ubuntu noble/main amd64 libsm6 amd64 2:1.2.3-1build3 [15.7 kB]
Get:219 http://archive.ubuntu.com/ubuntu noble/main amd64 libx11-xcb1 amd64 2:1.8.7-1build1 [7800 B]
Get:220 http://archive.ubuntu.com/ubuntu noble/main amd64 libxcb-util1 amd64 0.4.0-1build3 [10.7 kB]
Get:221 http://archive.ubuntu.com/ubuntu noble/main amd64 libstartup-notification0 amd64 0.12-6build3 [18.4 kB]
Get:222 http://archive.ubuntu.com/ubuntu noble/universe amd64 xfconf amd64 4.18.1-1build3 [126 kB]
Get:223 http://archive.ubuntu.com/ubuntu noble/universe amd64 libxfconf-0-3 amd64 4.18.1-1build3 [29.7 kB]
Get:224 http://archive.ubuntu.com/ubuntu noble/universe amd64 libxfce4ui-2-0 amd64 4.18.4-1build4 [61.2 kB]
Get:225 http://archive.ubuntu.com/ubuntu noble/universe amd64 exo-utils amd64 4.18.0-1build4 [32.7 kB]
Get:226 http://archive.ubuntu.com/ubuntu noble-updates/main amd64 libcurl3t64-gnutls amd64 8.5.0-2ubuntu10.15 [336 kB]
Get:227 http://archive.ubuntu.com/ubuntu noble/main amd64 liberror-perl all 0.17029-2 [25.6 kB]
Get:228 http://archive.ubuntu.com/ubuntu noble-updates/main amd64 git-man all 1:2.43.0-1ubuntu7.3 [1100 kB]
Get:229 http://archive.ubuntu.com/ubuntu noble-updates/main amd64 git amd64 1:2.43.0-1ubuntu7.3 [3680 kB]
Get:230 http://archive.ubuntu.com/ubuntu noble/main amd64 ieee-data all 20220827.1 [2113 kB]
Get:231 http://archive.ubuntu.com/ubuntu noble/main amd64 libonig5 amd64 6.9.9-1build1 [172 kB]
Get:232 http://archive.ubuntu.com/ubuntu noble-updates/main amd64 libjq1 amd64 1.7.1-3ubuntu0.24.04.2 [142 kB]
Get:233 http://archive.ubuntu.com/ubuntu noble-updates/main amd64 jq amd64 1.7.1-3ubuntu0.24.04.2 [65.7 kB]
Get:234 http://archive.ubuntu.com/ubuntu noble-updates/main amd64 libaom3 amd64 3.8.2-2ubuntu0.2 [1942 kB]
Get:235 http://archive.ubuntu.com/ubuntu noble-updates/main amd64 libasound2-data all 1.2.11-1ubuntu0.3 [21.4 kB]
Get:236 http://archive.ubuntu.com/ubuntu noble-updates/main amd64 libasound2t64 amd64 1.2.11-1ubuntu0.3 [398 kB]
Get:237 http://archive.ubuntu.com/ubuntu noble/main amd64 libasyncns0 amd64 0.8-6build4 [11.3 kB]
Get:238 http://archive.ubuntu.com/ubuntu noble-updates/main amd64 libblas3 amd64 3.12.0-3build1.1 [238 kB]
Get:239 http://archive.ubuntu.com/ubuntu noble/main amd64 libcares2 amd64 1.27.0-1.0ubuntu1 [73.7 kB]
Get:240 http://archive.ubuntu.com/ubuntu noble/main amd64 libdbusmenu-glib4 amd64 18.10.20180917~bzr492+repack1-3.1ubuntu5 [43.0 kB]
Get:241 http://archive.ubuntu.com/ubuntu noble/main amd64 libdbusmenu-gtk3-4 amd64 18.10.20180917~bzr492+repack1-3.1ubuntu5 [27.6 kB]
Get:242 http://archive.ubuntu.com/ubuntu noble-updates/main amd64 libdrm-amdgpu1 amd64 2.4.125-1ubuntu0.1~24.04.2 [21.4 kB]
Get:243 http://archive.ubuntu.com/ubuntu noble-updates/main amd64 libpciaccess0 amd64 0.17-3ubuntu0.24.04.3 [19.2 kB]
Get:244 http://archive.ubuntu.com/ubuntu noble-updates/main amd64 libdrm-intel1 amd64 2.4.125-1ubuntu0.1~24.04.2 [63.9 kB]
Get:245 http://archive.ubuntu.com/ubuntu noble-updates/main amd64 libexif12 amd64 0.6.24-1ubuntu0.24.04.1 [88.3 kB]
Get:246 http://archive.ubuntu.com/ubuntu noble-updates/main amd64 libexpat1-dev amd64 2.6.1-2ubuntu0.6 [147 kB]
Get:247 http://archive.ubuntu.com/ubuntu noble/main amd64 libogg0 amd64 1.3.5-3build1 [22.7 kB]
Get:248 http://archive.ubuntu.com/ubuntu noble/main amd64 libflac12t64 amd64 1.4.3+ds-2.1ubuntu2 [197 kB]
Get:249 http://archive.ubuntu.com/ubuntu noble/universe amd64 libgarcon-common all 4.18.1-1build3 [59.5 kB]
Get:250 http://archive.ubuntu.com/ubuntu noble/universe amd64 libgarcon-1-0 amd64 4.18.1-1build3 [44.1 kB]
Get:251 http://archive.ubuntu.com/ubuntu noble/universe amd64 libgarcon-gtk3-1-0 amd64 4.18.1-1build3 [13.3 kB]
Get:252 http://archive.ubuntu.com/ubuntu noble-updates/main amd64 libllvm20 amd64 1:20.1.2-0ubuntu1~24.04.3 [30.6 MB]
Get:253 http://archive.ubuntu.com/ubuntu noble/main amd64 libxcb-dri3-0 amd64 1.15-1ubuntu2 [7142 B]
Get:254 http://archive.ubuntu.com/ubuntu noble/main amd64 libxcb-present0 amd64 1.15-1ubuntu2 [5676 B]
Get:255 http://archive.ubuntu.com/ubuntu noble/main amd64 libxcb-randr0 amd64 1.15-1ubuntu2 [17.9 kB]
Get:256 http://archive.ubuntu.com/ubuntu noble/main amd64 libxcb-sync1 amd64 1.15-1ubuntu2 [9312 B]
Get:257 http://archive.ubuntu.com/ubuntu noble/main amd64 libxcb-xfixes0 amd64 1.15-1ubuntu2 [10.2 kB]
Get:258 http://archive.ubuntu.com/ubuntu noble/main amd64 libxshmfence1 amd64 1.3-1build5 [4764 B]
Get:259 http://archive.ubuntu.com/ubuntu noble-updates/main amd64 mesa-libgallium amd64 25.2.8-0ubuntu0.24.04.4 [10.8 MB]
Get:260 http://archive.ubuntu.com/ubuntu noble-updates/main amd64 libgbm1 amd64 25.2.8-0ubuntu0.24.04.4 [34.2 kB]
Get:261 http://archive.ubuntu.com/ubuntu noble-updates/main amd64 libgfortran5 amd64 14.2.0-4ubuntu2~24.04.1 [916 kB]
Get:262 http://archive.ubuntu.com/ubuntu noble-updates/main amd64 libgif7 amd64 5.2.2-1ubuntu1.2 [35.6 kB]
Get:263 http://archive.ubuntu.com/ubuntu noble/main amd64 libvulkan1 amd64 1.3.275.0-1build1 [142 kB]
Get:264 http://archive.ubuntu.com/ubuntu noble-updates/main amd64 libgl1-mesa-dri amd64 25.2.8-0ubuntu0.24.04.4 [38.0 kB]
Get:265 http://archive.ubuntu.com/ubuntu noble/main amd64 libxcb-glx0 amd64 1.15-1ubuntu2 [24.8 kB]
Get:266 http://archive.ubuntu.com/ubuntu noble/main amd64 libxxf86vm1 amd64 1:1.1.4-1build4 [9282 B]
Get:267 http://archive.ubuntu.com/ubuntu noble-updates/main amd64 libglx-mesa0 amd64 25.2.8-0ubuntu0.24.04.4 [110 kB]
Get:268 http://archive.ubuntu.com/ubuntu noble-updates/main amd64 libgs-common all 10.02.1~dfsg1-0ubuntu7.9 [176 kB]
Get:269 http://archive.ubuntu.com/ubuntu noble-updates/main amd64 libgs10-common all 10.02.1~dfsg1-0ubuntu7.9 [488 kB]
Get:270 http://archive.ubuntu.com/ubuntu noble-updates/main amd64 libidn12 amd64 1.42-1ubuntu0.1 [56.1 kB]
Get:271 http://archive.ubuntu.com/ubuntu noble/main amd64 libijs-0.35 amd64 0.35-15.1build1 [15.3 kB]
Get:272 http://archive.ubuntu.com/ubuntu noble-updates/main amd64 libjbig2dec0 amd64 0.20-1ubuntu0.24.04.1 [65.2 kB]
Get:273 http://archive.ubuntu.com/ubuntu noble-updates/main amd64 libopenjp2-7 amd64 2.5.0-2ubuntu0.5 [174 kB]
Get:274 http://archive.ubuntu.com/ubuntu noble/main amd64 libpaper1 amd64 1.1.29build1 [13.4 kB]
Get:275 http://archive.ubuntu.com/ubuntu noble/main amd64 libxt6t64 amd64 1:1.2.1-1.2build1 [171 kB]
Get:276 http://archive.ubuntu.com/ubuntu noble-updates/main amd64 libgs10 amd64 10.02.1~dfsg1-0ubuntu7.9 [3898 kB]
Get:277 http://archive.ubuntu.com/ubuntu noble-updates/main amd64 libgtop2-common all 2.41.3-1ubuntu0.24.04.1 [3662 B]
Get:278 http://archive.ubuntu.com/ubuntu noble-updates/main amd64 libgtop-2.0-11 amd64 2.41.3-1ubuntu0.24.04.1 [40.1 kB]
Get:279 http://archive.ubuntu.com/ubuntu noble/main amd64 libgudev-1.0-0 amd64 1:238-5ubuntu1 [15.9 kB]
Get:280 http://archive.ubuntu.com/ubuntu noble-updates/main amd64 libheif1 amd64 1.17.6-1ubuntu4.9 [277 kB]
Get:281 http://archive.ubuntu.com/ubuntu noble-updates/main amd64 libheif-plugin-aomdec amd64 1.17.6-1ubuntu4.9 [11.9 kB]
Get:282 http://archive.ubuntu.com/ubuntu noble/universe amd64 libhwy1t64 amd64 1.0.7-8.1build1 [584 kB]
Get:283 http://archive.ubuntu.com/ubuntu noble/universe amd64 libid3tag0 amd64 0.15.1b-14build1 [33.6 kB]
Get:284 http://archive.ubuntu.com/ubuntu noble/main amd64 libimagequant0 amd64 2.18.0-1build1 [36.3 kB]
Get:285 http://archive.ubuntu.com/ubuntu noble-updates/universe amd64 libjxl0.7 amd64 0.7.0-10.2ubuntu6.1 [1001 kB]
Get:286 http://archive.ubuntu.com/ubuntu noble/main amd64 librsvg2-2 amd64 2.58.0+dfsg-1build1 [2135 kB]
Get:287 http://archive.ubuntu.com/ubuntu noble/main amd64 libspectre1 amd64 0.2.12-1build2 [30.9 kB]
Get:288 http://archive.ubuntu.com/ubuntu noble/main amd64 libwebpdemux2 amd64 1.3.2-0.4build3 [12.4 kB]
Get:289 http://archive.ubuntu.com/ubuntu noble/universe amd64 libimlib2t64 amd64 1.12.1-1.1build2 [208 kB]
Get:290 http://archive.ubuntu.com/ubuntu noble/main amd64 libjs-jquery all 3.6.1+dfsg+~3.5.14-1 [328 kB]
Get:291 http://archive.ubuntu.com/ubuntu noble/main amd64 libjs-underscore all 1.13.4~dfsg+~1.11.4-3 [118 kB]
Get:292 http://archive.ubuntu.com/ubuntu noble/main amd64 libjs-sphinxdoc all 7.2.6-6 [149 kB]
Get:293 http://archive.ubuntu.com/ubuntu noble/universe amd64 libkeybinder-3.0-0 amd64 0.3.2-1.1build2 [9382 B]
Get:294 http://archive.ubuntu.com/ubuntu noble-updates/main amd64 liblapack3 amd64 3.12.0-3build1.1 [2646 kB]
Get:295 http://archive.ubuntu.com/ubuntu noble/main amd64 liblzo2-2 amd64 2.10-2build4 [54.1 kB]
Get:296 http://archive.ubuntu.com/ubuntu noble/main amd64 libmp3lame0 amd64 3.100-6build1 [142 kB]
Get:297 http://archive.ubuntu.com/ubuntu noble-updates/main amd64 libmpg123-0t64 amd64 1.32.5-1ubuntu1.1 [169 kB]
Get:298 http://archive.ubuntu.com/ubuntu noble/universe amd64 node-xtend all 4.0.2-3 [3902 B]
Get:299 http://archive.ubuntu.com/ubuntu noble/universe amd64 nodejs amd64 18.19.1+dfsg-6ubuntu5 [306 kB]
Get:300 http://archive.ubuntu.com/ubuntu noble/universe amd64 node-acorn all 8.8.1+ds+~cs25.17.7-2 [115 kB]
Get:301 http://archive.ubuntu.com/ubuntu noble/universe amd64 node-cjs-module-lexer all 1.2.3+dfsg-1 [32.1 kB]
Get:302 http://archive.ubuntu.com/ubuntu noble/universe amd64 node-busboy all 1.6.0+~cs2.6.0-2 [17.3 kB]
Get:303 http://archive.ubuntu.com/ubuntu noble/universe amd64 node-undici all 5.26.3+dfsg1+~cs23.10.12-2 [325 kB]
Get:304 http://archive.ubuntu.com/ubuntu noble/universe amd64 libnode109 amd64 18.19.1+dfsg-6ubuntu5 [11.6 MB]
Get:305 http://archive.ubuntu.com/ubuntu noble/main amd64 libnotify4 amd64 0.8.3-1build2 [25.6 kB]
Get:306 http://archive.ubuntu.com/ubuntu noble/main amd64 libnspr4 amd64 2:4.35-1.1build1 [117 kB]
Get:307 http://archive.ubuntu.com/ubuntu noble-updates/main amd64 libnss3 amd64 2:3.98-1ubuntu0.2 [1445 kB]
Get:308 http://archive.ubuntu.com/ubuntu noble/universe amd64 libobt2v5 amd64 3.6.1-12build5 [33.3 kB]
Get:309 http://archive.ubuntu.com/ubuntu noble/main amd64 libxft2 amd64 2.3.6-1build1 [45.3 kB]
Get:310 http://archive.ubuntu.com/ubuntu noble/main amd64 libpangoxft-1.0-0 amd64 1.52.1+ds-1build1 [20.3 kB]
Get:311 http://archive.ubuntu.com/ubuntu noble/universe amd64 libobrender32v5 amd64 3.6.1-12build5 [42.5 kB]
Get:312 http://archive.ubuntu.com/ubuntu noble/main amd64 libopus0 amd64 1.4-1build1 [208 kB]
Get:313 http://archive.ubuntu.com/ubuntu noble/main amd64 libpkgconf3 amd64 1.8.1-2build1 [30.7 kB]
Get:314 http://archive.ubuntu.com/ubuntu noble-updates/main amd64 libpolkit-gobject-1-0 amd64 124-2ubuntu1.24.04.4 [49.5 kB]
Get:315 http://archive.ubuntu.com/ubuntu noble/main amd64 libvorbis0a amd64 1.3.7-1build3 [97.6 kB]
Get:316 http://archive.ubuntu.com/ubuntu noble/main amd64 libvorbisenc2 amd64 1.3.7-1build3 [80.8 kB]
Get:317 http://archive.ubuntu.com/ubuntu noble-updates/main amd64 libsndfile1 amd64 1.2.2-1ubuntu5.24.04.1 [209 kB]
Get:318 http://archive.ubuntu.com/ubuntu noble-updates/main amd64 libpulse0 amd64 1:16.1+dfsg1-2ubuntu10.1 [292 kB]
Get:319 http://archive.ubuntu.com/ubuntu noble-updates/main amd64 libpulse-mainloop-glib0 amd64 1:16.1+dfsg1-2ubuntu10.1 [12.2 kB]
Get:320 http://archive.ubuntu.com/ubuntu noble-updates/main amd64 libpython3.12t64 amd64 3.12.3-1ubuntu0.17 [2348 kB]
Get:321 http://archive.ubuntu.com/ubuntu noble-updates/main amd64 zlib1g-dev amd64 1:1.3.dfsg-3.1ubuntu2.2 [894 kB]
Get:322 http://archive.ubuntu.com/ubuntu noble-updates/main amd64 libpython3.12-dev amd64 3.12.3-1ubuntu0.17 [5684 kB]
Get:323 http://archive.ubuntu.com/ubuntu noble-updates/main amd64 libpython3-dev amd64 3.12.3-0ubuntu2.1 [10.3 kB]
Get:324 http://archive.ubuntu.com/ubuntu noble/main amd64 libraqm0 amd64 0.10.1-1build1 [15.0 kB]
Get:325 http://archive.ubuntu.com/ubuntu noble/main amd64 libtcl8.6 amd64 8.6.14+dfsg-1build1 [988 kB]
Get:326 http://archive.ubuntu.com/ubuntu noble/universe amd64 thunar-data all 4.18.8-1build3 [901 kB]
Get:327 http://archive.ubuntu.com/ubuntu noble/universe amd64 libthunarx-3-0 amd64 4.18.8-1build3 [73.5 kB]
Get:328 http://archive.ubuntu.com/ubuntu noble/main amd64 libxss1 amd64 1:1.2.3-1build3 [7204 B]
Get:329 http://archive.ubuntu.com/ubuntu noble/main amd64 libtk8.6 amd64 8.6.14-1build1 [779 kB]
Get:330 http://archive.ubuntu.com/ubuntu noble-updates/main amd64 libunwind8 amd64 1.6.2-3build1.1 [55.3 kB]
Get:331 http://archive.ubuntu.com/ubuntu noble/main amd64 libupower-glib3 amd64 1.90.3-1 [39.0 kB]
Get:332 http://archive.ubuntu.com/ubuntu noble-updates/main amd64 libvncclient1 amd64 0.9.14+dfsg-1ubuntu0.2 [76.9 kB]
Get:333 http://archive.ubuntu.com/ubuntu noble-updates/main amd64 libvncserver1 amd64 0.9.14+dfsg-1ubuntu0.2 [134 kB]
Get:334 http://archive.ubuntu.com/ubuntu noble/main amd64 libwebpmux3 amd64 1.3.2-0.4build3 [25.7 kB]
Get:335 http://archive.ubuntu.com/ubuntu noble/main amd64 libxres1 amd64 2:1.2.1-1build1 [6778 B]
Get:336 http://archive.ubuntu.com/ubuntu noble/main amd64 libwnck-3-common all 43.0-3build4 [19.5 kB]
Get:337 http://archive.ubuntu.com/ubuntu noble/main amd64 libwnck-3-0 amd64 43.0-3build4 [113 kB]
Get:338 http://archive.ubuntu.com/ubuntu noble/main amd64 libxmu6 amd64 2:1.1.3-3build2 [47.6 kB]
Get:339 http://archive.ubuntu.com/ubuntu noble-updates/main amd64 libxpm4 amd64 1:3.5.17-1ubuntu0.24.04.2 [36.7 kB]
Get:340 http://archive.ubuntu.com/ubuntu noble/main amd64 libxaw7 amd64 2:1.0.14-1build2 [187 kB]
Get:341 http://archive.ubuntu.com/ubuntu noble/main amd64 libxcb-shape0 amd64 1.15-1ubuntu2 [6100 B]
Get:342 http://archive.ubuntu.com/ubuntu noble-updates/universe amd64 libxfce4panel-2.0-4 amd64 4.18.4-1ubuntu0.1 [37.0 kB]
Get:343 http://archive.ubuntu.com/ubuntu noble/universe amd64 libxfce4ui-utils amd64 4.18.4-1build4 [70.2 kB]
Get:344 http://archive.ubuntu.com/ubuntu noble-updates/main amd64 libxfont2 amd64 1:2.0.6-1+deb13u1build0.24.04.2 [94.0 kB]
Get:345 http://archive.ubuntu.com/ubuntu noble/main amd64 libxkbfile1 amd64 1:1.1.0-1build4 [70.0 kB]
Get:346 http://archive.ubuntu.com/ubuntu noble/main amd64 x11-xkb-utils amd64 7.7+8build2 [170 kB]
Get:347 http://archive.ubuntu.com/ubuntu noble/main amd64 libxklavier16 amd64 5.4-5build2 [43.2 kB]
Get:348 http://archive.ubuntu.com/ubuntu noble/universe amd64 libxpresent1 amd64 1.0.0-2build2 [7380 B]
Get:349 http://archive.ubuntu.com/ubuntu noble/main amd64 libxtst6 amd64 2:1.2.3-1.1build1 [12.6 kB]
Get:350 http://archive.ubuntu.com/ubuntu noble/main amd64 libxv1 amd64 2:1.0.11-1.1build1 [10.7 kB]
Get:351 http://archive.ubuntu.com/ubuntu noble/main amd64 libxxf86dga1 amd64 2:1.1.5-1build1 [11.6 kB]
Get:352 http://archive.ubuntu.com/ubuntu noble-updates/main amd64 net-tools amd64 2.10-0.1ubuntu4.4 [204 kB]
Get:353 http://archive.ubuntu.com/ubuntu noble-updates/main amd64 python3-setuptools all 68.1.2-2ubuntu1.2 [397 kB]
Get:354 http://archive.ubuntu.com/ubuntu noble/main amd64 python3-six all 1.16.0-4 [12.4 kB]
Get:355 http://archive.ubuntu.com/ubuntu noble/main amd64 python3-pbr all 5.11.1-0ubuntu1 [66.5 kB]
Get:356 http://archive.ubuntu.com/ubuntu noble/main amd64 python3-wrapt amd64 1.15.0-2build3 [34.8 kB]
Get:357 http://archive.ubuntu.com/ubuntu noble/main amd64 python3-typing-extensions all 4.10.0-1 [60.7 kB]
Get:358 http://archive.ubuntu.com/ubuntu noble/main amd64 python3-more-itertools all 10.2.0-1 [52.9 kB]
Get:359 http://archive.ubuntu.com/ubuntu noble-updates/main amd64 python3-zipp all 1.0.0-6ubuntu0.1 [6774 B]
Get:360 http://archive.ubuntu.com/ubuntu noble/main amd64 python3-importlib-metadata all 4.12.0-1 [17.8 kB]
Get:361 http://archive.ubuntu.com/ubuntu noble/main amd64 python3-debtcollector all 2.5.0-3 [13.3 kB]
Get:362 http://archive.ubuntu.com/ubuntu noble/main amd64 python3-roman all 3.3-3 [9632 B]
Get:363 http://archive.ubuntu.com/ubuntu noble/main amd64 python3-docutils all 0.20.1+dfsg-3 [393 kB]
Get:364 http://archive.ubuntu.com/ubuntu noble/main amd64 python3-netaddr all 0.8.0-2ubuntu1 [319 kB]
Get:365 http://archive.ubuntu.com/ubuntu noble/main amd64 python-babel-localedata all 2.10.3-3build1 [6357 kB]
Get:366 http://archive.ubuntu.com/ubuntu noble/main amd64 python3-tz all 2024.1-2 [31.4 kB]
Get:367 http://archive.ubuntu.com/ubuntu noble/main amd64 python3-babel all 2.10.3-3build1 [87.5 kB]
Get:368 http://archive.ubuntu.com/ubuntu noble/main amd64 python3-oslo.i18n all 6.3.0-0ubuntu1 [22.2 kB]
Get:369 http://archive.ubuntu.com/ubuntu noble/main amd64 python3-dateutil all 2.8.2-3ubuntu1 [79.4 kB]
Get:370 http://archive.ubuntu.com/ubuntu noble-updates/main amd64 python3-greenlet amd64 3.0.3-0ubuntu5.1 [154 kB]
Get:371 http://archive.ubuntu.com/ubuntu noble/main amd64 python3-dnspython all 2.6.1-1ubuntu1 [163 kB]
Get:372 http://archive.ubuntu.com/ubuntu noble/main amd64 python3-monotonic all 1.6-2 [5732 B]
Get:373 http://archive.ubuntu.com/ubuntu noble-updates/main amd64 python3-eventlet all 0.35.2-0ubuntu1.1 [274 kB]
Get:374 http://archive.ubuntu.com/ubuntu noble/main amd64 python3-oslo.context all 1:5.5.0-0ubuntu1 [13.7 kB]
Get:375 http://archive.ubuntu.com/ubuntu noble/main amd64 python3-msgpack amd64 1.0.3-3build2 [80.1 kB]
Get:376 http://archive.ubuntu.com/ubuntu noble/main amd64 python3-iso8601 all 1.0.2-1 [15.8 kB]
Get:377 http://archive.ubuntu.com/ubuntu noble/main amd64 python3-pyparsing all 3.1.1-1 [86.2 kB]
Get:378 http://archive.ubuntu.com/ubuntu noble/main amd64 python3-packaging all 24.0-1 [41.1 kB]
Get:379 http://archive.ubuntu.com/ubuntu noble/main amd64 python3-oslo.utils all 7.1.0-0ubuntu1 [63.2 kB]
Get:380 http://archive.ubuntu.com/ubuntu noble/main amd64 python3-oslo.serialization all 5.4.0-0ubuntu1 [15.6 kB]
Get:381 http://archive.ubuntu.com/ubuntu noble/main amd64 python3-pyasyncore all 1.0.2-2 [10.1 kB]
Get:382 http://archive.ubuntu.com/ubuntu noble/main amd64 python3-pyinotify all 0.9.6-2ubuntu1 [25.0 kB]
Get:383 http://archive.ubuntu.com/ubuntu noble/main amd64 python3-oslo.log all 5.5.1-0ubuntu1 [46.9 kB]
Get:384 http://archive.ubuntu.com/ubuntu noble/main amd64 python3-certifi all 2023.11.17-1 [165 kB]
Get:385 http://archive.ubuntu.com/ubuntu noble/main amd64 python3-chardet all 5.2.0+dfsg-1 [117 kB]
Get:386 http://archive.ubuntu.com/ubuntu noble-updates/main amd64 python3-idna all 3.6-2ubuntu0.2 [49.7 kB]
Get:387 http://archive.ubuntu.com/ubuntu noble-updates/main amd64 python3-urllib3 all 2.0.7-1ubuntu0.7 [95.4 kB]
Get:388 http://archive.ubuntu.com/ubuntu noble-updates/main amd64 python3-requests all 2.31.0+dfsg-1ubuntu1.2 [50.8 kB]
Get:389 http://archive.ubuntu.com/ubuntu noble/main amd64 python3-rfc3986 all 2.0.0-2 [21.9 kB]
Get:390 http://archive.ubuntu.com/ubuntu noble/main amd64 python3-stevedore all 1:5.1.0-0ubuntu1 [21.0 kB]
Get:391 http://archive.ubuntu.com/ubuntu noble/main amd64 python3-oslo.config all 1:9.4.0-0ubuntu1 [88.0 kB]
Get:392 http://archive.ubuntu.com/ubuntu noble-updates/main amd64 python3-pil amd64 10.2.0-1ubuntu1.3 [452 kB]
Get:393 http://archive.ubuntu.com/ubuntu noble/universe amd64 python3-novnc all 1:1.3.0-2 [12.8 kB]
Get:394 http://archive.ubuntu.com/ubuntu noble/main amd64 python3-numpy amd64 1:1.26.4+ds-6ubuntu1 [4437 kB]
Get:395 http://archive.ubuntu.com/ubuntu noble-updates/main amd64 python3-cryptography amd64 41.0.7-4ubuntu0.4 [815 kB]
Get:396 http://archive.ubuntu.com/ubuntu noble/universe amd64 python3-deprecated all 1.2.14-1 [10.5 kB]
Get:397 http://archive.ubuntu.com/ubuntu noble/universe amd64 python3-jwcrypto all 1.5.4-1 [31.9 kB]
Get:398 http://archive.ubuntu.com/ubuntu noble/main amd64 python3-websockify amd64 0.10.0+dfsg1-5build2 [42.2 kB]
Get:399 http://archive.ubuntu.com/ubuntu noble/universe amd64 websockify amd64 0.10.0+dfsg1-5build2 [24.3 kB]
Get:400 http://archive.ubuntu.com/ubuntu noble/universe amd64 novnc all 1:1.3.0-2 [248 kB]
Get:401 http://archive.ubuntu.com/ubuntu noble/universe amd64 openbox amd64 3.6.1-12build5 [304 kB]
Get:402 http://archive.ubuntu.com/ubuntu noble/main amd64 pkgconf-bin amd64 1.8.1-2build1 [20.7 kB]
Get:403 http://archive.ubuntu.com/ubuntu noble/main amd64 pkgconf amd64 1.8.1-2build1 [16.8 kB]
Get:404 http://archive.ubuntu.com/ubuntu noble/main amd64 pkg-config amd64 1.8.1-2build1 [7264 B]
Get:405 http://archive.ubuntu.com/ubuntu noble-updates/main amd64 python3.12-dev amd64 3.12.3-1ubuntu0.17 [498 kB]
Get:406 http://archive.ubuntu.com/ubuntu noble-updates/main amd64 python3-dev amd64 3.12.3-0ubuntu2.1 [26.7 kB]
Get:407 http://archive.ubuntu.com/ubuntu noble/universe amd64 python3-wheel all 0.42.0-2 [53.1 kB]
Get:408 http://archive.ubuntu.com/ubuntu noble-updates/universe amd64 python3-pip all 24.0+dfsg-1ubuntu1.3 [1320 kB]
Get:409 http://archive.ubuntu.com/ubuntu noble-updates/universe amd64 python3-pip-whl all 24.0+dfsg-1ubuntu1.3 [1707 kB]
Get:410 http://archive.ubuntu.com/ubuntu noble-updates/universe amd64 python3-setuptools-whl all 68.1.2-2ubuntu1.2 [716 kB]
Get:411 http://archive.ubuntu.com/ubuntu noble-updates/universe amd64 python3.12-venv amd64 3.12.3-1ubuntu0.17 [5684 B]
Get:412 http://archive.ubuntu.com/ubuntu noble-updates/universe amd64 python3-venv amd64 3.12.3-0ubuntu2.1 [1032 B]
Get:413 http://archive.ubuntu.com/ubuntu noble/main amd64 tcl8.6 amd64 8.6.14+dfsg-1build1 [14.7 kB]
Get:414 http://archive.ubuntu.com/ubuntu noble/main amd64 tcl amd64 8.6.14build1 [4124 B]
Get:415 http://archive.ubuntu.com/ubuntu noble/universe amd64 thunar amd64 4.18.8-1build3 [338 kB]
Get:416 http://archive.ubuntu.com/ubuntu noble/main amd64 tk8.6 amd64 8.6.14-1build1 [12.5 kB]
Get:417 http://archive.ubuntu.com/ubuntu noble/main amd64 tk amd64 8.6.14build1 [3076 B]
Get:418 http://archive.ubuntu.com/ubuntu noble-updates/main amd64 unzip amd64 6.0-28ubuntu4.1 [174 kB]
Get:419 http://archive.ubuntu.com/ubuntu noble/main amd64 libglvnd0 amd64 1.7.0-1build1 [69.6 kB]
Get:420 http://archive.ubuntu.com/ubuntu noble/main amd64 libglx0 amd64 1.7.0-1build1 [38.6 kB]
Get:421 http://archive.ubuntu.com/ubuntu noble/main amd64 libgl1 amd64 1.7.0-1build1 [102 kB]
Get:422 http://archive.ubuntu.com/ubuntu noble/main amd64 x11-utils amd64 7.7+6build2 [189 kB]
Get:423 http://archive.ubuntu.com/ubuntu noble/main amd64 x11-xserver-utils amd64 7.7+10build2 [169 kB]
Get:424 http://archive.ubuntu.com/ubuntu noble/universe amd64 x11vnc amd64 0.9.16-10 [1018 kB]
Get:425 http://archive.ubuntu.com/ubuntu noble/universe amd64 xfce4-appfinder amd64 4.18.0-1build2 [164 kB]
Get:426 http://archive.ubuntu.com/ubuntu noble-updates/universe amd64 xfce4-panel amd64 4.18.4-1ubuntu0.1 [820 kB]
Get:427 http://archive.ubuntu.com/ubuntu noble/universe amd64 xfce4-pulseaudio-plugin amd64 0.4.8-1build2 [98.8 kB]
Get:428 http://archive.ubuntu.com/ubuntu noble/universe amd64 xfce4-helpers amd64 4.18.4-0ubuntu3 [23.7 kB]
Get:429 http://archive.ubuntu.com/ubuntu noble/universe amd64 xfce4-settings amd64 4.18.4-0ubuntu3 [869 kB]
Get:430 http://archive.ubuntu.com/ubuntu noble/universe amd64 xfce4-session amd64 4.18.3-1build2 [333 kB]
Get:431 http://archive.ubuntu.com/ubuntu noble/universe amd64 xfdesktop4-data all 4.18.1-1build3 [1067 kB]
Get:432 http://archive.ubuntu.com/ubuntu noble/universe amd64 xfdesktop4 amd64 4.18.1-1build3 [173 kB]
Get:433 http://archive.ubuntu.com/ubuntu noble/universe amd64 xfwm4 amd64 4.18.0-1build3 [472 kB]
Get:434 http://archive.ubuntu.com/ubuntu noble/universe amd64 xfce4 all 4.18 [4570 B]
Get:435 http://archive.ubuntu.com/ubuntu noble-updates/main amd64 xserver-common all 2:21.1.12-1ubuntu1.8 [34.8 kB]
Get:436 http://archive.ubuntu.com/ubuntu noble-updates/universe amd64 xvfb amd64 2:21.1.12-1ubuntu1.8 [877 kB]
[91mdebconf: delaying package configuration, since apt-utils is not installed
[0mFetched 268 MB in 1min 2s (4330 kB/s)
(Reading database ... (Reading database ... 5%(Reading database ... 10%(Reading database ... 15%(Reading database ... 20%(Reading database ... 25%(Reading database ... 30%(Reading database ... 35%(Reading database ... 40%(Reading database ... 45%(Reading database ... 50%(Reading database ... 55%(Reading database ... 60%(Reading database ... 65%(Reading database ... 70%(Reading database ... 75%(Reading database ... 80%(Reading database ... 85%(Reading database ... 90%(Reading database ... 95%(Reading database ... 100%(Reading database ... 4381 files and directories currently installed.)
Preparing to unpack .../libssl3t64_3.0.13-0ubuntu3.16_amd64.deb ...
Unpacking libssl3t64:amd64 (3.0.13-0ubuntu3.16) over (3.0.13-0ubuntu3.15) ...
Setting up libssl3t64:amd64 (3.0.13-0ubuntu3.16) ...
Selecting previously unselected package libpython3.12-minimal:amd64.
(Reading database ... (Reading database ... 5%(Reading database ... 10%(Reading database ... 15%(Reading database ... 20%(Reading database ... 25%(Reading database ... 30%(Reading database ... 35%(Reading database ... 40%(Reading database ... 45%(Reading database ... 50%(Reading database ... 55%(Reading database ... 60%(Reading database ... 65%(Reading database ... 70%(Reading database ... 75%(Reading database ... 80%(Reading database ... 85%(Reading database ... 90%(Reading database ... 95%(Reading database ... 100%(Reading database ... 4381 files and directories currently installed.)
Preparing to unpack .../libpython3.12-minimal_3.12.3-1ubuntu0.17_amd64.deb ...
Unpacking libpython3.12-minimal:amd64 (3.12.3-1ubuntu0.17) ...
Selecting previously unselected package libexpat1:amd64.
Preparing to unpack .../libexpat1_2.6.1-2ubuntu0.6_amd64.deb ...
Unpacking libexpat1:amd64 (2.6.1-2ubuntu0.6) ...
Selecting previously unselected package python3.12-minimal.
Preparing to unpack .../python3.12-minimal_3.12.3-1ubuntu0.17_amd64.deb ...
Unpacking python3.12-minimal (3.12.3-1ubuntu0.17) ...
Setting up libpython3.12-minimal:amd64 (3.12.3-1ubuntu0.17) ...
Setting up libexpat1:amd64 (2.6.1-2ubuntu0.6) ...
Setting up python3.12-minimal (3.12.3-1ubuntu0.17) ...
Selecting previously unselected package python3-minimal.
(Reading database ... (Reading database ... 5%(Reading database ... 10%(Reading database ... 15%(Reading database ... 20%(Reading database ... 25%(Reading database ... 30%(Reading database ... 35%(Reading database ... 40%(Reading database ... 45%(Reading database ... 50%(Reading database ... 55%(Reading database ... 60%(Reading database ... 65%(Reading database ... 70%(Reading database ... 75%(Reading database ... 80%(Reading database ... 85%(Reading database ... 90%(Reading database ... 95%(Reading database ... 100%(Reading database ... 4700 files and directories currently installed.)
Preparing to unpack .../0-python3-minimal_3.12.3-0ubuntu2.1_amd64.deb ...
Unpacking python3-minimal (3.12.3-0ubuntu2.1) ...
Selecting previously unselected package media-types.
Preparing to unpack .../1-media-types_10.1.0_all.deb ...
Unpacking media-types (10.1.0) ...
Selecting previously unselected package netbase.
Preparing to unpack .../2-netbase_6.4_all.deb ...
Unpacking netbase (6.4) ...
Selecting previously unselected package tzdata.
Preparing to unpack .../3-tzdata_2026c-0ubuntu0.24.04.1_all.deb ...
Unpacking tzdata (2026c-0ubuntu0.24.04.1) ...
Selecting previously unselected package readline-common.
Preparing to unpack .../4-readline-common_8.2-4build1_all.deb ...
Unpacking readline-common (8.2-4build1) ...
Selecting previously unselected package libreadline8t64:amd64.
Preparing to unpack .../5-libreadline8t64_8.2-4build1_amd64.deb ...
Adding 'diversion of /lib/x86_64-linux-gnu/libhistory.so.8 to /lib/x86_64-linux-gnu/libhistory.so.8.usr-is-merged by libreadline8t64'
Adding 'diversion of /lib/x86_64-linux-gnu/libhistory.so.8.2 to /lib/x86_64-linux-gnu/libhistory.so.8.2.usr-is-merged by libreadline8t64'
Adding 'diversion of /lib/x86_64-linux-gnu/libreadline.so.8 to /lib/x86_64-linux-gnu/libreadline.so.8.usr-is-merged by libreadline8t64'
Adding 'diversion of /lib/x86_64-linux-gnu/libreadline.so.8.2 to /lib/x86_64-linux-gnu/libreadline.so.8.2.usr-is-merged by libreadline8t64'
Unpacking libreadline8t64:amd64 (8.2-4build1) ...
Selecting previously unselected package libsqlite3-0:amd64.
Preparing to unpack .../6-libsqlite3-0_3.45.1-1ubuntu2.8_amd64.deb ...
Unpacking libsqlite3-0:amd64 (3.45.1-1ubuntu2.8) ...
Selecting previously unselected package libpython3.12-stdlib:amd64.
Preparing to unpack .../7-libpython3.12-stdlib_3.12.3-1ubuntu0.17_amd64.deb ...
Unpacking libpython3.12-stdlib:amd64 (3.12.3-1ubuntu0.17) ...
Selecting previously unselected package python3.12.
Preparing to unpack .../8-python3.12_3.12.3-1ubuntu0.17_amd64.deb ...
Unpacking python3.12 (3.12.3-1ubuntu0.17) ...
Selecting previously unselected package libpython3-stdlib:amd64.
Preparing to unpack .../9-libpython3-stdlib_3.12.3-0ubuntu2.1_amd64.deb ...
Unpacking libpython3-stdlib:amd64 (3.12.3-0ubuntu2.1) ...
Setting up python3-minimal (3.12.3-0ubuntu2.1) ...
Selecting previously unselected package python3.
(Reading database ... (Reading database ... 5%(Reading database ... 10%(Reading database ... 15%(Reading database ... 20%(Reading database ... 25%(Reading database ... 30%(Reading database ... 35%(Reading database ... 40%(Reading database ... 45%(Reading database ... 50%(Reading database ... 55%(Reading database ... 60%(Reading database ... 65%(Reading database ... 70%(Reading database ... 75%(Reading database ... 80%(Reading database ... 85%(Reading database ... 90%(Reading database ... 95%(Reading database ... 100%(Reading database ... 5706 files and directories currently installed.)
Preparing to unpack .../00-python3_3.12.3-0ubuntu2.1_amd64.deb ...
Unpacking python3 (3.12.3-0ubuntu2.1) ...
Selecting previously unselected package libapparmor1:amd64.
Preparing to unpack .../01-libapparmor1_4.0.1really4.0.1-0ubuntu0.24.04.8_amd64.deb ...
Unpacking libapparmor1:amd64 (4.0.1really4.0.1-0ubuntu0.24.04.8) ...
Selecting previously unselected package libargon2-1:amd64.
Preparing to unpack .../02-libargon2-1_0~20190702+dfsg-4build1_amd64.deb ...
Unpacking libargon2-1:amd64 (0~20190702+dfsg-4build1) ...
Selecting previously unselected package libdevmapper1.02.1:amd64.
Preparing to unpack .../03-libdevmapper1.02.1_2%3a1.02.185-3ubuntu3.2_amd64.deb ...
Unpacking libdevmapper1.02.1:amd64 (2:1.02.185-3ubuntu3.2) ...
Selecting previously unselected package libjson-c5:amd64.
Preparing to unpack .../04-libjson-c5_0.17-1build1_amd64.deb ...
Unpacking libjson-c5:amd64 (0.17-1build1) ...
Selecting previously unselected package libcryptsetup12:amd64.
Preparing to unpack .../05-libcryptsetup12_2%3a2.7.0-1ubuntu4.2_amd64.deb ...
Unpacking libcryptsetup12:amd64 (2:2.7.0-1ubuntu4.2) ...
Selecting previously unselected package libfdisk1:amd64.
Preparing to unpack .../06-libfdisk1_2.39.3-9ubuntu6.6_amd64.deb ...
Unpacking libfdisk1:amd64 (2.39.3-9ubuntu6.6) ...
Selecting previously unselected package libkmod2:amd64.
Preparing to unpack .../07-libkmod2_31+20240202-2ubuntu7.2_amd64.deb ...
Unpacking libkmod2:amd64 (31+20240202-2ubuntu7.2) ...
Selecting previously unselected package libsystemd-shared:amd64.
Preparing to unpack .../08-libsystemd-shared_255.4-1ubuntu8.17_amd64.deb ...
Unpacking libsystemd-shared:amd64 (255.4-1ubuntu8.17) ...
Selecting previously unselected package systemd-dev.
Preparing to unpack .../09-systemd-dev_255.4-1ubuntu8.17_all.deb ...
Unpacking systemd-dev (255.4-1ubuntu8.17) ...
Selecting previously unselected package systemd.
Preparing to unpack .../10-systemd_255.4-1ubuntu8.17_amd64.deb ...
Unpacking systemd (255.4-1ubuntu8.17) ...
Setting up libapparmor1:amd64 (4.0.1really4.0.1-0ubuntu0.24.04.8) ...
Setting up libargon2-1:amd64 (0~20190702+dfsg-4build1) ...
Setting up libdevmapper1.02.1:amd64 (2:1.02.185-3ubuntu3.2) ...
Setting up libjson-c5:amd64 (0.17-1build1) ...
Setting up libcryptsetup12:amd64 (2:2.7.0-1ubuntu4.2) ...
Setting up libfdisk1:amd64 (2.39.3-9ubuntu6.6) ...
Setting up libkmod2:amd64 (31+20240202-2ubuntu7.2) ...
Setting up libsystemd-shared:amd64 (255.4-1ubuntu8.17) ...
Setting up systemd-dev (255.4-1ubuntu8.17) ...
Setting up systemd (255.4-1ubuntu8.17) ...
Created symlink /etc/systemd/system/getty.target.wants/getty@tty1.service → /usr/lib/systemd/system/getty@.service.
Created symlink /etc/systemd/system/multi-user.target.wants/remote-fs.target → /usr/lib/systemd/system/remote-fs.target.
Created symlink /etc/systemd/system/sysinit.target.wants/systemd-pstore.service → /usr/lib/systemd/system/systemd-pstore.service.
Initializing machine ID from random generator.
/usr/lib/tmpfiles.d/systemd-network.conf:10: Failed to resolve user 'systemd-network': No such process
/usr/lib/tmpfiles.d/systemd-network.conf:11: Failed to resolve user 'systemd-network': No such process
/usr/lib/tmpfiles.d/systemd-network.conf:12: Failed to resolve user 'systemd-network': No such process
/usr/lib/tmpfiles.d/systemd-network.conf:13: Failed to resolve user 'systemd-network': No such process
/usr/lib/tmpfiles.d/systemd.conf:22: Failed to resolve group 'systemd-journal': No such process
/usr/lib/tmpfiles.d/systemd.conf:23: Failed to resolve group 'systemd-journal': No such process
/usr/lib/tmpfiles.d/systemd.conf:28: Failed to resolve group 'systemd-journal': No such process
/usr/lib/tmpfiles.d/systemd.conf:29: Failed to resolve group 'systemd-journal': No such process
/usr/lib/tmpfiles.d/systemd.conf:30: Failed to resolve group 'systemd-journal': No such process
Creating group 'systemd-journal' with GID 999.
Creating group 'systemd-network' with GID 998.
Creating user 'systemd-network' (systemd Network Management) with UID 998 and GID 998.
Selecting previously unselected package systemd-sysv.
(Reading database ... (Reading database ... 5%(Reading database ... 10%(Reading database ... 15%(Reading database ... 20%(Reading database ... 25%(Reading database ... 30%(Reading database ... 35%(Reading database ... 40%(Reading database ... 45%(Reading database ... 50%(Reading database ... 55%(Reading database ... 60%(Reading database ... 65%(Reading database ... 70%(Reading database ... 75%(Reading database ... 80%(Reading database ... 85%(Reading database ... 90%(Reading database ... 95%(Reading database ... 100%(Reading database ... 6756 files and directories currently installed.)
Preparing to unpack .../00-systemd-sysv_255.4-1ubuntu8.17_amd64.deb ...
Unpacking systemd-sysv (255.4-1ubuntu8.17) ...
Selecting previously unselected package libpopt0:amd64.
Preparing to unpack .../01-libpopt0_1.19+dfsg-1build1_amd64.deb ...
Unpacking libpopt0:amd64 (1.19+dfsg-1build1) ...
Selecting previously unselected package rsync.
Preparing to unpack .../02-rsync_3.2.7-1ubuntu1.5_amd64.deb ...
Unpacking rsync (3.2.7-1ubuntu1.5) ...
Selecting previously unselected package perl-modules-5.38.
Preparing to unpack .../03-perl-modules-5.38_5.38.2-3.2ubuntu0.6_all.deb ...
Unpacking perl-modules-5.38 (5.38.2-3.2ubuntu0.6) ...
Selecting previously unselected package libgdbm6t64:amd64.
Preparing to unpack .../04-libgdbm6t64_1.23-5.1build1_amd64.deb ...
Unpacking libgdbm6t64:amd64 (1.23-5.1build1) ...
Selecting previously unselected package libgdbm-compat4t64:amd64.
Preparing to unpack .../05-libgdbm-compat4t64_1.23-5.1build1_amd64.deb ...
Unpacking libgdbm-compat4t64:amd64 (1.23-5.1build1) ...
Selecting previously unselected package libperl5.38t64:amd64.
Preparing to unpack .../06-libperl5.38t64_5.38.2-3.2ubuntu0.6_amd64.deb ...
Unpacking libperl5.38t64:amd64 (5.38.2-3.2ubuntu0.6) ...
Selecting previously unselected package perl.
Preparing to unpack .../07-perl_5.38.2-3.2ubuntu0.6_amd64.deb ...
Unpacking perl (5.38.2-3.2ubuntu0.6) ...
Selecting previously unselected package poppler-data.
Preparing to unpack .../08-poppler-data_0.4.12-1_all.deb ...
Unpacking poppler-data (0.4.12-1) ...
Selecting previously unselected package sgml-base.
Preparing to unpack .../09-sgml-base_1.31_all.deb ...
Unpacking sgml-base (1.31) ...
Selecting previously unselected package adduser.
Preparing to unpack .../10-adduser_3.137ubuntu1_all.deb ...
Unpacking adduser (3.137ubuntu1) ...
Setting up adduser (3.137ubuntu1) ...
Selecting previously unselected package openssl.
(Reading database ... (Reading database ... 5%(Reading database ... 10%(Reading database ... 15%(Reading database ... 20%(Reading database ... 25%(Reading database ... 30%(Reading database ... 35%(Reading database ... 40%(Reading database ... 45%(Reading database ... 50%(Reading database ... 55%(Reading database ... 60%(Reading database ... 65%(Reading database ... 70%(Reading database ... 75%(Reading database ... 80%(Reading database ... 85%(Reading database ... 90%(Reading database ... 95%(Reading database ... 100%(Reading database ... 9435 files and directories currently installed.)
Preparing to unpack .../000-openssl_3.0.13-0ubuntu3.16_amd64.deb ...
Unpacking openssl (3.0.13-0ubuntu3.16) ...
Selecting previously unselected package ca-certificates.
Preparing to unpack .../001-ca-certificates_20260601~24.04.1_all.deb ...
Unpacking ca-certificates (20260601~24.04.1) ...
Selecting previously unselected package libdbus-1-3:amd64.
Preparing to unpack .../002-libdbus-1-3_1.14.10-4ubuntu4.1_amd64.deb ...
Unpacking libdbus-1-3:amd64 (1.14.10-4ubuntu4.1) ...
Selecting previously unselected package dbus-bin.
Preparing to unpack .../003-dbus-bin_1.14.10-4ubuntu4.1_amd64.deb ...
Unpacking dbus-bin (1.14.10-4ubuntu4.1) ...
Selecting previously unselected package dbus-session-bus-common.
Preparing to unpack .../004-dbus-session-bus-common_1.14.10-4ubuntu4.1_all.deb ...
Unpacking dbus-session-bus-common (1.14.10-4ubuntu4.1) ...
Selecting previously unselected package dbus-daemon.
Preparing to unpack .../005-dbus-daemon_1.14.10-4ubuntu4.1_amd64.deb ...
Unpacking dbus-daemon (1.14.10-4ubuntu4.1) ...
Selecting previously unselected package dbus-system-bus-common.
Preparing to unpack .../006-dbus-system-bus-common_1.14.10-4ubuntu4.1_all.deb ...
Unpacking dbus-system-bus-common (1.14.10-4ubuntu4.1) ...
Selecting previously unselected package dbus.
Preparing to unpack .../007-dbus_1.14.10-4ubuntu4.1_amd64.deb ...
Unpacking dbus (1.14.10-4ubuntu4.1) ...
Selecting previously unselected package libpam-systemd:amd64.
Preparing to unpack .../008-libpam-systemd_255.4-1ubuntu8.17_amd64.deb ...
Unpacking libpam-systemd:amd64 (255.4-1ubuntu8.17) ...
Selecting previously unselected package dbus-user-session.
Preparing to unpack .../009-dbus-user-session_1.14.10-4ubuntu4.1_amd64.deb ...
Unpacking dbus-user-session (1.14.10-4ubuntu4.1) ...
Selecting previously unselected package libbsd0:amd64.
Preparing to unpack .../010-libbsd0_0.12.1-1build1.1_amd64.deb ...
Unpacking libbsd0:amd64 (0.12.1-1build1.1) ...
Selecting previously unselected package libelf1t64:amd64.
Preparing to unpack .../011-libelf1t64_0.190-1.1ubuntu0.1_amd64.deb ...
Unpacking libelf1t64:amd64 (0.190-1.1ubuntu0.1) ...
Selecting previously unselected package libfribidi0:amd64.
Preparing to unpack .../012-libfribidi0_1.0.13-3build1_amd64.deb ...
Unpacking libfribidi0:amd64 (1.0.13-3build1) ...
Selecting previously unselected package libglib2.0-0t64:amd64.
Preparing to unpack .../013-libglib2.0-0t64_2.80.0-6ubuntu3.9_amd64.deb ...
Unpacking libglib2.0-0t64:amd64 (2.80.0-6ubuntu3.9) ...
Selecting previously unselected package libkrb5support0:amd64.
Preparing to unpack .../014-libkrb5support0_1.20.1-6ubuntu2.10_amd64.deb ...
Unpacking libkrb5support0:amd64 (1.20.1-6ubuntu2.10) ...
Selecting previously unselected package libk5crypto3:amd64.
Preparing to unpack .../015-libk5crypto3_1.20.1-6ubuntu2.10_amd64.deb ...
Unpacking libk5crypto3:amd64 (1.20.1-6ubuntu2.10) ...
Selecting previously unselected package libkeyutils1:amd64.
Preparing to unpack .../016-libkeyutils1_1.6.3-3build1_amd64.deb ...
Unpacking libkeyutils1:amd64 (1.6.3-3build1) ...
Selecting previously unselected package libkrb5-3:amd64.
Preparing to unpack .../017-libkrb5-3_1.20.1-6ubuntu2.10_amd64.deb ...
Unpacking libkrb5-3:amd64 (1.20.1-6ubuntu2.10) ...
Selecting previously unselected package libgssapi-krb5-2:amd64.
Preparing to unpack .../018-libgssapi-krb5-2_1.20.1-6ubuntu2.10_amd64.deb ...
Unpacking libgssapi-krb5-2:amd64 (1.20.1-6ubuntu2.10) ...
Selecting previously unselected package libicu74:amd64.
Preparing to unpack .../019-libicu74_74.2-1ubuntu3.1_amd64.deb ...
Unpacking libicu74:amd64 (74.2-1ubuntu3.1) ...
Selecting previously unselected package libxml2:amd64.
Preparing to unpack .../020-libxml2_2.9.14+dfsg-1.3ubuntu3.9_amd64.deb ...
Unpacking libxml2:amd64 (2.9.14+dfsg-1.3ubuntu3.9) ...
Selecting previously unselected package libyaml-0-2:amd64.
Preparing to unpack .../021-libyaml-0-2_0.2.5-1build1_amd64.deb ...
Unpacking libyaml-0-2:amd64 (0.2.5-1build1) ...
Selecting previously unselected package netcat-openbsd.
Preparing to unpack .../022-netcat-openbsd_1.226-1ubuntu2_amd64.deb ...
Unpacking netcat-openbsd (1.226-1ubuntu2) ...
Selecting previously unselected package python3-cffi-backend:amd64.
Preparing to unpack .../023-python3-cffi-backend_1.16.0-2build1_amd64.deb ...
Unpacking python3-cffi-backend:amd64 (1.16.0-2build1) ...
Selecting previously unselected package python3-netifaces:amd64.
Preparing to unpack .../024-python3-netifaces_0.11.0-2build3_amd64.deb ...
Unpacking python3-netifaces:amd64 (0.11.0-2build3) ...
Selecting previously unselected package python3-pkg-resources.
Preparing to unpack .../025-python3-pkg-resources_68.1.2-2ubuntu1.2_all.deb ...
Unpacking python3-pkg-resources (68.1.2-2ubuntu1.2) ...
Selecting previously unselected package python3-yaml.
Preparing to unpack .../026-python3-yaml_6.0.1-2build2_amd64.deb ...
Unpacking python3-yaml (6.0.1-2build2) ...
Selecting previously unselected package shared-mime-info.
Preparing to unpack .../027-shared-mime-info_2.4-4_amd64.deb ...
Unpacking shared-mime-info (2.4-4) ...
Selecting previously unselected package sudo.
Preparing to unpack .../028-sudo_1.9.15p5-3ubuntu5.24.04.3_amd64.deb ...
Unpacking sudo (1.9.15p5-3ubuntu5.24.04.3) ...
Selecting previously unselected package ucf.
Preparing to unpack .../029-ucf_3.0043+nmu1_all.deb ...
Moving old data out of the way
Unpacking ucf (3.0043+nmu1) ...
Selecting previously unselected package xkb-data.
Preparing to unpack .../030-xkb-data_2.41-2ubuntu1.1_all.deb ...
Unpacking xkb-data (2.41-2ubuntu1.1) ...
Selecting previously unselected package libdrm-common.
Preparing to unpack .../031-libdrm-common_2.4.125-1ubuntu0.1~24.04.2_all.deb ...
Unpacking libdrm-common (2.4.125-1ubuntu0.1~24.04.2) ...
Selecting previously unselected package libdrm2:amd64.
Preparing to unpack .../032-libdrm2_2.4.125-1ubuntu0.1~24.04.2_amd64.deb ...
Unpacking libdrm2:amd64 (2.4.125-1ubuntu0.1~24.04.2) ...
Selecting previously unselected package libedit2:amd64.
Preparing to unpack .../033-libedit2_3.1-20230828-1build1_amd64.deb ...
Unpacking libedit2:amd64 (3.1-20230828-1build1) ...
Selecting previously unselected package libjansson4:amd64.
Preparing to unpack .../034-libjansson4_2.14-2build2_amd64.deb ...
Unpacking libjansson4:amd64 (2.14-2build2) ...
Selecting previously unselected package libnghttp2-14:amd64.
Preparing to unpack .../035-libnghttp2-14_1.59.0-1ubuntu0.4_amd64.deb ...
Unpacking libnghttp2-14:amd64 (1.59.0-1ubuntu0.4) ...
Selecting previously unselected package libpng16-16t64:amd64.
Preparing to unpack .../036-libpng16-16t64_1.6.43-5ubuntu0.6_amd64.deb ...
Unpacking libpng16-16t64:amd64 (1.6.43-5ubuntu0.6) ...
Selecting previously unselected package libpsl5t64:amd64.
Preparing to unpack .../037-libpsl5t64_0.21.2-1.1build1_amd64.deb ...
Unpacking libpsl5t64:amd64 (0.21.2-1.1build1) ...
Selecting previously unselected package libsensors-config.
Preparing to unpack .../038-libsensors-config_1%3a3.6.0-9build1_all.deb ...
Unpacking libsensors-config (1:3.6.0-9build1) ...
Selecting previously unselected package libsensors5:amd64.
Preparing to unpack .../039-libsensors5_1%3a3.6.0-9build1_amd64.deb ...
Unpacking libsensors5:amd64 (1:3.6.0-9build1) ...
Selecting previously unselected package libuv1t64:amd64.
Preparing to unpack .../040-libuv1t64_1.48.0-1.1build1_amd64.deb ...
Unpacking libuv1t64:amd64 (1.48.0-1.1build1) ...
Selecting previously unselected package libxau6:amd64.
Preparing to unpack .../041-libxau6_1%3a1.0.9-1build6_amd64.deb ...
Unpacking libxau6:amd64 (1:1.0.9-1build6) ...
Selecting previously unselected package libxdmcp6:amd64.
Preparing to unpack .../042-libxdmcp6_1%3a1.1.3-0ubuntu6_amd64.deb ...
Unpacking libxdmcp6:amd64 (1:1.1.3-0ubuntu6) ...
Selecting previously unselected package libxcb1:amd64.
Preparing to unpack .../043-libxcb1_1.15-1ubuntu2_amd64.deb ...
Unpacking libxcb1:amd64 (1.15-1ubuntu2) ...
Selecting previously unselected package libx11-data.
Preparing to unpack .../044-libx11-data_2%3a1.8.7-1build1_all.deb ...
Unpacking libx11-data (2:1.8.7-1build1) ...
Selecting previously unselected package libx11-6:amd64.
Preparing to unpack .../045-libx11-6_2%3a1.8.7-1build1_amd64.deb ...
Unpacking libx11-6:amd64 (2:1.8.7-1build1) ...
Selecting previously unselected package libxext6:amd64.
Preparing to unpack .../046-libxext6_2%3a1.3.4-1build2_amd64.deb ...
Unpacking libxext6:amd64 (2:1.3.4-1build2) ...
Selecting previously unselected package libxkbcommon0:amd64.
Preparing to unpack .../047-libxkbcommon0_1.6.0-1build1_amd64.deb ...
Unpacking libxkbcommon0:amd64 (1.6.0-1build1) ...
Selecting previously unselected package libxmuu1:amd64.
Preparing to unpack .../048-libxmuu1_2%3a1.1.3-3build2_amd64.deb ...
Unpacking libxmuu1:amd64 (2:1.1.3-3build2) ...
Selecting previously unselected package xauth.
Preparing to unpack .../049-xauth_1%3a1.1.2-1build1_amd64.deb ...
Unpacking xauth (1:1.1.2-1build1) ...
Selecting previously unselected package xz-utils.
Preparing to unpack .../050-xz-utils_5.6.1+really5.4.5-1ubuntu0.3_amd64.deb ...
Unpacking xz-utils (5.6.1+really5.4.5-1ubuntu0.3) ...
Selecting previously unselected package libgdk-pixbuf2.0-common.
Preparing to unpack .../051-libgdk-pixbuf2.0-common_2.42.10+dfsg-3ubuntu3.3_all.deb ...
Unpacking libgdk-pixbuf2.0-common (2.42.10+dfsg-3ubuntu3.3) ...
Selecting previously unselected package libjpeg-turbo8:amd64.
Preparing to unpack .../052-libjpeg-turbo8_2.1.5-2ubuntu2_amd64.deb ...
Unpacking libjpeg-turbo8:amd64 (2.1.5-2ubuntu2) ...
Selecting previously unselected package libjpeg8:amd64.
Preparing to unpack .../053-libjpeg8_8c-2ubuntu11_amd64.deb ...
Unpacking libjpeg8:amd64 (8c-2ubuntu11) ...
Selecting previously unselected package libdeflate0:amd64.
Preparing to unpack .../054-libdeflate0_1.19-1build1.1_amd64.deb ...
Unpacking libdeflate0:amd64 (1.19-1build1.1) ...
Selecting previously unselected package libjbig0:amd64.
Preparing to unpack .../055-libjbig0_2.1-6.1ubuntu2_amd64.deb ...
Unpacking libjbig0:amd64 (2.1-6.1ubuntu2) ...
Selecting previously unselected package liblerc4:amd64.
Preparing to unpack .../056-liblerc4_4.0.0+ds-4ubuntu2_amd64.deb ...
Unpacking liblerc4:amd64 (4.0.0+ds-4ubuntu2) ...
Selecting previously unselected package libsharpyuv0:amd64.
Preparing to unpack .../057-libsharpyuv0_1.3.2-0.4build3_amd64.deb ...
Unpacking libsharpyuv0:amd64 (1.3.2-0.4build3) ...
Selecting previously unselected package libwebp7:amd64.
Preparing to unpack .../058-libwebp7_1.3.2-0.4build3_amd64.deb ...
Unpacking libwebp7:amd64 (1.3.2-0.4build3) ...
Selecting previously unselected package libtiff6:amd64.
Preparing to unpack .../059-libtiff6_4.5.1+git230720-4ubuntu2.5_amd64.deb ...
Unpacking libtiff6:amd64 (4.5.1+git230720-4ubuntu2.5) ...
Selecting previously unselected package libgdk-pixbuf-2.0-0:amd64.
Preparing to unpack .../060-libgdk-pixbuf-2.0-0_2.42.10+dfsg-3ubuntu3.3_amd64.deb ...
Unpacking libgdk-pixbuf-2.0-0:amd64 (2.42.10+dfsg-3ubuntu3.3) ...
Selecting previously unselected package gtk-update-icon-cache.
Preparing to unpack .../061-gtk-update-icon-cache_3.24.41-4ubuntu1.3_amd64.deb ...
Unpacking gtk-update-icon-cache (3.24.41-4ubuntu1.3) ...
Selecting previously unselected package hicolor-icon-theme.
Preparing to unpack .../062-hicolor-icon-theme_0.17-2_all.deb ...
Unpacking hicolor-icon-theme (0.17-2) ...
Selecting previously unselected package humanity-icon-theme.
Preparing to unpack .../063-humanity-icon-theme_0.6.16_all.deb ...
Unpacking humanity-icon-theme (0.6.16) ...
Selecting previously unselected package ubuntu-mono.
Preparing to unpack .../064-ubuntu-mono_24.04-0ubuntu1_all.deb ...
Unpacking ubuntu-mono (24.04-0ubuntu1) ...
Selecting previously unselected package adwaita-icon-theme.
Preparing to unpack .../065-adwaita-icon-theme_46.0-1_all.deb ...
Unpacking adwaita-icon-theme (46.0-1) ...
Selecting previously unselected package at-spi2-common.
Preparing to unpack .../066-at-spi2-common_2.52.0-1build1_all.deb ...
Unpacking at-spi2-common (2.52.0-1build1) ...
Selecting previously unselected package binutils-common:amd64.
Preparing to unpack .../067-binutils-common_2.42-4ubuntu2.10_amd64.deb ...
Unpacking binutils-common:amd64 (2.42-4ubuntu2.10) ...
Selecting previously unselected package libsframe1:amd64.
Preparing to unpack .../068-libsframe1_2.42-4ubuntu2.10_amd64.deb ...
Unpacking libsframe1:amd64 (2.42-4ubuntu2.10) ...
Selecting previously unselected package libbinutils:amd64.
Preparing to unpack .../069-libbinutils_2.42-4ubuntu2.10_amd64.deb ...
Unpacking libbinutils:amd64 (2.42-4ubuntu2.10) ...
Selecting previously unselected package libctf-nobfd0:amd64.
Preparing to unpack .../070-libctf-nobfd0_2.42-4ubuntu2.10_amd64.deb ...
Unpacking libctf-nobfd0:amd64 (2.42-4ubuntu2.10) ...
Selecting previously unselected package libctf0:amd64.
Preparing to unpack .../071-libctf0_2.42-4ubuntu2.10_amd64.deb ...
Unpacking libctf0:amd64 (2.42-4ubuntu2.10) ...
Selecting previously unselected package libgprofng0:amd64.
Preparing to unpack .../072-libgprofng0_2.42-4ubuntu2.10_amd64.deb ...
Unpacking libgprofng0:amd64 (2.42-4ubuntu2.10) ...
Selecting previously unselected package binutils-x86-64-linux-gnu.
Preparing to unpack .../073-binutils-x86-64-linux-gnu_2.42-4ubuntu2.10_amd64.deb ...
Unpacking binutils-x86-64-linux-gnu (2.42-4ubuntu2.10) ...
Selecting previously unselected package binutils.
Preparing to unpack .../074-binutils_2.42-4ubuntu2.10_amd64.deb ...
Unpacking binutils (2.42-4ubuntu2.10) ...
Selecting previously unselected package libc-dev-bin.
Preparing to unpack .../075-libc-dev-bin_2.39-0ubuntu8.9_amd64.deb ...
Unpacking libc-dev-bin (2.39-0ubuntu8.9) ...
Selecting previously unselected package linux-libc-dev:amd64.
Preparing to unpack .../076-linux-libc-dev_6.8.0-146.146_amd64.deb ...
Unpacking linux-libc-dev:amd64 (6.8.0-146.146) ...
Selecting previously unselected package libcrypt-dev:amd64.
Preparing to unpack .../077-libcrypt-dev_1%3a4.4.36-4build1_amd64.deb ...
Unpacking libcrypt-dev:amd64 (1:4.4.36-4build1) ...
Selecting previously unselected package rpcsvc-proto.
Preparing to unpack .../078-rpcsvc-proto_1.4.2-0ubuntu7_amd64.deb ...
Unpacking rpcsvc-proto (1.4.2-0ubuntu7) ...
Selecting previously unselected package libc6-dev:amd64.
Preparing to unpack .../079-libc6-dev_2.39-0ubuntu8.9_amd64.deb ...
Unpacking libc6-dev:amd64 (2.39-0ubuntu8.9) ...
Selecting previously unselected package gcc-13-base:amd64.
Preparing to unpack .../080-gcc-13-base_13.3.0-6ubuntu2~24.04.1_amd64.deb ...
Unpacking gcc-13-base:amd64 (13.3.0-6ubuntu2~24.04.1) ...
Selecting previously unselected package libisl23:amd64.
Preparing to unpack .../081-libisl23_0.26-3build1.1_amd64.deb ...
Unpacking libisl23:amd64 (0.26-3build1.1) ...
Selecting previously unselected package libmpfr6:amd64.
Preparing to unpack .../082-libmpfr6_4.2.1-1build1.1_amd64.deb ...
Unpacking libmpfr6:amd64 (4.2.1-1build1.1) ...
Selecting previously unselected package libmpc3:amd64.
Preparing to unpack .../083-libmpc3_1.3.1-1build1.1_amd64.deb ...
Unpacking libmpc3:amd64 (1.3.1-1build1.1) ...
Selecting previously unselected package cpp-13-x86-64-linux-gnu.
Preparing to unpack .../084-cpp-13-x86-64-linux-gnu_13.3.0-6ubuntu2~24.04.1_amd64.deb ...
Unpacking cpp-13-x86-64-linux-gnu (13.3.0-6ubuntu2~24.04.1) ...
Selecting previously unselected package cpp-13.
Preparing to unpack .../085-cpp-13_13.3.0-6ubuntu2~24.04.1_amd64.deb ...
Unpacking cpp-13 (13.3.0-6ubuntu2~24.04.1) ...
Selecting previously unselected package cpp-x86-64-linux-gnu.
Preparing to unpack .../086-cpp-x86-64-linux-gnu_4%3a13.2.0-7ubuntu1_amd64.deb ...
Unpacking cpp-x86-64-linux-gnu (4:13.2.0-7ubuntu1) ...
Selecting previously unselected package cpp.
Preparing to unpack .../087-cpp_4%3a13.2.0-7ubuntu1_amd64.deb ...
Unpacking cpp (4:13.2.0-7ubuntu1) ...
Selecting previously unselected package libcc1-0:amd64.
Preparing to unpack .../088-libcc1-0_14.2.0-4ubuntu2~24.04.1_amd64.deb ...
Unpacking libcc1-0:amd64 (14.2.0-4ubuntu2~24.04.1) ...
Selecting previously unselected package libgomp1:amd64.
Preparing to unpack .../089-libgomp1_14.2.0-4ubuntu2~24.04.1_amd64.deb ...
Unpacking libgomp1:amd64 (14.2.0-4ubuntu2~24.04.1) ...
Selecting previously unselected package libitm1:amd64.
Preparing to unpack .../090-libitm1_14.2.0-4ubuntu2~24.04.1_amd64.deb ...
Unpacking libitm1:amd64 (14.2.0-4ubuntu2~24.04.1) ...
Selecting previously unselected package libatomic1:amd64.
Preparing to unpack .../091-libatomic1_14.2.0-4ubuntu2~24.04.1_amd64.deb ...
Unpacking libatomic1:amd64 (14.2.0-4ubuntu2~24.04.1) ...
Selecting previously unselected package libasan8:amd64.
Preparing to unpack .../092-libasan8_14.2.0-4ubuntu2~24.04.1_amd64.deb ...
Unpacking libasan8:amd64 (14.2.0-4ubuntu2~24.04.1) ...
Selecting previously unselected package liblsan0:amd64.
Preparing to unpack .../093-liblsan0_14.2.0-4ubuntu2~24.04.1_amd64.deb ...
Unpacking liblsan0:amd64 (14.2.0-4ubuntu2~24.04.1) ...
Selecting previously unselected package libtsan2:amd64.
Preparing to unpack .../094-libtsan2_14.2.0-4ubuntu2~24.04.1_amd64.deb ...
Unpacking libtsan2:amd64 (14.2.0-4ubuntu2~24.04.1) ...
Selecting previously unselected package libubsan1:amd64.
Preparing to unpack .../095-libubsan1_14.2.0-4ubuntu2~24.04.1_amd64.deb ...
Unpacking libubsan1:amd64 (14.2.0-4ubuntu2~24.04.1) ...
Selecting previously unselected package libhwasan0:amd64.
Preparing to unpack .../096-libhwasan0_14.2.0-4ubuntu2~24.04.1_amd64.deb ...
Unpacking libhwasan0:amd64 (14.2.0-4ubuntu2~24.04.1) ...
Selecting previously unselected package libquadmath0:amd64.
Preparing to unpack .../097-libquadmath0_14.2.0-4ubuntu2~24.04.1_amd64.deb ...
Unpacking libquadmath0:amd64 (14.2.0-4ubuntu2~24.04.1) ...
Selecting previously unselected package libgcc-13-dev:amd64.
Preparing to unpack .../098-libgcc-13-dev_13.3.0-6ubuntu2~24.04.1_amd64.deb ...
Unpacking libgcc-13-dev:amd64 (13.3.0-6ubuntu2~24.04.1) ...
Selecting previously unselected package gcc-13-x86-64-linux-gnu.
Preparing to unpack .../099-gcc-13-x86-64-linux-gnu_13.3.0-6ubuntu2~24.04.1_amd64.deb ...
Unpacking gcc-13-x86-64-linux-gnu (13.3.0-6ubuntu2~24.04.1) ...
Selecting previously unselected package gcc-13.
Preparing to unpack .../100-gcc-13_13.3.0-6ubuntu2~24.04.1_amd64.deb ...
Unpacking gcc-13 (13.3.0-6ubuntu2~24.04.1) ...
Selecting previously unselected package gcc-x86-64-linux-gnu.
Preparing to unpack .../101-gcc-x86-64-linux-gnu_4%3a13.2.0-7ubuntu1_amd64.deb ...
Unpacking gcc-x86-64-linux-gnu (4:13.2.0-7ubuntu1) ...
Selecting previously unselected package gcc.
Preparing to unpack .../102-gcc_4%3a13.2.0-7ubuntu1_amd64.deb ...
Unpacking gcc (4:13.2.0-7ubuntu1) ...
Selecting previously unselected package libstdc++-13-dev:amd64.
Preparing to unpack .../103-libstdc++-13-dev_13.3.0-6ubuntu2~24.04.1_amd64.deb ...
Unpacking libstdc++-13-dev:amd64 (13.3.0-6ubuntu2~24.04.1) ...
Selecting previously unselected package g++-13-x86-64-linux-gnu.
Preparing to unpack .../104-g++-13-x86-64-linux-gnu_13.3.0-6ubuntu2~24.04.1_amd64.deb ...
Unpacking g++-13-x86-64-linux-gnu (13.3.0-6ubuntu2~24.04.1) ...
Selecting previously unselected package g++-13.
Preparing to unpack .../105-g++-13_13.3.0-6ubuntu2~24.04.1_amd64.deb ...
Unpacking g++-13 (13.3.0-6ubuntu2~24.04.1) ...
Selecting previously unselected package g++-x86-64-linux-gnu.
Preparing to unpack .../106-g++-x86-64-linux-gnu_4%3a13.2.0-7ubuntu1_amd64.deb ...
Unpacking g++-x86-64-linux-gnu (4:13.2.0-7ubuntu1) ...
Selecting previously unselected package g++.
Preparing to unpack .../107-g++_4%3a13.2.0-7ubuntu1_amd64.deb ...
Unpacking g++ (4:13.2.0-7ubuntu1) ...
Selecting previously unselected package make.
Preparing to unpack .../108-make_4.3-4.1build2_amd64.deb ...
Unpacking make (4.3-4.1build2) ...
Selecting previously unselected package libdpkg-perl.
Preparing to unpack .../109-libdpkg-perl_1.22.6ubuntu6.6_all.deb ...
Unpacking libdpkg-perl (1.22.6ubuntu6.6) ...
Selecting previously unselected package bzip2.
Preparing to unpack .../110-bzip2_1.0.8-5.1ubuntu0.1_amd64.deb ...
Unpacking bzip2 (1.0.8-5.1ubuntu0.1) ...
Selecting previously unselected package patch.
Preparing to unpack .../111-patch_2.7.6-7build3_amd64.deb ...
Unpacking patch (2.7.6-7build3) ...
Selecting previously unselected package lto-disabled-list.
Preparing to unpack .../112-lto-disabled-list_47_all.deb ...
Unpacking lto-disabled-list (47) ...
Selecting previously unselected package dpkg-dev.
Preparing to unpack .../113-dpkg-dev_1.22.6ubuntu6.6_all.deb ...
Unpacking dpkg-dev (1.22.6ubuntu6.6) ...
Selecting previously unselected package build-essential.
Preparing to unpack .../114-build-essential_12.10ubuntu1_amd64.deb ...
Unpacking build-essential (12.10ubuntu1) ...
Selecting previously unselected package libbrotli1:amd64.
Preparing to unpack .../115-libbrotli1_1.1.0-2build2_amd64.deb ...
Unpacking libbrotli1:amd64 (1.1.0-2build2) ...
Selecting previously unselected package libsasl2-modules-db:amd64.
Preparing to unpack .../116-libsasl2-modules-db_2.1.28+dfsg1-5ubuntu3.1_amd64.deb ...
Unpacking libsasl2-modules-db:amd64 (2.1.28+dfsg1-5ubuntu3.1) ...
Selecting previously unselected package libsasl2-2:amd64.
Preparing to unpack .../117-libsasl2-2_2.1.28+dfsg1-5ubuntu3.1_amd64.deb ...
Unpacking libsasl2-2:amd64 (2.1.28+dfsg1-5ubuntu3.1) ...
Selecting previously unselected package libldap2:amd64.
Preparing to unpack .../118-libldap2_2.6.10+dfsg-0ubuntu0.24.04.1_amd64.deb ...
Unpacking libldap2:amd64 (2.6.10+dfsg-0ubuntu0.24.04.1) ...
Selecting previously unselected package librtmp1:amd64.
Preparing to unpack .../119-librtmp1_2.4+20151223.gitfa8646d.1-2build7_amd64.deb ...
Unpacking librtmp1:amd64 (2.4+20151223.gitfa8646d.1-2build7) ...
Selecting previously unselected package libssh-4:amd64.
Preparing to unpack .../120-libssh-4_0.10.6-2ubuntu0.5_amd64.deb ...
Unpacking libssh-4:amd64 (0.10.6-2ubuntu0.5) ...
Selecting previously unselected package libcurl4t64:amd64.
Preparing to unpack .../121-libcurl4t64_8.5.0-2ubuntu10.15_amd64.deb ...
Unpacking libcurl4t64:amd64 (8.5.0-2ubuntu10.15) ...
Selecting previously unselected package curl.
Preparing to unpack .../122-curl_8.5.0-2ubuntu10.15_amd64.deb ...
Unpacking curl (8.5.0-2ubuntu10.15) ...
Selecting previously unselected package libdconf1:amd64.
Preparing to unpack .../123-libdconf1_0.40.0-4ubuntu0.1_amd64.deb ...
Unpacking libdconf1:amd64 (0.40.0-4ubuntu0.1) ...
Selecting previously unselected package dconf-service.
Preparing to unpack .../124-dconf-service_0.40.0-4ubuntu0.1_amd64.deb ...
Unpacking dconf-service (0.40.0-4ubuntu0.1) ...
Selecting previously unselected package dconf-gsettings-backend:amd64.
Preparing to unpack .../125-dconf-gsettings-backend_0.40.0-4ubuntu0.1_amd64.deb ...
Unpacking dconf-gsettings-backend:amd64 (0.40.0-4ubuntu0.1) ...
Selecting previously unselected package desktop-file-utils.
Preparing to unpack .../126-desktop-file-utils_0.27-2build1_amd64.deb ...
Unpacking desktop-file-utils (0.27-2build1) ...
Selecting previously unselected package xml-core.
Preparing to unpack .../127-xml-core_0.19_all.deb ...
Unpacking xml-core (0.19) ...
Selecting previously unselected package docutils-common.
Preparing to unpack .../128-docutils-common_0.20.1+dfsg-3_all.deb ...
Unpacking docutils-common (0.20.1+dfsg-3) ...
Selecting previously unselected package libexo-common.
Preparing to unpack .../129-libexo-common_4.18.0-1build4_all.deb ...
Unpacking libexo-common (4.18.0-1build4) ...
Selecting previously unselected package libatk1.0-0t64:amd64.
Preparing to unpack .../130-libatk1.0-0t64_2.52.0-1build1_amd64.deb ...
Unpacking libatk1.0-0t64:amd64 (2.52.0-1build1) ...
Selecting previously unselected package libfreetype6:amd64.
Preparing to unpack .../131-libfreetype6_2.13.2+dfsg-1ubuntu0.1_amd64.deb ...
Unpacking libfreetype6:amd64 (2.13.2+dfsg-1ubuntu0.1) ...
Selecting previously unselected package fonts-liberation.
Preparing to unpack .../132-fonts-liberation_1%3a2.1.5-3_all.deb ...
Unpacking fonts-liberation (1:2.1.5-3) ...
Selecting previously unselected package libfontenc1:amd64.
Preparing to unpack .../133-libfontenc1_1%3a1.1.8-1build1_amd64.deb ...
Unpacking libfontenc1:amd64 (1:1.1.8-1build1) ...
Selecting previously unselected package x11-common.
Preparing to unpack .../134-x11-common_1%3a7.7+23ubuntu3_all.deb ...
Unpacking x11-common (1:7.7+23ubuntu3) ...
Selecting previously unselected package xfonts-encodings.
Preparing to unpack .../135-xfonts-encodings_1%3a1.0.5-0ubuntu2_all.deb ...
Unpacking xfonts-encodings (1:1.0.5-0ubuntu2) ...
Selecting previously unselected package xfonts-utils.
Preparing to unpack .../136-xfonts-utils_1%3a7.7+6build3_amd64.deb ...
Unpacking xfonts-utils (1:7.7+6build3) ...
Selecting previously unselected package fonts-urw-base35.
Preparing to unpack .../137-fonts-urw-base35_20200910-8_all.deb ...
Unpacking fonts-urw-base35 (20200910-8) ...
Selecting previously unselected package fontconfig-config.
Preparing to unpack .../138-fontconfig-config_2.15.0-1.1ubuntu2_amd64.deb ...
Unpacking fontconfig-config (2.15.0-1.1ubuntu2) ...
Selecting previously unselected package libfontconfig1:amd64.
Preparing to unpack .../139-libfontconfig1_2.15.0-1.1ubuntu2_amd64.deb ...
Unpacking libfontconfig1:amd64 (2.15.0-1.1ubuntu2) ...
Selecting previously unselected package libpixman-1-0:amd64.
Preparing to unpack .../140-libpixman-1-0_0.42.2-1build1_amd64.deb ...
Unpacking libpixman-1-0:amd64 (0.42.2-1build1) ...
Selecting previously unselected package libxcb-render0:amd64.
Preparing to unpack .../141-libxcb-render0_1.15-1ubuntu2_amd64.deb ...
Unpacking libxcb-render0:amd64 (1.15-1ubuntu2) ...
Selecting previously unselected package libxcb-shm0:amd64.
Preparing to unpack .../142-libxcb-shm0_1.15-1ubuntu2_amd64.deb ...
Unpacking libxcb-shm0:amd64 (1.15-1ubuntu2) ...
Selecting previously unselected package libxrender1:amd64.
Preparing to unpack .../143-libxrender1_1%3a0.9.10-1.1build1_amd64.deb ...
Unpacking libxrender1:amd64 (1:0.9.10-1.1build1) ...
Selecting previously unselected package libcairo2:amd64.
Preparing to unpack .../144-libcairo2_1.18.0-3build1_amd64.deb ...
Unpacking libcairo2:amd64 (1.18.0-3build1) ...
Selecting previously unselected package libxi6:amd64.
Preparing to unpack .../145-libxi6_2%3a1.8.1-1build1_amd64.deb ...
Unpacking libxi6:amd64 (2:1.8.1-1build1) ...
Selecting previously unselected package libatspi2.0-0t64:amd64.
Preparing to unpack .../146-libatspi2.0-0t64_2.52.0-1build1_amd64.deb ...
Unpacking libatspi2.0-0t64:amd64 (2.52.0-1build1) ...
Selecting previously unselected package libatk-bridge2.0-0t64:amd64.
Preparing to unpack .../147-libatk-bridge2.0-0t64_2.52.0-1build1_amd64.deb ...
Unpacking libatk-bridge2.0-0t64:amd64 (2.52.0-1build1) ...
Selecting previously unselected package libcairo-gobject2:amd64.
Preparing to unpack .../148-libcairo-gobject2_1.18.0-3build1_amd64.deb ...
Unpacking libcairo-gobject2:amd64 (1.18.0-3build1) ...
Selecting previously unselected package liblcms2-2:amd64.
Preparing to unpack .../149-liblcms2-2_2.14-2ubuntu0.1_amd64.deb ...
Unpacking liblcms2-2:amd64 (2.14-2ubuntu0.1) ...
Selecting previously unselected package libcolord2:amd64.
Preparing to unpack .../150-libcolord2_1.4.7-1build2_amd64.deb ...
Unpacking libcolord2:amd64 (1.4.7-1build2) ...
Selecting previously unselected package libavahi-common-data:amd64.
Preparing to unpack .../151-libavahi-common-data_0.8-13ubuntu6.2_amd64.deb ...
Unpacking libavahi-common-data:amd64 (0.8-13ubuntu6.2) ...
Selecting previously unselected package libavahi-common3:amd64.
Preparing to unpack .../152-libavahi-common3_0.8-13ubuntu6.2_amd64.deb ...
Unpacking libavahi-common3:amd64 (0.8-13ubuntu6.2) ...
Selecting previously unselected package libavahi-client3:amd64.
Preparing to unpack .../153-libavahi-client3_0.8-13ubuntu6.2_amd64.deb ...
Unpacking libavahi-client3:amd64 (0.8-13ubuntu6.2) ...
Selecting previously unselected package libcups2t64:amd64.
Preparing to unpack .../154-libcups2t64_2.4.7-1.2ubuntu7.14_amd64.deb ...
Unpacking libcups2t64:amd64 (2.4.7-1.2ubuntu7.14) ...
Selecting previously unselected package libepoxy0:amd64.
Preparing to unpack .../155-libepoxy0_1.5.10-1build1_amd64.deb ...
Unpacking libepoxy0:amd64 (1.5.10-1build1) ...
Selecting previously unselected package libgraphite2-3:amd64.
Preparing to unpack .../156-libgraphite2-3_1.3.14-2ubuntu0.24.04.1_amd64.deb ...
Unpacking libgraphite2-3:amd64 (1.3.14-2ubuntu0.24.04.1) ...
Selecting previously unselected package libharfbuzz0b:amd64.
Preparing to unpack .../157-libharfbuzz0b_8.3.0-2build2_amd64.deb ...
Unpacking libharfbuzz0b:amd64 (8.3.0-2build2) ...
Selecting previously unselected package fontconfig.
Preparing to unpack .../158-fontconfig_2.15.0-1.1ubuntu2_amd64.deb ...
Unpacking fontconfig (2.15.0-1.1ubuntu2) ...
Selecting previously unselected package libthai-data.
Preparing to unpack .../159-libthai-data_0.1.29-2build1_all.deb ...
Unpacking libthai-data (0.1.29-2build1) ...
Selecting previously unselected package libdatrie1:amd64.
Preparing to unpack .../160-libdatrie1_0.2.13-3build1_amd64.deb ...
Unpacking libdatrie1:amd64 (0.2.13-3build1) ...
Selecting previously unselected package libthai0:amd64.
Preparing to unpack .../161-libthai0_0.1.29-2build1_amd64.deb ...
Unpacking libthai0:amd64 (0.1.29-2build1) ...
Selecting previously unselected package libpango-1.0-0:amd64.
Preparing to unpack .../162-libpango-1.0-0_1.52.1+ds-1build1_amd64.deb ...
Unpacking libpango-1.0-0:amd64 (1.52.1+ds-1build1) ...
Selecting previously unselected package libpangoft2-1.0-0:amd64.
Preparing to unpack .../163-libpangoft2-1.0-0_1.52.1+ds-1build1_amd64.deb ...
Unpacking libpangoft2-1.0-0:amd64 (1.52.1+ds-1build1) ...
Selecting previously unselected package libpangocairo-1.0-0:amd64.
Preparing to unpack .../164-libpangocairo-1.0-0_1.52.1+ds-1build1_amd64.deb ...
Unpacking libpangocairo-1.0-0:amd64 (1.52.1+ds-1build1) ...
Selecting previously unselected package libwayland-client0:amd64.
Preparing to unpack .../165-libwayland-client0_1.22.0-2.1build1_amd64.deb ...
Unpacking libwayland-client0:amd64 (1.22.0-2.1build1) ...
Selecting previously unselected package libwayland-cursor0:amd64.
Preparing to unpack .../166-libwayland-cursor0_1.22.0-2.1build1_amd64.deb ...
Unpacking libwayland-cursor0:amd64 (1.22.0-2.1build1) ...
Selecting previously unselected package libwayland-egl1:amd64.
Preparing to unpack .../167-libwayland-egl1_1.22.0-2.1build1_amd64.deb ...
Unpacking libwayland-egl1:amd64 (1.22.0-2.1build1) ...
Selecting previously unselected package libxcomposite1:amd64.
Preparing to unpack .../168-libxcomposite1_1%3a0.4.5-1build3_amd64.deb ...
Unpacking libxcomposite1:amd64 (1:0.4.5-1build3) ...
Selecting previously unselected package libxfixes3:amd64.
Preparing to unpack .../169-libxfixes3_1%3a6.0.0-2build1_amd64.deb ...
Unpacking libxfixes3:amd64 (1:6.0.0-2build1) ...
Selecting previously unselected package libxcursor1:amd64.
Preparing to unpack .../170-libxcursor1_1%3a1.2.1-1build1_amd64.deb ...
Unpacking libxcursor1:amd64 (1:1.2.1-1build1) ...
Selecting previously unselected package libxdamage1:amd64.
Preparing to unpack .../171-libxdamage1_1%3a1.1.6-1build1_amd64.deb ...
Unpacking libxdamage1:amd64 (1:1.1.6-1build1) ...
Selecting previously unselected package libxinerama1:amd64.
Preparing to unpack .../172-libxinerama1_2%3a1.1.4-3build1_amd64.deb ...
Unpacking libxinerama1:amd64 (2:1.1.4-3build1) ...
Selecting previously unselected package libxrandr2:amd64.
Preparing to unpack .../173-libxrandr2_2%3a1.5.2-2build1_amd64.deb ...
Unpacking libxrandr2:amd64 (2:1.5.2-2build1) ...
Selecting previously unselected package libgtk-3-common.
Preparing to unpack .../174-libgtk-3-common_3.24.41-4ubuntu1.3_all.deb ...
Unpacking libgtk-3-common (3.24.41-4ubuntu1.3) ...
Selecting previously unselected package libgtk-3-0t64:amd64.
Preparing to unpack .../175-libgtk-3-0t64_3.24.41-4ubuntu1.3_amd64.deb ...
Unpacking libgtk-3-0t64:amd64 (3.24.41-4ubuntu1.3) ...
Selecting previously unselected package libxfce4util-common.
Preparing to unpack .../176-libxfce4util-common_4.18.1-2build3_all.deb ...
Unpacking libxfce4util-common (4.18.1-2build3) ...
Selecting previously unselected package libxfce4util7:amd64.
Preparing to unpack .../177-libxfce4util7_4.18.1-2build3_amd64.deb ...
Unpacking libxfce4util7:amd64 (4.18.1-2build3) ...
Selecting previously unselected package libexo-2-0:amd64.
Preparing to unpack .../178-libexo-2-0_4.18.0-1build4_amd64.deb ...
Unpacking libexo-2-0:amd64 (4.18.0-1build4) ...
Selecting previously unselected package libxfce4ui-common.
Preparing to unpack .../179-libxfce4ui-common_4.18.4-1build4_all.deb ...
Unpacking libxfce4ui-common (4.18.4-1build4) ...
Selecting previously unselected package libice6:amd64.
Preparing to unpack .../180-libice6_2%3a1.0.10-1build3_amd64.deb ...
Unpacking libice6:amd64 (2:1.0.10-1build3) ...
Selecting previously unselected package libsm6:amd64.
Preparing to unpack .../181-libsm6_2%3a1.2.3-1build3_amd64.deb ...
Unpacking libsm6:amd64 (2:1.2.3-1build3) ...
Selecting previously unselected package libx11-xcb1:amd64.
Preparing to unpack .../182-libx11-xcb1_2%3a1.8.7-1build1_amd64.deb ...
Unpacking libx11-xcb1:amd64 (2:1.8.7-1build1) ...
Selecting previously unselected package libxcb-util1:amd64.
Preparing to unpack .../183-libxcb-util1_0.4.0-1build3_amd64.deb ...
Unpacking libxcb-util1:amd64 (0.4.0-1build3) ...
Selecting previously unselected package libstartup-notification0:amd64.
Preparing to unpack .../184-libstartup-notification0_0.12-6build3_amd64.deb ...
Unpacking libstartup-notification0:amd64 (0.12-6build3) ...
Selecting previously unselected package xfconf.
Preparing to unpack .../185-xfconf_4.18.1-1build3_amd64.deb ...
Unpacking xfconf (4.18.1-1build3) ...
Selecting previously unselected package libxfconf-0-3:amd64.
Preparing to unpack .../186-libxfconf-0-3_4.18.1-1build3_amd64.deb ...
Unpacking libxfconf-0-3:amd64 (4.18.1-1build3) ...
Selecting previously unselected package libxfce4ui-2-0:amd64.
Preparing to unpack .../187-libxfce4ui-2-0_4.18.4-1build4_amd64.deb ...
Unpacking libxfce4ui-2-0:amd64 (4.18.4-1build4) ...
Selecting previously unselected package exo-utils.
Preparing to unpack .../188-exo-utils_4.18.0-1build4_amd64.deb ...
Unpacking exo-utils (4.18.0-1build4) ...
Selecting previously unselected package libcurl3t64-gnutls:amd64.
Preparing to unpack .../189-libcurl3t64-gnutls_8.5.0-2ubuntu10.15_amd64.deb ...
Unpacking libcurl3t64-gnutls:amd64 (8.5.0-2ubuntu10.15) ...
Selecting previously unselected package liberror-perl.
Preparing to unpack .../190-liberror-perl_0.17029-2_all.deb ...
Unpacking liberror-perl (0.17029-2) ...
Selecting previously unselected package git-man.
Preparing to unpack .../191-git-man_1%3a2.43.0-1ubuntu7.3_all.deb ...
Unpacking git-man (1:2.43.0-1ubuntu7.3) ...
Selecting previously unselected package git.
Preparing to unpack .../192-git_1%3a2.43.0-1ubuntu7.3_amd64.deb ...
Unpacking git (1:2.43.0-1ubuntu7.3) ...
Selecting previously unselected package ieee-data.
Preparing to unpack .../193-ieee-data_20220827.1_all.deb ...
Unpacking ieee-data (20220827.1) ...
Selecting previously unselected package libonig5:amd64.
Preparing to unpack .../194-libonig5_6.9.9-1build1_amd64.deb ...
Unpacking libonig5:amd64 (6.9.9-1build1) ...
Selecting previously unselected package libjq1:amd64.
Preparing to unpack .../195-libjq1_1.7.1-3ubuntu0.24.04.2_amd64.deb ...
Unpacking libjq1:amd64 (1.7.1-3ubuntu0.24.04.2) ...
Selecting previously unselected package jq.
Preparing to unpack .../196-jq_1.7.1-3ubuntu0.24.04.2_amd64.deb ...
Unpacking jq (1.7.1-3ubuntu0.24.04.2) ...
Selecting previously unselected package libaom3:amd64.
Preparing to unpack .../197-libaom3_3.8.2-2ubuntu0.2_amd64.deb ...
Unpacking libaom3:amd64 (3.8.2-2ubuntu0.2) ...
Selecting previously unselected package libasound2-data.
Preparing to unpack .../198-libasound2-data_1.2.11-1ubuntu0.3_all.deb ...
Unpacking libasound2-data (1.2.11-1ubuntu0.3) ...
Selecting previously unselected package libasound2t64:amd64.
Preparing to unpack .../199-libasound2t64_1.2.11-1ubuntu0.3_amd64.deb ...
Unpacking libasound2t64:amd64 (1.2.11-1ubuntu0.3) ...
Selecting previously unselected package libasyncns0:amd64.
Preparing to unpack .../200-libasyncns0_0.8-6build4_amd64.deb ...
Unpacking libasyncns0:amd64 (0.8-6build4) ...
Selecting previously unselected package libblas3:amd64.
Preparing to unpack .../201-libblas3_3.12.0-3build1.1_amd64.deb ...
Unpacking libblas3:amd64 (3.12.0-3build1.1) ...
Selecting previously unselected package libcares2:amd64.
Preparing to unpack .../202-libcares2_1.27.0-1.0ubuntu1_amd64.deb ...
Unpacking libcares2:amd64 (1.27.0-1.0ubuntu1) ...
Selecting previously unselected package libdbusmenu-glib4:amd64.
Preparing to unpack .../203-libdbusmenu-glib4_18.10.20180917~bzr492+repack1-3.1ubuntu5_amd64.deb ...
Unpacking libdbusmenu-glib4:amd64 (18.10.20180917~bzr492+repack1-3.1ubuntu5) ...
Selecting previously unselected package libdbusmenu-gtk3-4:amd64.
Preparing to unpack .../204-libdbusmenu-gtk3-4_18.10.20180917~bzr492+repack1-3.1ubuntu5_amd64.deb ...
Unpacking libdbusmenu-gtk3-4:amd64 (18.10.20180917~bzr492+repack1-3.1ubuntu5) ...
Selecting previously unselected package libdrm-amdgpu1:amd64.
Preparing to unpack .../205-libdrm-amdgpu1_2.4.125-1ubuntu0.1~24.04.2_amd64.deb ...
Unpacking libdrm-amdgpu1:amd64 (2.4.125-1ubuntu0.1~24.04.2) ...
Selecting previously unselected package libpciaccess0:amd64.
Preparing to unpack .../206-libpciaccess0_0.17-3ubuntu0.24.04.3_amd64.deb ...
Unpacking libpciaccess0:amd64 (0.17-3ubuntu0.24.04.3) ...
Selecting previously unselected package libdrm-intel1:amd64.
Preparing to unpack .../207-libdrm-intel1_2.4.125-1ubuntu0.1~24.04.2_amd64.deb ...
Unpacking libdrm-intel1:amd64 (2.4.125-1ubuntu0.1~24.04.2) ...
Selecting previously unselected package libexif12:amd64.
Preparing to unpack .../208-libexif12_0.6.24-1ubuntu0.24.04.1_amd64.deb ...
Unpacking libexif12:amd64 (0.6.24-1ubuntu0.24.04.1) ...
Selecting previously unselected package libexpat1-dev:amd64.
Preparing to unpack .../209-libexpat1-dev_2.6.1-2ubuntu0.6_amd64.deb ...
Unpacking libexpat1-dev:amd64 (2.6.1-2ubuntu0.6) ...
Selecting previously unselected package libogg0:amd64.
Preparing to unpack .../210-libogg0_1.3.5-3build1_amd64.deb ...
Unpacking libogg0:amd64 (1.3.5-3build1) ...
Selecting previously unselected package libflac12t64:amd64.
Preparing to unpack .../211-libflac12t64_1.4.3+ds-2.1ubuntu2_amd64.deb ...
Unpacking libflac12t64:amd64 (1.4.3+ds-2.1ubuntu2) ...
Selecting previously unselected package libgarcon-common.
Preparing to unpack .../212-libgarcon-common_4.18.1-1build3_all.deb ...
Unpacking libgarcon-common (4.18.1-1build3) ...
Selecting previously unselected package libgarcon-1-0:amd64.
Preparing to unpack .../213-libgarcon-1-0_4.18.1-1build3_amd64.deb ...
Unpacking libgarcon-1-0:amd64 (4.18.1-1build3) ...
Selecting previously unselected package libgarcon-gtk3-1-0:amd64.
Preparing to unpack .../214-libgarcon-gtk3-1-0_4.18.1-1build3_amd64.deb ...
Unpacking libgarcon-gtk3-1-0:amd64 (4.18.1-1build3) ...
Selecting previously unselected package libllvm20:amd64.
Preparing to unpack .../215-libllvm20_1%3a20.1.2-0ubuntu1~24.04.3_amd64.deb ...
Unpacking libllvm20:amd64 (1:20.1.2-0ubuntu1~24.04.3) ...
Selecting previously unselected package libxcb-dri3-0:amd64.
Preparing to unpack .../216-libxcb-dri3-0_1.15-1ubuntu2_amd64.deb ...
Unpacking libxcb-dri3-0:amd64 (1.15-1ubuntu2) ...
Selecting previously unselected package libxcb-present0:amd64.
Preparing to unpack .../217-libxcb-present0_1.15-1ubuntu2_amd64.deb ...
Unpacking libxcb-present0:amd64 (1.15-1ubuntu2) ...
Selecting previously unselected package libxcb-randr0:amd64.
Preparing to unpack .../218-libxcb-randr0_1.15-1ubuntu2_amd64.deb ...
Unpacking libxcb-randr0:amd64 (1.15-1ubuntu2) ...
Selecting previously unselected package libxcb-sync1:amd64.
Preparing to unpack .../219-libxcb-sync1_1.15-1ubuntu2_amd64.deb ...
Unpacking libxcb-sync1:amd64 (1.15-1ubuntu2) ...
Selecting previously unselected package libxcb-xfixes0:amd64.
Preparing to unpack .../220-libxcb-xfixes0_1.15-1ubuntu2_amd64.deb ...
Unpacking libxcb-xfixes0:amd64 (1.15-1ubuntu2) ...
Selecting previously unselected package libxshmfence1:amd64.
Preparing to unpack .../221-libxshmfence1_1.3-1build5_amd64.deb ...
Unpacking libxshmfence1:amd64 (1.3-1build5) ...
Selecting previously unselected package mesa-libgallium:amd64.
Preparing to unpack .../222-mesa-libgallium_25.2.8-0ubuntu0.24.04.4_amd64.deb ...
Unpacking mesa-libgallium:amd64 (25.2.8-0ubuntu0.24.04.4) ...
Selecting previously unselected package libgbm1:amd64.
Preparing to unpack .../223-libgbm1_25.2.8-0ubuntu0.24.04.4_amd64.deb ...
Unpacking libgbm1:amd64 (25.2.8-0ubuntu0.24.04.4) ...
Selecting previously unselected package libgfortran5:amd64.
Preparing to unpack .../224-libgfortran5_14.2.0-4ubuntu2~24.04.1_amd64.deb ...
Unpacking libgfortran5:amd64 (14.2.0-4ubuntu2~24.04.1) ...
Selecting previously unselected package libgif7:amd64.
Preparing to unpack .../225-libgif7_5.2.2-1ubuntu1.2_amd64.deb ...
Unpacking libgif7:amd64 (5.2.2-1ubuntu1.2) ...
Selecting previously unselected package libvulkan1:amd64.
Preparing to unpack .../226-libvulkan1_1.3.275.0-1build1_amd64.deb ...
Unpacking libvulkan1:amd64 (1.3.275.0-1build1) ...
Selecting previously unselected package libgl1-mesa-dri:amd64.
Preparing to unpack .../227-libgl1-mesa-dri_25.2.8-0ubuntu0.24.04.4_amd64.deb ...
Unpacking libgl1-mesa-dri:amd64 (25.2.8-0ubuntu0.24.04.4) ...
Selecting previously unselected package libxcb-glx0:amd64.
Preparing to unpack .../228-libxcb-glx0_1.15-1ubuntu2_amd64.deb ...
Unpacking libxcb-glx0:amd64 (1.15-1ubuntu2) ...
Selecting previously unselected package libxxf86vm1:amd64.
Preparing to unpack .../229-libxxf86vm1_1%3a1.1.4-1build4_amd64.deb ...
Unpacking libxxf86vm1:amd64 (1:1.1.4-1build4) ...
Selecting previously unselected package libglx-mesa0:amd64.
Preparing to unpack .../230-libglx-mesa0_25.2.8-0ubuntu0.24.04.4_amd64.deb ...
Unpacking libglx-mesa0:amd64 (25.2.8-0ubuntu0.24.04.4) ...
Selecting previously unselected package libgs-common.
Preparing to unpack .../231-libgs-common_10.02.1~dfsg1-0ubuntu7.9_all.deb ...
Unpacking libgs-common (10.02.1~dfsg1-0ubuntu7.9) ...
Selecting previously unselected package libgs10-common.
Preparing to unpack .../232-libgs10-common_10.02.1~dfsg1-0ubuntu7.9_all.deb ...
Unpacking libgs10-common (10.02.1~dfsg1-0ubuntu7.9) ...
Selecting previously unselected package libidn12:amd64.
Preparing to unpack .../233-libidn12_1.42-1ubuntu0.1_amd64.deb ...
Unpacking libidn12:amd64 (1.42-1ubuntu0.1) ...
Selecting previously unselected package libijs-0.35:amd64.
Preparing to unpack .../234-libijs-0.35_0.35-15.1build1_amd64.deb ...
Unpacking libijs-0.35:amd64 (0.35-15.1build1) ...
Selecting previously unselected package libjbig2dec0:amd64.
Preparing to unpack .../235-libjbig2dec0_0.20-1ubuntu0.24.04.1_amd64.deb ...
Unpacking libjbig2dec0:amd64 (0.20-1ubuntu0.24.04.1) ...
Selecting previously unselected package libopenjp2-7:amd64.
Preparing to unpack .../236-libopenjp2-7_2.5.0-2ubuntu0.5_amd64.deb ...
Unpacking libopenjp2-7:amd64 (2.5.0-2ubuntu0.5) ...
Selecting previously unselected package libpaper1:amd64.
Preparing to unpack .../237-libpaper1_1.1.29build1_amd64.deb ...
Unpacking libpaper1:amd64 (1.1.29build1) ...
Selecting previously unselected package libxt6t64:amd64.
Preparing to unpack .../238-libxt6t64_1%3a1.2.1-1.2build1_amd64.deb ...
Unpacking libxt6t64:amd64 (1:1.2.1-1.2build1) ...
Selecting previously unselected package libgs10:amd64.
Preparing to unpack .../239-libgs10_10.02.1~dfsg1-0ubuntu7.9_amd64.deb ...
Unpacking libgs10:amd64 (10.02.1~dfsg1-0ubuntu7.9) ...
Selecting previously unselected package libgtop2-common.
Preparing to unpack .../240-libgtop2-common_2.41.3-1ubuntu0.24.04.1_all.deb ...
Unpacking libgtop2-common (2.41.3-1ubuntu0.24.04.1) ...
Selecting previously unselected package libgtop-2.0-11:amd64.
Preparing to unpack .../241-libgtop-2.0-11_2.41.3-1ubuntu0.24.04.1_amd64.deb ...
Unpacking libgtop-2.0-11:amd64 (2.41.3-1ubuntu0.24.04.1) ...
Selecting previously unselected package libgudev-1.0-0:amd64.
Preparing to unpack .../242-libgudev-1.0-0_1%3a238-5ubuntu1_amd64.deb ...
Unpacking libgudev-1.0-0:amd64 (1:238-5ubuntu1) ...
Selecting previously unselected package libheif1:amd64.
Preparing to unpack .../243-libheif1_1.17.6-1ubuntu4.9_amd64.deb ...
Unpacking libheif1:amd64 (1.17.6-1ubuntu4.9) ...
Selecting previously unselected package libheif-plugin-aomdec:amd64.
Preparing to unpack .../244-libheif-plugin-aomdec_1.17.6-1ubuntu4.9_amd64.deb ...
Unpacking libheif-plugin-aomdec:amd64 (1.17.6-1ubuntu4.9) ...
Selecting previously unselected package libhwy1t64:amd64.
Preparing to unpack .../245-libhwy1t64_1.0.7-8.1build1_amd64.deb ...
Unpacking libhwy1t64:amd64 (1.0.7-8.1build1) ...
Selecting previously unselected package libid3tag0:amd64.
Preparing to unpack .../246-libid3tag0_0.15.1b-14build1_amd64.deb ...
Unpacking libid3tag0:amd64 (0.15.1b-14build1) ...
Selecting previously unselected package libimagequant0:amd64.
Preparing to unpack .../247-libimagequant0_2.18.0-1build1_amd64.deb ...
Unpacking libimagequant0:amd64 (2.18.0-1build1) ...
Selecting previously unselected package libjxl0.7:amd64.
Preparing to unpack .../248-libjxl0.7_0.7.0-10.2ubuntu6.1_amd64.deb ...
Unpacking libjxl0.7:amd64 (0.7.0-10.2ubuntu6.1) ...
Selecting previously unselected package librsvg2-2:amd64.
Preparing to unpack .../249-librsvg2-2_2.58.0+dfsg-1build1_amd64.deb ...
Unpacking librsvg2-2:amd64 (2.58.0+dfsg-1build1) ...
Selecting previously unselected package libspectre1:amd64.
Preparing to unpack .../250-libspectre1_0.2.12-1build2_amd64.deb ...
Unpacking libspectre1:amd64 (0.2.12-1build2) ...
Selecting previously unselected package libwebpdemux2:amd64.
Preparing to unpack .../251-libwebpdemux2_1.3.2-0.4build3_amd64.deb ...
Unpacking libwebpdemux2:amd64 (1.3.2-0.4build3) ...
Selecting previously unselected package libimlib2t64:amd64.
Preparing to unpack .../252-libimlib2t64_1.12.1-1.1build2_amd64.deb ...
Unpacking libimlib2t64:amd64 (1.12.1-1.1build2) ...
Selecting previously unselected package libjs-jquery.
Preparing to unpack .../253-libjs-jquery_3.6.1+dfsg+~3.5.14-1_all.deb ...
Unpacking libjs-jquery (3.6.1+dfsg+~3.5.14-1) ...
Selecting previously unselected package libjs-underscore.
Preparing to unpack .../254-libjs-underscore_1.13.4~dfsg+~1.11.4-3_all.deb ...
Unpacking libjs-underscore (1.13.4~dfsg+~1.11.4-3) ...
Selecting previously unselected package libjs-sphinxdoc.
Preparing to unpack .../255-libjs-sphinxdoc_7.2.6-6_all.deb ...
Unpacking libjs-sphinxdoc (7.2.6-6) ...
Selecting previously unselected package libkeybinder-3.0-0:amd64.
Preparing to unpack .../256-libkeybinder-3.0-0_0.3.2-1.1build2_amd64.deb ...
Unpacking libkeybinder-3.0-0:amd64 (0.3.2-1.1build2) ...
Selecting previously unselected package liblapack3:amd64.
Preparing to unpack .../257-liblapack3_3.12.0-3build1.1_amd64.deb ...
Unpacking liblapack3:amd64 (3.12.0-3build1.1) ...
Selecting previously unselected package liblzo2-2:amd64.
Preparing to unpack .../258-liblzo2-2_2.10-2build4_amd64.deb ...
Unpacking liblzo2-2:amd64 (2.10-2build4) ...
Selecting previously unselected package libmp3lame0:amd64.
Preparing to unpack .../259-libmp3lame0_3.100-6build1_amd64.deb ...
Unpacking libmp3lame0:amd64 (3.100-6build1) ...
Selecting previously unselected package libmpg123-0t64:amd64.
Preparing to unpack .../260-libmpg123-0t64_1.32.5-1ubuntu1.1_amd64.deb ...
Unpacking libmpg123-0t64:amd64 (1.32.5-1ubuntu1.1) ...
Selecting previously unselected package node-xtend.
Preparing to unpack .../261-node-xtend_4.0.2-3_all.deb ...
Unpacking node-xtend (4.0.2-3) ...
Selecting previously unselected package nodejs.
Preparing to unpack .../262-nodejs_18.19.1+dfsg-6ubuntu5_amd64.deb ...
Unpacking nodejs (18.19.1+dfsg-6ubuntu5) ...
Selecting previously unselected package node-acorn.
Preparing to unpack .../263-node-acorn_8.8.1+ds+~cs25.17.7-2_all.deb ...
Unpacking node-acorn (8.8.1+ds+~cs25.17.7-2) ...
Selecting previously unselected package node-cjs-module-lexer.
Preparing to unpack .../264-node-cjs-module-lexer_1.2.3+dfsg-1_all.deb ...
Unpacking node-cjs-module-lexer (1.2.3+dfsg-1) ...
Selecting previously unselected package node-busboy.
Preparing to unpack .../265-node-busboy_1.6.0+~cs2.6.0-2_all.deb ...
Unpacking node-busboy (1.6.0+~cs2.6.0-2) ...
Selecting previously unselected package node-undici.
Preparing to unpack .../266-node-undici_5.26.3+dfsg1+~cs23.10.12-2_all.deb ...
Unpacking node-undici (5.26.3+dfsg1+~cs23.10.12-2) ...
Selecting previously unselected package libnode109:amd64.
Preparing to unpack .../267-libnode109_18.19.1+dfsg-6ubuntu5_amd64.deb ...
Unpacking libnode109:amd64 (18.19.1+dfsg-6ubuntu5) ...
Selecting previously unselected package libnotify4:amd64.
Preparing to unpack .../268-libnotify4_0.8.3-1build2_amd64.deb ...
Unpacking libnotify4:amd64 (0.8.3-1build2) ...
Selecting previously unselected package libnspr4:amd64.
Preparing to unpack .../269-libnspr4_2%3a4.35-1.1build1_amd64.deb ...
Unpacking libnspr4:amd64 (2:4.35-1.1build1) ...
Selecting previously unselected package libnss3:amd64.
Preparing to unpack .../270-libnss3_2%3a3.98-1ubuntu0.2_amd64.deb ...
Unpacking libnss3:amd64 (2:3.98-1ubuntu0.2) ...
Selecting previously unselected package libobt2v5:amd64.
Preparing to unpack .../271-libobt2v5_3.6.1-12build5_amd64.deb ...
Unpacking libobt2v5:amd64 (3.6.1-12build5) ...
Selecting previously unselected package libxft2:amd64.
Preparing to unpack .../272-libxft2_2.3.6-1build1_amd64.deb ...
Unpacking libxft2:amd64 (2.3.6-1build1) ...
Selecting previously unselected package libpangoxft-1.0-0:amd64.
Preparing to unpack .../273-libpangoxft-1.0-0_1.52.1+ds-1build1_amd64.deb ...
Unpacking libpangoxft-1.0-0:amd64 (1.52.1+ds-1build1) ...
Selecting previously unselected package libobrender32v5.
Preparing to unpack .../274-libobrender32v5_3.6.1-12build5_amd64.deb ...
Unpacking libobrender32v5 (3.6.1-12build5) ...
Selecting previously unselected package libopus0:amd64.
Preparing to unpack .../275-libopus0_1.4-1build1_amd64.deb ...
Unpacking libopus0:amd64 (1.4-1build1) ...
Selecting previously unselected package libpkgconf3:amd64.
Preparing to unpack .../276-libpkgconf3_1.8.1-2build1_amd64.deb ...
Unpacking libpkgconf3:amd64 (1.8.1-2build1) ...
Selecting previously unselected package libpolkit-gobject-1-0:amd64.
Preparing to unpack .../277-libpolkit-gobject-1-0_124-2ubuntu1.24.04.4_amd64.deb ...
Unpacking libpolkit-gobject-1-0:amd64 (124-2ubuntu1.24.04.4) ...
Selecting previously unselected package libvorbis0a:amd64.
Preparing to unpack .../278-libvorbis0a_1.3.7-1build3_amd64.deb ...
Unpacking libvorbis0a:amd64 (1.3.7-1build3) ...
Selecting previously unselected package libvorbisenc2:amd64.
Preparing to unpack .../279-libvorbisenc2_1.3.7-1build3_amd64.deb ...
Unpacking libvorbisenc2:amd64 (1.3.7-1build3) ...
Selecting previously unselected package libsndfile1:amd64.
Preparing to unpack .../280-libsndfile1_1.2.2-1ubuntu5.24.04.1_amd64.deb ...
Unpacking libsndfile1:amd64 (1.2.2-1ubuntu5.24.04.1) ...
Selecting previously unselected package libpulse0:amd64.
Preparing to unpack .../281-libpulse0_1%3a16.1+dfsg1-2ubuntu10.1_amd64.deb ...
Unpacking libpulse0:amd64 (1:16.1+dfsg1-2ubuntu10.1) ...
Selecting previously unselected package libpulse-mainloop-glib0:amd64.
Preparing to unpack .../282-libpulse-mainloop-glib0_1%3a16.1+dfsg1-2ubuntu10.1_amd64.deb ...
Unpacking libpulse-mainloop-glib0:amd64 (1:16.1+dfsg1-2ubuntu10.1) ...
Selecting previously unselected package libpython3.12t64:amd64.
Preparing to unpack .../283-libpython3.12t64_3.12.3-1ubuntu0.17_amd64.deb ...
Unpacking libpython3.12t64:amd64 (3.12.3-1ubuntu0.17) ...
Selecting previously unselected package zlib1g-dev:amd64.
Preparing to unpack .../284-zlib1g-dev_1%3a1.3.dfsg-3.1ubuntu2.2_amd64.deb ...
Unpacking zlib1g-dev:amd64 (1:1.3.dfsg-3.1ubuntu2.2) ...
Selecting previously unselected package libpython3.12-dev:amd64.
Preparing to unpack .../285-libpython3.12-dev_3.12.3-1ubuntu0.17_amd64.deb ...
Unpacking libpython3.12-dev:amd64 (3.12.3-1ubuntu0.17) ...
Selecting previously unselected package libpython3-dev:amd64.
Preparing to unpack .../286-libpython3-dev_3.12.3-0ubuntu2.1_amd64.deb ...
Unpacking libpython3-dev:amd64 (3.12.3-0ubuntu2.1) ...
Selecting previously unselected package libraqm0:amd64.
Preparing to unpack .../287-libraqm0_0.10.1-1build1_amd64.deb ...
Unpacking libraqm0:amd64 (0.10.1-1build1) ...
Selecting previously unselected package libtcl8.6:amd64.
Preparing to unpack .../288-libtcl8.6_8.6.14+dfsg-1build1_amd64.deb ...
Unpacking libtcl8.6:amd64 (8.6.14+dfsg-1build1) ...
Selecting previously unselected package thunar-data.
Preparing to unpack .../289-thunar-data_4.18.8-1build3_all.deb ...
Unpacking thunar-data (4.18.8-1build3) ...
Selecting previously unselected package libthunarx-3-0:amd64.
Preparing to unpack .../290-libthunarx-3-0_4.18.8-1build3_amd64.deb ...
Unpacking libthunarx-3-0:amd64 (4.18.8-1build3) ...
Selecting previously unselected package libxss1:amd64.
Preparing to unpack .../291-libxss1_1%3a1.2.3-1build3_amd64.deb ...
Unpacking libxss1:amd64 (1:1.2.3-1build3) ...
Selecting previously unselected package libtk8.6:amd64.
Preparing to unpack .../292-libtk8.6_8.6.14-1build1_amd64.deb ...
Unpacking libtk8.6:amd64 (8.6.14-1build1) ...
Selecting previously unselected package libunwind8:amd64.
Preparing to unpack .../293-libunwind8_1.6.2-3build1.1_amd64.deb ...
Unpacking libunwind8:amd64 (1.6.2-3build1.1) ...
Selecting previously unselected package libupower-glib3:amd64.
Preparing to unpack .../294-libupower-glib3_1.90.3-1_amd64.deb ...
Unpacking libupower-glib3:amd64 (1.90.3-1) ...
Selecting previously unselected package libvncclient1:amd64.
Preparing to unpack .../295-libvncclient1_0.9.14+dfsg-1ubuntu0.2_amd64.deb ...
Unpacking libvncclient1:amd64 (0.9.14+dfsg-1ubuntu0.2) ...
Selecting previously unselected package libvncserver1:amd64.
Preparing to unpack .../296-libvncserver1_0.9.14+dfsg-1ubuntu0.2_amd64.deb ...
Unpacking libvncserver1:amd64 (0.9.14+dfsg-1ubuntu0.2) ...
Selecting previously unselected package libwebpmux3:amd64.
Preparing to unpack .../297-libwebpmux3_1.3.2-0.4build3_amd64.deb ...
Unpacking libwebpmux3:amd64 (1.3.2-0.4build3) ...
Selecting previously unselected package libxres1:amd64.
Preparing to unpack .../298-libxres1_2%3a1.2.1-1build1_amd64.deb ...
Unpacking libxres1:amd64 (2:1.2.1-1build1) ...
Selecting previously unselected package libwnck-3-common.
Preparing to unpack .../299-libwnck-3-common_43.0-3build4_all.deb ...
Unpacking libwnck-3-common (43.0-3build4) ...
Selecting previously unselected package libwnck-3-0:amd64.
Preparing to unpack .../300-libwnck-3-0_43.0-3build4_amd64.deb ...
Unpacking libwnck-3-0:amd64 (43.0-3build4) ...
Selecting previously unselected package libxmu6:amd64.
Preparing to unpack .../301-libxmu6_2%3a1.1.3-3build2_amd64.deb ...
Unpacking libxmu6:amd64 (2:1.1.3-3build2) ...
Selecting previously unselected package libxpm4:amd64.
Preparing to unpack .../302-libxpm4_1%3a3.5.17-1ubuntu0.24.04.2_amd64.deb ...
Unpacking libxpm4:amd64 (1:3.5.17-1ubuntu0.24.04.2) ...
Selecting previously unselected package libxaw7:amd64.
Preparing to unpack .../303-libxaw7_2%3a1.0.14-1build2_amd64.deb ...
Unpacking libxaw7:amd64 (2:1.0.14-1build2) ...
Selecting previously unselected package libxcb-shape0:amd64.
Preparing to unpack .../304-libxcb-shape0_1.15-1ubuntu2_amd64.deb ...
Unpacking libxcb-shape0:amd64 (1.15-1ubuntu2) ...
Selecting previously unselected package libxfce4panel-2.0-4.
Preparing to unpack .../305-libxfce4panel-2.0-4_4.18.4-1ubuntu0.1_amd64.deb ...
Unpacking libxfce4panel-2.0-4 (4.18.4-1ubuntu0.1) ...
Selecting previously unselected package libxfce4ui-utils.
Preparing to unpack .../306-libxfce4ui-utils_4.18.4-1build4_amd64.deb ...
Unpacking libxfce4ui-utils (4.18.4-1build4) ...
Selecting previously unselected package libxfont2:amd64.
Preparing to unpack .../307-libxfont2_1%3a2.0.6-1+deb13u1build0.24.04.2_amd64.deb ...
Unpacking libxfont2:amd64 (1:2.0.6-1+deb13u1build0.24.04.2) ...
Selecting previously unselected package libxkbfile1:amd64.
Preparing to unpack .../308-libxkbfile1_1%3a1.1.0-1build4_amd64.deb ...
Unpacking libxkbfile1:amd64 (1:1.1.0-1build4) ...
Selecting previously unselected package x11-xkb-utils.
Preparing to unpack .../309-x11-xkb-utils_7.7+8build2_amd64.deb ...
Unpacking x11-xkb-utils (7.7+8build2) ...
Selecting previously unselected package libxklavier16:amd64.
Preparing to unpack .../310-libxklavier16_5.4-5build2_amd64.deb ...
Unpacking libxklavier16:amd64 (5.4-5build2) ...
Selecting previously unselected package libxpresent1:amd64.
Preparing to unpack .../311-libxpresent1_1.0.0-2build2_amd64.deb ...
Unpacking libxpresent1:amd64 (1.0.0-2build2) ...
Selecting previously unselected package libxtst6:amd64.
Preparing to unpack .../312-libxtst6_2%3a1.2.3-1.1build1_amd64.deb ...
Unpacking libxtst6:amd64 (2:1.2.3-1.1build1) ...
Selecting previously unselected package libxv1:amd64.
Preparing to unpack .../313-libxv1_2%3a1.0.11-1.1build1_amd64.deb ...
Unpacking libxv1:amd64 (2:1.0.11-1.1build1) ...
Selecting previously unselected package libxxf86dga1:amd64.
Preparing to unpack .../314-libxxf86dga1_2%3a1.1.5-1build1_amd64.deb ...
Unpacking libxxf86dga1:amd64 (2:1.1.5-1build1) ...
Selecting previously unselected package net-tools.
Preparing to unpack .../315-net-tools_2.10-0.1ubuntu4.4_amd64.deb ...
Unpacking net-tools (2.10-0.1ubuntu4.4) ...
Selecting previously unselected package python3-setuptools.
Preparing to unpack .../316-python3-setuptools_68.1.2-2ubuntu1.2_all.deb ...
Unpacking python3-setuptools (68.1.2-2ubuntu1.2) ...
Selecting previously unselected package python3-six.
Preparing to unpack .../317-python3-six_1.16.0-4_all.deb ...
Unpacking python3-six (1.16.0-4) ...
Selecting previously unselected package python3-pbr.
Preparing to unpack .../318-python3-pbr_5.11.1-0ubuntu1_all.deb ...
Unpacking python3-pbr (5.11.1-0ubuntu1) ...
Selecting previously unselected package python3-wrapt.
Preparing to unpack .../319-python3-wrapt_1.15.0-2build3_amd64.deb ...
Unpacking python3-wrapt (1.15.0-2build3) ...
Selecting previously unselected package python3-typing-extensions.
Preparing to unpack .../320-python3-typing-extensions_4.10.0-1_all.deb ...
Unpacking python3-typing-extensions (4.10.0-1) ...
Selecting previously unselected package python3-more-itertools.
Preparing to unpack .../321-python3-more-itertools_10.2.0-1_all.deb ...
Unpacking python3-more-itertools (10.2.0-1) ...
Selecting previously unselected package python3-zipp.
Preparing to unpack .../322-python3-zipp_1.0.0-6ubuntu0.1_all.deb ...
Unpacking python3-zipp (1.0.0-6ubuntu0.1) ...
Selecting previously unselected package python3-importlib-metadata.
Preparing to unpack .../323-python3-importlib-metadata_4.12.0-1_all.deb ...
Unpacking python3-importlib-metadata (4.12.0-1) ...
Selecting previously unselected package python3-debtcollector.
Preparing to unpack .../324-python3-debtcollector_2.5.0-3_all.deb ...
Unpacking python3-debtcollector (2.5.0-3) ...
Selecting previously unselected package python3-roman.
Preparing to unpack .../325-python3-roman_3.3-3_all.deb ...
Unpacking python3-roman (3.3-3) ...
Selecting previously unselected package python3-docutils.
Preparing to unpack .../326-python3-docutils_0.20.1+dfsg-3_all.deb ...
Unpacking python3-docutils (0.20.1+dfsg-3) ...
Selecting previously unselected package python3-netaddr.
Preparing to unpack .../327-python3-netaddr_0.8.0-2ubuntu1_all.deb ...
Unpacking python3-netaddr (0.8.0-2ubuntu1) ...
Selecting previously unselected package python-babel-localedata.
Preparing to unpack .../328-python-babel-localedata_2.10.3-3build1_all.deb ...
Unpacking python-babel-localedata (2.10.3-3build1) ...
Selecting previously unselected package python3-tz.
Preparing to unpack .../329-python3-tz_2024.1-2_all.deb ...
Unpacking python3-tz (2024.1-2) ...
Selecting previously unselected package python3-babel.
Preparing to unpack .../330-python3-babel_2.10.3-3build1_all.deb ...
Unpacking python3-babel (2.10.3-3build1) ...
Selecting previously unselected package python3-oslo.i18n.
Preparing to unpack .../331-python3-oslo.i18n_6.3.0-0ubuntu1_all.deb ...
Unpacking python3-oslo.i18n (6.3.0-0ubuntu1) ...
Selecting previously unselected package python3-dateutil.
Preparing to unpack .../332-python3-dateutil_2.8.2-3ubuntu1_all.deb ...
Unpacking python3-dateutil (2.8.2-3ubuntu1) ...
Selecting previously unselected package python3-greenlet.
Preparing to unpack .../333-python3-greenlet_3.0.3-0ubuntu5.1_amd64.deb ...
Unpacking python3-greenlet (3.0.3-0ubuntu5.1) ...
Selecting previously unselected package python3-dnspython.
Preparing to unpack .../334-python3-dnspython_2.6.1-1ubuntu1_all.deb ...
Unpacking python3-dnspython (2.6.1-1ubuntu1) ...
Selecting previously unselected package python3-monotonic.
Preparing to unpack .../335-python3-monotonic_1.6-2_all.deb ...
Unpacking python3-monotonic (1.6-2) ...
Selecting previously unselected package python3-eventlet.
Preparing to unpack .../336-python3-eventlet_0.35.2-0ubuntu1.1_all.deb ...
Unpacking python3-eventlet (0.35.2-0ubuntu1.1) ...
Selecting previously unselected package python3-oslo.context.
Preparing to unpack .../337-python3-oslo.context_1%3a5.5.0-0ubuntu1_all.deb ...
Unpacking python3-oslo.context (1:5.5.0-0ubuntu1) ...
Selecting previously unselected package python3-msgpack.
Preparing to unpack .../338-python3-msgpack_1.0.3-3build2_amd64.deb ...
Unpacking python3-msgpack (1.0.3-3build2) ...
Selecting previously unselected package python3-iso8601.
Preparing to unpack .../339-python3-iso8601_1.0.2-1_all.deb ...
Unpacking python3-iso8601 (1.0.2-1) ...
Selecting previously unselected package python3-pyparsing.
Preparing to unpack .../340-python3-pyparsing_3.1.1-1_all.deb ...
Unpacking python3-pyparsing (3.1.1-1) ...
Selecting previously unselected package python3-packaging.
Preparing to unpack .../341-python3-packaging_24.0-1_all.deb ...
Unpacking python3-packaging (24.0-1) ...
Selecting previously unselected package python3-oslo.utils.
Preparing to unpack .../342-python3-oslo.utils_7.1.0-0ubuntu1_all.deb ...
Unpacking python3-oslo.utils (7.1.0-0ubuntu1) ...
Selecting previously unselected package python3-oslo.serialization.
Preparing to unpack .../343-python3-oslo.serialization_5.4.0-0ubuntu1_all.deb ...
Unpacking python3-oslo.serialization (5.4.0-0ubuntu1) ...
Selecting previously unselected package python3-pyasyncore.
Preparing to unpack .../344-python3-pyasyncore_1.0.2-2_all.deb ...
Unpacking python3-pyasyncore (1.0.2-2) ...
Selecting previously unselected package python3-pyinotify.
Preparing to unpack .../345-python3-pyinotify_0.9.6-2ubuntu1_all.deb ...
Unpacking python3-pyinotify (0.9.6-2ubuntu1) ...
Selecting previously unselected package python3-oslo.log.
Preparing to unpack .../346-python3-oslo.log_5.5.1-0ubuntu1_all.deb ...
Unpacking python3-oslo.log (5.5.1-0ubuntu1) ...
Selecting previously unselected package python3-certifi.
Preparing to unpack .../347-python3-certifi_2023.11.17-1_all.deb ...
Unpacking python3-certifi (2023.11.17-1) ...
Selecting previously unselected package python3-chardet.
Preparing to unpack .../348-python3-chardet_5.2.0+dfsg-1_all.deb ...
Unpacking python3-chardet (5.2.0+dfsg-1) ...
Selecting previously unselected package python3-idna.
Preparing to unpack .../349-python3-idna_3.6-2ubuntu0.2_all.deb ...
Unpacking python3-idna (3.6-2ubuntu0.2) ...
Selecting previously unselected package python3-urllib3.
Preparing to unpack .../350-python3-urllib3_2.0.7-1ubuntu0.7_all.deb ...
Unpacking python3-urllib3 (2.0.7-1ubuntu0.7) ...
Selecting previously unselected package python3-requests.
Preparing to unpack .../351-python3-requests_2.31.0+dfsg-1ubuntu1.2_all.deb ...
Unpacking python3-requests (2.31.0+dfsg-1ubuntu1.2) ...
Selecting previously unselected package python3-rfc3986.
Preparing to unpack .../352-python3-rfc3986_2.0.0-2_all.deb ...
Unpacking python3-rfc3986 (2.0.0-2) ...
Selecting previously unselected package python3-stevedore.
Preparing to unpack .../353-python3-stevedore_1%3a5.1.0-0ubuntu1_all.deb ...
Unpacking python3-stevedore (1:5.1.0-0ubuntu1) ...
Selecting previously unselected package python3-oslo.config.
Preparing to unpack .../354-python3-oslo.config_1%3a9.4.0-0ubuntu1_all.deb ...
Unpacking python3-oslo.config (1:9.4.0-0ubuntu1) ...
Selecting previously unselected package python3-pil:amd64.
Preparing to unpack .../355-python3-pil_10.2.0-1ubuntu1.3_amd64.deb ...
Unpacking python3-pil:amd64 (10.2.0-1ubuntu1.3) ...
Selecting previously unselected package python3-novnc.
Preparing to unpack .../356-python3-novnc_1%3a1.3.0-2_all.deb ...
Unpacking python3-novnc (1:1.3.0-2) ...
Selecting previously unselected package python3-numpy.
Preparing to unpack .../357-python3-numpy_1%3a1.26.4+ds-6ubuntu1_amd64.deb ...
Unpacking python3-numpy (1:1.26.4+ds-6ubuntu1) ...
Selecting previously unselected package python3-cryptography.
Preparing to unpack .../358-python3-cryptography_41.0.7-4ubuntu0.4_amd64.deb ...
Unpacking python3-cryptography (41.0.7-4ubuntu0.4) ...
Selecting previously unselected package python3-deprecated.
Preparing to unpack .../359-python3-deprecated_1.2.14-1_all.deb ...
Unpacking python3-deprecated (1.2.14-1) ...
Selecting previously unselected package python3-jwcrypto.
Preparing to unpack .../360-python3-jwcrypto_1.5.4-1_all.deb ...
Unpacking python3-jwcrypto (1.5.4-1) ...
Selecting previously unselected package python3-websockify.
Preparing to unpack .../361-python3-websockify_0.10.0+dfsg1-5build2_amd64.deb ...
Unpacking python3-websockify (0.10.0+dfsg1-5build2) ...
Selecting previously unselected package websockify.
Preparing to unpack .../362-websockify_0.10.0+dfsg1-5build2_amd64.deb ...
Unpacking websockify (0.10.0+dfsg1-5build2) ...
Selecting previously unselected package novnc.
Preparing to unpack .../363-novnc_1%3a1.3.0-2_all.deb ...
Unpacking novnc (1:1.3.0-2) ...
Selecting previously unselected package openbox.
Preparing to unpack .../364-openbox_3.6.1-12build5_amd64.deb ...
Unpacking openbox (3.6.1-12build5) ...
Selecting previously unselected package pkgconf-bin.
Preparing to unpack .../365-pkgconf-bin_1.8.1-2build1_amd64.deb ...
Unpacking pkgconf-bin (1.8.1-2build1) ...
Selecting previously unselected package pkgconf:amd64.
Preparing to unpack .../366-pkgconf_1.8.1-2build1_amd64.deb ...
Unpacking pkgconf:amd64 (1.8.1-2build1) ...
Selecting previously unselected package pkg-config:amd64.
Preparing to unpack .../367-pkg-config_1.8.1-2build1_amd64.deb ...
Unpacking pkg-config:amd64 (1.8.1-2build1) ...
Selecting previously unselected package python3.12-dev.
Preparing to unpack .../368-python3.12-dev_3.12.3-1ubuntu0.17_amd64.deb ...
Unpacking python3.12-dev (3.12.3-1ubuntu0.17) ...
Selecting previously unselected package python3-dev.
Preparing to unpack .../369-python3-dev_3.12.3-0ubuntu2.1_amd64.deb ...
Unpacking python3-dev (3.12.3-0ubuntu2.1) ...
Selecting previously unselected package python3-wheel.
Preparing to unpack .../370-python3-wheel_0.42.0-2_all.deb ...
Unpacking python3-wheel (0.42.0-2) ...
Selecting previously unselected package python3-pip.
Preparing to unpack .../371-python3-pip_24.0+dfsg-1ubuntu1.3_all.deb ...
Unpacking python3-pip (24.0+dfsg-1ubuntu1.3) ...
Selecting previously unselected package python3-pip-whl.
Preparing to unpack .../372-python3-pip-whl_24.0+dfsg-1ubuntu1.3_all.deb ...
Unpacking python3-pip-whl (24.0+dfsg-1ubuntu1.3) ...
Selecting previously unselected package python3-setuptools-whl.
Preparing to unpack .../373-python3-setuptools-whl_68.1.2-2ubuntu1.2_all.deb ...
Unpacking python3-setuptools-whl (68.1.2-2ubuntu1.2) ...
Selecting previously unselected package python3.12-venv.
Preparing to unpack .../374-python3.12-venv_3.12.3-1ubuntu0.17_amd64.deb ...
Unpacking python3.12-venv (3.12.3-1ubuntu0.17) ...
Selecting previously unselected package python3-venv.
Preparing to unpack .../375-python3-venv_3.12.3-0ubuntu2.1_amd64.deb ...
Unpacking python3-venv (3.12.3-0ubuntu2.1) ...
Selecting previously unselected package tcl8.6.
Preparing to unpack .../376-tcl8.6_8.6.14+dfsg-1build1_amd64.deb ...
Unpacking tcl8.6 (8.6.14+dfsg-1build1) ...
Selecting previously unselected package tcl.
Preparing to unpack .../377-tcl_8.6.14build1_amd64.deb ...
Unpacking tcl (8.6.14build1) ...
Selecting previously unselected package thunar.
Preparing to unpack .../378-thunar_4.18.8-1build3_amd64.deb ...
Unpacking thunar (4.18.8-1build3) ...
Selecting previously unselected package tk8.6.
Preparing to unpack .../379-tk8.6_8.6.14-1build1_amd64.deb ...
Unpacking tk8.6 (8.6.14-1build1) ...
Selecting previously unselected package tk.
Preparing to unpack .../380-tk_8.6.14build1_amd64.deb ...
Unpacking tk (8.6.14build1) ...
Selecting previously unselected package unzip.
Preparing to unpack .../381-unzip_6.0-28ubuntu4.1_amd64.deb ...
Unpacking unzip (6.0-28ubuntu4.1) ...
Selecting previously unselected package libglvnd0:amd64.
Preparing to unpack .../382-libglvnd0_1.7.0-1build1_amd64.deb ...
Unpacking libglvnd0:amd64 (1.7.0-1build1) ...
Selecting previously unselected package libglx0:amd64.
Preparing to unpack .../383-libglx0_1.7.0-1build1_amd64.deb ...
Unpacking libglx0:amd64 (1.7.0-1build1) ...
Selecting previously unselected package libgl1:amd64.
Preparing to unpack .../384-libgl1_1.7.0-1build1_amd64.deb ...
Unpacking libgl1:amd64 (1.7.0-1build1) ...
Selecting previously unselected package x11-utils.
Preparing to unpack .../385-x11-utils_7.7+6build2_amd64.deb ...
Unpacking x11-utils (7.7+6build2) ...
Selecting previously unselected package x11-xserver-utils.
Preparing to unpack .../386-x11-xserver-utils_7.7+10build2_amd64.deb ...
Unpacking x11-xserver-utils (7.7+10build2) ...
Selecting previously unselected package x11vnc.
Preparing to unpack .../387-x11vnc_0.9.16-10_amd64.deb ...
Unpacking x11vnc (0.9.16-10) ...
Selecting previously unselected package xfce4-appfinder.
Preparing to unpack .../388-xfce4-appfinder_4.18.0-1build2_amd64.deb ...
Unpacking xfce4-appfinder (4.18.0-1build2) ...
Selecting previously unselected package xfce4-panel.
Preparing to unpack .../389-xfce4-panel_4.18.4-1ubuntu0.1_amd64.deb ...
Unpacking xfce4-panel (4.18.4-1ubuntu0.1) ...
Selecting previously unselected package xfce4-pulseaudio-plugin:amd64.
Preparing to unpack .../390-xfce4-pulseaudio-plugin_0.4.8-1build2_amd64.deb ...
Unpacking xfce4-pulseaudio-plugin:amd64 (0.4.8-1build2) ...
Selecting previously unselected package xfce4-helpers.
Preparing to unpack .../391-xfce4-helpers_4.18.4-0ubuntu3_amd64.deb ...
Unpacking xfce4-helpers (4.18.4-0ubuntu3) ...
Selecting previously unselected package xfce4-settings.
Preparing to unpack .../392-xfce4-settings_4.18.4-0ubuntu3_amd64.deb ...
Unpacking xfce4-settings (4.18.4-0ubuntu3) ...
Selecting previously unselected package xfce4-session.
Preparing to unpack .../393-xfce4-session_4.18.3-1build2_amd64.deb ...
Unpacking xfce4-session (4.18.3-1build2) ...
Selecting previously unselected package xfdesktop4-data.
Preparing to unpack .../394-xfdesktop4-data_4.18.1-1build3_all.deb ...
Unpacking xfdesktop4-data (4.18.1-1build3) ...
Selecting previously unselected package xfdesktop4.
Preparing to unpack .../395-xfdesktop4_4.18.1-1build3_amd64.deb ...
Unpacking xfdesktop4 (4.18.1-1build3) ...
Selecting previously unselected package xfwm4.
Preparing to unpack .../396-xfwm4_4.18.0-1build3_amd64.deb ...
Unpacking xfwm4 (4.18.0-1build3) ...
Selecting previously unselected package xfce4.
Preparing to unpack .../397-xfce4_4.18_all.deb ...
Unpacking xfce4 (4.18) ...
Selecting previously unselected package xserver-common.
Preparing to unpack .../398-xserver-common_2%3a21.1.12-1ubuntu1.8_all.deb ...
Unpacking xserver-common (2:21.1.12-1ubuntu1.8) ...
Selecting previously unselected package xvfb.
Preparing to unpack .../399-xvfb_2%3a21.1.12-1ubuntu1.8_amd64.deb ...
Unpacking xvfb (2:21.1.12-1ubuntu1.8) ...
Setting up libhwy1t64:amd64 (1.0.7-8.1build1) ...
Setting up media-types (10.1.0) ...
Setting up libgraphite2-3:amd64 (1.3.14-2ubuntu0.24.04.1) ...
Setting up liblcms2-2:amd64 (2.14-2ubuntu0.1) ...
Setting up libpixman-1-0:amd64 (0.42.2-1build1) ...
Setting up libsharpyuv0:amd64 (1.3.2-0.4build3) ...
Setting up libaom3:amd64 (3.8.2-2ubuntu0.2) ...
Setting up libpciaccess0:amd64 (0.17-3ubuntu0.24.04.3) ...
Setting up systemd-sysv (255.4-1ubuntu8.17) ...
Setting up libxau6:amd64 (1:1.0.9-1build6) ...
Setting up net-tools (2.10-0.1ubuntu4.4) ...
Setting up python3-setuptools-whl (68.1.2-2ubuntu1.2) ...
Setting up libkeyutils1:amd64 (1.6.3-3build1) ...
Setting up lto-disabled-list (47) ...
Setting up libogg0:amd64 (1.3.5-3build1) ...
Setting up xfdesktop4-data (4.18.1-1build3) ...
Setting up liblerc4:amd64 (4.0.0+ds-4ubuntu2) ...
Setting up libgdbm6t64:amd64 (1.23-5.1build1) ...
Setting up hicolor-icon-theme (0.17-2) ...
Setting up libdatrie1:amd64 (0.2.13-3build1) ...
Setting up libgdbm-compat4t64:amd64 (1.23-5.1build1) ...
Setting up libexo-common (4.18.0-1build4) ...
Setting up libyaml-0-2:amd64 (0.2.5-1build1) ...
Setting up libglvnd0:amd64 (1.7.0-1build1) ...
Setting up libwnck-3-common (43.0-3build4) ...
Setting up libijs-0.35:amd64 (0.35-15.1build1) ...
Setting up unzip (6.0-28ubuntu4.1) ...
Setting up libgs-common (10.02.1~dfsg1-0ubuntu7.9) ...
Setting up libbrotli1:amd64 (1.1.0-2build2) ...
Setting up libsqlite3-0:amd64 (3.45.1-1ubuntu2.8) ...
Setting up libxfce4util-common (4.18.1-2build3) ...
Setting up libgdk-pixbuf2.0-common (2.42.10+dfsg-3ubuntu3.3) ...
Setting up libuv1t64:amd64 (1.48.0-1.1build1) ...
Setting up binutils-common:amd64 (2.42-4ubuntu2.10) ...
Setting up x11-common (1:7.7+23ubuntu3) ...
invoke-rc.d: could not determine current runlevel
invoke-rc.d: policy-rc.d denied execution of start.
Setting up libsensors-config (1:3.6.0-9build1) ...
Setting up libpsl5t64:amd64 (0.21.2-1.1build1) ...
Setting up libnghttp2-14:amd64 (1.59.0-1ubuntu0.4) ...
Setting up libdeflate0:amd64 (1.19-1build1.1) ...
Setting up linux-libc-dev:amd64 (6.8.0-146.146) ...
Setting up libctf-nobfd0:amd64 (2.42-4ubuntu2.10) ...
Setting up xkb-data (2.41-2ubuntu1.1) ...
Setting up liblzo2-2:amd64 (2.10-2build4) ...
Setting up node-cjs-module-lexer (1.2.3+dfsg-1) ...
Setting up libmpg123-0t64:amd64 (1.32.5-1ubuntu1.1) ...
Setting up libgomp1:amd64 (14.2.0-4ubuntu2~24.04.1) ...
Setting up bzip2 (1.0.8-5.1ubuntu0.1) ...
Setting up libunwind8:amd64 (1.6.2-3build1.1) ...
Setting up libjbig0:amd64 (2.1-6.1ubuntu2) ...
Setting up libsframe1:amd64 (2.42-4ubuntu2.10) ...
Setting up libelf1t64:amd64 (0.190-1.1ubuntu0.1) ...
Setting up python-babel-localedata (2.10.3-3build1) ...
Setting up libjansson4:amd64 (2.14-2build2) ...
Setting up poppler-data (0.4.12-1) ...
Setting up libgarcon-common (4.18.1-1build3) ...
Setting up libkrb5support0:amd64 (1.20.1-6ubuntu2.10) ...
Setting up libsasl2-modules-db:amd64 (2.1.28+dfsg1-5ubuntu3.1) ...
Setting up tzdata (2026c-0ubuntu0.24.04.1) ...

Current default time zone: 'Etc/UTC'
Local time is now:      Sat Oct  3 12:24:16 UTC 2026.
Universal Time is now:  Sat Oct  3 12:24:16 UTC 2026.
Run 'dpkg-reconfigure tzdata' if you wish to change it.

Setting up libasound2-data (1.2.11-1ubuntu0.3) ...
Setting up libid3tag0:amd64 (0.15.1b-14build1) ...
Setting up libgtop2-common (2.41.3-1ubuntu0.24.04.1) ...
Setting up libfontenc1:amd64 (1:1.1.8-1build1) ...
Setting up libglib2.0-0t64:amd64 (2.80.0-6ubuntu3.9) ...
Setting up libblas3:amd64 (3.12.0-3build1.1) ...
update-alternatives: using /usr/lib/x86_64-linux-gnu/blas/libblas.so.3 to provide /usr/lib/x86_64-linux-gnu/libblas.so.3 (libblas.so.3-x86_64-linux-gnu) in auto mode
Setting up libpkgconf3:amd64 (1.8.1-2build1) ...
Setting up rpcsvc-proto (1.4.2-0ubuntu7) ...
Setting up libasound2t64:amd64 (1.2.11-1ubuntu0.3) ...
Setting up gcc-13-base:amd64 (13.3.0-6ubuntu2~24.04.1) ...
Setting up libx11-data (2:1.8.7-1build1) ...
Setting up make (4.3-4.1build2) ...
Setting up libepoxy0:amd64 (1.5.10-1build1) ...
Setting up libmpfr6:amd64 (4.2.1-1build1.1) ...
Setting up libnspr4:amd64 (2:4.35-1.1build1) ...
Setting up libjbig2dec0:amd64 (0.20-1ubuntu0.24.04.1) ...
Setting up librtmp1:amd64 (2.4+20151223.gitfa8646d.1-2build7) ...
Setting up libavahi-common-data:amd64 (0.8-13ubuntu6.2) ...
Setting up libdbus-1-3:amd64 (1.14.10-4ubuntu4.1) ...
Setting up xz-utils (5.6.1+really5.4.5-1ubuntu0.3) ...
update-alternatives: using /usr/bin/xz to provide /usr/bin/lzma (lzma) in auto mode
update-alternatives: warning: skip creation of /usr/share/man/man1/lzma.1.gz because associated file /usr/share/man/man1/xz.1.gz (of link group lzma) doesn't exist
update-alternatives: warning: skip creation of /usr/share/man/man1/unlzma.1.gz because associated file /usr/share/man/man1/unxz.1.gz (of link group lzma) doesn't exist
update-alternatives: warning: skip creation of /usr/share/man/man1/lzcat.1.gz because associated file /usr/share/man/man1/xzcat.1.gz (of link group lzma) doesn't exist
update-alternatives: warning: skip creation of /usr/share/man/man1/lzmore.1.gz because associated file /usr/share/man/man1/xzmore.1.gz (of link group lzma) doesn't exist
update-alternatives: warning: skip creation of /usr/share/man/man1/lzless.1.gz because associated file /usr/share/man/man1/xzless.1.gz (of link group lzma) doesn't exist
update-alternatives: warning: skip creation of /usr/share/man/man1/lzdiff.1.gz because associated file /usr/share/man/man1/xzdiff.1.gz (of link group lzma) doesn't exist
update-alternatives: warning: skip creation of /usr/share/man/man1/lzcmp.1.gz because associated file /usr/share/man/man1/xzcmp.1.gz (of link group lzma) doesn't exist
update-alternatives: warning: skip creation of /usr/share/man/man1/lzgrep.1.gz because associated file /usr/share/man/man1/xzgrep.1.gz (of link group lzma) doesn't exist
update-alternatives: warning: skip creation of /usr/share/man/man1/lzegrep.1.gz because associated file /usr/share/man/man1/xzegrep.1.gz (of link group lzma) doesn't exist
update-alternatives: warning: skip creation of /usr/share/man/man1/lzfgrep.1.gz because associated file /usr/share/man/man1/xzfgrep.1.gz (of link group lzma) doesn't exist
Setting up xfonts-encodings (1:1.0.5-0ubuntu2) ...
Setting up libfribidi0:amd64 (1.0.13-3build1) ...
Setting up perl-modules-5.38 (5.38.2-3.2ubuntu0.6) ...
Setting up libopus0:amd64 (1.4-1build1) ...
Setting up libquadmath0:amd64 (14.2.0-4ubuntu2~24.04.1) ...
Setting up libexif12:amd64 (0.6.24-1ubuntu0.24.04.1) ...
Setting up libimagequant0:amd64 (2.18.0-1build1) ...
Setting up libpng16-16t64:amd64 (1.6.43-5ubuntu0.6) ...
Setting up libcares2:amd64 (1.27.0-1.0ubuntu1) ...
Setting up libmpc3:amd64 (1.3.1-1build1.1) ...
Setting up libatomic1:amd64 (14.2.0-4ubuntu2~24.04.1) ...
Setting up libvorbis0a:amd64 (1.3.7-1build3) ...
Setting up libidn12:amd64 (1.42-1ubuntu0.1) ...
Setting up patch (2.7.6-7build3) ...
Setting up libtcl8.6:amd64 (8.6.14+dfsg-1build1) ...
Setting up sudo (1.9.15p5-3ubuntu5.24.04.3) ...
Setting up ucf (3.0043+nmu1) ...
Setting up pkgconf-bin (1.8.1-2build1) ...
Setting up libsensors5:amd64 (1:3.6.0-9build1) ...
Setting up libjxl0.7:amd64 (0.7.0-10.2ubuntu6.1) ...
Setting up libk5crypto3:amd64 (1.20.1-6ubuntu2.10) ...
Setting up libjpeg-turbo8:amd64 (2.1.5-2ubuntu2) ...
Setting up libsasl2-2:amd64 (2.1.28+dfsg1-5ubuntu3.1) ...
Setting up libgfortran5:amd64 (14.2.0-4ubuntu2~24.04.1) ...
Setting up libvulkan1:amd64 (1.3.275.0-1build1) ...
Setting up libwebp7:amd64 (1.3.2-0.4build3) ...
Setting up libubsan1:amd64 (14.2.0-4ubuntu2~24.04.1) ...
Setting up libicu74:amd64 (74.2-1ubuntu3.1) ...
Setting up libgif7:amd64 (5.2.2-1ubuntu1.2) ...
Setting up libasyncns0:amd64 (0.8-6build4) ...
Setting up libxshmfence1:amd64 (1.3-1build5) ...
Setting up libhwasan0:amd64 (14.2.0-4ubuntu2~24.04.1) ...
Setting up at-spi2-common (2.52.0-1build1) ...
Setting up libcrypt-dev:amd64 (1:4.4.36-4build1) ...
Setting up dbus-session-bus-common (1.14.10-4ubuntu4.1) ...
Setting up libasan8:amd64 (14.2.0-4ubuntu2~24.04.1) ...
Setting up fonts-liberation (1:2.1.5-3) ...
Setting up libgtop-2.0-11:amd64 (2.41.3-1ubuntu0.24.04.1) ...
Setting up libupower-glib3:amd64 (1.90.3-1) ...
Setting up libopenjp2-7:amd64 (2.5.0-2ubuntu0.5) ...
Setting up git-man (1:2.43.0-1ubuntu7.3) ...
Setting up libthai-data (0.1.29-2build1) ...
Setting up netbase (6.4) ...
Setting up sgml-base (1.31) ...
Setting up libkrb5-3:amd64 (1.20.1-6ubuntu2.10) ...
Setting up libxfce4util7:amd64 (4.18.1-2build3) ...
Setting up libflac12t64:amd64 (1.4.3+ds-2.1ubuntu2) ...
Setting up libwayland-egl1:amd64 (1.22.0-2.1build1) ...
Setting up libperl5.38t64:amd64 (5.38.2-3.2ubuntu0.6) ...
Setting up libtsan2:amd64 (14.2.0-4ubuntu2~24.04.1) ...
Setting up libjs-jquery (3.6.1+dfsg+~3.5.14-1) ...
Setting up libxfce4ui-common (4.18.4-1build4) ...
Setting up libbinutils:amd64 (2.42-4ubuntu2.10) ...
Setting up dbus-system-bus-common (1.14.10-4ubuntu4.1) ...
Setting up node-xtend (4.0.2-3) ...
Setting up libisl23:amd64 (0.26-3build1.1) ...
Setting up libc-dev-bin (2.39-0ubuntu8.9) ...
Setting up openssl (3.0.13-0ubuntu3.16) ...
Setting up libwebpmux3:amd64 (1.3.2-0.4build3) ...
Setting up libbsd0:amd64 (0.12.1-1build1.1) ...
Setting up libdrm-common (2.4.125-1ubuntu0.1~24.04.2) ...
Setting up thunar-data (4.18.8-1build3) ...
Setting up readline-common (8.2-4build1) ...
Setting up libxml2:amd64 (2.9.14+dfsg-1.3ubuntu3.9) ...
Setting up libcc1-0:amd64 (14.2.0-4ubuntu2~24.04.1) ...
Setting up libldap2:amd64 (2.6.10+dfsg-0ubuntu0.24.04.1) ...
Setting up dbus-bin (1.14.10-4ubuntu4.1) ...
Setting up libonig5:amd64 (6.9.9-1build1) ...
Setting up libgudev-1.0-0:amd64 (1:238-5ubuntu1) ...
Setting up libpolkit-gobject-1-0:amd64 (124-2ubuntu1.24.04.4) ...
Setting up liblsan0:amd64 (14.2.0-4ubuntu2~24.04.1) ...
Setting up libmp3lame0:amd64 (3.100-6build1) ...
Setting up libitm1:amd64 (14.2.0-4ubuntu2~24.04.1) ...
Setting up libvorbisenc2:amd64 (1.3.7-1build3) ...
Setting up libjs-underscore (1.13.4~dfsg+~1.11.4-3) ...
Setting up libpopt0:amd64 (1.19+dfsg-1build1) ...
Setting up libxkbcommon0:amd64 (1.6.0-1build1) ...
Setting up node-busboy (1.6.0+~cs2.6.0-2) ...
Setting up libwayland-client0:amd64 (1.22.0-2.1build1) ...
Setting up libctf0:amd64 (2.42-4ubuntu2.10) ...
Setting up libjpeg8:amd64 (8c-2ubuntu11) ...
Setting up libpaper1:amd64 (1.1.29build1) ...

Creating config file /etc/papersize with new version
Setting up libice6:amd64 (2:1.0.10-1build3) ...
Setting up libxdmcp6:amd64 (1:1.1.3-0ubuntu6) ...
Setting up tcl8.6 (8.6.14+dfsg-1build1) ...
Setting up liblapack3:amd64 (3.12.0-3build1.1) ...
update-alternatives: using /usr/lib/x86_64-linux-gnu/lapack/liblapack.so.3 to provide /usr/lib/x86_64-linux-gnu/liblapack.so.3 (liblapack.so.3-x86_64-linux-gnu) in auto mode
Setting up libxcb1:amd64 (1.15-1ubuntu2) ...
Setting up libxcb-xfixes0:amd64 (1.15-1ubuntu2) ...
Setting up libatk1.0-0t64:amd64 (2.52.0-1build1) ...
Setting up desktop-file-utils (0.27-2build1) ...
Setting up libxcb-render0:amd64 (1.15-1ubuntu2) ...
Setting up cpp-13-x86-64-linux-gnu (13.3.0-6ubuntu2~24.04.1) ...
Setting up libjq1:amd64 (1.7.1-3ubuntu0.24.04.2) ...
Setting up fontconfig-config (2.15.0-1.1ubuntu2) ...
Setting up libxcb-glx0:amd64 (1.15-1ubuntu2) ...
Setting up libwebpdemux2:amd64 (1.3.2-0.4build3) ...
Setting up libdbusmenu-glib4:amd64 (18.10.20180917~bzr492+repack1-3.1ubuntu5) ...
Setting up libedit2:amd64 (3.1-20230828-1build1) ...
Setting up netcat-openbsd (1.226-1ubuntu2) ...
update-alternatives: using /bin/nc.openbsd to provide /bin/nc (nc) in auto mode
update-alternatives: warning: skip creation of /usr/share/man/man1/nc.1.gz because associated file /usr/share/man/man1/nc_openbsd.1.gz (of link group nc) doesn't exist
update-alternatives: warning: skip creation of /usr/share/man/man1/netcat.1.gz because associated file /usr/share/man/man1/nc_openbsd.1.gz (of link group nc) doesn't exist
Setting up libxcb-shape0:amd64 (1.15-1ubuntu2) ...
Setting up libavahi-common3:amd64 (0.8-13ubuntu6.2) ...
Setting up libnss3:amd64 (2:3.98-1ubuntu0.2) ...
Setting up libxcb-shm0:amd64 (1.15-1ubuntu2) ...
Setting up dbus-daemon (1.14.10-4ubuntu4.1) ...
Setting up libvncserver1:amd64 (0.9.14+dfsg-1ubuntu0.2) ...
Setting up libcolord2:amd64 (1.4.7-1build2) ...
Setting up libxcb-util1:amd64 (0.4.0-1build3) ...
Setting up pkgconf:amd64 (1.8.1-2build1) ...
Setting up libxcb-present0:amd64 (1.15-1ubuntu2) ...
Setting up libdconf1:amd64 (0.40.0-4ubuntu0.1) ...
Setting up libvncclient1:amd64 (0.9.14+dfsg-1ubuntu0.2) ...
Setting up libthai0:amd64 (0.1.29-2build1) ...
Setting up ca-certificates (20260601~24.04.1) ...
Updating certificates in /etc/ssl/certs...
121 added, 0 removed; done.
Setting up perl (5.38.2-3.2ubuntu0.6) ...
Setting up libgprofng0:amd64 (2.42-4ubuntu2.10) ...
Setting up libfreetype6:amd64 (2.13.2+dfsg-1ubuntu0.1) ...
Setting up libxcb-sync1:amd64 (1.15-1ubuntu2) ...
Setting up dbus (1.14.10-4ubuntu4.1) ...
Setting up shared-mime-info (2.4-4) ...
Setting up libgssapi-krb5-2:amd64 (1.20.1-6ubuntu2.10) ...
Setting up libgarcon-1-0:amd64 (4.18.1-1build3) ...
Setting up libllvm20:amd64 (1:20.1.2-0ubuntu1~24.04.3) ...
Setting up pkg-config:amd64 (1.8.1-2build1) ...
Setting up libjs-sphinxdoc (7.2.6-6) ...
Setting up libdpkg-perl (1.22.6ubuntu6.6) ...
Setting up libssh-4:amd64 (0.10.6-2ubuntu0.5) ...
Setting up libreadline8t64:amd64 (8.2-4build1) ...
Setting up node-undici (5.26.3+dfsg1+~cs23.10.12-2) ...
Setting up libdrm2:amd64 (2.4.125-1ubuntu0.1~24.04.2) ...
Setting up libgcc-13-dev:amd64 (13.3.0-6ubuntu2~24.04.1) ...
Setting up libtiff6:amd64 (4.5.1+git230720-4ubuntu2.5) ...
Setting up libwayland-cursor0:amd64 (1.22.0-2.1build1) ...
Setting up libxcb-randr0:amd64 (1.15-1ubuntu2) ...
Setting up xml-core (0.19) ...
Setting up jq (1.7.1-3ubuntu0.24.04.2) ...
Setting up tcl (8.6.14build1) ...
Setting up libpam-systemd:amd64 (255.4-1ubuntu8.17) ...
Setting up libc6-dev:amd64 (2.39-0ubuntu8.9) ...
Setting up libx11-6:amd64 (2:1.8.7-1build1) ...
Setting up libharfbuzz0b:amd64 (8.3.0-2build2) ...
Setting up libgdk-pixbuf-2.0-0:amd64 (2.42.10+dfsg-3ubuntu3.3) ...
Setting up libfontconfig1:amd64 (2.15.0-1.1ubuntu2) ...
Setting up libsndfile1:amd64 (1.2.2-1ubuntu5.24.04.1) ...
Setting up libxkbfile1:amd64 (1:1.1.0-1build4) ...
Setting up libxcomposite1:amd64 (1:0.4.5-1build3) ...
Setting up libsm6:amd64 (2:1.2.3-1build3) ...
Setting up libxfont2:amd64 (1:2.0.6-1+deb13u1build0.24.04.2) ...
Setting up libavahi-client3:amd64 (0.8-13ubuntu6.2) ...
Setting up libxmuu1:amd64 (2:1.1.3-3build2) ...
Setting up rsync (3.2.7-1ubuntu1.5) ...
invoke-rc.d: could not determine current runlevel
invoke-rc.d: policy-rc.d denied execution of start.
Setting up libstdc++-13-dev:amd64 (13.3.0-6ubuntu2~24.04.1) ...
Setting up binutils-x86-64-linux-gnu (2.42-4ubuntu2.10) ...
Setting up libdrm-amdgpu1:amd64 (2.4.125-1ubuntu0.1~24.04.2) ...
Setting up cpp-x86-64-linux-gnu (4:13.2.0-7ubuntu1) ...
Setting up libxcb-dri3-0:amd64 (1.15-1ubuntu2) ...
Setting up gtk-update-icon-cache (3.24.41-4ubuntu1.3) ...
Setting up libx11-xcb1:amd64 (2:1.8.7-1build1) ...
Setting up fontconfig (2.15.0-1.1ubuntu2) ...
Regenerating fonts cache... done.
Setting up libxdamage1:amd64 (1:1.1.6-1build1) ...
Setting up libpython3.12-stdlib:amd64 (3.12.3-1ubuntu0.17) ...
Setting up libxpm4:amd64 (1:3.5.17-1ubuntu0.24.04.2) ...
Setting up cpp-13 (13.3.0-6ubuntu2~24.04.1) ...
Setting up libxrender1:amd64 (1:0.9.10-1.1build1) ...
Setting up libcurl4t64:amd64 (8.5.0-2ubuntu10.15) ...
Setting up libpulse0:amd64 (1:16.1+dfsg1-2ubuntu10.1) ...
Setting up python3-pip-whl (24.0+dfsg-1ubuntu1.3) ...
Setting up gcc-13-x86-64-linux-gnu (13.3.0-6ubuntu2~24.04.1) ...
Setting up python3.12 (3.12.3-1ubuntu0.17) ...
Setting up libpango-1.0-0:amd64 (1.52.1+ds-1build1) ...
Setting up libdrm-intel1:amd64 (2.4.125-1ubuntu0.1~24.04.2) ...
Setting up libcurl3t64-gnutls:amd64 (8.5.0-2ubuntu10.15) ...
Setting up libxext6:amd64 (2:1.3.4-1build2) ...
Setting up libxpresent1:amd64 (1.0.0-2build2) ...
Setting up binutils (2.42-4ubuntu2.10) ...
Setting up xfonts-utils (1:7.7+6build3) ...
Setting up libcairo2:amd64 (1.18.0-3build1) ...
Setting up dpkg-dev (1.22.6ubuntu6.6) ...
Setting up libxxf86vm1:amd64 (1:1.1.4-1build4) ...
Setting up liberror-perl (0.17029-2) ...
Setting up libpython3.12t64:amd64 (3.12.3-1ubuntu0.17) ...
Setting up dbus-user-session (1.14.10-4ubuntu4.1) ...
Setting up libexpat1-dev:amd64 (2.6.1-2ubuntu0.6) ...
Setting up libxfixes3:amd64 (1:6.0.0-2build1) ...
Setting up libnotify4:amd64 (0.8.3-1build2) ...
Setting up libpulse-mainloop-glib0:amd64 (1:16.1+dfsg1-2ubuntu10.1) ...
Setting up libraqm0:amd64 (0.10.1-1build1) ...
Setting up libxinerama1:amd64 (2:1.1.4-3build1) ...
Setting up libxt6t64:amd64 (1:1.2.1-1.2build1) ...
Setting up libxv1:amd64 (2:1.0.11-1.1build1) ...
Setting up gcc-13 (13.3.0-6ubuntu2~24.04.1) ...
Setting up libxrandr2:amd64 (2:1.5.2-2build1) ...
Setting up libobt2v5:amd64 (3.6.1-12build5) ...
Setting up git (1:2.43.0-1ubuntu7.3) ...
Setting up zlib1g-dev:amd64 (1:1.3.dfsg-3.1ubuntu2.2) ...
Setting up xauth (1:1.1.2-1build1) ...
Setting up cpp (4:13.2.0-7ubuntu1) ...
Setting up libcairo-gobject2:amd64 (1.18.0-3build1) ...
Setting up curl (8.5.0-2ubuntu10.15) ...
Setting up libxss1:amd64 (1:1.2.3-1build3) ...
Setting up libpangoft2-1.0-0:amd64 (1.52.1+ds-1build1) ...
Setting up xfconf (4.18.1-1build3) ...
Setting up libcups2t64:amd64 (2.4.7-1.2ubuntu7.14) ...
Setting up libpangocairo-1.0-0:amd64 (1.52.1+ds-1build1) ...
Setting up libpython3-stdlib:amd64 (3.12.3-0ubuntu2.1) ...
Setting up libxres1:amd64 (2:1.2.1-1build1) ...
Setting up libstartup-notification0:amd64 (0.12-6build3) ...
Setting up libxfconf-0-3:amd64 (4.18.1-1build3) ...
Setting up mesa-libgallium:amd64 (25.2.8-0ubuntu0.24.04.4) ...
Setting up libxft2:amd64 (2.3.6-1build1) ...
Setting up libxmu6:amd64 (2:1.1.3-3build2) ...
Setting up libpangoxft-1.0-0:amd64 (1.52.1+ds-1build1) ...
Setting up g++-13-x86-64-linux-gnu (13.3.0-6ubuntu2~24.04.1) ...
Setting up libxi6:amd64 (2:1.8.1-1build1) ...
Setting up gcc-x86-64-linux-gnu (4:13.2.0-7ubuntu1) ...
Setting up libgbm1:amd64 (25.2.8-0ubuntu0.24.04.4) ...
Setting up python3.12-venv (3.12.3-1ubuntu0.17) ...
Setting up libxtst6:amd64 (2:1.2.3-1.1build1) ...
Setting up libtk8.6:amd64 (8.6.14-1build1) ...
Setting up libxcursor1:amd64 (1:1.2.1-1build1) ...
Setting up libgl1-mesa-dri:amd64 (25.2.8-0ubuntu0.24.04.4) ...
Setting up libxxf86dga1:amd64 (2:1.1.5-1build1) ...
Setting up dconf-service (0.40.0-4ubuntu0.1) ...
Setting up python3 (3.12.3-0ubuntu2.1) ...
Setting up libpython3.12-dev:amd64 (3.12.3-1ubuntu0.17) ...
Setting up libxaw7:amd64 (2:1.0.14-1build2) ...
Setting up fonts-urw-base35 (20200910-8) ...
Setting up x11-xserver-utils (7.7+10build2) ...
Setting up python3-wheel (0.42.0-2) ...
Setting up python3-tz (2024.1-2) ...
Setting up gcc (4:13.2.0-7ubuntu1) ...
Setting up python3-monotonic (1.6-2) ...
Setting up librsvg2-2:amd64 (2.58.0+dfsg-1build1) ...
Setting up python3-six (1.16.0-4) ...
Setting up python3-pil:amd64 (10.2.0-1ubuntu1.3) ...
Setting up python3-roman (3.3-3) ...
Setting up python3-packaging (24.0-1) ...
Setting up python3-iso8601 (1.0.2-1) ...
Setting up python3-venv (3.12.3-0ubuntu2.1) ...
Setting up python3-pyparsing (3.1.1-1) ...
Setting up python3-certifi (2023.11.17-1) ...
Setting up libatspi2.0-0t64:amd64 (2.52.0-1build1) ...
Setting up python3-greenlet (3.0.3-0ubuntu5.1) ...
Setting up python3-idna (3.6-2ubuntu0.2) ...
Setting up python3-wrapt (1.15.0-2build3) ...
Setting up python3.12-dev (3.12.3-1ubuntu0.17) ...
Setting up python3-typing-extensions (4.10.0-1) ...
Setting up python3-urllib3 (2.0.7-1ubuntu0.7) ...
Setting up python3-netifaces:amd64 (0.11.0-2build3) ...
Setting up ieee-data (20220827.1) ...
Setting up python3-dnspython (2.6.1-1ubuntu1) ...
Setting up g++-x86-64-linux-gnu (4:13.2.0-7ubuntu1) ...
Setting up python3-dateutil (2.8.2-3ubuntu1) ...
Setting up python3-msgpack (1.0.3-3build2) ...
Setting up python3-pyasyncore (1.0.2-2) ...
Setting up python3-deprecated (1.2.14-1) ...
Setting up python3-cffi-backend:amd64 (1.16.0-2build1) ...
Setting up xfce4-helpers (4.18.4-0ubuntu3) ...
Setting up python3-pkg-resources (68.1.2-2ubuntu1.2) ...
Setting up libatk-bridge2.0-0t64:amd64 (2.52.0-1build1) ...
Setting up python3-more-itertools (10.2.0-1) ...
Setting up tk8.6 (8.6.14-1build1) ...
Setting up libgs10-common (10.02.1~dfsg1-0ubuntu7.9) ...
Setting up g++-13 (13.3.0-6ubuntu2~24.04.1) ...
Setting up libglx-mesa0:amd64 (25.2.8-0ubuntu0.24.04.4) ...
Setting up libpython3-dev:amd64 (3.12.3-0ubuntu2.1) ...
Setting up python3-setuptools (68.1.2-2ubuntu1.2) ...
Setting up libglx0:amd64 (1.7.0-1build1) ...
Setting up dconf-gsettings-backend:amd64 (0.40.0-4ubuntu0.1) ...
Setting up python3-babel (2.10.3-3build1) ...
update-alternatives: using /usr/bin/pybabel-python3 to provide /usr/bin/pybabel (pybabel) in auto mode
Setting up python3-pbr (5.11.1-0ubuntu1) ...
Setting up x11-xkb-utils (7.7+8build2) ...
Setting up python3-pyinotify (0.9.6-2ubuntu1) ...
Setting up python3-yaml (6.0.1-2build2) ...
Setting up python3-debtcollector (2.5.0-3) ...
Setting up python3-zipp (1.0.0-6ubuntu0.1) ...
Setting up python3-eventlet (0.35.2-0ubuntu1.1) ...
Setting up python3-chardet (5.2.0+dfsg-1) ...
Setting up libgl1:amd64 (1.7.0-1build1) ...
Setting up python3-rfc3986 (2.0.0-2) ...
Setting up python3-cryptography (41.0.7-4ubuntu0.4) ...
Setting up python3-dev (3.12.3-0ubuntu2.1) ...
Setting up python3-requests (2.31.0+dfsg-1ubuntu1.2) ...
Setting up python3-oslo.context (1:5.5.0-0ubuntu1) ...
Setting up python3-jwcrypto (1.5.4-1) ...
Setting up python3-pip (24.0+dfsg-1ubuntu1.3) ...
Setting up python3-numpy (1:1.26.4+ds-6ubuntu1) ...
Setting up g++ (4:13.2.0-7ubuntu1) ...
update-alternatives: using /usr/bin/g++ to provide /usr/bin/c++ (c++) in auto mode
update-alternatives: warning: skip creation of /usr/share/man/man1/c++.1.gz because associated file /usr/share/man/man1/g++.1.gz (of link group c++) doesn't exist
Setting up python3-websockify (0.10.0+dfsg1-5build2) ...
/usr/lib/python3/dist-packages/websockify/token_plugins.py:35: SyntaxWarning: invalid escape sequence '\s'
  tok, target = re.split(':\s', line)
Setting up python3-netaddr (0.8.0-2ubuntu1) ...
Setting up x11-utils (7.7+6build2) ...
Setting up build-essential (12.10ubuntu1) ...
Setting up xserver-common (2:21.1.12-1ubuntu1.8) ...
Setting up tk (8.6.14build1) ...
Setting up libgtk-3-common (3.24.41-4ubuntu1.3) ...
Setting up python3-oslo.i18n (6.3.0-0ubuntu1) ...
Setting up libgs10:amd64 (10.02.1~dfsg1-0ubuntu7.9) ...
Setting up libxklavier16:amd64 (5.4-5build2) ...
Setting up python3-importlib-metadata (4.12.0-1) ...
Setting up xvfb (2:21.1.12-1ubuntu1.8) ...
Setting up websockify (0.10.0+dfsg1-5build2) ...
Setting up libspectre1:amd64 (0.2.12-1build2) ...
Setting up python3-oslo.utils (7.1.0-0ubuntu1) ...
Setting up x11vnc (0.9.16-10) ...
Setting up python3-stevedore (1:5.1.0-0ubuntu1) ...
Setting up python3-oslo.serialization (5.4.0-0ubuntu1) ...
Setting up adwaita-icon-theme (46.0-1) ...
update-alternatives: using /usr/share/icons/Adwaita/cursor.theme to provide /usr/share/icons/default/index.theme (x-cursor-theme) in auto mode
Setting up libgtk-3-0t64:amd64 (3.24.41-4ubuntu1.3) ...
Setting up node-acorn (8.8.1+ds+~cs25.17.7-2) ...
Setting up libwnck-3-0:amd64 (43.0-3build4) ...
Setting up libheif-plugin-aomdec:amd64 (1.17.6-1ubuntu4.9) ...
Setting up libdbusmenu-gtk3-4:amd64 (18.10.20180917~bzr492+repack1-3.1ubuntu5) ...
Setting up libxfce4panel-2.0-4 (4.18.4-1ubuntu0.1) ...
Setting up libexo-2-0:amd64 (4.18.0-1build4) ...
Setting up libkeybinder-3.0-0:amd64 (0.3.2-1.1build2) ...
Setting up libxfce4ui-2-0:amd64 (4.18.4-1build4) ...
Setting up libheif1:amd64 (1.17.6-1ubuntu4.9) ...
Setting up libnode109:amd64 (18.19.1+dfsg-6ubuntu5) ...
Setting up nodejs (18.19.1+dfsg-6ubuntu5) ...
update-alternatives: using /usr/bin/nodejs to provide /usr/bin/js (js) in auto mode
update-alternatives: warning: skip creation of /usr/share/man/man1/js.1.gz because associated file /usr/share/man/man1/nodejs.1.gz (of link group js) doesn't exist
Setting up humanity-icon-theme (0.6.16) ...
Setting up libgarcon-gtk3-1-0:amd64 (4.18.1-1build3) ...
Setting up xfce4-pulseaudio-plugin:amd64 (0.4.8-1build2) ...
Setting up xfce4-appfinder (4.18.0-1build2) ...
Setting up exo-utils (4.18.0-1build4) ...
Setting up xfce4-panel (4.18.4-1ubuntu0.1) ...
Setting up xfce4-settings (4.18.4-0ubuntu3) ...
Setting up libxfce4ui-utils (4.18.4-1build4) ...
Setting up libimlib2t64:amd64 (1.12.1-1.1build2) ...
Setting up xfwm4 (4.18.0-1build3) ...
update-alternatives: using /usr/bin/xfwm4 to provide /usr/bin/x-window-manager (x-window-manager) in auto mode
update-alternatives: warning: skip creation of /usr/share/man/man1/x-window-manager.1.gz because associated file /usr/share/man/man1/xfwm4.1.gz (of link group x-window-manager) doesn't exist
Setting up libthunarx-3-0:amd64 (4.18.8-1build3) ...
Setting up ubuntu-mono (24.04-0ubuntu1) ...
Setting up xfdesktop4 (4.18.1-1build3) ...
Setting up thunar (4.18.8-1build3) ...
Setting up xfce4-session (4.18.3-1build2) ...
update-alternatives: using /usr/bin/startxfce4 to provide /usr/bin/x-session-manager (x-session-manager) in auto mode
update-alternatives: warning: skip creation of /usr/share/man/man1/x-session-manager.1.gz because associated file /usr/share/man/man1/startxfce4.1.gz (of link group x-session-manager) doesn't exist
Setting up libobrender32v5 (3.6.1-12build5) ...
Setting up xfce4 (4.18) ...
Setting up openbox (3.6.1-12build5) ...
update-alternatives: using /usr/bin/openbox to provide /usr/bin/x-window-manager (x-window-manager) in auto mode
update-alternatives: warning: skip creation of /usr/share/man/man1/x-window-manager.1.gz because associated file /usr/share/man/man1/openbox.1.gz (of link group x-window-manager) doesn't exist
Processing triggers for libc-bin (2.39-0ubuntu8.9) ...
Processing triggers for sgml-base (1.31) ...
Setting up docutils-common (0.20.1+dfsg-3) ...
Processing triggers for sgml-base (1.31) ...
Setting up python3-docutils (0.20.1+dfsg-3) ...
Setting up python3-oslo.config (1:9.4.0-0ubuntu1) ...
Setting up python3-oslo.log (5.5.1-0ubuntu1) ...
Setting up python3-novnc (1:1.3.0-2) ...
Setting up novnc (1:1.3.0-2) ...
Processing triggers for ca-certificates (20260601~24.04.1) ...
Updating certificates in /etc/ssl/certs...
0 added, 0 removed; done.
Running hooks in /etc/ca-certificates/update.d...
done.
 ---> Removed intermediate container aa5a678d3904
 ---> 0e96bdb11e39
Step 11/30 : RUN mkdir -p /opt/noVNC/utils     && ln -sfn /usr/share/novnc/app /opt/noVNC/app     && ln -sfn /usr/share/novnc/core /opt/noVNC/core     && ln -sfn /usr/share/novnc/include /opt/noVNC/include     && ln -sfn /usr/share/novnc/vendor /opt/noVNC/vendor     && ln -sfn /usr/share/novnc/vnc.html /opt/noVNC/vnc.html     && ln -sfn /usr/share/novnc/vnc_lite.html /opt/noVNC/vnc_lite.html     && printf '%s\n'         '#!/usr/bin/env sh'         'set -eu'         'vnc="localhost:5900"'         'listen="6080"'         'web="/opt/noVNC"'         'while [ "$#" -gt 0 ]; do'         '  case "$1" in'         '    --vnc) vnc="$2"; shift 2 ;;'         '    --listen) listen="$2"; shift 2 ;;'         '    --web) web="$2"; shift 2 ;;'         '    *) shift ;;'         '  esac'         'done'         'exec websockify --web "$web" "0.0.0.0:${listen}" "$vnc"'         >/opt/noVNC/utils/novnc_proxy     && chmod +x /opt/noVNC/utils/novnc_proxy
 ---> Running in 999c9958ecfc
 ---> Removed intermediate container 999c9958ecfc
 ---> da44d653d746
Step 12/30 : RUN arch="$(dpkg --print-architecture)";     case "$arch" in         amd64) node_arch="x64" ;;         arm64) node_arch="arm64" ;;         *) echo "unsupported arch: $arch" >&2; exit 1 ;;     esac;     curl -fsSL "https://nodejs.org/dist/v${NODE_VERSION}/node-v${NODE_VERSION}-linux-${node_arch}.tar.xz"         | tar -xJ -C /usr/local --strip-components=1
 ---> Running in a2428feea590
 ---> Removed intermediate container a2428feea590
 ---> 4c9950e26ad6
Step 13/30 : RUN npm install -g --no-audit --no-fund         "@anthropic-ai/claude-code@${CLAUDE_CODE_VERSION}"         "@openai/codex@${CODEX_VERSION}"         "@playwright/test@${PLAYWRIGHT_VERSION}"         "@playwright/mcp@${PLAYWRIGHT_MCP_VERSION}"
 ---> Running in 734d56338963

added 10 packages in 12s
[91mnpm notice
npm notice New major version of npm available! 10.9.3 -> 12.2.0
npm notice Changelog: https://github.com/npm/cli/releases/tag/v12.2.0
npm notice To update run: npm install -g npm@12.2.0
npm notice
[0m ---> Removed intermediate container 734d56338963
 ---> 473c374d4414
Step 14/30 : RUN mkdir -p /opt/mockweb-bench/batch_run     && cd /opt/mockweb-bench/batch_run     && npm init -y --silent     && npm install --no-audit --no-fund --silent "@playwright/test@${PLAYWRIGHT_VERSION}"
 ---> Running in eaece68f16ad
Wrote to /opt/mockweb-bench/batch_run/package.json:

{
  "name": "batch_run",
  "version": "1.0.0",
  "description": "",
  "main": "index.js",
  "scripts": {
    "test": "echo \"Error: no test specified\" && exit 1"
  },
  "keywords": [],
  "author": "",
  "license": "ISC"
}



 ---> Removed intermediate container eaece68f16ad
 ---> 64ebdc6930bc
Step 15/30 : RUN pip install --no-cache-dir --break-system-packages --ignore-installed         "playwright==${PLAYWRIGHT_VERSION}"         pydantic pyyaml requests numpy Pillow opencv-python-headless scikit-image         beautifulsoup4 lxml cssutils openai         "git+https://github.com/seanbabalala/claude-code-proxy.git@${CLAUDE_CODE_PROXY_REF}"     && python3 -m playwright install chromium
 ---> Running in 3198f8d6a2ef
Collecting git+https://github.com/seanbabalala/claude-code-proxy.git@acabbf6bb6ec33bb31ce17ca90ba83dbd16239aa
  Cloning https://github.com/seanbabalala/claude-code-proxy.git (to revision acabbf6bb6ec33bb31ce17ca90ba83dbd16239aa) to /tmp/pip-req-build-_h4bfgzb
[91m  Running command git clone --filter=blob:none --quiet https://github.com/seanbabalala/claude-code-proxy.git /tmp/pip-req-build-_h4bfgzb
[0m[91m  error: RPC failed; curl 28 Failed to connect to github.com port 443 after 133835 ms: Couldn't connect to server
[0m[91m  fatal: expected flush after ref listing
[0m[91m  error: subprocess-exited-with-error
  
  × git clone --filter=blob:none --quiet https://github.com/seanbabalala/claude-code-proxy.git /tmp/pip-req-build-_h4bfgzb did not run successfully.
  │ exit code: 128
  ╰─> See above for output.
  
  note: This error originates from a subprocess, and is likely not a problem with pip.
[0m[91merror: subprocess-exited-with-error

× git clone --filter=blob:none --quiet https://github.com/seanbabalala/claude-code-proxy.git /tmp/pip-req-build-_h4bfgzb did not run successfully.
│ exit code: 128
╰─> See above for output.

note: This error originates from a subprocess, and is likely not a problem with pip.
[0mThe command '/bin/sh -c pip install --no-cache-dir --break-system-packages --ignore-installed         "playwright==${PLAYWRIGHT_VERSION}"         pydantic pyyaml requests numpy Pillow opencv-python-headless scikit-image         beautifulsoup4 lxml cssutils openai         "git+https://github.com/seanbabalala/claude-code-proxy.git@${CLAUDE_CODE_PROXY_REF}"     && python3 -m playwright install chromium' returned a non-zero code: 1
